File Index,Raw Input (ASR),Processed Output (AI)
1,"गर्दी चौराहे पर बैठे हैं, कहाँ से हैं भईया? यहाँ धूप है और आदमी चाहिए, इसलिए हम यहाँ चले आए थे।","Speaker 1: गर्दी चौराहे पर बैठे हैं, कहाँ से हैं भईया? यहाँ धूप है और आदमी चाहिए, इसलिए हम यहाँ चले आए थे।"
2,"हां या बताएं वह एमबी में कुछ लिखा है कि बाकी है? एमबी में पता नहीं। क्या? है दिख रहे हैं। क्या? बाकी है? वही तो पुछ ही लगा। है कि लिखा है कि नहीं। लिखा है कुछ जॉन बाकी है तो बता दे तो लिख दे ही। देख ले, कहाँ रह गई? दिल्ली से वहां आ रही है ऑफिस आई? आ रही है ऑफिस कहाँ है एक्सैक्ट? वह डाल रहे हैं। ग्रुप मतलब कि कहीं देखी लिखाई नहीं। भाई। तो त्रिदेव की बाकी में ही ना? हैं? त्रिदेवों की एमबी चकली बाकी में ही ना? अब हमको यह नहीं। मालूम आया वह जो उसका देखा अकाउंट बाकी है पर भाई अब यह ईडीएमबीआर वुम्बियर के अकाउंट बताया है। देख लिया है। ठीक है। क्यों? तो नहीं। लेकिन आएं? नहीं। जानकारी भाई हमें। ठीक है भाई। आज या कहीं ड्यूटी मां? नहीं। पता चलो। इसके बाद ही फोन लगा। रहे हैं। पेसेंट चालू हुई। बस एक मिनट रखो।","Speaker 1: क्या एमबी में कुछ लिखा है कि बाकी है?
Speaker 2: एमबी में पता नहीं, क्या है दिख रहे हैं?
Speaker 1: क्या बाकी है? वही तो पुछ ही लगा।
Speaker 2: हां, क्या लिखा है कि नहीं। लिखा है कुछ जो बाकी है तो बता दे तो लिख दे ही।
Speaker 1: देख ले, कहाँ रह गई? दिल्ली से वहां आ रही है ऑफिस आई?
Speaker 2: आ रही है ऑफिस, कहाँ है एक्सैक्ट? वह डाल रहे हैं।
Speaker 1: ग्रुप मतलब कि कहीं देखी लिखाई नहीं। भाई। तो त्रिदेव की बाकी में ही ना?
Speaker 2: हैं? त्रिदेवों की एमबी चकली बाकी में ही ना?
Speaker 1: अब हमको यह नहीं। मालूम आया वह जो उसका देखा अकाउंट बाकी है पर भाई अब यह ईडीएमबीआर वुम्बियर के अकाउंट बताया है।
Speaker 2: देख लिया है। ठीक है। क्यों?
Speaker 1: तो नहीं। लेकिन आएं?
Speaker 2: नहीं। जानकारी भाई हमें। ठीक है भाई।
Speaker 1: आज या कहीं ड्यूटी मां?
Speaker 2: नहीं। पता चलो। इसके बाद ही फोन लगा।
Speaker 1: रहे हैं। पेसेंट चालू हुई। बस एक मिनट रखो।"
3,"Speaker 1: क्या? हाल चाल रही है? Phone किए गए कल का रात में आओ. और जिस काम उसने अभी recorded. ठीक है वह हाल चाल से बढ़िया. हां वह है तो ठीक है है जवान. कहाँ है कहीं? ही? कहाँ कई? 89 हूं इनके ही. आई थी कुछ देर में. कहाँ कैसे जाओगे? 89 में कहीं से जाब कहीं से कनावजा कैसे जवाब. तुम्हें direct मिली कि आज ही pending हुआ? क्या? फिर चले. वहां नहीं। मिली उनका ही. ठीक. बताया जब चले तो? हां.","Speaker 1: क्या हाल है? कल रात को फोन किया था, और जिस काम की बात अभी रिकॉर्ड की है, वह हालचाल से बढ़िया है। वह जवान है तो ठीक है। कहां है वह? कहां से जाओगे? 89 में कहीं से जाना है क्या? तुम्हें डायरेक्ट मिली कि आज ही पेंडिंग हुआ? फिर चले। वहां नहीं मिली। उनकी ही मिली। ठीक। बताया जब चले तो?"
4,"Speaker 1: अभी नहीं। जा रहे हैं नई link.","Speaker 1: अभी नहीं। जा रहे हैं नई लिंक पर।"
5,"कहाँ गया। अजय ला के पचपन। पचपन? हां गार्ड रूम के आर५ में है घर तक क्लोज करेगी। हां। बताई कुछ काम रहा? काम है कौन सा दिन चल रहे हैं चलते हो कहीं। हैं? सोच रहे हैं चलते हो उनकी ८९ में उनकी। एक ही चला लंच के बाद चला क्यों? है पी। ठीक।","Speaker 1: कहाँ गया?
Speaker 2: अजय ला के पास गया है, पचपन में है।
Speaker 1: पचपन? हां, गार्ड रूम के आर-पास है और घर तक क्लोज करेगी।
Speaker 2: हां, बताई कुछ काम रहा?
Speaker 1: काम है कौन सा? दिन चल रहे हैं और चलते हो कहीं।
Speaker 2: हैं? सोच रहे हैं चलते हो उनकी ८९ में उनकी।
Speaker 1: एक ही चला लंच के बाद चला क्यों?
Speaker 2: है पी। ठीक।"
6,"Speaker 1: This call is now being recorded. Hello हां कहे कि phone नहीं। है रे बहुत काम है अपना कहाँ थे आना फिर? Aunty है कहाँ पर, भैया तेरे पास में कौन भैया? जी हम भगवान वाले में क्या? वहां कोठी थे? हां कोच्चि से नहीं। पहुंचे तो नहीं। आना साहब,, गांव बहुत हो भाई तो meeting कहाँ से है कहीं पर वो meeting कहाँ पर बैठ के attend करा ठीक है देखी मैंने कहा है mobile में battery नहीं। आया आज रात का light 10 ही होगी. हां. ठीक है.","Speaker 1: यह कॉल अब रिकॉर्ड की जा रही है। हैलो कहें, कि फोन नहीं है। बहुत काम है, अपना कहाँ थे आना फिर? आंटी कहाँ पर है, भैया तेरे पास कौन है? हम भगवान वाले में क्या कर रहे थे? वहां कोठी थी? कोच्चि से नहीं आये थे। वहां पहुंचे नहीं। साहब, गांव में बहुत काम हो रहा है, तो मीटिंग कहाँ से हो रही है? कहीं पर बैठकर मीटिंग Attend कराना ठीक है। मैंने देखा है मोबाइल में बैटरी नहीं है। आज रात को 10 बजे ही आया होगा।"
7,"इस कॉल को रिकॉर्ड किया जा रहा है। कहाँ लिंक आई साहब? अभी नहीं। आई। कहाँ तक कहे रहे? कहे तो रहे कि डेरी है लिंक। तब से तो नहीं। डालें। ठीक है जब डेरी है तो देखा गई। और आंटी कितनी देर डरी? और जब मन हुई। तब गरिलात। चल। वही तो राज। कहीं तो हो डर दर्द, घूमे बहुत चाहिए। साथ... में। हां, वो ही नहीं। कह ही रहे हैं कुछ देर पहले खाओर सब। हां, हम्म हम्म कह रहे हैं ना पचपन में सारे बंद कर रहे हैं और फिर एफआईआर रही पड़ी तो तू क्लोज कारण है और ऑन है वहां तुम, बहुत कड़क रूप है आज। अभी यह धूप ऐसे बढ़ी ना यार। हां तो बढ़ कर रही है फिर मई को। जून पूरा ही है मई कभी। नाविक वुमाई के अटैक मार दिए इतने खतरनाक धूपी बहुत कड़ी धूप। उमर थी ना हवा नहीं। चलाई एक और। बिल्कुल। बर्दाश्त, बर्दाश्त से बाहर। हां बर्दाश्त से बाहर है हाइवा। लग रहे हैं। इस आदमी ईश्वरीय है। हैं? इसे लग रहे हैं। इस आदमी ईश्वरीय है। हां बस बस ठीक है कई बार। चल रहा था ओम भैया तो हम कहाँ कहीं पर दे रही हैं बिल। कहीं पर दुकान खुली है। नहीं। देख पांचिश। कहीं तो है अब देखी कहाँ हो तबे। अंदाज़ मौसम फेंका है बाहर लाड़। तो उसका ऐसा दे ही। कहाँ से उनका फिर जुगाड़ का ही किराएदार। उनका फिर जीएसटी जमा करे पड़ी। अब हम पुछ के समझ के बेचते तो अपना एक बताओ। हां। अपना काम कॉन्फ्रेंस ले लेता, अपना बात। कर लेते। हां जीएसटी जमा करे अकॉर्डिंग कई चीज़ बता दी है। ठीक है ठीक।","Speaker 1: इस कॉल को रिकॉर्ड किया जा रहा है। कहाँ लिंक आई साहब?
Speaker 2: अभी नहीं।
Speaker 1: आई। कहाँ तक कहे रहे?
Speaker 2: कहे तो रहे कि डेरी है लिंक।
Speaker 1: तब से तो नहीं। डालें।
Speaker 2: ठीक है जब डेरी है तो देखा गई।
Speaker 1: और आंटी कितनी देर डरी?
Speaker 2: और जब मन हुई। तब गरिलात।
Speaker 1: चल। वही तो राज। कहीं तो हो डर दर्द, घूमे बहुत चाहिए।
Speaker 2: साथ... में।
Speaker 1: हां, वो ही नहीं। कह ही रहे हैं कुछ देर पहले खाओर सब।
Speaker 2: हां, हम्म हम्म कह रहे हैं ना पचपन में सारे बंद कर रहे हैं और फिर एफआईआर रही पड़ी तो तू क्लोज कारण है और ऑन है वहां तुम, बहुत कड़क रूप है आज।
Speaker 1: अभी यह धूप ऐसे बढ़ी ना यार।
Speaker 2: हां तो बढ़ कर रही है फिर मई को। जून पूरा ही है मई कभी।
Speaker 1: नाविक वुमाई के अटैक मार दिए इतने खतरनाक धूपी बहुत कड़ी धूप।
Speaker 2: उमर थी ना हवा नहीं।
Speaker 1: चलाई एक और।
Speaker 2: बिल्कुल। बर्दाश्त, बर्दाश्त से बाहर।
Speaker 1: हां बर्दाश्त से बाहर है हाइवा।
Speaker 2: लग रहे हैं। इस आदमी ईश्वरीय है।
Speaker 1: हैं? इसे लग रहे हैं। इस आदमी ईश्वरीय है।
Speaker 2: हां बस बस ठीक है कई बार।
Speaker 1: चल रहा था ओम भैया तो हम कहाँ कहीं पर दे रही हैं बिल।
Speaker 2: कहीं पर दुकान खुली है।
Speaker 1: नहीं। देख पांचिश।
Speaker 2: कहीं तो है अब देखी कहाँ हो तबे।
Speaker 1: अंदाज़ मौसम फेंका है बाहर लाड़।
Speaker 2: तो उसका ऐसा दे ही।
Speaker 1: कहाँ से उनका फिर जुगाड़ का ही किराएदार।
Speaker 2: उनका फिर जीएसटी जमा करे पड़ी।
Speaker 1: अब हम पुछ के समझ के बेचते तो अपना एक बताओ।
Speaker 2: हां। अपना काम कॉन्फ्रेंस ले लेता, अपना बात।
Speaker 1: कर लेते।
Speaker 2: हां जीएसटी जमा करे अकॉर्डिंग कई चीज़ बता दी है।
Speaker 1: ठीक है ठीक।"
8,"Speaker 1: This call is now being recorded. कहाँ हंसा? है नहीं। हम लोग। यह काम हो गया।. या तो है वह बिल का ध्यान पुछा था वह मिल गई कहाँ से रहे हैं? चलो। पानी बढ़िया. हां तो कैसे बनवावे कहीं ना अभी जमा हम नहीं। कर रहे हैं ना. हां. और कहीं तो कैसे बरबाद हैं तो हम कहें। ठीक हैं भैया काहत रहेम एक बजे। आप अपना क्या? अपना क्या? रहेगा चले परी. तुमे कही Revo block लिखा हैं. हां. क्या? बात। कर रहे हो? देखी ना लिखा. कहाँ लिखा? लिखा हैं ना it is mandatory for the all staff of श्रीमोहन रायपुर का games under रीवा बंह
Speaker 2: सागर and करेला college to be थे. All staff
Speaker 1: of सिरमौर रायपुर गगेहर blocks. रीवा block कहाँ लिखा? अच्छा under रीवा बंहर सागर लिखा हैं जब हम रीवा बंहर सागर में काम कर ही देंगे।?, हमको सब.
Speaker 2: हां.
Speaker 1: तो अभी तो चलिए, ठीक हैं तब तक. कहाँ है और सुनाइए. आओ ठीक है तो वह दे ही रहा था यह bills. हां कहाँ पर रहे दुकान खुलूंगी. अभी दिखाने का नहीं। ध्यान नहीं। दिया आने वाला. नेहा. कहाँ तो रहे हैं. भाई उन्होंने जीएसटी वीसटी जमा तो गलत हुईंगी ना. अभी नहीं। जमा करीना एक और बताए. काहे? जीएसटी भरी नहीं। है पता नहीं। काहे नहीं। भरी ना अब कहाँ माल. Budget ना रहा हो ही सका था ना भारी में.
Speaker 2: हां.
Speaker 1: भाई माल बेंचरत हुई। तो कैसा बेंचरत हुई। तो अब कहाँ जाने कहाँ कर रहे थे मैं।... अब हमारे को तो सब idea नहीं। जा रहा. एक सोचकर भी देता हूं कल दावत. आओ सुनाई. Ok. का है मजा रह जा? और तो मजा रह जाता है वही तो. सही था ना अभी जब का अरे वाह. अरे नहीं। बैठा नहीं। अभी 58 curfew में बैठाना कहाँ पर. वही तोहड़ी गई काम था हम total बंदे हैं. बाहर bathroom चल रहे हैं।. घूम चले ना चले बराबर है यार. तो question मिल गई आजा विजय. हां? श्री देव वाली side, आजा जैसे श्री देव नहीं। आई. हां, कहाँ कहाँ से? गए? अभी त्रिदेव रखे। हैं मतलब process में. लेकिन इसका clear नहीं। हो जाता तो फिर से देखे जा. वह कोई कहाँ काम चल रहे हैं।. यह कहीं काम चल रहे हैं। ना. राहत पर रहा दीपक के वहां कोई काम लगा। देते एक दो दिन में. तब तक समय हुए कैसे कहीं आएगा? देखी थी देखा बहु कोई. यह वाला काम तक यह वाला काम तो कहे हमें। करे तो वह HST verification करे. HST कोई हो ही नहीं। रहा तो अगर. तो हो ही रहा तो verify कहे जा. यह कही जो हो ही गए हैं उन्हें ही तो करे कहाँ लाए. हां को कहा थे. जिस किसी को बोला कहा था कि ऊपर जो GM manager साहब, बोल रहे हैं. हां. क्या? करिए उन्होंने? करे तो कहीं का HST verification amount तो करे पड़ी ना विकास. HST verification हुआ EMI आया था भाई?
Speaker 2: कहाँ
Speaker 1: हैं वहां पहुंच के click करके Wi Fi reject लिखा हैं Wi Fi Darren कहाँ हैं? Car fi नहीं। हमारे से मैं।... dulel है भाई उखाड़ हां dulel में जा के करे थे तो क्या? करेगा reject करेगा हाँ, ये अपना किया। है ना देखा परिणाम functional house hold पर connector है ना हाँ,
Speaker 2: तो ये
Speaker 1: HST verification में click करे परी हाँ, तो मैं।... गाँव लिखे पड़ी जब उन्हें गाँव के अपना चक्कर एक है जब उनसे पहुंच जाए तो ये सब location लेके बता दी हां. यह के घर के समय में जाए तो photo डाल के जो स्थिति हुई।. हां. Pipe करने वाली Pipe डाल के reject कही देख. मतलब जब जब उन चीज़ उनसे सही ना हुई। तो reject कही देख. अभी जैसा कहीं नहीं। कि सबके घर के अंदर connection देखे तो घर के अंदर तक वह भी पैसे नहीं। डली आगे. हां. तब काहे verification करेगा. अब कहीं नहीं। कि reject करो। तो हो गया। मैंने चालू करे वह करा reject कहाँ करे? करे अब करे तो फिर बाद में जब सही करे तो accept करे. Yeah yeah. है. कहाँ ही करेगा जो बात। rejected नहीं। करेगा. अब कहीं नहीं। वह दिन meeting में कहीं नहीं। अपना रहन नहीं। है meeting ना. ऋषि शुक्ला से बात। कर ही लिए। तो बता दे कहाँ है कहाँ है. ऋषि supply से अलग उडी में चल रहे हैं।. हैं? ऋषि supply अलग उडी में चल रहे हैं।. हां. हां. उड़ी में है यह भाई उनका मौका मिल गया। है. उनके मन की है तो छुरी में राहें कर ही. कहाँ मन की है यह? और मन की उन लोगों को जानकारी होगी कि ऐसा नहीं। सुन रहे हैं।. मनोवैज्ञानिक जीत का है यह उनका. गलत कई लोग। हैं. मस्त के थे. हां वह है यह है वह. यह बताइए हमारे का WWTP में कुछ लिखा है कहाँ कहाँ है बल्कि? पोकलेन में करीब यह ST वगैरह हमारे का कुछ लिखा है कहाँ का बिल मगहा है? पिछले बिल मगहा वह यह बिल में कुछ नहीं। है. पिछले बिल में कहा है ST की? देख लिया यह हो गया। शायद तो कुछ दिखे नहीं। हैं अंग कम हो गई बिल में कुछ कहा
Speaker 2: है फिर उसके.
Speaker 1: हां लिख दिया. नहीं। तो टंकी के तो मालूम नहीं। है कहीं से लिखा है क्या? तू है पोशाक तरंग के कहा कहा काने का है. नहीं। तो हम लोग। मालूम बस पुराने उम्मीद देख जाएंगे।. पता चल नहीं। रहीं. कल उनसे हम कहेंगे पुछ के बता रहा था की हम का समय नहीं। आए. कौन सा काम कर ही रहे हैं. हैं. बोला था हम कहें। ठीक. है. हफ्ते नहाने की पूरे stage में डाल दी. तो कहा तो सही रोहित तिवारी का कुछ दिन आए जाएंगे। recharge करने के लिए।. कहाँ तो सही रोहित तिवारी का? पुरान ज़ौन R file नहीं। तो उनका हम ना close करा. जब हम बताए जैसे मैं।... आऊं जाऊं तो. अभी वाले से कहे जाता है ना. अभी John हम पहले तो हमने। hold क्यों? करा. अपना पुरान जमा रहे हैं हम तरफ. अभी वाला कर्वे ना. अभी वाला
Speaker 2: कर्वे ना. अभी वाला कर्वे ना. अभी वाला कर्वे ना. अभी वाला कर्वे ना. अभी वाला कर्वे ना. अभी वाला कर्वे ना. अभी वाला कर्वे ना. अभी वाला कर्वे ना. अभी वाला कर्वे ना.
Speaker 1: अभी वाला कर्वे ना. अभी वाला कर्वे ना. अभी वाला कर्वे
Speaker 2: ना. अभी वाला कर्वे ना. अभी वाला कर्वे ना.
Speaker 1: अभी वाला कर्वे ना. अभी वाला कर्वे ना. अभी वाला कर्वे ना. अभी वाला कर्वे ना अभी वाला काम करेंगे।? काम करेंगे।? काम करेंगे।?. काम करेंगे।? काम करेंगे।?. काम ना करेंगे।? काम थोड़ी ना करे कहाँ जाने पहले कहाँ करें।,? बात। कर ही बात। कर ही फिर रोहित तिवारी से. अभी तो चल ही नहीं। रहा जब चालू हुई। थी कहाँ जाऊं काहे परेशान है ना. अब तो gap closing आ कहे रहे. Gap closing कहाँ देखे थे gap closing वही तो इसी शुक्ला देखला है. इसी शुक्ला यही और इसकी date of share थोड़ी नहीं। कर रहा. सब data कम share करेगा दो तीन जगह तो कहता है closing चल रही है. तो बस बस तीन ही जगह की पता चल जाए कि कहाँ कहाँ चल रही है कितना हुई। है. अरे मुझे खुद है दीपक बता दे. कितना झूठ बोले
Speaker 2: थे.
Speaker 1: नहीं। बता दे. रहे. दीपक वह बतावे ना दीपक यह बतावे कहाँ कहाँ Pipe डली है. दीपक कुछ हुए कहाँ बताओ. नहीं। पता. अबे तो बता भाई यह डलवाई थी वह कब पता हो जाए तो खुद ही बता दे. पता है तुमको।. तो हमको नहीं। मालूम कि कहाँ डाली कि नहीं। डाली. कोई भी तो हमको जानकारी नहीं। आ. तो हमको नहीं। पता मान जाएंगे। हम लोग। भी बात। है जी डलवाई, जी डलवाई इसके मुताबिक जितना पता होगी तू जानते हैं ना कि नहीं। जानते. अब हम जब देखिए, जेहमार से निकाला था तो हमको मालूम रहा था कि हां Pipe डाली तो महीने हम कह रहे हैं. वही चलो। ठीक है हम एक बार बात। करेंगे।?.","Speaker 1: हम लोगों ने यह काम पूरा कर लिया है। अब हमें बिल की जानकारी चाहिए।
Speaker 2: सागर और करेला कॉलेज के लिए यह काम किया गया है।
Speaker 1: हमें रीवा बंहर सागर में काम करना है। हमें सभी जानकारी चाहिए।
Speaker 2: हां, हमें सभी जानकारी मिल गई है।
Speaker 1: अब हमें जीएसटी और अन्य बिलों की जानकारी चाहिए। क्या हमने जीएसटी भरी है?
Speaker 2: हां, हमने जीएसटी भरी है।
Speaker 1: हमें अब HST verification की जानकारी चाहिए। क्या हमने HST verification की है?
Speaker 2: हां, हमने HST verification की है।
Speaker 1: हमें अब WWTP में कुछ जानकारी चाहिए। क्या हमने WWTP में कुछ लिखा है?
Speaker 2: हां, हमने WWTP में कुछ लिखा है।
Speaker 1: हमें अब रोहित तिवारी से बात करनी है। क्या हमने रोहित तिवारी से बात की है?
Speaker 2: हां, हमने रोहित तिवारी से बात की है।
Speaker 1: हमें अब दीपक से बात करनी है। क्या हमने दीपक से बात की है?
Speaker 2: हां, हमने दीपक से बात की है।
Speaker 1: हमें अब पता करना है कि कहाँ-कहाँ पाइप डाली गई है। क्या हमने पाइप डाली है?"
9,"यह कॉल अब रिकॉर्ड हो रही है। हटाओ विजय। कॉल रिकॉर्डिंग अब समाप्त हो गई है। कैसा है कहाँ है? हो गया। इसका बताओ। कहाँ है उसका भाई कुछ बात? बहुत मना तो ही रहा सामने वाली। कहाँ कहाँ थे? कहाँ थे अबे ऊपर से नहीं। आ रहा। हां। और सुनाई। ठीक है बताओ। बोल के ठीक है जाऊं बेटा। कहाँ है मजा आ गया? अरे यार कुछ और नहीं। मजा आ गया। मजा आ गया। तो। काहे? अब काहे मजा आ रही है ऐसा मनाई। गांव में डाल रहा लोकेशन अब काहे मजा। यह तो घर ही से डाल देते हैं। हां। यह तो घर ही से रहते थे ना। घर ही से कहाँ जा रहे हैं। घर में देखा था ना की भीतरे। तो वही तो वहां तो क्षेत्र है यार ना क्या? दिक्कत है? क्षेत्र रात कह रही है कि दरवाज़े के भीतरे क्या? कर रहे हैं वह तो क्या? कर रहे हैं। यह साहब, जिससे हम सब आए वही कर रहे हैं। अरे वही जब वह तो ठीक है। गलत है। अब सब ठीक है यार। हां। कहाँ बात। है उनका कुछ भाई पता चला। लगा। तो है बेचारा देखा कहाँ। अटेंडेंस लगा। हुआ थी समझ के नहीं? पता नहीं। हमको। ठीक।","Speaker 1: यह कॉल अब रिकॉर्ड हो रही है।
Speaker 2: हटाओ विजय। कॉल रिकॉर्डिंग अब समाप्त हो गई है।
Speaker 1: कैसा है कहाँ है?
Speaker 2: हो गया। इसका बताओ।
Speaker 1: कहाँ है उसका भाई कुछ बात?
Speaker 2: बहुत मना तो ही रहा सामने वाली।
Speaker 1: कहाँ कहाँ थे?
Speaker 2: कहाँ थे अबे ऊपर से नहीं।
Speaker 1: आ रहा। हां। और सुनाई।
Speaker 2: ठीक है बताओ।
Speaker 1: बोल के ठीक है जाऊं बेटा।
Speaker 2: कहाँ है मजा आ गया?
Speaker 1: अरे यार कुछ और नहीं।
Speaker 2: मजा आ गया।
Speaker 1: मजा आ गया। तो। काहे?
Speaker 2: अब काहे मजा आ रही है ऐसा मनाई।
Speaker 1: गांव में डाल रहा लोकेशन अब काहे मजा।
Speaker 2: यह तो घर ही से डाल देते हैं।
Speaker 1: हां। यह तो घर ही से रहते थे ना।
Speaker 2: घर ही से कहाँ जा रहे हैं।
Speaker 1: घर में देखा था ना की भीतरे।
Speaker 2: तो वही तो वहां तो क्षेत्र है यार ना क्या?
Speaker 1: दिक्कत ह?
Speaker 2: क्षेत्र रात कह रही है कि दरवाज़े के भीतरे क्या?
Speaker 1: कर रहे हैं वह तो क्या?
Speaker 2: कर रहे हैं।
Speaker 1: यह साहब, जिससे हम सब आए वही कर रहे हैं।
Speaker 2: अरे वही जब वह तो ठीक है।
Speaker 1: गलत है। अब सब ठीक है यार।
Speaker 2: हां। कहाँ बात।
Speaker 1: है उनका कुछ भाई पता चला।
Speaker 2: लगा। तो है बेचारा देखा कहाँ।
Speaker 1: अटेंडेंस लगा।
Speaker 2: हुआ थी समझ के नहीं?
Speaker 1: पता नहीं। हमको।
Speaker 2: ठीक।"
10,"कहाँ है भैया? कनौजिया भैया। हां, भैया कहाँ पर है यार? हां, तो हां उसमें भैया ही मैं। एक जन से खा मक्का वाले हैं मैं। उनका सरिया था जो सक रहा था पैंतीस पैंतीस हज़ार के। 
यह समय दुकान बंद का है। 
जीएसटी वाला पक्का बिल दे सकते हैं। 
पक्का बिल? 
हां। 
चलिए, हम फोन करके बताए थे इस समय तो दुकान बंद हैं हम दूर दौड़ गए हैं। 
हां। 
दुकानें बंद हैं पता नहीं। कहाँ हैं बात। करके बताए थे। 
जीएसटी वाला बिल भरता हुआ। ना? हां, तो कैसा भारत है मैं। 
अब कहाँ जाने हम यह सब पूछते नहीं। आए हैं ना पूछ ले अब हम कहाँ कैसा हैं? 
थोड़ा पूछ कर बता अपना यार। 
ठीक है हम पूछकर बताएं।","Speaker 1: कहाँ है भैया? कनौजिया भैया।
Speaker 2: हां, भैया कहाँ पर है यार?
Speaker 1: हां, तो हां उसमें भैया ही मैं। एक जन से खा मक्का वाले हैं मैं। उनका सरिया था जो सक रहा था पैंतीस पैंतीस हज़ार के।
Speaker 2: यह समय दुकान बंद का है।
Speaker 1: जीएसटी वाला पक्का बिल दे सकते हैं।
Speaker 2: पक्का बिल?
Speaker 1: हां।
Speaker 2: चलिए, हम फोन करके बताए थे इस समय तो दुकान बंद हैं हम दूर दौड़ गए हैं।
Speaker 1: हां।
Speaker 2: दुकानें बंद हैं पता नहीं। कहाँ हैं बात। करके बताए थे।
Speaker 1: जीएसटी वाला बिल भरता हुआ। ना? हां, तो कैसा भारत है मैं।
Speaker 2: अब कहाँ जाने हम यह सब पूछते नहीं। आए हैं ना पूछ ले अब हम कहाँ कैसा हैं?
Speaker 1: थोड़ा पूछ कर बता अपना यार।
Speaker 2: ठीक है हम पूछकर बताएं।"
11,"Speaker 1: हां बोलिए.
Speaker 2: बंद बंद करे हैं गाड़ी कौन recording हैं ना कहने काहे गिरे superior नहीं। रहा था.
Speaker 1: अरे भाई कुछ लोग। ज़्यादा हर भी जा हो तगी हुई। हैं तो love क्यों? यहाँ गुरमल जी बेज्जती करवा ली हैं? करवाई हैं ना कर ही हैं ना गुरुवार के अंदर साठ हज़ार लोग। सत्तर हज़ार पेट नहीं। भर रहा था क्योंकि करा हुआ नहीं। तो.
Speaker 2: तो वह तो गिरे यही रहेगा ऐसे ऐसे लोग।?
Speaker 1: वह कई वाले गिरे हैं मैं।... कहीं के नहीं। गया। है.
Speaker 2: हल मनाम हो गए वाले?
Speaker 1: कहाँ थे वह भाग कुछ बनकर?
Speaker 2: Sir त्रिदेव है. हां. दिव्य के बेचारा लगा। हरे देखा बाबू से. हां.
Speaker 1: तो आप आज attendance लगाई नहीं।?
Speaker 2: नहीं। पूछेंगे यार. हैं? नहीं। पूछेंगे नहीं। पूछें.
Speaker 1: तो फिर जब ना attendance लगाई है तो क्या? मतलब नहीं। कर ही?
Speaker 2: तो या तो उनका clear नहीं। है तो काबत लगाए हुए श्रीदेवी आए हैं.
Speaker 1: अब clear का हो गया। शायद एक महीना हो गया। clear करवावत करवावत जब नहीं। कह रहे हैं तो नहीं। कर ही हैं.
Speaker 2: नहीं। तो अभी तक तो बातें नहीं। भरी. अब तो बात। हो शुरू गई.
Speaker 1: कैसी बात। नहीं। भरी है?
Speaker 2: मतलब अब सामने वाला आदमी बात। करे चाहे हद रहा अभी तक तो बातें ही करे.
Speaker 1: अच्छा त्रिदेव से? हां भाई, बकरीन बात। है.
Speaker 2: नहीं।, अभी वह हल्का interest देता देखा का. बढ़िया से लेकर. हां, यह देखा का.
Speaker 1: क्या? बता वह? कल मोदी जी कहे कि सोना चांदी ने खरीदे तो rate बढ़ गए यार.
Speaker 2: काहे?
Speaker 1: कल नहीं। कहे ना साल भर सोना चांदी ने खरीदी. धोखा मुद्रा एक ही कारण गिर रही है. हां. हां आज हमें। दिखा तो शादी के rate बढ़ गई है एक हज़ार. चांदी फिर एक लाख दो लाख पैंसठ हज़ार पहुंच गई.
Speaker 2: ढाई तक तो पतझड़ रही ना.
Speaker 1: अरे आज तो दो लाख पैंसठ हज़ार फिर पहुंची.
Speaker 2: धीरे धीरे. दो लाख तक दे गए रही, जब गए रही हो तो जी दो लाख खरीद ली थी direct पैंसठ हज़ार रुपए फ़ायदा हो गया।.
Speaker 1: आया नहीं। तो. एकाई दिन का दो लाख गए रही फिर उन्हें दो लाख बीस हज़ार रह गई थी सवेरे दो लाख गई फिर दो लाख बीस हज़ार रह गई दोपहर की. चार दिन बहुत जल्दी। उलट, उलट fail हो ही रहे हैं। ना. कहाँ है सबसे ज़्यादा लोग। चार दिन पैसे। लगाए.
Speaker 2: मोदी ने कि April यहाँ fail के छुए नहीं। petrol diesel बचाएं एक साल सोना ना खरीदें.
Speaker 1: हां. वह तो यह लेकिन पर यहाँ तो बुराई के हम दिखा तो rate है बढ़िया. हम शोषण गिरी. यहाँ तो दूसरा हो ही रहा. तेल का आज वह प्रस्ताव ठुकरा दी इसने. दिखा news? नहीं। दिखा news तो. रामप्रधान है तो उखाड़ प्रसाद ठुकराधीश.
Speaker 2: कहाँ गए?
Speaker 1: कोई तो वह अपन शर्त मनमाबे के तैयार है Iran नहीं। माने के तैयार है यह वह कहा था कि uranium हम पहले हवाले करे वह कहा था हम ना दे. यह चल रहे हैं। अब काहे. कुल मिलाकर तानाशाही चल रही है. यह हाल है.
Speaker 2: है ही है. कोई बात। नहीं।.
Speaker 1: आज अपना क्यों? loss दिखावे law कोई market में. वह भी दिखावे ही नहीं। है वह.
Speaker 2: Market आज गिर रहे हैं। दूसरा?
Speaker 1: गिर गया। ना ढाई एक percent.
Speaker 2: एक percent direct?
Speaker 1: हां. 0.97 गिरा तब एक percentage ना होए. हां. वह. हां. जो गिर रहे हैं।. हां. जो बढ़ जाए तो गिर रहा.
Speaker 2: खतरनाक खतरनाक स्थिति
Speaker 1: है वह. स्थिति अभी यह बनाए रहे हम कल आ गए थे कि वे ऐसा ना हो कि फिर युद्ध चालू हो जाए. अब वह चालू हुए हो ही कहा है कि Iran जो उन्हें तो वह पीछे हटे वाला नहीं। है Iran के नुकसान already बहुत हो चुका है. हम लोग। सोचा था कि sir हम तक निपुणीन गए हैं तो कुछ नहीं। हो नहीं। पूरे यहाँ पर बम गोल और फ़ेंक थे कि हम पहले कई. हां. Iran के तो Iran के तो हिस्सों बहुत नुकसान हो चुका है इसे देखा जाता.
Speaker 2: बहुत ज़्यादा क्षति हुई। थी. हां. एक percent पूरा पूरा गिर गया। ना market
Speaker 1: है. काहे काहे ला के अपना काम? Iran already नुकसान में बहुत है.
Speaker 2: काहे काहे कोई trade rod ले ली जाए.
Speaker 1: अरे trade का लेकर ही. Trade rod हम नहीं। कहते. भाई हम trademark नुकसान हवा. कमाए वाले समय खूब कमा रहे हैं. अब एक काल परम शाहीद आधा छियासी हज़ार मार दी इसे.
Speaker 2: छियासी हज़ार एक दिन मां.
Speaker 1: यार एक लाख पांच हज़ार कमाना total ढाई लाख लगाए रहा. हां. और रे. इस समय वह कई खूब खेल रहे हैं ऊपर से. से. बराबर चल रहे हैं।. एक दिन चालीस हज़ार नहीं। पूरा है एक दिन चार छियासी हज़ार कमा ली. यह
Speaker 2: सब चल रहा
Speaker 1: हां चल ही है रहे हैं। पर trade का नहीं। चल सकती. वही क्या? अगर समय सही चल रही तो कमा रहे हैं। जिन्हें समय विपरीत हो जाए इतनी पूरी हां. आज टूटकर दिखा रहे हैं। बेर्बे कि पुट ले लो, पुट ले लो. हां. हां. सबका ही
Speaker 2: का हिला ही है फुट.
Speaker 1: अरे हम कुछ नुकसान हुई। जी हम जहां market दूसरे में हुई।
Speaker 2: थी. बे है market की है?
Speaker 1: है. हां. और सुनाई. हमारे कई CM help line तो नहीं। आना? हां. वह Curba वाला कहाँ करवा दें काम?
Speaker 2: Curba वाला नहीं। करवानी.
Speaker 1: उसी कुरावाला बिना फ़ालतू complain कहे वह road हमारे से चिटिग गई महादा चौथ कहा था कहीं पर चिटिग खाएं. अच्छा तो हालांकि नीचे से. हां. और सुनाई. आओ यार ऐसे
Speaker 2: सब चल रहे हैं।. जब तू news नहीं। सुनाइए अच्छी हम कुछ ना कुछ अच्छे news सुनोगे.
Speaker 1: अब news कहाँ सुनाई साहब,? अभी है जो चल रहा था उन अपनाक बतान कौन news सुनाने? हां. वह जब कर ही हैं तो वही सो अपन के phone आई. News कहाँ सुनाओ एक. हां.
Speaker 2: और
Speaker 1: मतलब हम
Speaker 2: धैर्य रख से बैठ रहे हैं सब.
Speaker 1: अब. अब वह खेल रहे हैं। आप चलें हैं तो क्या? करें।,?
Speaker 2: कोई दूसरा विकल्प नहीं। है.
Speaker 1: अभी तो नहीं। ना विकल्प जो उन्हें सही है तो उन्हें. अच्छा. हां
Speaker 2: यह
Speaker 1: कहाँ करे गुस्सा जहां उन्हें कहिए।. ठीक है भैया, चलिए,.","Speaker 1: हां बोलिए।
Speaker 2: बंद करें गाड़ी और रिकॉर्डिंग हैं ना कहने काहे गिरे सुपरवाइजर नहीं। रहा था।
Speaker 1: अरे भाई कुछ लोग ज़्यादा हर बात पर जा रहे हैं। यहाँ गुरमल जी बेज्जती करवा ली हैं? करवाई हैं ना कर ही हैं ना गुरुवार के अंदर साठ हज़ार लोग। सत्तर हज़ार पेट नहीं भर रहा था क्योंकि करा हुआ नहीं। तो।
Speaker 2: तो वह तो गिरे यही रहेगा ऐसे ऐसे लोग।?
Speaker 1: वह कई वाले गिरे हैं मैं।... कहीं के नहीं। गया। है।
Speaker 2: हल माना हो गए वाले?
Speaker 1: कहाँ थे वह भाग कुछ बनकर?
Speaker 2: सर त्रिदेव है। हां। दिव्य के बेचारा लगा। हरे देखा बाबू से। हां।
Speaker 1: तो आप आज अटेंडेंस लगाई नहीं?
Speaker 2: नहीं। पूछेंगे यार। हैं? नहीं। पूछेंगे नहीं। पूछें।
Speaker 1: तो फिर जब ना अटेंडेंस लगाई है तो क्या? मतलब नहीं। कर ही?
Speaker 2: तो या तो उनका क्लियर नहीं। है तो काबत लगाए हुए श्रीदेवी आए हैं।
Speaker 1: अब क्लियर का हो गया। शायद एक महीना हो गया। क्लियर करवावत करवावत जब नहीं। कह रहे हैं तो नहीं। कर ही हैं।
Speaker 2: नहीं। तो अभी तक तो बातें नहीं। भरी। अब तो बात। हो शुरू गई।
Speaker 1: कैसी बात। नहीं। भरी है?
Speaker 2: मलतब अब सामने वाला आदमी बात। करे चाहे हद रहा अभी तक तो बातें ही करे।
Speaker 1: अच्छा त्रिदेव से? हां भाई, बकरीन बात। है।
Speaker 2: नहीं।, अभी वह हल्का इंटरेस्ट देता देखा का। बढ़िया से लेकर। हां, यह देखा का।
Speaker 1: क्या? बता वह? कल मोदी जी कहे कि सोना चांदी ने खरीदे तो रेट बढ़ गए यार।
Speaker 2: काहे?
Speaker 1: कल नहीं। कहे ना साल भर सोना चांदी ने खरीदी। धोखा मुद्रा एक ही कारण गिर रही है। हां। हां आज हमें। दिखा तो शादी के रेट बढ़ गई है एक हज़ार। चांदी फिर एक लाख दो लाख पैंसठ हज़ार पहुंच गई।
Speaker 2: ढाई तक तो पतझड़ रही ना।
Speaker 1: अरे आज तो दो लाख पैंसठ हज़ार फिर पहुंची।
Speaker 2: धीरे धीरे। दो लाख तक दे गए रही, जब गए रही हो तो जी दो लाख खरीद ली थी डायरेक्ट पैंसठ हज़ार रुपये फ़ायदा हो गया।
Speaker 1: आया नहीं। तो। एकाई दिन का दो लाख गए रही फिर उन्हें दो लाख बीस हज़ार रह गई थी सवेरे दो लाख गई फिर दो लाख बीस हज़ार रह गई दोपहर की। चार दिन बहुत जल्दी। उलट, उलट फ़ेल हो ही रहे हैं। ना। कहाँ है सबसे ज़्यादा लोग। चार दिन पैसे। लगाए।
Speaker 2: मोदी ने कि अप्रैल यहाँ फ़ेल के छुए नहीं। पेट्रोल डीजल बचाएं एक साल सोना ना खरीदें।
Speaker 1: हां। वह तो यह लेकिन पर यहाँ तो बुराई के हम दिखा तो रेट है बढ़िया। हम शोषण गिरी। यहाँ तो दूसरा हो ही रहा। तेल का आज वह प्रस्ताव ठुकरा दी इसने। दिखा न्यूज? नहीं। दिखा न्यूज तो। रामप्रधान है तो उखाड़ प्रसाद ठुकराधीश।
Speaker 2: कहाँ गए?
Speaker 1: कोई तो वह अपन शर्त मनमाबे के तैयार है ईरान नहीं। माने के तैयार है यह वह कहा था कि यूरेनियम हम पहले हवाले करे वह कहा था हम ना दे। यह चल रहे हैं। अब काहे। कुल मिलाकर तानाशाही चल रही है। यह हाल है।
Speaker 2: है ही है। कोई बात। नहीं।।
Speaker 1: आज अपना क्यों? लॉस दिखावे लॉ कोई मार्केट में। वह भी दिखावे ही नहीं। है वह।
Speaker 2: मार्केट आज गिर रहे हैं। दूसरा?
Speaker 1: गिर गया। ना ढाई एक प्रतिशत।
Speaker 2: एक प्रतिशत डायरेक्ट?
Speaker 1: हां। 0.97 गिरा तब एक प्रतिशत ना होए। हां। वह। हां। जो गिर रहे हैं।। हां। जो बढ़ जाए तो गिर रहा।
Speaker 2: खतरनाक खतरनाक स्थिति"
12,"Speaker 1: This call
Speaker 2: is now being recorded. Hello. Call recording has
Speaker 1: now ended. Hello. Hello. हां हां.
Speaker 2: यह कहे कहाँ थे
Speaker 1: हंसाहर? अभी यहीं से बताओ.
Speaker 2: रोहन होगा beach में, जैन?
Speaker 1: हां हां, बताओ.
Speaker 2: या कहाँ थे हम थोड़ा हमको AutoCAD सिखा दीजिए।.
Speaker 1: AutoCAD वहीं का भी सरी है यार. बहुत समय हुई। है.
Speaker 2: अपना बताई नक्शा वख्सा सब बना ले, ऐसे कही थी बिसरी का.
Speaker 1: नहीं। बनाई पाई भाई बिसरीए बहुत पहले की बात। आई है यह सब.
Speaker 2: अभी ऊना कैसा बनान.
Speaker 1: तो उन्नरी का हो गया। इससे बनान. अब बिसार ही है यार यह सब बहुत पहले की बात। किया। है. अभी तो हम तोहों का मना नहीं। किंतु कहे रहे तो तोहों जी कहीं कहे रही है. किंतु उसे अब याद थोड़ी ना रही है यार.
Speaker 2: तब तो कैसा कारण है?
Speaker 1: वही page से भी क्या? है कि मतलब like एक ही कोई.
Speaker 2: हमको simple simple थोड़ा बता दे. Command कहाँ है हमको सिर्फ ऐसे ही शुरुआत नहीं। बनता है. क्या? वह एक साल ना हो गई.
Speaker 1: वह काहेनो काठे course ले ले. तो तीन हज़ार रुपया सिखा देंगे।?,
Speaker 2: admission में. हां. तो यह सब ना पहले से बना था. हैं?
Speaker 1: शायद से elevation. सब सब वहीं से बना
Speaker 2: था. Animation वालिवशन सब?
Speaker 1: सब सब सब.
Speaker 2: अरे काम रावत रहा था साहब, चार छठी मिलात रहा. हां. यह क्या? कहना है फिर तब.
Speaker 1: तो एक थे course ले ले अगर चार साल छठी काम लोगों को मिले थे क्योंकि उन तीन हज़ार वह course लेकर सिख ले. हमको बहुत समय मिल गई दो हज़ार चौदह पंद्रह में सीख रहे है ना वह उनका सब बिसारिया.
Speaker 2: नहीं। वही तो कहा है कि कौन से कहा है आदमी कहा है हम अच्छा नहीं। ला के कहा है हमारे से बने नहीं।. जो गांव भर में कहा है कि ऐसे ही का काम अवतार रहा तो तुम, कहीं तो बहुत ना देहे का आज़ाद दो हज़ार देवें कर ही है सारे.
Speaker 1: तो अगर मान ले दुयो आदमी तो वह महीना भरो मिल गया। तो हां course का पैसे। तो वसूल ही होगा ना.
Speaker 2: हां वह तो दो ही आदमी का दो तीन आदमी अभी हम बुआ के यहाँ कह रहे हैं तो वहीं कहीं नहीं। भईया अब वह हम काह प्रचार करे को को नहीं। कहता हम.
Speaker 1: वह है सीख जाए तो इससे course लेकर सीख लेगा घाटा नहीं। है.
Speaker 2: Mobile से कहाँ है हमको उतना मज़ा नहीं। है यहाँ पर सिखाएंगे फिर जाकर परी coaching. Coaching तो वह तो
Speaker 1: वही पहले रीवा रीवा में है कुछ AutoCAD वाले में है वह सिखा नहीं।
Speaker 2: है. Mobile में कहाँ है हम कहाँ अपना का रिज़ल्ट बताई हमको नींद आवे लागत. हां. देखा देखा तो मतलब concentrate बिगड़ जात. हां.
Speaker 1: जब हम
Speaker 2: खोल के देख अब तो रौशनी की गई थी तो हम आंकी गई तो हमको नींद आवे लागत. हां. हां. समझ के आ गई जात. हां बाकी शोर से करे परी लागत. हां वह ज़्यादा अच्छा रहा तो course. हां वही तो मतलब खर्चा पर्चे का दो चार हज़ार रुपया का कहीं से मिल सका था ऐसा नहीं। है.
Speaker 1: बिल्कुल बिल्कुल बिल्कुल. हम तो बहुत पहले जब सीखे रहेंगे दुनिया का पूरा धंधा मतलब करता हो रहे हैं।.
Speaker 2: अच्छा लड़का पता नहीं। क्या? mechanical क्या? हम आ रहे हैं।.
Speaker 1: हां. वह
Speaker 2: पता नहीं। कौन course करें।, coding वोडिंग. वह बीमारी का भयंकर पैसे। रीवा भोपाल में कमात.
Speaker 1: क्या? करे है?
Speaker 2: Coding वोडिंग सीखे हैं. Mechanical से कह रहे हैं engineering. हां. तो वह पता नहीं। कौन course कर रहा था अभी अभी तमाम शिमला मिले दुनिया दारी घूम रहे हैं। बढ़िया 4 wheeler ले. हां. बिना पैसे के तो घूमत नहीं। हुई।. हां. हम लोगों को कहा था कि अपना कतई देख हमसे बनता नहीं। है तब वह का ले यह. Estimateing billing काम नहीं। आ गया। estimate estimate बनावे की. तो फिर काम का हाथ रहा की अपना का लेख ले लिए। हम. बनता नहीं। है तो नहीं। लिया नहीं।. हां. हां तो वह खूब ठीक पैसे। कमाते हैं वह client बना है पता नहीं। कही काम लाई के फिर दूसरा दिन का दे दिया था करवा के फिर सामने वाले को submit कर रहा था.
Speaker 1: Celencing के पास. हां. कुछ
Speaker 2: लोग। कहाँ घर बैठे?
Speaker 1: हां घर बैठे कह रहा जा सकती है हम दोनों गलत नहीं। है.
Speaker 2: यह बताइए हमारे यहाँ a 3 size है क्या? पेंटर?
Speaker 1: A 3 size नहीं। है. Market में मिल रही है या तो डीबीएल के पास.
Speaker 2: ठीक है ठीक है.","Speaker 1: यह कॉल रिकॉर्ड किया जा रहा है।
Speaker 2: कॉल रिकॉर्डिंग अब शुरू हो गई है। हैलो।
Speaker 1: कॉल रिकॉर्डिंग अब समाप्त हो गई है। हैलो।
Speaker 2: आप कहां हैं?
Speaker 1: मैं यहीं हूं, बताइए।
Speaker 2: क्या रोहन बीच पर है?
Speaker 1: हां, बताइए।
Speaker 2: क्या आप हमें ऑटोकैड सिखा सकते हैं?
Speaker 1: ऑटोकैड की जानकारी यहीं है। बहुत समय हो गया है।
Speaker 2: क्या आप नक्शा और अन्य चीजें बना सकते हैं?
Speaker 1: नहीं, यह बहुत पहले की बात है।
Speaker 2: अब कैसे बनाएं?
Speaker 1: अब यह सब भूल जाना चाहिए।
Speaker 2: तो क्या कारण है?
Speaker 1: कोई खास कारण नहीं है।
Speaker 2: हमें सिर्फ बता दीजिए।
Speaker 1: आपको कोर्स लेना चाहिए, तीन हजार रुपये में सिखा देंगे।
Speaker 2: क्या यह पहले से बना था?
Speaker 1: शायद ईलेवेशन और अन्य चीजें बनाई गई थीं।
Speaker 2: एएनआईमेशन वाली चीजें भी?
Speaker 1: हां, सब कुछ।
Speaker 2: मैं काम कर रहा था, चार छठी मिला रहा था।
Speaker 1: अगर आप कोर्स लेंगे तो आपको बहुत कुछ सीखने को मिलेगा।
Speaker 2: नहीं, मैंने कहा था कि यह काम मुझसे नहीं बनेगा।
Speaker 1: अगर आप मान लें तो महीने भर में आपको कोर्स का पैसा मिल जाएगा।
Speaker 2: हां, दो तीन आदमी हैं जो हमारे साथ काम कर रहे हैं।
Speaker 1: अगर आप सीख लेंगे तो आपको घाटा नहीं होगा।
Speaker 2: मोबाइल से सीखने में मजा नहीं आता।
Speaker 1: रीवा में ऑटोकैड वाले हैं जो सिखा सकते हैं।
Speaker 2: हां, मोबाइल में सीखने से नींद आ जाती है।
Speaker 1: जब हम सीखते हैं तो हमें ध्यान केंद्रित करना चाहिए।
Speaker 2: मैंने देखा है कि जब हम खोलकर देखते हैं तो हमें नींद आ जाती है।
Speaker 1: बिल्कुल, हमें बहुत पहले से सीखना चाहिए।
Speaker 2: क्या आप जानते हैं कि मैकेनिकल क्या है?
Speaker 1: हां, मैं जानता हूं।
Speaker 2: क्या कोडिंग वोडिंग सीखना चाहिए?
Speaker 1: क्या करें?
Speaker 2: कोडिंग वोडिंग सीखने से पैसे मिल सकते हैं।
Speaker 1: क्या आप जानते हैं कि एस्टीमेटिंग बिलिंग क्या है?
Speaker 2: नहीं, मैं नहीं जानता।
Speaker 1: यह घर बैठे किया जा सकता है।
Speaker 2: क्या आपके पास ए3 साइज का पेंटर है?
Speaker 1: नहीं, मेरे पास ए3 साइज का पेंटर नहीं है।
Speaker 2: ठीक है, मैं मार्केट में देखूंगा।"
13,"क्या हैं? ओवेरब्रिज पर रखे। हैं हां? नहीं। नहीं। केसेस पर रखे हैं बताओ। क्या? बताई रोड रेस्टोरेशन में साइन करे खाए? रोड रेस्टोरेशन में साइन करें। काहे। हां कहा कि रोहित तो मना कर ही नहीं। हूं मैं। जब तक काम नहीं करेंगे। क्लेम अप्लायंस वाला तो नहीं करेंगे। हेलो। हां।","Speaker 1: क्या हैं? ओवेरब्रिज पर रखे। हैं हां?
Speaker 2: नहीं। नहीं। केसेस पर रखे हैं बताओ।
Speaker 1: क्या? बताई रोड रेस्टोरेशन में साइन करे खाए?
Speaker 2: रोड रेस्टोरेशन में साइन करें।
Speaker 1: काहे। हां कहा कि रोहित तो मना कर ही नहीं।
Speaker 2: हूं मैं। जब तक काम नहीं करेंगे। क्लेम अप्लायंस वाला तो नहीं करेंगे।
Speaker 1: हेलो। हां।"
14,"लोहिन बिष्ट है पहले. कहाँ है? लोहिन बिष्ट, लोहिन बिष्ट है बताओ. अच्छा लोहिन बिष्ट है. अब सुनाई कहाँ हाल चाल? हाल चाल ठीक नहीं। आया यार. तुमको update तेरे को बताओ. वाला कहीं लगा. है? हां. हां हां हां. वाला? हां. बाबा कि यह हफ्ता का है, कहीं नहीं. गए कल मालिक. कहाँ कहीं की हुई.? वह नहीं। आ रहे हैं. पहले एक भी कहीं. काहे नहीं। है पैसे. नहीं। है? बजट. बजट में पढ़ रही है पैसे की. क्या? आवाज़ है फंड की नहीं। आवाज़? अभी नहीं। आ रही है आपके. कुछ लोग. भी रहे हैं सूचना हम. कुछ लोग. तो अंकल वगैरह नहीं. था. हैलो. हैलो. क्या? काहे के रहे जब नहीं. क्लियर रहा था? काहे मतलब. हैलो.","Speaker 1: लोहिन बिष्ट है पहले. कहाँ है?
Speaker 2: लोहिन बिष्ट, लोहिन बिष्ट है बताओ।
Speaker 1: अच्छा लोहिन बिष्ट है. अब सुनाई कहाँ हाल चाल?
Speaker 2: हाल चाल ठीक नहीं। आया यार. तुमको update तेरे को बताओ।
Speaker 1: वाला कहीं लगा. ह?
Speaker 2: हां. हां हां हां. वाला? हां।
Speaker 1: बाबा कि यह हफ्ता का है, कहीं नहीं. गए कल मालिक।
Speaker 2: कहाँ कहीं की हुई.? वह नहीं। आ रहे हैं. पहले एक भी कहीं।
Speaker 1: काहे नहीं। है पैसे. नहीं। ह? बजट।
Speaker 2: बजट में पढ़ रही है पैसे की. क्या? आवाज़ है फंड की नहीं।
Speaker 1: आवाज़? अभी नहीं। आ रही है आपके. कुछ लोग।
Speaker 2: भी रहे हैं सूचना हम. कुछ लोग. तो अंकल वगैरह नहीं।
Speaker 1: था. हैलो।
Speaker 2: हैलो. क्या? काहे के रहे जब नहीं।
Speaker 1: क्लियर रहा था? काहे मतलब।
Speaker 2: हैलो।"
15,"यह कॉल अब रिकॉर्ड किया जा रहा है। हां भईया, आवाज़ बढ़िया है। बताइए, यह बात क्या है? वह डीआईडीएफ वाला डेटा सुनाई रहे थे, कौन सा वाला? एआईडीएफ वाला, हां वन गया है। कुछ वन गया है, कुछ बचा है। वहां भेजा ना? वह लैपटॉप महासभा में है। लैपटॉप में है तो कहाँ तक में जा रहे हैं? दोपहर तक में जाता है, अपना का भेज दो। हां, या कहें। वह जो कल अपना भेजे रहे हैं, हां, तो उनमें अच्छे चेंजेस कर रहे हैं। अब ना हुई। कल हम अपन का लगाने वाले हैं, अपन उठोगे नहीं। शायद। अरे नहीं, रुक जाऊँ, इसका समय थोड़ी ना है। अरे वह जाने से कहाँ कहाँ पर? हां। यह दोनों अपना नौ फीट, नौ फीट छह इंच बाय बारह फीट चार इंच की वजह है ना गैलरी? तो वही है कहाँ तक कि यह हाल हमारे पंद्रह बाइस फीट बाय पंद्रह","Speaker 1: यह कॉल अब रिकॉर्ड किया जा रहा है। हां भईया, आवाज़ बढ़िया है। बताइए, यह बात क्या है?
Speaker 2: वह डीआईडीएफ वाला डेटा सुनाई रहे थे, कौन सा वाला? एआईडीएफ वाला, हां वन गया है। कुछ वन गया है, कुछ बचा है।
Speaker 1: वहां भेजा ना? वह लैपटॉप महासभा में है। लैपटॉप में है तो कहाँ तक में जा रहे हैं?
Speaker 2: दोपहर तक में जाता है, अपना का भेज दो। हां, या कहें। वह जो कल अपना भेजे रहे हैं, हां, तो उनमें अच्छे चेंजेस कर रहे हैं।
Speaker 1: अब ना हुई। कल हम अपन का लगाने वाले हैं, अपन उठोगे नहीं। शायद। अरे नहीं, रुक जाऊँ, इसका समय थोड़ी ना है।
Speaker 2: अरे वह जाने से कहाँ कहाँ पर? हां। यह दोनों अपना नौ फीट, नौ फीट छह इंच बाय बारह फीट चार इंच की वजह है ना गैलरी?
Speaker 1: तो वही है कहाँ तक कि यह हाल हमारे पंद्रह बाइस फीट बाय पंद्रह"
16,"यह कॉल अब रिकॉर्ड की जा रही है। 
हां, 
यह बताओ 
अभी से। 
हां। जेडएमबीआर 2 का एमएस कहाँ से पाई गई? 
बे? जेडएमबीआर 2 में एमएस को कहाँ से पाई गई? 
जेडएमबीआर 2 का पानी कहाँ से नहीं। है एमएस से ही तो नहीं। है ना। 
वही डीआई से दे रहे हैं। 
है तो डीआई की टैपिंग एमएस से ही हुई। ना? 
हां तो वह वहां से ही हुए टैपिंग। 
कहाँ से? 
पी19 से सॉरी पीबी से। 
पीबी से हुआ है मतलब रीठी वाले उसे ना? 
नहीं। फिर 
रीठी वाले से, हैं? 
हां हां। 
तो फिर रीठी वाले से सीधे जात हुई।? 
हां सीधी आई के माताओं से तो बोल के, हां सीधे जाकर टंकी मिल गई वह। नीचे नीचे नहरे नहर जोन नहीं। की एक पाइप गलत रही। 
हरे नहर वाला। अरे 
यह महाशय वाला। अरे महसाओ 
के पास से, 
महसाओ के पास से। 
एक मिनट थोड़ा हम मैप खोल लेकर बताया हमको। लिंक 
रोहित तिवारी आया आ रहे 
हैं देख रहे हैं 121 
देखा रहे हैं। 
1 और 2 आ रहे हैं देख रहे हैं। है। कितना गैप है कहाँ कहाँ, यह बताओ यह दौरान कहाँ कहाँ गैप हो गए। हैं? महसाओ सियावे में टाइपिंग नहीं। आती डेढ़ सौ मीटर के 
गैप। कहाँ थे? 
जऊनन्दर का पाइप गए थे हम डेढ़ एमबीआर2 का। 
ओके पहले कहाँ नहीं। है गैप। 
ओके, पहले कहाँ नहीं। है। ओके, पहले वह टाइपिंग में एमएस वाला गैप है। निकाल ही नहीं। है बता 
दो। 
तीन है अपना 
प्लान। यह दिशा रीति वाले इस रास्ता से अपन आगे गए थे। 
हां। 
कि पुरास जेजेजेजेजेजेजेजेजेजेजेजेजेजेजेजेजेजेजेजेजेजेजेजेजेजेजेजेजेजेजेजेजेजेजेजेजेजेजेजेजेजेजेजेजेजेजेजेजेजेजेजेजेजेजेजेजेजे 
धारी 
पचपन का रास्ता जाते जाऊं। हां हां हां। हारी पचपन वाला रास्ता हुआ पापा से स्टेशन थे वाला से। 
स्टेशन से फिर दस दो सौ मीटर आगे देखा बैठे नहर से लाइन दिखाल रहे हैं। कि भाई आज़ादी पर वहां। 
नहीं। जहां तो मेरी रसगुल्ला कात है। 
उसे दो सौ मीटर आगे ठेकनाल पड़ा थी ना छोटा। 
हां। 
वहीं तो देखी वह लाइन दिखावा थोड़ी वहां जाएगा।। अच्छा। तीन सौ दायां के। 
हां तीन सौ दायां 
के। हां तो वह तीन सौ दायां जहां यहीं पर थे जहां टाइपिंग हुआ था टाइपिंग नहीं। भैया डेढ़ सौ मीटर गैप है वह। अच्छा। पाइप नहीं। डली है। 
फिर टंकी जल 
गई है। 
जल देखा हुआ है हिसाब से, फिर टंकी जल गई गैप है। 
गाड़ी चली थी 4 व्हीलर? 4 
व्हीलर वहां कहीं से ना जाए वह मात्र टंकी कहीं गई हुई। है यहाँ बीच में तमाम बाउंडरी की। 
कोई ना जा पाई है ना। 
4 व्हीलर मुश्किल है, वह नहरे नहारे नहरे नहरे नहरे नहरे वाले, जहां से रसगुल्ला 
पहले वाले जो वाली, 
हैं? हौ। हमको बताए तो हम मिल गए थे। पहुंच गए तो मेरे पास है वैसा नहीं। है। 
ज़रूरत पड़ता हूं फोन करम। 
दोनों दिक्कत नहीं।। 
है ना? 
तीन टोटल रहता है यहाँ ही वही। 
कहाँ कहाँ? एक तो टाइपिंग वाला है, एक छेतंकी वाला है, एक से ऊपर वहां होता है? 
यह मेन रोड वाला जो कनेक्ट करे थे। 
एमएस से? 
हां, अरे एमएस वाला पर ही टाइपिंग पॉइंट हो गया।। 
तो पर वह भी सात के फोन हैं यार आप यहीं पर। हां आओ दूसरा? 
दूसरा यह इंटर से जोन में हंसाओ से अंदर का जो तीन सौ डाला यह हो तो नहीं। है टाइपिंग। यहीं तो डेढ़ सौ की गैप है। अच्छा। डेढ़ सौ मीटर 
है यह। एक मिनट एक मिनट। हां सर। कहाँ पर हैं? यहीं पर लोहीन ब्रिज पर हूं। लोहीन ब्रिज पर हूं। लोहीन ब्रिज में आ गया। हूं मतलब।","Speaker 1: यह कॉल अब रिकॉर्ड की जा रही है।
Speaker 2: हां, यह बताओ। अभी से।
Speaker 1: हां। जेडएमबीआर 2 का एमएस कहाँ से पाई गई?
Speaker 2: बे? जेडएमबीआर 2 में एमएस को कहाँ से पाई गई?
Speaker 1: जेडएमबीआर 2 का पानी कहाँ से नहीं है। है एमएस से ही तो नहीं। है ना।
Speaker 2: वही डीआई से दे रहे हैं।
Speaker 1: है तो डीआई की टैपिंग एमएस से ही हुई। ना?
Speaker 2: हां तो वह वहां से ही हुए टैपिंग।
Speaker 1: कहाँ से?
Speaker 2: पी19 से सॉरी पीबी से।
Speaker 1: पीबी से हुआ है मतलब रीठी वाले उसे ना?
Speaker 2: नहीं। फिर
Speaker 1: रीठी वाले से, हैं?
Speaker 2: हां हां।
Speaker 1: तो फिर रीठी वाले से सीधे जात हुई।?
Speaker 2: हां सीधे आई के माताओं से तो बोल के, हां सीधे जाकर टंकी मिल गई वह। नीचे नीचे नहरे नहर जोन नहीं। की एक पाइप गलत रही।
Speaker 1: हरे नहर वाला। अरे यह महाशय वाला। अरे महसाओ
Speaker 2: के पास से, महसाओ के पास से।
Speaker 1: एक मिनट थोड़ा हम मैप खोल लेकर बताया हमको। लिंक
Speaker 2: रोहित तिवारी आया आ रहे हैं देख रहे हैं 121
Speaker 1: देखा रहे हैं। 1 और 2 आ रहे हैं देख रहे हैं। है। कितना गैप है कहाँ कहाँ, यह बताओ यह दौरान कहाँ कहाँ गैप हो गए। हैं? महसाओ सियावे में टाइपिंग नहीं। आती डेढ़ सौ मीटर के
Speaker 2: गैप। कहाँ थे? जऊनन्दर का पाइप गए थे हम डेढ़ एमबीआर2 का।
Speaker 1: ओके पहले कहाँ नहीं। है गैप।
Speaker 2: ओके, पहले कहाँ नहीं। है। ओके, पहले वह टाइपिंग में एमएस वाला गैप है। निकाल ही नहीं। है बता
Speaker 1: दो। तीन है अपना प्लान। यह दिशा रीति वाले इस रास्ता से अपन आगे गए थे।
Speaker 2: हां।"
17,"स्पीकर 1: नमस्ते।
स्पीकर 2: यह कॉल रिकॉर्ड किया जा रहा है।
स्पीकर 1: हाँ, सतहत्तर में बेडरूम, प्लंबिंग, क्वोटा स्टोन, टाइल्स और पेंट के एक साथ डाले हैं तो एक साथ ही क्लोज़ कर रहे हैं कमेंट पर।
स्पीकर 2: हाँ, एक साथ ही क्लोज़ कर रहे हैं।
स्पीकर 1: देखें, नहीं। तब कुछ रीजन मत दिक्कत थी बस ओखा कहाँ है एक्सेप्ट विद कमेंट कर दे ही।
स्पीकर 2: भाई, चीज़ ना बाकी तो कमेंट पर लिखी ना। हां
स्पीकर 1: तो लिख दे कि अलग से इसकी आरबीआई रेज़ करें।
स्पीकर 2: हां हां बिल्कुल लिख सकते हैं। बिल्कुल हम कहाँ ही नहीं। लिख सकते हैं बिल्कुल लिख दें। अच्छा, सेकेंड जी जो जितेंद्र 2 में, अबजेश से बोलकर मास्टर मास्टर के बाद है बहुत हीन्हात था गार्डियन में।
स्पीकर 1: कहाँ पर रहें साहब, बता नहीं। है कि ऑब्जर्वेशन दे हैं?
स्पीकर 2: हां ऑब्जर्वेशन दिन है ठीक है मान लेकिन फिर भी। हां। कौन क्यों? विजिट में आदत रहा था तो उसे अच्छा एक काम है करवा दे ज़्यादा उत्तम। हां। ठीक।","Speaker 1: नमस्ते।
Speaker 2: यह कॉल रिकॉर्ड किया जा रहा है।
Speaker 1: हाँ, सतहत्तर में बेडरूम, प्लंबिंग, क्वोटा स्टोन, टाइल्स और पेंट के एक साथ डाले हैं तो एक साथ ही क्लोज़ कर रहे हैं कमेंट पर।
Speaker 2: हाँ, एक साथ ही क्लोज़ कर रहे हैं।
Speaker 1: देखें, नहीं। तब कुछ रीजन मत दिक्कत थी बस ओखा कहाँ है एक्सेप्ट विद कमेंट कर दे ही।
Speaker 2: भाई, चीज़ ना बाकी तो कमेंट पर लिखी ना। हां
Speaker 1: तो लिख दे कि अलग से इसकी आरबीआई रेज़ करें।
Speaker 2: हां हां बिल्कुल लिख सकते हैं। बिल्कुल हम कहाँ ही नहीं। लिख सकते हैं बिल्कुल लिख दें। अच्छा, सेकेंड जी जो जितेंद्र 2 में, अबजेश से बोलकर मास्टर मास्टर के बाद है बहुत हीन्हात था गार्डियन में।
Speaker 1: कहाँ पर रहें साहब, बता नहीं। है कि ऑब्जर्वेशन दे हैं?
Speaker 2: हां ऑब्जर्वेशन दिन है ठीक है मान लेकिन फिर भी। हां। कौन क्यों? विजिट में आदत रहा था तो उसे अच्छा एक काम है करवा दे ज़्यादा उत्तम। हां। ठीक।"
18,"भेजी थी तो भेजो, भेजी थी अभी तो घर आए हैं। अच्छा घर बनाना है, भाई। हां, आप शुरू करिए। लाइट है। हां ठीक है भैया, बनाई जा रही है। लाइट नहीं है। आया नहीं। लाइट नहीं आया। हां हां, लाइट बहुत है। और क्या? वहां जो बनाना है वह बनाओ। हां। वहां देकर फाइनल कहीं देखा नहीं। हमने मूर्ति डाली है साहब, अब क्या? बताएं? चलो। ठीक। तुम्हारे पीछे हमारी टीम है। हां। ठीक।","Speaker 1: भेजी थी तो भेजो, भेजी थी अभी तो घर आए हैं।
Speaker 2: अच्छा घर बनाना है, भाई।
Speaker 1: हां, आप शुरू करिए।
Speaker 2: लाइट है।
Speaker 1: हां ठीक है भैया, बनाई जा रही है।
Speaker 2: लाइट नहीं है।
Speaker 1: आया नहीं।
Speaker 2: लाइट नहीं आया।
Speaker 1: हां हां, लाइट बहुत है।
Speaker 2: और क्या?
Speaker 1: वहां जो बनाना है वह बनाओ।
Speaker 2: हां।
Speaker 1: वहां देकर फाइनल कहीं देखा नहीं।
Speaker 2: हमने मूर्ति डाली है साहब, अब क्या? बताएं?
Speaker 1: चलो।
Speaker 2: ठीक।
Speaker 1: तुम्हारे पीछे हमारी टीम है।
Speaker 2: हां।
Speaker 1: ठीक।"
19,"हां जी हां। यह कॉल अब रिकॉर्ड किया जा रहा है। दुकान का नहीं, बनाने का नहीं। बनवाया ना देखा उसे बनाया था। कहाँ है? लेकिन वह बनाए चले नहीं। रहे हैं। कहाँ पर कहाँ है? कहीं जाएंगे। यहाँ पर। हैं? कहीं जाएंगे। हमारे हिसाब से। अरे नहीं। कह रहे हो दिन भर फोन लगा। रहे हैं। ऐसे अपना लगा। रहे हैं। नहीं। तो तब बना पा रहे हैं आएं? नहीं। बना पा रहे हैं। नहीं। कोई दिक्कत थी तो हमने। अपना फोन लगा। रहे हैं ना। चलो। कोई बात। नहीं। हम पिन से बना के दे दे चली थी वही में बनाई। वह हिंदी में बना के दे दे ना फिटिंग के साइज दे दे में। ना भीम के साइज यह सब दे दे। हां। तो कल लेआउट करवा दे हम होएगा फिर काम खत्म हो जाए जब वहां से झंझट खत्म हो। कॉलम कॉलम सेट के लिए। ही? कॉलम सेट में सिंचाई ना हुई। थी फिटिंग की साइज दे दिया अपना था। कैसा फिटिंग की साइज दे देता? एक मीटर की। हां। ग्रिड लाइन तो देख पड़ी ना बिना ग्रेड लाइन की कैसा सेटअप हुई। हां तो यह मैंने कहा ना कि लाइन की देख पड़ी मतलब जो हमें ड्रॉइंग आती थी ना हां वह दे दे तो हम जाकर कल लेआउट करवा दिए कल सुबह सुबह। ठीक। ग्रेडिंग दबाकर हम चले होते की निश्चित खराब हो रही। ठीक। अब सुनाई।","Speaker 1: हां जी हां। यह कॉल अब रिकॉर्ड किया जा रहा है।
Speaker 2: दुकान का नहीं, बनाने का नहीं। बनवाया ना देखा उसे बनाया था।
Speaker 1: कहाँ है? लेकिन वह बनाए चले नहीं।
Speaker 2: रहे हैं। कहाँ पर कहाँ है? कहीं जाएंगे। यहाँ पर।
Speaker 1: हैं? कहीं जाएंगे। हमारे हिसाब से।
Speaker 2: अरे नहीं। कह रहे हो दिन भर फोन लगा।
Speaker 1: रहे हैं। ऐसे अपना लगा। रहे हैं। नहीं।
Speaker 2: तो तब बना पा रहे हैं आएं? नहीं। बना पा रहे हैं। नहीं।
Speaker 1: कोई दिक्कत थी तो हमने। अपना फोन लगा। रहे हैं ना।
Speaker 2: चलो। कोई बात। नहीं। हम पिन से बना के दे दे चली थी वही में बनाई।
Speaker 1: वह हिंदी में बना के दे दे ना फिटिंग के साइज दे दे में। ना भीम के साइज यह सब दे दे।
Speaker 2: हां। तो कल लेआउट करवा दे हम होएगा फिर काम खत्म हो जाए जब वहां से झंझट खत्म हो।
Speaker 1: कॉलम कॉलम सेट के लिए। ही? कॉलम सेट में सिंचाई ना हुई।
Speaker 2: थी फिटिंग की साइज दे दिया अपना था। कैसा फिटिंग की साइज दे देता?
Speaker 1: एक मीटर की। हां। ग्रिड लाइन तो देख पड़ी ना बिना ग्रेड लाइन की कैसा सेटअप हुई।
Speaker 2: हां तो यह मैंने कहा ना कि लाइन की देख पड़ी मतलब जो हमें ड्रॉइंग आती थी ना हां वह दे दे तो हम जाकर कल लेआउट करवा दिए कल सुबह सुबह।
Speaker 1: ठीक। ग्रेडिंग दबाकर हम चले होते की निश्चित खराब हो रही।
Speaker 2: ठीक। अब सुनाई।"
20,"यह बात, रहनी जी वह पांच दिन जो पानी की लागत है, हां, वह कोई नंबर है हमारे पास? नहीं, है, नहीं, है, नहीं, है नंबर, ठीक है।","Speaker 1: यह बात, रहनी जी वह पांच दिन जो पानी की लागत है, हां, वह कोई नंबर है हमारे पास? नहीं, है, नहीं, है, नहीं, है नंबर, ठीक है।"
21,"हां है साहब, है नहीं। जी बताओ। वह भर रहे हैं। कंक्रीट पंप। बनाने का? नहीं। बनाया, पानी यार क्या? बताई? कल से एकदम बड़ा वह रह गया। ना कल आए ना हो कहीं ऐसे सारे केकों से जांच कराई तेरह सौ के। हां। फिर किसी इन्फेक्शन है आपके बच्ची को। पहले क्या? है ना भैया, फिर काब बताई, यह। विजेंद्र है ना। वह भी फिर इनके चले आन। देखा कर ही थी पिछले से दोपहर तक क्या? है दो तीन बजे। तक गई था। तो या कहीं आर्य ऑफिस में जो आ जाए वहीं ठीक? आर्य ऑफिस कहीं ना बोला बहुत तेज रूप रहा थी उन्होंने कहा मुझे रे जाइए। अरे वह जीव लाए हैं, काल से दिन भर पच्चीस बजे। आबा, हरे आब रहा हम पहले। हां। कहा था हम कभी भी पलट रहा होगा कि नहीं। तो फिर मामा मिस्त्री भाग दी दूसरी कहीं। नहीं।, वह कह देखो।, शाम तक अनहाउ देते हैं। जैसा कल के खेल रहे हैं ना किस गाड़ी देते हैं। तो आज हम शाम तक अनहाउ देते। अच्छा। यह बताई, यह तो जैसा मान ले, यह अपना काम भेज रहे हैं। एक सेकंड रुको। वह भेज दीजिए। हमारे से। हां। कब व्हाट्सएप के लिए।? फोन चालू है, जो बिजी ना हो। यह ठीक है हम हमारे को भेजें, देखी। यह हमको यह अपना के लिए। चला गया।। हां। मैं।... यह देखी थोड़ा, हां। कि पिलर के साइज का सही है। यहाँ में वहां थी पॉपुलर नहीं। होता। है ना। छे पूछो चलो। ठीक है तो यह मगर काह खराबी है, छत बनाए। नहीं। बना अच्छा है पर यह बताइए अपना, कॉलम की साइज हमको कम लग रहे हैं।। काहे कितने, नौ इंच ही बाय बारह इंच ही, नौ इंच इनके ना पिलर होता है उनका। पिलर तो नौ इंच ही होता है ना काहे कम का अलग है। कॉलम जो उन्हें तो एक ऐसे गए हैं, चार दो छह। हां। या बताइए सीढ़ी के पास कॉलम ना आए थे। आई। तो यह सीढ़ी के पास तो नहीं। गया। है। हां यह नहीं। गए थे नहीं। गए थे अबे चाहिए। सीढ़ी खेत पर वहां कॉलम के कहाँ पर ले सकते हो गई। और यह किचन के पास देखिए, जो किचन बनाए पंद्रह बाय बारह बाय पंद्रह के। हां। तो यह किचनों के पास कॉलम नहीं। दे या बताई। इसका लेआउट गलत है? हां। वह है ना कहीं ला के लेआउट गलत है। थोड़ा अपना देख ले। नहीं। तो सुना था। यह वह वह दही है ना कि कॉलम प्लेसिंग अलग से दही है। हां। वह कॉलम प्लेसिंग में हुई।, जो मैं।... यह दही है। हां। हां, तो के हिसाब से एडजस्ट हुई।? नहीं।, यह जो बीच में बताई थी। यह जो सेंटर में थे तीन थे। यह जो अलग से पिलर फुटिंग ले आउट ऊपर से यह जो हम हम यह कहा चाहते हैं एक नंबर हुई। है दो नंबर तीन नंबर दिखा ठीक है कॉलम। हां। जो उन्हें अपना हम कहे कि अपना यह चाहे रखे। कि जो हम तीन नंबर प्लेसिंग कहे तो वह कवर करे लगा। है ना। हां। चार नंबर अभी वह मुंह रही। हां। मतलब यह कम कॉलम बनाई कि एक दिन हिसाब से देखा तो। हां। यह अपना समझ रहे हैं ना हम काहे कि मतलब यह कहीं रखे। कि जो उन्हें डाइनिंग हॉल जो उनका है। ऐहूमा कॉलम तो आबे चाहिए। ना? सत्रह में ही आई वह ऐहूमा देखा ना ऐहूमा का आलम ज़्यादा दे है सत्रह ठेदे है। अठारह छदे। ए में गिनते हैं वह कम हो गए? चार दो छह नौ ग्यारह पंद्रह सत्रह छदे। सही चाहिए।? 1 टॉप अपन लेआउट सही कहे है हां, मतलब ईस्ट कॉलम में मैं।... यह छोड़े, लेआउट यह वाले के हिसाब से, फिटिंग लेआउट वाले से, हां, हां। ठीक है। यह को बनाई थी? या वह कहाँ से निकाली था? ठीक। चैट या पिच वगैरह से। हां। अपना बना दे इनके हिसाब से। नहीं। नहीं। सही बना है। अभी कुछ ना बनवाओगे, विनायक का। हां। कहते हैं, ठीक है यह हमें। बनवा ले। फुटिंग की साइज कितना है लाख है एकल? पांच फीट बाय पांच फीट है ना? हां पांच फीट बाय पांच फीट। हां हां ग्राउंड लेवल से एकड़ ज़मीन ज़मीन। हां। यह नीचे पांच फीट नीचे जाल लार है। एकड़ तलाब के नीचे घर है। हां हां। फिर ओखा ऊपर यह आठ फीट आठ फीट, हां यह प्रिंट भीम डाला लाख। नहीं। तो ओख़ा कंबाइंड फिटिंग डलवा दे उसे। ऐसा कोई भी कंडीशन हो, हां। तो वोख़ा कहते हैं, वह कंबाइंड भीम डाल ले। यह वाला ना डालें। तो वह है तब कंबाइंड फिटिंग जब नक्शा बनी। तब ना बनी।। अरे हुई। कंबाइंड फिटिंग बड़ी चीज़ ना, नीचे भीम लाए आदमी डाल देते हैं हुई। गव। हां। हां, वही कंबाइंड फिटिंग। ठीक है ना? ठीक।","Speaker 1: हां है, साहब। वह भर रहे हैं। कंक्रीट पंप। बनाने का?
Speaker 2: नहीं, बनाया है। पानी यार, क्या? बताई? कल से एकदम बड़ा वह रह गया।
Speaker 1: ना कल आए ना हो कहीं ऐसे सारे केकों से जांच कराई तेरह सौ के।
Speaker 2: हां। फिर किसी इन्फेक्शन है आपके बच्ची को। पहले क्या?
Speaker 1: है ना भैया, फिर काब बताई, यह। विजेंद्र है ना। वह भी फिर इनके चले आन।
Speaker 2: देखा कर ही थी पिछले से दोपहर तक क्या? है दो तीन बजे। तक गई था।
Speaker 1: तो या कहीं आर्य ऑफिस में जो आ जाए वहीं ठीक?
Speaker 2: आर्य ऑफिस कहीं ना बोला बहुत तेज रूप रहा थी उन्होंने कहा मुझे रे जाइए।
Speaker 1: अरे वह जीव लाए हैं, काल से दिन भर पच्चीस बजे। आबा, हरे आब रहा हम पहले।
Speaker 2: हां। कहा था हम कभी भी पलट रहा होगा कि नहीं।
Speaker 1: तो फिर मामा मिस्त्री भाग दी दूसरी कहीं।
Speaker 2: नहीं।, वह कह देखो।, शाम तक अनहाउ देते हैं। जैसा कल के खेल रहे हैं ना किस गाड़ी देते हैं।
Speaker 1: तो आज हम शाम तक अनहाउ देते।
Speaker 2: अच्छा। यह बताई, यह तो जैसा मान ले, यह अपना काम भेज रहे हैं।
Speaker 1: एक सेकंड रुको। वह भेज दीजिए। हमारे से।
Speaker 2: हां। कब व्हाट्सएप के लिए।? फोन चालू है, जो बिजी ना हो।
Speaker 1: यह ठीक है हम हमारे को भेजें, देखी। यह हमको यह अपना के लिए।
Speaker 2: चला गया।। हां। मैं।... यह देखी थोड़ा, हां। कि पिलर के साइज का सही है।
Speaker 1: यहाँ में वहां थी पॉपुलर नहीं। होता। है ना।
Speaker 2: छे पूछो चलो। ठीक है तो यह मगर काह खराबी है, छत बनाए।
Speaker 1: नहीं। बना अच्छा है पर यह बताइए अपना, कॉलम की साइज हमको कम लग रहे हैं।
Speaker 2: काहे कितने, नौ इंच ही बाय बारह इंच ही, नौ इंच इनके ना पिलर होता है उनका।
Speaker 1: पिलर तो नौ इंच ही होता है ना काहे कम का अलग है। कॉलम जो उन्हें तो एक ऐसे गए हैं, चार दो छह।
Speaker 2: हां। या बताइए सीढ़ी के पास कॉलम ना आए थे।
Speaker 1: आई। तो यह सीढ़ी के पास तो नहीं। गया। है।
Speaker 2: हां यह नहीं। गए थे नहीं। गए थे अबे चाहिए।
Speaker 1: सीढ़ी खेत पर वहां कॉलम के कहाँ पर ले सकते हो गई। और यह किचन के पास देखिए, जो किचन बनाए पंद्रह बाय बारह बाय पंद्रह के।
Speaker 2: हां। तो यह किचनों के पास कॉलम नहीं। दे या बताई। इसका लेआउट गलत ह?
Speaker 1: हां। वह है ना कहीं ला के लेआउट गलत है।
Speaker 2: थोड़ा अपना देख ले। नहीं। तो सुना था। यह वह वह दही है ना कि कॉलम प्लेसिंग अलग से दही है।
Speaker 1: हां। वह कॉलम प्लेसिंग में हुई।, जो मैं।... यह दही है।
Speaker 2: हां, तो के हिसाब से एडजस्ट हुई।? नहीं।, यह जो बीच में बताई थी।
Speaker 1: यह जो सेंटर में थे तीन थे। यह जो अलग से पिलर फुटिंग ले आउट ऊपर से यह जो हम हम यह कहा चाहते हैं एक नंबर हुई।
Speaker 2: है दो नंबर तीन नंबर दिखा ठीक है कॉलम।
Speaker 1: हां। जो उन्हें अपना हम कहे कि अपना यह चाहे रखे। कि जो हम तीन नंबर प्लेसिंग कहे तो वह कवर करे लगा।
Speaker 2: है ना। हां। चार नंबर अभी वह मुंह रही।
Speaker 1: हां। मतलब यह कम कॉलम बनाई कि एक दिन हिसाब से देखा तो।
Speaker 2: हां। यह अपना समझ रहे हैं ना हम काहे कि मतलब यह कहीं रखे। कि जो उन्हें डाइनिंग हॉल जो उनका है।
Speaker 1: ऐहूमा कॉलम तो आबे चाहिए। ना? सत्रह में ही आई वह ऐहूमा देखा ना ऐहूमा का आलम ज़्यादा दे है सत्रह ठेदे है।
Speaker 2: अठारह छदे। ए में गिनते हैं वह कम हो गए? चार दो छह नौ ग्यारह पंद्रह सत्रह छदे। सही चाहिए।?"
22,"हैलो. यह रिकॉर्डिंग कैसे हो रही है? यार, जो लक्ष्य बनाया है मैंने, वह पूरा हो गया है. एंट्रेंस वाली जगह में गलती हो गई है. हां, एंट्रेंस नहीं है, सीढ़ियाँ उल्टी हो गई हैं. तो थोड़ा एक देख लें, एक काम कर ही सुनी. हां, यह पूरा नक्शा बना है, एक आध किचन ही ना, किचन यह हॉल की जगह में हो जाए. मतलब एक आध ऐसा रोटेट कई दिन नक्शा का. सब गलत बनाई है, हां गलत बना लिया है. शाम तक हम बना भी है, फिर थोड़ा हम बिजी हैं ना यार दोस्त. हां, शाम तक हम देखते हैं. ठीक है? यह क्योंकि कहाँ तो मिली ओखला ही चाहिए, तो मैंने बैठ के बना लिया जाए. अरे नहीं, थोड़ा मेरे समय क्या? भाव है हम शाम तक बनाओ, ठीक है ना. हां हां ठीक ठीक. ठीक.","Speaker 1: हैलो. यह रिकॉर्डिंग कैसे हो रही है?
Speaker 2: यार, जो लक्ष्य बनाया है मैंने, वह पूरा हो गया है।
Speaker 1: एंट्रेंस वाली जगह में गलती हो गई है. एंट्रेंस नहीं है, सीढ़ियाँ उल्टी हो गई हैं।
Speaker 2: तो थोड़ा एक देख लें, एक काम कर ही सुनी. हां, यह पूरा नक्शा बना है, एक आध किचन ही ना, किचन यह हॉल की जगह में हो जाए।
Speaker 1: मतलब एक आध ऐसा रोटेट कई दिन नक्शा का. सब गलत बनाई है, हां गलत बना लिया है।
Speaker 2: शाम तक हम बना भी है, फिर थोड़ा हम बिजी हैं ना यार दोस्त. हां, शाम तक हम देखते हैं।
Speaker 1: ठीक है? यह क्योंकि कहाँ तो मिली ओखला ही चाहिए, तो मैंने बैठ के बना लिया जाए।
Speaker 2: अरे नहीं, थोड़ा मेरे समय क्या? भाव है हम शाम तक बनाओ, ठीक है ना।
Speaker 1: हां हां ठीक ठीक. ठीक।"
23,"यह बताइए वह कैनाल मस्जिद एमबीआर२के की ड्राइंग अप्रूव्ड है कि नहीं। जो हमने कहीं सिलाई जोड़कर इसे नहीं लेकर आया है। पाइप वाली लाइन है, तो उखाड़कर पाइप रिजेक्ट करेंगे ना जब तक ड्राइंग अप्रूव्ड नहीं होती है। तब क्या यह कहा गया कि ड्राइंग दूसरे तरीके से रिजेक्ट करेंगे? भाई, साढ़े चार साल से पाइप रिड्यूस होकर रहे हैं। भाई, साढ़े तीस से रिड्यूस कर दी थी तो क्या? करिए, खाली इन्स्पेक्शन डाली क्या? करें। जाऊँ, पहले इन्स्पेक्शन तो हम पहले कुछ इन्स्ट्रक्शन नहीं मिले रहे मीटिंग में मीटिंग में नहीं ले रहे हैं तो का नाम है एक ही फिर कहा कि रिसेप्शन डालें तो फिर पूछा का है है तो बेर विहार फाइल आउट किया। है तो क्या? करिए रिज़ल्ट कई दिन नहीं। सर, कहीं से तो उनका कल मीटिंग में कहा गया ना कि लिख के दे दो लेट से सही। आप जिस व्यक्ति से बात कर रहे हैं।","Speaker 1: क्या एमबीआर२के की ड्राइंग अप्रूव्ड है या नहीं? हमने कहीं सिलाई जोड़कर इसे नहीं लेकर आया है।
Speaker 2: पाइप वाली लाइन है, तो उखाड़कर पाइप रिजेक्ट करेंगे ना जब तक ड्राइंग अप्रूव्ड नहीं होती है।
Speaker 1: क्या यह कहा गया कि ड्राइंग दूसरे तरीके से रिजेक्ट करेंगे? साढ़े चार साल से पाइप रिड्यूस होकर रहे हैं।
Speaker 2: साढ़े तीस से रिड्यूस कर दी थी तो क्या? क्या इन्स्पेक्शन डाली क्या?
Speaker 1: मैं जाऊँ, पहले इन्स्पेक्शन तो हम पहले कुछ इन्स्ट्रक्शन नहीं मिले रहे मीटिंग में मीटिंग में नहीं ले रहे हैं तो का नाम है एक ही फिर कहा कि रिसेप्शन डालें तो फिर पूछा का है है तो बेर विहार फाइल आउट किया।
Speaker 2: क्या? करिए रिज़ल्ट कई दिन नहीं। सर, कहीं से तो उनका कल मीटिंग में कहा गया ना कि लिख के दे दो लेट से सही। आप जिस व्यक्ति से बात कर रहे हैं।"
24,"स्पीकर 1: हैलो। यह कॉल अब रिकॉर्ड की जा रही है। हैलो।
स्पीकर 2: हैलो हां बताओ।
स्पीकर 1: यह क्या? कहा था ना साहब, ऐसा चीज़ हैं अपन का हम भेजें थे देखा था
स्पीकर 2: वह। सॉरी, कौन सा भाई वाला?
स्पीकर 1: हां। यार भाई का है कि विपुल के साइड की हम पहले वहां यहीं हैं। हां। तो वह कहाँ ट्रांसफर करवाइ लागे तो होती नहीं। लागी है। यह कहीं नहीं।, यह कहीं या कहीं नहीं। हो।
स्पीकर 2: भैया आपसे भय बताई कंप्यूटर ऑपरेटर बताई कि हमको पैसे। बताई।
स्पीकर 1: हो ही नहीं। रही है बताई।
स्पीकर 2: तो यह चीज़ लिख लिख के लिए। है कि नहीं। हो रही है वह तो।
स्पीकर 1: हां ठीक है। और सुनाई कहाँ कहीं
स्पीकर 2: हैंड? हैंड सुबह जा रहे हैं साइट के पास।
स्पीकर 1: साइट के पास? हां
स्पीकर 2: नहीं। नहीं। यह कि थोड़ा दस कुछ चला रखा है। हां।
स्पीकर 1: है जा करे बताओ। यह लोकेशन तो वहां गए पांच पांच मिनट है वहां।
स्पीकर 2: लोकेशन अब कहाँ करेगी बिटिया स्वास्थ्य से ज़्यादा ज़रूरी थोड़ी।
स्पीकर 1: हां। मैं।... तो सही कर रहा। क्या? बहन? वाह, वाह बना है कॉफी। जगह भेज रहे हैं।। नहीं। बना पान
स्पीकर 2: यार। हां। बिस्तर इस तरह। के यहाँ से अभी वह बहन तो फिर।
स्पीकर 1: थोड़ा साब। थोड़ा साब से देख लो?
स्पीकर 2: लेकिन देखो।, है नहीं। है नहीं। बना रखा है तो फिर बना ले हुई। है फिर क्या? परेशान
स्पीकर 1: है? अरे वह कोचिंग वाउचिंग के बारे में नहीं। समझ पा रहे हैं। यार। बात। आपका कल क्यों? ना डलवाओगे तो सो के साथ... देख लिया आधा घंटा रात के इकत्तीस जून।
स्पीकर 2: आधा घंटा नहीं। वह लागाते एक आध घंटा पर फिर भी कोशिश कर जाए।
स्पीकर 1: थोड़ा देख लिया भैया बना तो देख जाएंगे।। ठीक है। ठीक है। ठीक है। नहीं। तो कहीं दे।","Speaker 1: हैलो। यह कॉल अब रिकॉर्ड की जा रही है। हैलो।
Speaker 2: हैलो हां बताओ।
Speaker 1: यह क्या हो रहा है? मैंने पहले ही बताया था कि ऐसी चीजें होंगी। हमने जो डिज़ाइन भेजा था, उसे देखा था।
Speaker 2: कौन सा डिज़ाइन? विपुल के साइड का?
Speaker 1: हां, विपुल के साइड का। हमने पहले वहां काम शुरू किया था, लेकिन अब वहां काम नहीं हो पा रहा है।
Speaker 2: भैया, आपसे मिलकर कंप्यूटर ऑपरेटर ने बताया कि हमें पैसे देने हैं।
Speaker 1: हां, ऐसी बात है। हमें पैसे देने हैं।
Speaker 2: तो यह चीज़ लिख लिख के देनी है। क्या यह हो रही है?
Speaker 1: हां, ठीक है। और सुनाई दे रहा है कि कहीं काम हो रहा है।
Speaker 2: हैंड सुबह जा रहे हैं साइट के पास।
Speaker 1: साइट के पास? हां, लेकिन वहां काम नहीं हो पा रहा है।
Speaker 2: नहीं, नहीं। यह कि थोड़ा काम चला रखा है।
Speaker 1: हां, जा करे बताओ। यह लोकेशन तो वहां गए पांच पांच मिनट है वहां।
Speaker 2: लोकेशन अब कहाँ करेगी? यह स्वास्थ्य से ज़्यादा ज़रूरी थोड़ी है।
Speaker 1: हां, मैं। तो सही कर रहा हूं। क्या? बहन? वाह, वाह बना है कॉफी। जगह भेज रहे हैं।
Speaker 2: यार, हां। बिस्तर इस तरह। के यहाँ से अभी वह बहन तो फिर।
Speaker 1: थोड़ा साब, थोड़ा साब से देख लो?
Speaker 2: लेकिन देखो, यह नहीं है। यह नहीं है। बना रखा है तो फिर बना ले हुई। यह फिर क्या? परेशान
Speaker 1: है? अरे वह कोचिंग वाउचिंग के बारे में नहीं। समझ पा रहे हैं। यार, बात। आपका कल क्यों? ना डलवाओगे तो सो के साथ... देख लिया आधा घंटा रात के इकत्तीस जून।
Speaker 2: आधा घंटा नहीं। वह लागाते एक आध घंटा पर फिर भी कोशिश कर जाए।
Speaker 1: थोड़ा देख लिया भैया, बना तो देख जाएंगे। ठीक है, ठीक है। ठीक है। नहीं। तो कहीं दे।"
25,"हां भैया, यह कॉल रिकॉर्ड की जा रही है। मान लें कि अमेज़न के पाइप K7 की तरह हैं, जैसा बीआई के होते हैं, एलियट वाले। हां, यही तो K7 कहाँ नहीं है। हमने पूरी तरह से चारों ओर K9 लगाए हैं। हां, यह ढाई लगा है। अब क्या? कोई दिक्कत है? कोई दिक्कत नहीं है। नहीं, नहीं। बताओ, दिक्कत क्या है? K9 में कोई दिक्कत नहीं है। है ना? हां हां, ठीक है भाई, पूछा नहीं है मतलब एक। नहीं, नहीं। अगर K9 लिखा हो तो K7 लगाए होते तो दिक्कत है। K9 या K9? यह कुल 5 K9 लगाए हैं। ठीक है, ठीक है, ठीक है।","Speaker 1: हां भैया, यह कॉल रिकॉर्ड की जा रही है।
Speaker 1: मान लें कि अमेज़न के पाइप K7 की तरह हैं, जैसा बीआई के होते हैं, एलियट वाले।
Speaker 1: हां, यही तो K7 कहाँ नहीं है। हमने पूरी तरह से चारों ओर K9 लगाए हैं।
Speaker 1: हां, यह ढाई लगा है। अब क्या? कोई दिक्कत ह?
Speaker 2: कोई दिक्कत नहीं है।
Speaker 1: नहीं, नहीं। बताओ, दिक्कत क्या है? K9 में कोई दिक्कत नहीं है।
Speaker 2: है ना?
Speaker 1: हां हां, ठीक है भाई, पूछा नहीं है मतलब एक।
Speaker 2: नहीं, नहीं। अगर K9 लिखा हो तो K7 लगाए होते तो दिक्कत है।
Speaker 1: K9 या K9? यह कुल 5 K9 लगाए हैं।
Speaker 2: ठीक है, ठीक है, ठीक है।"
26,"गाड़ी चला रहे हैं। इंश्योरेंस। अब रिकॉर्ड हो रहा है। हां, एक्सेल पर भेजा था ना अपना। हां।
स्पीकर 2: यह मैं हूँ...
स्पीकर 1: कुछ अपडेट करना है तो अपडेट है नहीं। खुल रहा गया। मैं... नहीं। खुल रहा गया। यह मतलब लिखा वाला ऑप्शन है नहीं। यहाँ पर
स्पीकर 2: ऊपर एडिट वाले कॉलम पर क्लिक करें
स्पीकर 1: यह बताइए अपना। हां। ऐसा
स्पीकर 2: मान लीजिए।
स्पीकर 1: आज ही छिहत्तर के खोलें। हां। जैसे लिखा है इनलेट डाया ऑफ पाइप अस कमिंग फ्रॉम पीएम एआर जेडएमबीआर 2 फिलिंग अप एसटी। गेम अकाउंट वाला डाला था जो उन्हें ड्राइंग में दी है।
स्पीकर 2: जो ड्राइंग में दी डिज़ाइन।
स्पीकर 1: जेडएमबीआर 2 की ड्राइंग खोली पड़ी है ना? हां। एक सेकंड रुको।
स्पीकर 2: ड्राइंग में है कि डिज़ाइन में दे, डिज़ाइन में दे।
स्पीकर 1: ऐसा डिज़ाइन में मतलब एचपीपीके?
स्पीकर 2: जेडएमबीआर के। यह तो जेडएमबीआर से कनेक्ट हुई। है मेन फीचर्स से।
स्पीकर 1: हां तो जेडएमबीआर है, ड्राइंग में पूरी लाग
स्पीकर 2: है? हां ड्राइंग नहीं। डिज़ाइन।
स्पीकर 1: ड्राइंग में ना हुई।?
स्पीकर 2: ड्राइंग कहाँ यह डेटा रहा?
स्पीकर 1: कहे जा यह बताई जो कनेक्ट हुई।
स्पीकर 2: हां। तो वह
स्पीकर 1: वह है डायरेक्ट ना लेट आउटलेट लगी अरे सर ड्राइंग में कहाँ रहा था बे? ड्राइंग में कहीं लिखा ही ना रहा था बे कि यह इसका दायां जा के प्रायश्चित में एमआई कनेक्ट हो ही रहे हैं।
स्पीकर 2: कहाँ से लिखा है बताओ तो एक पेज छोड़ दीजिए। हमको।
स्पीकर 1: एक सेकंड रुको। एक सेकंड एक सेकंड थोड़ा होल्ड लें। लो। के पास बहुत कार फाइल पड़ी है ना।
स्पीकर 2: याह डन।
स्पीकर 1: नहीं। जाऊंगा देख लेना एक सेकंड रुको। एन
स्पीकर 2: एन लिखवाहे में लिखा है।
स्पीकर 1: जेडएमबीआर 2 के जब रैंक बोला बुक
स्पीकर 2: नाम। हां।
स्पीकर 1: एकदम लाइन जाती पर जाय के में दिखावा ला के ना कि यह दी आई हंड्रेड से कनेक्ट हो रही। हां।
स्पीकर 2: यही। हां हां हां
स्पीकर 1: हां हां हां। यह वाला आईना है महांडेड आईना?
स्पीकर 2: बिल्कुल बिल्कुल बिल्कुल।
स्पीकर 1: गलत बोल रहे हैं ना?
स्पीकर 2: नहीं। नहीं। सही है। टरकी के बारे में सोच रहे थे क्योंकि टंकी वफ़ाते लिखा है टरकी वो नहीं। लिखा। जैसे डिज़ाइन नहीं। लिखा हुई। या सौ जिधर भी आई मेन फिटर वाले सब लिखा है तो।
स्पीकर 1: यह जो स्ट्रीट, यह जो सीट थी ना? हां। एक सेकंड। कहाँ पर अभी हर्बरी है साहब,? हैं? कहाँ पर हो घर बारी है अभी का?
स्पीकर 2: नहीं। नहीं। कुछ देर, डेटा भी नहीं। है।
स्पीकर 1: तो हम है ना बाहर से दे सकते हैं
स्पीकर 2: भाई ना। अब नहीं।, एक नंबर पर एम्प्लॉयी
स्पीकर 1: है। अरे वही अपना यही कहा भाई।
स्पीकर 2: भाई नंबर पर नहीं। आया
स्पीकर 1: है। अब एक नंबर पर कहाँ है।
स्पीकर 2: तो अरे जितना डिलेड आदमी कहाँ है कि।
स्पीकर 1: अभी है कहाँ। या बताइए जैसे छिहत्तर है या। हां। छिहत्तर या एडिट माफ करें।, क्लिक। हां। उसके बाद देखिए, मैं... लिखित लगाकर तो लिखतर, लिखतर मिले के भाई कीबोर्ड है नहीं। यहाँ पर।
स्पीकर 2: कहाँ है ना एक चीज़? डबल क्लिक कर रखा है ना यह। अच्छा डबल क्लिक कर दो। हां भाई।
स्पीकर 1: लैपटॉप में खोल ली है ना? हां लैपटॉप में खोल लेता हूं यह तो लैपटॉप। अच्छा ठीक है या हां ठीक एक चीज़ और पूछ ली। हां। या हो गया। फिर आउटलेट डायल 5 एस पेर डीआईआईएस नेट आउटलेट फ्रॉम ओएसटी।
स्पीकर 2: आउटलेट 5 निश्चय ही उसे ज़्यादा डायल की हुई। हां।
स्पीकर 1: ठीक नहीं। जैसा आउटलेट अगर यह दूसरों पर लगा। दिए नहीं। तो कौन दिक्कत थी। नहीं। कौन दिक्कत नहीं। है।
स्पीकर 2: एक डायल जहां हायर चलेगा।
स्पीकर 1: अब हमारे का डीआईएस वेबसाइट जो हम लगाए हैं। हां। ठीक है तो हंड्रेड करके लगाए हैं आउटलेट और सही लगाए हैं इस कवर ओवर फ्लो ओवर फ्लो में वह नहीं। लगाया बाल में। ओवरफ्लोने बाल की कहाँ ज़रूरत है?
स्पीकर 2: हां। हां।
स्पीकर 1: यह छिहत्तर के फोटो खींच ले आने हम। रेखा भर दे या पहले रेखा ड्राइंग से भर ली हम, है ना?
स्पीकर 2: यह भर के फिर भेज दे।
स्पीकर 1: हां। ठीक है ठीक।","Speaker 1: गाड़ी चला रहे हैं। इंश्योरेंस की जानकारी दे रहे हैं।
Speaker 2: मैं यहाँ हूँ, क्या अपडेट करना है?
Speaker 1: कुछ अपडेट करना है तो बताओ, नहीं तो खुल रहा गया। मैंने एक्सेल पर भेजा था ना अपना।
Speaker 2: हाँ, ऊपर एडिट वाले कॉलम पर क्लिक करें
Speaker 1: यह बताइए अपना, कैसे करना है।
Speaker 2: मान लीजिए, मैं आपको बताता हूँ
Speaker 1: आज ही छिहत्तर के खोलें, जैसे लिखा है इनलेट डाया ऑफ पाइप अस कमिंग फ्रॉम पीएम एआर जेडएमबीआर 2 फिलिंग अप एसटी।
Speaker 2: जो ड्राइंग में दी है, डिज़ाइन में दे
Speaker 1: जेडएमबीआर 2 की ड्राइंग खोली पड़ी है ना? एक सेकंड रुको
Speaker 2: ड्राइंग में है कि डिज़ाइन में दे, डिज़ाइन में दे
Speaker 1: ऐसा डिज़ाइन में मतलब एचपीपीके?
Speaker 2: जेडएमबीआर के, यह तो जेडएमबीआर से कनेक्ट हुई है मेन फीचर्स से
Speaker 1: हां तो जेडएमबीआर है, ड्राइंग में पूरी लाग
Speaker 2: है? हां ड्राइंग नहीं, डिज़ाइन
Speaker 1: ड्राइंग में ना हुई?
Speaker 2: ड्राइंग कहाँ यह डेटा रहा?
Speaker 1: कहे जा यह बताई जो कनेक्ट हुई
Speaker 2: हां, तो वह
Speaker 1: वह है डायरेक्ट ना लेट आउटलेट लगी अरे सर ड्राइंग में कहाँ रहा था बे?
Speaker 2: कहाँ से लिखा है बताओ तो एक पेज छोड़ दीजिए
Speaker 1: एक सेकंड रुको, एक सेकंड थोड़ा होल्ड लें
Speaker 2: याह डन
Speaker 1: नहीं, जाऊंगा देख लेना एक सेकंड रुको
Speaker 2: एन लिखवाहे में लिखा है
Speaker 1: जेडएमबीआर 2 के जब रैंक बोला बुक
Speaker 2: नाम, हां
Speaker 1: एकदम लाइन जाती पर जाय के में दिखावा ला के ना कि यह दी आई हंड्रेड से कनेक्ट हो रही
Speaker 2: यही, हां हां हां
Speaker 1: हां हां हां, यह वाला आईना है महांडेड आईना?
Speaker 2: बिल्कुल बिल्कुल बिल्कुल
Speaker 1: गलत बोल रहे हैं ना?
Speaker 2: नहीं, नहीं, सही है
Speaker 1: यह जो स्ट्रीट, यह जो सीट थी ना? एक सेकंड, कहाँ पर अभी हर्बरी है साहब?
Speaker 2: नहीं, नहीं, कुछ देर, डेटा भी नहीं
Speaker 1: तो हम है ना बाहर से दे सकते हैं
Speaker 2: भाई ना, अब नहीं
Speaker 1: अरे वही अपना यही कहा भाई
Speaker 2: भाई नंबर पर नहीं, आया
Speaker 1: है, अब एक नंबर पर कहाँ है
Speaker 2: तो अरे जितना डिलेड आदमी कहाँ है कि
Speaker 1: अभी है कहाँ, या बताइए जैसे छिहत्तर है या, हां, छिहत्तर या एडिट माफ करें
Speaker 2: कहाँ है ना एक चीज़? डबल क्लिक कर रखा है ना यह, अच्छा डबल क्लिक कर दो
Speaker 1: लैपटॉप में खोल ली है ना? हां लैपटॉप में खोल लेता हूँ यह तो लैपटॉप
Speaker 2: ठीक है
Speaker 1: एक चीज़ और पूछ ली, हां, या हो गया, फिर आउटलेट डायल 5 एस पेर डीआईआईएस नेट आउटलेट फ्रॉम ओएसटी
Speaker 2: आउटलेट 5 निश्चय ही उसे ज़्यादा डायल की हुई
Speaker 1: ठीक नहीं, जैसा आउटलेट अगर यह दूसरों पर लगा, दिए नहीं
Speaker 2: एक डायल जहां हायर चलेगा
Speaker 1: अब हमारे का डीआईएस वेबसाइट जो हम लगाए हैं, हां, ठीक है तो हंड्रेड करके लगाए हैं आउटलेट और सही लगाए हैं इस कवर ओवर फ्लो
Speaker 2: हां, हां"
27,"हां. क्या? कहा था साहब, ग़ज़ब का आ रहे हैं ना? हां. हां वह कर रहे हैं करोगे जब वह देख ही रहे हैं थोड़ा अभी कुछ काम के साथ... तेईस सौ का काम कर रहे हैं ना. थोड़ा बहुत तो देख ही रहे हैं काम कर रहे हैं ना. 
मास्क. हां.
कुछ.
यह भी होता है कि जहां का इतने देर बना रहे हैं। अरे तो भाई देखा, समझा विजय उस चीज़ का. हम तू कितनों इंजीनियरिंग लगा। ले, देखा अगर बनवाला ही तू
आप कैसे वन गई? यह चीज़ का.
था इसका. सीधे बनाए थे आगे तो सीढ़ी सम के साथ... हो गई थी. वही सीढ़ी होकर बनी। जो इसको बनाए हैं ना उसको. हां तो थोड़ा सा काला के साथ... दे रही है नीम के साथ.... हां हां मौसम देख. थोड़ा एक कंक्रीट पंप के साथ... भीम के साथ...","Speaker 1: हां, क्या कहा था साहब? ग़ज़ब का काम आ रहा है ना? हां, वह कर रहे हैं जब वह देख ही रहे हैं थोड़ा अभी कुछ काम के साथ। तेईस सौ का काम कर रहे हैं ना, थोड़ा बहुत तो देख ही रहे हैं काम कर रहे हैं ना।
Speaker 2: मास्क। हां। कुछ।
Speaker 1: यह भी होता है कि जहां का इतने देर बना रहे हैं। अरे तो भाई देखा, समझा विजय उस चीज़ का। हम तू कितनों इंजीनियरिंग लगा। ले, देखा अगर बनवाला ही तू।
Speaker 2: आप कैसे वन गई? यह चीज़ का।
Speaker 1: था इसका। सीधे बनाए थे आगे तो सीढ़ी सम के साथ... हो गई थी। वही सीढ़ी होकर बनी। जो इसको बनाए हैं ना उसको। हां तो थोड़ा सा काला के साथ... दे रही है नीम के साथ.... हां हां मौसम देख। थोड़ा एक कंक्रीट पंप के साथ... भीम के साथ..।"
28,"स्पीकर 1: हां साहब,
स्पीकर 2: यह कहाँ से रहने दीजिए। डीआईडीएफ वाला डेटा मांगे रहने तो कोखा दे दी है।
स्पीकर 1: हां वह कोखा देख ही लाख एक दो टंकी ने देख लिया है ना।
स्पीकर 2: हां। हां
स्पीकर 1: वह देख ली फिर कुछ।
स्पीकर 2: यह देख लेता है कि कितना लाग है कहीं कितना लगा।
स्पीकर 1: मतलब कई कितना लागत है मतलब अच्छा हमको एक चीज़ नहीं क्लियर हो रही साहब, यह तो चार पाइप उतारे हैं। तो एक मतलब यह नहीं समझ में आ रहे हैं कि कौन इनलेट वाली तो मान लीजिए। समझ में आएगा आउटलेट वाली नहीं समझ में आ रही कि कितने दायरे हैं?
स्पीकर 2: आउटलेट जस्ट से ज़्यादा हुई।
स्पीकर 1: ज़्यादा तो दूर है लगी है पर यह नहीं समझ में आ रहा कि कौन सी क्या लगी?
स्पीकर 2: तो वह तो देखा जिसका चार्ट लगी हुई। एक प्लेट लगी हुई। एक चॉकलेट इसका और एक थे तो वर्क लो। इनलेट से ही ज़्यादा ही होएगी सबकली, कम तो हो ही नहीं सकती। बस यही हिसाब से देख लिया पहले ड्रॉइंग में देख लिया है। ड्रॉइंग में अलग से तीन लेता है दही हुई। ज़्यादा दही ना हुई।
स्पीकर 1: नहीं। दया है इनलेट वाला बस दे।
स्पीकर 2: हां तो इनलेट को क्या? हमारे कहा जाता है डाइमेंशन देख है कहाँ है? वह
स्पीकर 1: घंटावन के देख लिया ना सही है। हां।
स्पीकर 2: हां। तो ठीक है फिर अगर तुम, का सब सही लगा। के तो लिख के दे जाए सही। हां। हां ठीक।","Speaker 1: हां साहब,
Speaker 2: यह कहाँ से रहने दीजिए। डीआईडीएफ वाला डेटा मांगे रहने तो कोखा दे दी है।
Speaker 1: हां वह कोखा देख ही लाख एक दो टंकी ने देख लिया है ना।
Speaker 2: हां।
Speaker 1: वह देख ली फिर कुछ।
Speaker 2: यह देख लेता है कि कितना लाग है कहीं कितना लगा।
Speaker 1: मतलब कई कितना लागत है मतलब अच्छा हमको एक चीज़ नहीं क्लियर हो रही साहब, यह तो चार पाइप उतारे हैं। तो एक मतलब यह नहीं समझ में आ रहे हैं कि कौन इनलेट वाली तो मान लीजिए। समझ में आएगा आउटलेट वाली नहीं समझ में आ रही कि कितने दायरे हैं?
Speaker 2: आउटलेट जस्ट से ज़्यादा हुई।
Speaker 1: ज़्यादा तो दूर है लगी है पर यह नहीं समझ में आ रहा कि कौन सी क्या लगी?
Speaker 2: तो वह तो देखा जिसका चार्ट लगी हुई। एक प्लेट लगी हुई। एक चॉकलेट इसका और एक थे तो वर्क लो। इनलेट से ही ज़्यादा ही होएगी सबकली, कम तो हो ही नहीं सकती। बस यही हिसाब से देख लिया पहले ड्रॉइंग में देख लिया है। ड्रॉइंग में अलग से तीन लेता है दही हुई। ज़्यादा दही ना हुई।
Speaker 1: नहीं। दया है इनलेट वाला बस दे।
Speaker 2: हां तो इनलेट को क्या? हमारे कहा जाता है डाइमेंशन देख है कहाँ है? वह
Speaker 1: घंटावन के देख लिया ना सही है। हां।
Speaker 2: हां। तो ठीक है फिर अगर तुम, का सब सही लगा। के तो लिख के दे जाए सही। हां। हां ठीक।"
File Index,Raw Input (ASR),Processed Output (AI)
1,"हेलो हां भैया कहाँ से हैं बाहर हूँ","Speaker 1: हेलो हां भैया कहाँ से हैं बाहर हूँ"
2,"हां शुभम जी रहता हूं। यह बोल रहे थे जो मैं।... भेजा हूं उसमें रीवा ब्लॉक है जिला है ब्लॉक है हुजूर नगर तो मतलब हुजूर नगर में आता है तो रीवा ब्लॉक हो गया। अजगरहा 26 में जगह रहा छब्बीस पंचायत है और सर किन्हीं गांव है सर किन्हीं गांव है सर किन्हीं गांव गांव में बस्ती कौन कौन सी है मतलब कितनी है कौन कौन से टोला है

हम कैसे बता देंगे?
तो यह चंदन सर तो बोले कि उनसे पूछो वहां के। इस ब्लॉक का हो। चंदन सर तो बोले यों को भेज दो।
अरे तो जिस ब्लॉक का है भाई पीएचई वालों को बोलो ना वहां मयंक तिवारी देखता है ना उस ब्लॉक का। अच्छा। हां हां वह बताएगा आप हमें।
अच्छा मतलब यह अजगरहा 26 सेट के नहीं। यह वहां से बताएंगे, है ना?
हां हां कर रही हूं पहले बताएंगे
भाई हम हां चलेगा ठीक है मैं।... अभिषेक ही को भेज देता हूं उसका, है ना। ठीक है।","Speaker 1: हां शुभम जी रहता हूं। यह बोल रहे थे जो मैं।... भेजा हूं उसमें रीवा ब्लॉक है जिला है ब्लॉक है हुजूर नगर तो मतलब हुजूर नगर में आता है तो रीवा ब्लॉक हो गया। अजगरहा 26 में जगह रहा छब्बीस पंचायत है और सर किन्हीं गांव है सर किन्हीं गांव है सर किन्हीं गांव गांव में बस्ती कौन कौन सी है मतलब कितनी है कौन कौन से टोला है
Speaker 2: हम कैसे बता देंगे?
Speaker 1: तो यह चंदन सर तो बोले कि उनसे पूछो वहां के। इस ब्लॉक का हो। चंदन सर तो बोले यों को भेज दो।
Speaker 2: अरे तो जिस ब्लॉक का है भाई पीएचई वालों को बोलो ना वहां मयंक तिवारी देखता है ना उस ब्लॉक का।
Speaker 1: अच्छा। हां हां वह बताएगा आप हमें।
Speaker 2: अच्छा मतलब यह अजगरहा 26 सेट के नहीं। यह वहां से बताएंगे, है ना?
Speaker 1: हां हां कर रही हूं पहले बताएंगे
Speaker 2: भाई हम हां चलेगा ठीक है मैं।... अभिषेक ही को भेज देता हूं उसका, है ना।
Speaker 1: ठीक है।"
3,"हां सुनील, शुभम कौन? यह रोशनी जी की जो शिकायत थी तो इनसे नहीं हो पाया संपर्क। मैंने फिर भी दुबारा कॉल किया था। अच्छा, तो फिर इसका क्या करें? मैंने उसमें लिखा है ना कि आवश्यक कार्यवाही एवं सूचना क्षेत्र के आधार पर। तो वहीं इसको आंशिक रूप से बंद में डाल देते हैं फिर इसका संपर्क कॉफी नहीं है। यह नहीं हो पाया है ना। हां नहीं, हो पाया भाई। अब क्या करें? उसमें यही आदमी लिखा है कि भाई आवश्यक कार्यवाही एवं सूचना अब जो हो सके आगे कार्यवाही हो क्या? नहीं। नहीं। ठीक है, हम सोचें कि अभी कई दिन हो गए तो हो सकता है इस मामले में संपर्क हुआ हो। नहीं। नहीं। ठीक है, ठीक है।","Speaker 1: हां सुनील, शुभम कौन? यह रोशनी जी की जो शिकायत थी तो इनसे नहीं हो पाया संपर्क। मैंने फिर भी दुबारा कॉल किया था।
Speaker 2: अच्छा, तो फिर इसका क्या करें?
Speaker 1: मैंने उसमें लिखा है ना कि आवश्यक कार्यवाही एवं सूचना क्षेत्र के आधार पर। तो वहीं इसको आंशिक रूप से बंद में डाल देते हैं फिर इसका संपर्क कॉफी नहीं है। यह नहीं हो पाया है ना।
Speaker 2: हां नहीं, हो पाया भाई। अब क्या करें?
Speaker 1: उसमें यही आदमी लिखा है कि भाई आवश्यक कार्यवाही एवं सूचना अब जो हो सके आगे कार्यवाही हो क्या?
Speaker 2: नहीं। नहीं।
Speaker 1: ठीक है, हम सोचें कि अभी कई दिन हो गए तो हो सकता है इस मामले में संपर्क हुआ हो।
Speaker 2: नहीं। नहीं।
Speaker 1: ठीक है, ठीक है।"
4,"हां सोनू, यह पूछ रहे थे कि अपना रोशनी जी का तो दे दिए थे आप और शंकर दयाल रोड रेस्टोरेशन है, है ना? डीबीएल को काम करना है। हां। और यह अच्छेलाल यादव जी हैं इनका क्या? है? अच्छेलाल तो फोरक्लोज़र देता हूं मैं। कल आज छुट्टी में वह। फोरक्लोज़र है ना अच्छेलाल, कल देंगे। तो वहां वह हो गया। यह संतोष, सगोरा जी। यह तो अपनी है। यह अपनी नहीं। है? हां हां। वह हो रहे हैं। कि सपनावा सागर 2 की ना? तो इसका भी लिखकर दे दीजिए। कि यह सब वाले हैं। दे दो कल देता हूं, कल दोनों को दे दो। आज ना हो पाएगा। अब आज यार थोड़ा हल्का तबीयत नहीं। ठीक है। देता हूं। कोशिश करता हूं दे देता हूं। तो घर ही से लिखकर दे देते हैं ऐसा? हां हां। वह उसे शर्मा कर रहे थे इसलिए वह बात। नहीं। एक राजीव बघेल जी हैं करके। वह भी हमारे हैं। अपनी नहीं। है किस विभाग की है यह? यह सीवेज वालों शहर वालों की है। अच्छा, तो तीनों का ही लिख के दे दीजिए, है ना कोई आज ही और नहीं। है मुझे? अच्छा जी।","Speaker 1: हां सोनू, यह पूछ रहे थे कि अपना रोशनी जी का तो दे दिए थे आप और शंकर दयाल रोड रेस्टोरेशन है, है ना? डीबीएल को काम करना है।
Speaker 2: हां। और यह अच्छेलाल यादव जी हैं इनका क्या? है? अच्छेलाल तो फोरक्लोज़र देता हूं मैं। कल आज छुट्टी में वह। फोरक्लोज़र है ना अच्छेलाल, कल देंगे।
Speaker 1: तो वहां वह हो गया। यह संतोष, सगोरा जी। यह तो अपनी है। यह अपनी नहीं। ह?
Speaker 2: हां हां। वह हो रहे हैं। कि सपनावा सागर 2 की ना? तो इसका भी लिखकर दे दीजिए। कि यह सब वाले हैं। दे दो कल देता हूं, कल दोनों को दे दो। आज ना हो पाएगा।
Speaker 1: अब आज यार थोड़ा हल्का तबीयत नहीं। ठीक है। देता हूं। कोशिश करता हूं दे देता हूं। तो घर ही से लिखकर दे देते हैं ऐसा?
Speaker 2: हां हां। वह उसे शर्मा कर रहे थे इसलिए वह बात। नहीं। एक राजीव बघेल जी हैं करके। वह भी हमारे हैं। अपनी नहीं।
Speaker 1: है किस विभाग की है यह? यह सीवेज वालों शहर वालों की है।
Speaker 2: अच्छा, तो तीनों का ही लिख के दे दीजिए, है ना कोई आज ही और नहीं। है मुझे? अच्छा जी।"
5,"स्पीकर 1: हां
स्पीकर 2: सर, यह शैलेंद्र मिश्रा जी हैं इस परियोजना के।
स्पीकर 1: अभी जो आज आऐंगे ना।
स्पीकर 2: हां हां।
स्पीकर 1: उनसे बात नहीं हो पा रही है, उसका डेटा खोल लिया है। मेरे पापा आऐंगे तो फिर पापा से शायद किए फिर से आऐंगे अच्छा।
स्पीकर 2: अच्छा लगता है मुझे पीएचई की लग रही है कुछ।
स्पीकर 1: 100% पीएचई की। 100% पीएचई की। हां ना ना। तो थोड़ा सा आज कन्फर्मेशन हो जाए तब आगे की प्रोसेस।
स्पीकर 2: हां, देख लीजिए। ना तो दे दीजिए। पंचनामा तो सब अभी ट्रांसफर होने वाली हैं। तो यह भी हो जाए, क्या? है कि।
स्पीकर 1: देख लो हो जाएगा। नहीं। दे दूंगा ऐसे ही तू।
स्पीकर 2: हां हां, ठीक है। ओके।
स्पीकर 1: मैं... देख लूंगा।
स्पीकर 2: ठीक है।","Speaker 1: हां
Speaker 2: सर, यह शैलेंद्र मिश्रा जी हैं इस परियोजना के
Speaker 1: अभी जो आज आऐंगे ना
Speaker 2: हां हां
Speaker 1: उनसे बात नहीं हो पा रही है, उसका डेटा खोल लिया है। मेरे पापा आऐंगे तो फिर पापा से शायद किए फिर से आऐंगे अच्छा
Speaker 2: अच्छा लगता है मुझे पीएचई की लग रही है कुछ
Speaker 1: 100% पीएचई की। 100% पीएचई की। हां ना ना। तो थोड़ा सा आज कन्फर्मेशन हो जाए तब आगे की प्रोसेस
Speaker 2: हां, देख लीजिए। ना तो दे दीजिए। पंचनामा तो सब अभी ट्रांसफर होने वाली हैं। तो यह भी हो जाए, क्या? है कि
Speaker 1: देख लो हो जाएगा। नहीं। दे दूंगा ऐसे ही तू
Speaker 2: हां हां, ठीक है। ओके
Speaker 1: मैं... देख लूंगा
Speaker 2: ठीक है"
6,"हैलो।
हां भैया बताएं।
वह वैभव भाई ने आपका नंबर दिया था मुझे मतलब शुक्रवार ही शायद दिया था।
हां हां दिया था ना ईएसआईसी वाला दिया होगा जीएसटी के लिए। मेरी आपके 
उस दिन बाद। हां तो वह डेढ़ लाख से ऊपर का भी आपको? नहीं। चलेगा क्या??
चल जाएगा। फिर मैं 
क्योंकि वह बंदा कह रहे हैं डेढ़ लाख में इतने कम का बिल कैसे दूंगा ऐसे बोल रहे हैं। अच्छा
अच्छा क्या? चार्जेस वगैरह लेते 
हैं? सात प्रतिशत लेगा वह।
सात प्रतिशत बहुत है भैया साढ़े 
तीन चार प्रतिशत भी लोग काम करते हैं।
तो इससे अच्छा फिर आप ही कर लीजिए। ना भैया यार वह फिर एडवांस ले रहे हैं। क्योंकि वह सीए लोग। आजकल क्या? हो गए हैं जो सीए होते हैं, जैसे हम लोग होते हैं। हम लोग तो कम ही बताते 
हैं। 
हैं। हां। जो 
सीए लोग हैं ना वह लोग एक्स्ट्रा करके बताते हैं मतलब कि उनको फंसा के रखते हैं जैसे आपने ढाई लाख, डेढ़ लाख का बिल 
लिया।
हां। तो डेढ़ लाख रुपये उसके अकाउंट में डालो। ठीक है? उसके बाद उससे कैश निकलवाओ और उसको जितना देना है वह देकर आप पूरा कैश ले लो, ऐसा करवाते हो। क्योंकि अप्रैल से बहुत सारे नियम बदल गए हैं ना अभी, बजट के उसमें। 
यह बजट वाली बात हो गई। नहीं। वह उसमें इश्यू नहीं था। इश्यू इसमें था कि प्रतिशत ज्यादा है।
हां। एक बंदा और है लेकिन वह इंस्टेंट पैसे लेता है। मैं उससे बात करता हूं। अगर मान जाता है तो मैं आपको बताता हूं।
हां भाई साढ़े तीन चार 
आपको एक्स्ट्रा मतलब मैक्सिमम कितना से कितने तक में चला जाएगा?
अभी जैसे मैंने अपना काम शुरू किया तो मेरा पहले महीने डेढ़ लाख का बिल बना। ओके। अभी एक महीने मेरा बना है तीन पचासी का। ओके। तो ऐसे मतलब ग्रोइंग पर ही है तो जीएसटी तो मंथ वाइज ही जमा करेंगे? ना?
मंथ वाइज कि वह सीमेंट भी लेना होगा आपको?
हां हां, वही इश्यू है ना। मैं 
एक एक बंदा और है लेकिन उसको इंस्टेंट पैसे देना होगा। मैं उससे बात करता हूं।
नहीं।
साढ़े तीन मैक्स तो मैक्स चार तक चलेगा आपको??
साढ़े तीन चार जो मार्केट में चलता है भैया उतने के लिए।
है ना? हां। मैं उससे बात करता हूं और आपको कंफर्म करता हूं और ईएसआईसी पीएफ कहां पर क्या? मतलब थोड़ा एक करीब देंगे?, थोड़ा।
यह मेरा बना हुआ था बहुत पहले साल भर पहले मैंने बनवाया था लेकिन काम मेरा शुरू नहीं हो पाया। काम मेरा।
जीएसटी था उसमें एड? हैं? जीएसटी एड था उसमें ईएसआई पीएफ में?
आई थिंक शायद था या पता नहीं। याद नहीं आ रहा बहुत पहले का है। इसीलिए आपको दिया गया था। थोड़ा एक बार आप उसको देख लीजिए कि उसमें क्या है वह वर्किंग पर है या नहीं। है। अगर उसको वर्किंग पर लेते हैं तो कितना पैसा लगेगा? या मतलब अगर उसको वह करके नया बनवाते हैं तो भी क्या? कैसा रहेगा? यह मैं समझना चाह रहा था इसको।
चलिए, मैं लॉगिन करके देखता हूं उसको। हां। और आपके वर्कर कितने रहते हैं?
वर्कर हैं मेरे पास करीब दस पंद्रह आदमी हैं लेकिन उनको कहीं रजिस्टर नहीं है।
हां कोई ऐसा ही सीपीएफ लेना ही नहीं चाहिए। फिर से।
हां। नहीं। रजिस्टर नहीं किया। मैंने।
आपको डब्ल्यूसी पोकलेन पर काम करना था।
मुझे एक जब 
डब्ल्यूसी पोकलेन होती है, उस पर क्या रहता है? आप यह एसएससी पीएफ नहीं लोगे ना। आपको प्रति वर्कर अगर किसी वर्कर को कुछ हो भी जाता है।
हां।
ऑल ओवर इंडिया का होता है वह। मतलब एक स्टेट का नहीं रहता। ऑल ओवर इंडिया का रहता है। उसमें बाय चांस कुछ हो जाता है। मतलब आपके ऊपर है प्रति वर्कर लाख रुपये चाहते हैं। प्रति वर्कर दो लाख रुपये चाहते हैं। प्रति वर्कर तीन लाख चाहते हैं। प्रति वर्कर पांच लाख चाहते हैं। वह आपके ऊपर है। लाख रुपये में कम से कम तेरह सौ चौदह सौ रुपये लगता है पूरे साल छह महीने का सॉरी। हां। उसमें क्या रहता है कम से कम आठ वर्कर उसमें आपके आ जाते हैं। आठ वर्कर।
नहीं।
तो मुझे 
मेरा चौदह सौ पूरे मतलब छह महीने या साल का ऐसा कुछ होता है भैया।
नहीं। मुझे जानकारी नहीं थी। तो मैंने इसीलिए इसको ले लिया। तो वही इसको देख लेते इसको सरेंडर करना है या कैसे करना वही चीज मैं जानना चाह रहा था थोड़ा सा।
क्योंकि अगर सौ पचास ऐसे वर्कर रहते हैं ना, तो समझ में आता है।
हां हां।
बंदा भी इस वर्कर में आप ईएसआई से पीएफ ले रहे हो तो फिर कोई वह नहीं बनता।
तो वही चीज है। एक बार थोड़ा उसको देख लेते हैं क्या?? उसको अगर ऐसा इश्यू है तो अपन सरेंडर कर देंगे?,?
हां। वह देखता हूं मैं अगर सरेंडर होता है, ठीक है। नहीं तो फिर अपन अगर सरेंडर हो जाएगा। तो फिर डब्ल्यूसी पोकलेन में काम करिए, जब तक आपके पास सौ वर्कर काम नहीं करते, तब तक।
ठीक है।
क्योंकि आपका पैसा भी बचेगा ना।
हां हां समझ रहा हूं।
और टाइम भी बचेगा आपको। सर दर्द ही नहीं देगी हर महीने रिटर्न फाइल करना यह करना वह करना।
समझ रहा हूं समझ रहा हूं। तो थोड़ा वही चीज देख कर बता दीजिए। कि इसमें अपन क्या कर सकते हैं वही गाइडलाइन चीज के लिए।
हां हां। चलो। मैं दोनों चीज का आपको बताता हूं। मुझे बस दस से पंद्रह मिनट दीजिए। है ना।
ओके भाई। जी।","Speaker 1: हैलो
Speaker 2: हां भैया बताएं
Speaker 1: वह वैभव भाई ने आपका नंबर दिया था मुझे मतलब शुक्रवार ही शायद दिया था
Speaker 2: हां हां दिया था ना ईएसआईसी वाला दिया होगा जीएसटी के लिए
Speaker 1: मेरी आपके उस दिन बाद
Speaker 2: हां तो वह डेढ़ लाख से ऊपर का भी आपको? नहीं
Speaker 1: चलेगा क्या?? चल जाएगा
Speaker 2: फिर मैं क्योंकि वह बंदा कह रहे हैं डेढ़ लाख में इतने कम का बिल कैसे दूंगा ऐसे बोल रहे हैं
Speaker 1: अच्छा अच्छा क्या? चार्जेस वगैरह लेते हैं? सात प्रतिशत लेगा वह
Speaker 2: सात प्रतिशत बहुत है भैया साढ़े तीन चार प्रतिशत भी लोग काम करते हैं
Speaker 1: तो इससे अच्छा फिर आप ही कर लीजिए
Speaker 2: ना भैया यार वह फिर एडवांस ले रहे हैं
Speaker 1: क्योंकि वह सीए लोग हैं आजकल क्या? हो गए हैं जो सीए होते हैं, जैसे हम लोग होते हैं
Speaker 2: हम लोग तो कम ही बताते हैं
Speaker 1: हां। जो सीए लोग हैं ना वह लोग एक्स्ट्रा करके बताते हैं मतलब कि उनको फंसा के रखते हैं जैसे आपने ढाई लाख, डेढ़ लाख का बिल लिया
Speaker 2: हां। तो डेढ़ लाख रुपये उसके अकाउंट में डालो
Speaker 1: ठीक है? उसके बाद उससे कैश निकलवाओ और उसको जितना देना है वह देकर आप पूरा कैश ले लो, ऐसा करवाते हो
Speaker 2: क्योंकि अप्रैल से बहुत सारे नियम बदल गए हैं ना अभी, बजट के उसमें
Speaker 1: यह बजट वाली बात हो गई
Speaker 2: नहीं। वह उसमें इश्यू नहीं था। इश्यू इसमें था कि प्रतिशत ज्यादा है
Speaker 1: हां। एक बंदा और है लेकिन वह इंस्टेंट पैसे लेता है
Speaker 2: मैं उससे बात करता हूं
Speaker 1: अगर मान जाता है तो मैं आपको बताता हूं
Speaker 2: हां भाई साढ़े तीन चार आपको एक्स्ट्रा मतलब मैक्सिमम कितना से कितने तक में चला जाएगा?
Speaker 1: अभी जैसे मैंने अपना काम शुरू किया तो मेरा पहले महीने डेढ़ लाख का बिल बना
Speaker 2: ओके। अभी एक महीने मेरा बना है तीन पचासी का
Speaker 1: ओके। तो ऐसे मतलब ग्रोइंग पर ही है तो जीएसटी तो मंथ वाइज ही जमा करेंगे? ना?
Speaker 2: मंथ वाइज कि वह सीमेंट भी लेना होगा आपको?
Speaker 1: हां हां, वही इश्यू है ना। मैं एक एक बंदा और है लेकिन उसको इंस्टेंट पैसे देना होगा
Speaker 2: मैं उससे बात करता हूं
Speaker 1: नहीं
Speaker 2: साढ़े तीन मैक्स तो मैक्स चार तक चलेगा आपको??
Speaker 1: साढ़े तीन चार जो मार्केट में चलता है भैया उतने के लिए
Speaker 2: है ना? हां। मैं उससे बात करता हूं और आपको कंफर्म करता हूं और ईएसआईसी पीएफ कहां पर क्या? मतलब थोड़ा एक करीब देंगे?, थोड़ा
Speaker 1: यह मेरा बना हुआ था बहुत पहले साल भर पहले मैंने बनवाया था लेकिन काम मेरा शुरू नहीं हो पाया
Speaker 2: काम मेरा
Speaker 1: जीएसटी था उसमें एड? हैं? जीएसटी एड था उसमें ईएसआई पीएफ में?
Speaker 2: आई थिंक शायद था या पता नहीं। याद नहीं आ रहा बहुत पहले का है
Speaker 1: इसीलिए आपको दिया गया था। थोड़ा एक बार आप उसको देख लीजिए कि उसमें क्या है वह वर्किंग पर है या नहीं। है। अगर उसको वर्किंग पर लेते हैं तो कितना पैसा लगेगा? या मतलब अगर उसको वह करके नया बनवाते हैं तो भी क्या? कैसा रहेगा? यह मैं समझना चाह रहा था इसको
Speaker 2: चलिए, मैं लॉगिन करके देखता हूं उसको। हां। और आपके वर्कर कितने रहते हैं?
Speaker 1: वर्कर हैं मेरे पास करीब दस पंद्रह आदमी हैं लेकिन उनको कहीं रजिस्टर नहीं है
Speaker 2: हां कोई ऐसा ही सीपीएफ लेना ही नहीं चाहिए
Speaker 1: फिर से
Speaker 2: हां। नहीं। रजिस्टर नहीं किया। मैंने
Speaker 1: आपको डब्ल्यूसी पोकलेन पर काम करना था
Speaker 2: मुझे एक जब डब्ल्यूसी पोकलेन होती है, उस पर क्या रहता है? आप यह एसएससी पीएफ नहीं लोगे ना। आपको प्रति वर्कर अगर किसी वर्कर को कुछ हो भी जाता है"
7,"हैलो हैलो हैलो","Speaker 1: नमस्ते"
8,"स्पीकर 1: नमस्ते।
स्पीकर 2: नमस्ते, शुभ दोपहर।
स्पीकर 1: शुभ दोपहर। आलोक मैं... बोल रही हूं कि मुझे डिस्ट्रीब्यूशन की जो पाइप लेनी हुई है, उसका पूरा डेटा चाहिए है। मतलब यूएसबी वाला जो डेटा है।
स्पीकर 2: है हां हां ठीक है। डिस्ट्रीब्यूशन का डेटा मैम... बना लूंगा ऐसा नहीं। है लेकिन इसमें मैम बहुत एक्यूरेसी रहना थोड़ा मुश्किल है।
स्पीकर 1: नहीं। तो मतलब फिर भी देखिए, कि कितना वह लिंक आईडी वगैरह थोड़ा देखकर फिर एक बनाइए उसका डेटा फिर आप दीजिए। थोड़ा सा समय ले लीजिए। आप एक दो दिन का।
स्पीकर 2: हां हां समय लगेगा मैम और एक्यूरेसी भी मैम उसमें थोड़ा लो रहेगी। क्योंकि मैं...
स्पीकर 1: जिस समय विकल्प है कहीं,
स्पीकर 2: नहीं। नहीं। जॉइंट कहीं हैं, कहीं नहीं। हैं। हां। बहुत सारी चीज़ें होती हैं मतलब वीडियो जो है।
स्पीकर 1: ना आप। ठीक है आप देख रहे हैं ना आप। थोड़ा सा अपनी तरफ से एक्यूरेसी ही रखिए और फिर जो थोड़ी बहुत चीज़ें होंगी वह देखते हैं, ठीक है? ठीक है। ठीक है आप मुझे कल तक यह प्रदान कर दीजिएगा।
स्पीकर 2: कल नहीं। मैम... सोमवार छुट्टी भी रहूंगा मंगलवार दे पाऊंगा मैम।
स्पीकर 1: मंगलवार तो बहुत लेट हो जाएगा। ना फिर?
स्पीकर 2: अभी मैम... मेरी बच्ची का थोड़ा सपोर्ट था। तो मैं... उसके लिए। लीव व्हीकल भी निकल रहा हूं है।
स्पीकर 1: ना? हां।
स्पीकर 2: तो उसी की दुकान है यह प्रयागराज जा रहा हूं। मैंने लीव एप्लीकेशन तीन चार दिन पहले से डाली हुई है। है इसलिए मैम... पहले से एप्लीकेशन डाली है। क्या? क्या? क्या? आप
स्पीकर 1: से छुट्टी में हैं आप?
स्पीकर 2: नहीं। नहीं। मैम, मैं... कल से छुट्टी पर रहूंगा। आज तो हम वर्किंग साइट की थी। तो मैम... मंगलवार दे पाऊंगा।
स्पीकर 1: चलिए, ठीक है अभी। ओके।","Speaker 1: नमस्ते।
Speaker 2: नमस्ते, शुभ दोपहर।
Speaker 1: शुभ दोपहर। मैं डिस्ट्रीब्यूशन की पाइप लेने के लिए पूरा डेटा चाहिए, जैसे कि यूएसबी वाला डेटा।
Speaker 2: हां, ठीक है। डिस्ट्रीब्यूशन का डेटा बना लूंगा, लेकिन इसमें एक्यूरेसी रखना थोड़ा मुश्किल है।
Speaker 1: तो फिर भी देखिए, कि कितना लिंक आईडी वगैरह है और फिर एक बनाइए उसका डेटा और आप दीजिए। थोड़ा सा समय ले लीजिए, आप एक दो दिन का।
Speaker 2: हां, समय लगेगा और एक्यूरेसी भी थोड़ा लो रहेगी, क्योंकि मैं..।
Speaker 1: जिस समय विकल्प है कहीं,
Speaker 2: नहीं, जॉइंट कहीं हैं या नहीं, बहुत सारी चीज़ें होती हैं जैसे कि वीडियो जो है।
Speaker 1: ठीक है, आप देख रहे हैं ना। थोड़ा सा अपनी तरफ से एक्यूरेसी रखिए और फिर जो थोड़ी बहुत चीज़ें होंगी वह देखते हैं, ठीक है? आप मुझे कल तक यह प्रदान कर दीजिएगा।
Speaker 2: कल नहीं, मैम। सोमवार छुट्टी भी रहूंगा और मंगलवार दे पाऊंगा मैम।
Speaker 1: मंगलवार तो बहुत लेट हो जाएगा।
Speaker 2: मेरी बच्ची का थोड़ा सपोर्ट था, इसलिए मैं उसके लिए लीव व्हीकल भी निकल रहा हूं और प्रयागराज जा रहा हूं। मैंने लीव एप्लीकेशन तीन चार दिन पहले से डाली हुई है।
Speaker 1: क्या आप छुट्टी में हैं?
Speaker 2: नहीं, मैम। मैं कल से छुट्टी पर रहूंगा, आज तो हम वर्किंग साइट की थी। मंगलवार दे पाऊंगा।
Speaker 1: चलिए, ठीक है अभी। ओके।"
9,"स्पीकर 1: हैलो।
स्पीकर 2: जी भैया, भैया वह बिल का देखिए, वह दो तीन लाख रुपये से मतलब तीन लाख में मतलब मिनिमम बिल काटेगा वह।
स्पीकर 1: हां हां।
स्पीकर 2: तीन लाख तो वह साढ़े चार से नीचे नहीं। आ रहे हैं। अगर आपको कहीं बाहर से मिल रहे हैं ना तो वह आपके लिए ज्यादा बेहतर रहेगा कि कम में नहीं होगा।
स्पीकर 1: नहीं। तो ठीक है अगर ऐसा है तो मान लिया अगर वह साढ़े चार पर हैं तो फिर मैं अगला बिल मेरा जैसे प्रोसेस हो जाता है, तो फिर वह मुझे पांच बज तक का दे दें एक साथ। भाई, तीन पचासी का मेरा यह वाला है, एक पैंतालीस का वो वाला है।
स्पीकर 2: है ना तो यह आपका पूरा है। तो आप पांच का ले लो ना फिर। सीधे सीधे।
स्पीकर 1: वही तो कह रहा हूं। मेरा यह वाला बिल आ जाता है तो मैं एक साथ करके पांच का एक साथ कर लेता हूं। पांच में आ जाएंगे, चार में कि पांच में भी नहीं आऐंगे।
स्पीकर 2: पांच में तो आ जाएगा। पांच तो दे देगा वह।
स्पीकर 1: हां, क्योंकि एक साथ अपन पांच का बिल बनवाकर और उनका जो अमाउंट होगा उनको दे देंगे, होगी और क्या?
स्पीकर 2: ठीक है। दूसरी चीज़ यह है आपको जैसे अप्रैल का फाइल करना है। अप्रैल का फाइल मई में होता है, ठीक है? बिल्कुल सही है। हां तो आपको हर जब भी बिल चाहिए होगा तो वह आपको दस तारीख से पहले लेना होगा अगर आप दस से बाद जाएंगे एक दिन भी लेट करेंगे तो वह आपका मई वाले बिल में शो करेगा ना कि अप्रैल वाले में।
स्पीकर 1: शो करेगा। मैं समझ सकता हूं। हां तो ठीक है अभी मेरा यह वाला बिल आ जाता है जैसे।
स्पीकर 2: ही। हां।
स्पीकर 1: तो अगर उनको यह है कि भाई वह नहीं दे रहे हैं ढाई तीन से कम तो मैं एक साथ उनसे ले लूंगा पांच का।
स्पीकर 2: हां तो आपको मुझे दस से पहले इन्फॉर्म करना पड़ेगी।
स्पीकर 1: ठीक है, मेरा सीमेंट देखिए, दस तक आ जाना चाहिए। आ जाता है तो मैं फिर उसको अपन को।
स्पीकर 2: क्योंकि आप लेट करेंगे तो फिर आपको जीरो का रिटर्न फाइल करके नेक्स्ट मंथ फिर लेना पड़ेगा, ऐसा कुछ।
स्पीकर 1: हां हां हां हां, कोई बात नहीं। अगर मान लीजिए नहीं आ पाता मेरा बिल तो मैं जीरो रिटर्न करके अगले महीने ले लूंगा।
स्पीकर 2: हां हां वही करना ही होगा अपनी।
स्पीकर 1: कोई बात नहीं, एक ही चीज़ है ना भाई वह तो मैं जीएसटी अब कभी भी भर सकता हूं ना इस फाइनेंशियल ईयर में।
स्पीकर 2: नहीं नहीं, वह नहीं रहता नब्बे दिन के अंदर फाइल करना होता है।
स्पीकर 1: नब्बे दिन के अंदर?
स्पीकर 2: अगर आपका बिल अप्रैल फाइल अप्रैल का बिल है तो हां, एक अप्रैल से बहुत सारी चीज़ें चेंज हुई हैं ना अपनी।
स्पीकर 1: अच्छा अच्छा अच्छा। ठीक है। तो अच्छा उसका क्या हुआ है ईपीएफ एसएससी वाला?
स्पीकर 2: ईपीएफ ईएस ईएस देख रहा हूं मैं आपको क्योंकि मैं एक अभी एक एक स्टेप बाय स्टेप काम कर रहा था ना तो पहले यह क्लियर हो गया फिर आगे का करके।
स्पीकर 1: नहीं नहीं, यह आपने बहुत अच्छा किया, यह क्लियर कर दिया। इसमें प्रोसीड करेंगे। मैं आपसे एक साथ एक पांच का बिल बनवाऊंगा। जो चार प्रतिशत अपनी बात है उसी पर। ठीक है ना? ठीक है। ठीक है। ओके। ओके।","Speaker 1: हैलो
Speaker 2: जी भैया, भैया वह बिल का देखिए, वह दो तीन लाख रुपये से मतलब तीन लाख में मतलब मिनिमम बिल काटेगा वह
Speaker 1: हां हां
Speaker 2: तीन लाख तो वह साढ़े चार से नीचे नहीं। आ रहे हैं। अगर आपको कहीं बाहर से मिल रहे हैं ना तो वह आपके लिए ज्यादा बेहतर रहेगा कि कम में नहीं होगा
Speaker 1: नहीं। तो ठीक है अगर ऐसा है तो मान लिया अगर वह साढ़े चार पर हैं तो फिर मैं अगला बिल मेरा जैसे प्रोसेस हो जाता है, तो फिर वह मुझे पांच बज तक का दे दें एक साथ। भाई, तीन पचासी का मेरा यह वाला है, एक पैंतालीस का वो वाला है
Speaker 2: है ना तो यह आपका पूरा है। तो आप पांच का ले लो ना फिर। सीधे सीधे
Speaker 1: वही तो कह रहा हूं। मेरा यह वाला बिल आ जाता है तो मैं एक साथ करके पांच का एक साथ कर लेता हूं। पांच में आ जाएंगे, चार में कि पांच में भी नहीं आऐंगे
Speaker 2: पांच में तो आ जाएगा। पांच तो दे देगा वह
Speaker 1: हां, क्योंकि एक साथ अपन पांच का बिल बनवाकर और उनका जो अमाउंट होगा उनको दे देंगे, होगी और क्या?
Speaker 2: ठीक है। दूसरी चीज़ यह है आपको जैसे अप्रैल का फाइल करना है। अप्रैल का फाइल मई में होता है, ठीक है? बिल्कुल सही है। हां तो आपको हर जब भी बिल चाहिए होगा तो वह आपको दस तारीख से पहले लेना होगा अगर आप दस से बाद जाएंगे एक दिन भी लेट करेंगे तो वह आपका मई वाले बिल में शो करेगा ना कि अप्रैल वाले में
Speaker 1: शो करेगा। मैं समझ सकता हूं। हां तो ठीक है अभी मेरा यह वाला बिल आ जाता है जैसे
Speaker 2: ही। हां
Speaker 1: तो अगर उनको यह है कि भाई वह नहीं दे रहे हैं ढाई तीन से कम तो मैं एक साथ उनसे ले लूंगा पांच का
Speaker 2: हां तो आपको मुझे दस से पहले इन्फॉर्म करना पड़ेगा
Speaker 1: ठीक है, मेरा सीमेंट देखिए, दस तक आ जाना चाहिए। आ जाता है तो मैं फिर उसको अपन को
Speaker 2: क्योंकि आप लेट करेंगे तो फिर आपको जीरो का रिटर्न फाइल करके नेक्स्ट मंथ फिर लेना पड़ेगा, ऐसा कुछ
Speaker 1: हां हां हां हां, कोई बात नहीं। अगर मान लीजिए नहीं आ पाता मेरा बिल तो मैं जीरो रिटर्न करके अगले महीने ले लूंगा
Speaker 2: हां हां वही करना ही होगा अपनी
Speaker 1: कोई बात नहीं, एक ही चीज़ है ना भाई वह तो मैं जीएसटी अब कभी भी भर सकता हूं ना इस फाइनेंशियल ईयर में
Speaker 2: नहीं नहीं, वह नहीं रहता नब्बे दिन के अंदर फाइल करना होता है
Speaker 1: नब्बे दिन के अंदर?
Speaker 2: अगर आपका बिल अप्रैल फाइल अप्रैल का बिल है तो हां, एक अप्रैल से बहुत सारी चीज़ें चेंज हुई हैं ना अपनी
Speaker 1: अच्छा अच्छा अच्छा। ठीक है। तो अच्छा उसका क्या हुआ है ईपीएफ एसएससी वाला?
Speaker 2: ईपीएफ ईएस ईएस देख रहा हूं मैं आपको क्योंकि मैं एक अभी एक एक स्टेप बाय स्टेप काम कर रहा था ना तो पहले यह क्लियर हो गया फिर आगे का करके
Speaker 1: नहीं नहीं, यह आपने बहुत अच्छा किया, यह क्लियर कर दिया। इसमें प्रोसीड करेंगे। मैं आपसे एक साथ एक पांच का बिल बनवाऊंगा। जो चार प्रतिशत अपनी बात है उसी पर। ठीक है ना? ठीक है। ठीक है। ओके। ओके"
10,"हां मिश्रा जी प्रणाम, पांडे जी बताएं? क्या? हाल चाल? बढ़िया, दाई। और भैया कहें कि कहीं आगे का क्या रखा है? अगर हम तो तालमाओ का ही दिया है ना चाखथे, हां। हां तबे हो के दो तीन तक का है ना रुक ले, एक बार का। जल्दी आने राख इससे का कर ही, कौन पर पकड़ी। भाई बैठे नहीं, चला है। हां हां हां हां हां। क्लेम पहन के पूछी कि क्या? कैसा है? हां हां हां। अबे भी उन नहीं, आ रही है तू? नहीं। अब आगे नहीं। है ना अपना के पैसे लाइन वाला नहीं। है अब, थोड़ा वह है एक फिर नहीं। पेशेंट लाइन का सिस्टम समझ में आ जाए। हां हां। तो आगे कुछ समझ में आ गए। हां हां जी। हो गया। तो फिर ऐसा हो ही तो बता, हां ठीक ठीक।","Speaker 1: हां मिश्रा जी प्रणाम, पांडे जी बताएं? क्या? हाल चाल?
Speaker 2: बढ़िया, दाई। और भैया कहें कि कहीं आगे का क्या रखा है? अगर हम तो तालमाओ का ही दिया है ना चाखथे, हां।
Speaker 1: हां तबे हो के दो तीन तक का है ना रुक ले, एक बार का। जल्दी आने राख इससे का कर ही, कौन पर पकड़ी।
Speaker 2: भाई बैठे नहीं, चला है। हां हां हां हां हां।
Speaker 1: क्लेम पहन के पूछी कि क्या? कैसा ह?
Speaker 2: हां हां हां। अबे भी उन नहीं, आ रही है तू? नहीं।
Speaker 1: अब आगे नहीं। है ना अपना के पैसे लाइन वाला नहीं।
Speaker 2: है अब, थोड़ा वह है एक फिर नहीं। पेशेंट लाइन का सिस्टम समझ में आ जाए।
Speaker 1: हां हां। तो आगे कुछ समझ में आ गए।
Speaker 2: हां हां जी। हो गया।
Speaker 1: तो फिर ऐसा हो ही तो बता, हां ठीक ठीक।"
11,"स्पीकर 1: हैलो। हैलो।
स्पीकर 2: जी रोशनी जी से बात हो रही है? जी जी। मैं आलोक मिश्रा बात कर रहा था, दिल्ली से।
स्पीकर 1: जी हां, बोलिए।
स्पीकर 2: आपने सीए मेल्टलाइन की है?
स्पीकर 1: जी हां, मैंने वहां किया था।
स्पीकर 2: काहे के लिए? थी शिकायत?
स्पीकर 1: जी यह मेरा क्या? बोलते हैं अमेरिकी में आपके यह कोलाहा में मेरा घर बना हुआ है।
स्पीकर 2: अमेरिकी कहाँ पड़ता है?
स्पीकर 1: रीवा रीवा रीवा।
स्पीकर 2: रीवा में कहाँ पर?
स्पीकर 1: यह गोविंदगढ़ के पास तमिल की पड़ता।
स्पीकर 2: है। गोविंदगढ़ के पास हां।
स्पीकर 1: हां ग्रामीण लाता है।
स्पीकर 2: हां हां।
स्पीकर 1: तो वह जल निगम की टंकी मेरे घर के बगल में ही बनी हुई है। वहां हमारे घर का प्लॉटिंग हुआ है तो घर बना हुआ है मेरा। ठीक है। तो मुझे आज हां, तो मैंने यह लगता है अभी जून में या जुलाई में मैंने चौदह तारीख तक मैंने वहां डाला था पंचायत में। तो उन लोगों ने कोई मतलब वह नहीं। किए मतलब आगे प्रोसेस ही नहीं। किए। मुझे पानी की बहुत समस्या थी और मुझे नल चाहिए था।
स्पीकर 2: नहीं। तो नल आपको मिलेगा ना।
स्पीकर 1: तो उसके लिए।
स्पीकर 2: लिए। शिकायत करने की ज़रूरत है।
स्पीकर 1: शिकायत करने की ज़रूरत पड़ गई थी क्योंकि वहां पर यह बताइए जल निगम की टंकी बनी हुई है और जब मैंने हमारे इलाके में हमारे सरपंच को और जाकर पंचायत में जाकर मैंने प्रूफ जमा कराया उन लोगों ने कहा कि यहाँ पंद्रह बीस दिन में आपके यहाँ लग जाएगा।
स्पीकर 2: नहीं। नहीं। नहीं। और लोगों ने गलत गलत आपको ज्ञान दी है और वह दिया। उन लोगों को नहीं। लगाना होता। हमारी। एक टीम जाती है इस काम के लिए। अभी आपके यहाँ अमेरिकी गांव में यह काम हुआ ही नहीं है।
स्पीकर 1: नहीं। हुआ संजय करके जो ठेकेदार थे पहले तो एक राउंड दो हज़ार पच्चीस में पहले वह क्या बोलते हैं उनसे बात हुई थी।
स्पीकर 2: यह संजय राय थे क्या?
स्पीकर 1: जी संजय राय करके थे।
स्पीकर 2: यह आप किस प्रकार से या पीएचई विभाग की है?
स्पीकर 1: हां पीजी विभाग का है।
स्पीकर 2: हां और यह ट्रांसफर हम पहले पास हो गई है। जी। जल निगम के पास।
स्पीकर 1: हां हां।
स्पीकर 2: उसको मुझे वापस भिजवाना पड़ेगी। कहीं। तो आप तो एक और तरीका है या आप जल्दी समाधान चाहती हो तो आपने शिकायत में यह तू लिखवाया नहीं ना कि यह पीजी विभाग के द्वारा यह ऐसा ऐसा कुछ।
स्पीकर 1: सिखाया नहीं है। नहीं। शिकायत में हमने बताया है कि पीजी की टंकी बनी हुई है वह वहां पर।
स्पीकर 2: नहीं। लिखवाया है ना। हम तो देख ही रहे हैं ना इधर। इसीलिए यह आपके कंप्लेंट पड़ी है और आप एक तो फोन भी नहीं उठा रहा था। मैंने आपको मुल्टीपल टाइम्स कॉल किया।
स्पीकर 1: जी क्या है कि वह हो गया थोड़ा सा बेटे के पास मेरा फोन था और मैं थोड़ी बिजी हो गई थी बच्चों की इशू के कारण। तो शायद हो सकता नहीं हुआ है और इसमें नाम भी वैसा ऐसे आ रहे हैं। नाम की लग रहे हैं। जैसे कोई रीचार्ज मत देना। का सॉरी ऐसा लग रहा था मुझे।
स्पीकर 2: क्या लग रहा था?
स्पीकर 1: जियो रीचार्ज के लिए। भी सर बहुत फोन आते हैं ना इसीलिए मुझे लगा शायद वहीं से किसी का आ रहा।
स्पीकर 2: है। नहीं। नहीं। नहीं। कोई बात नहीं।।
स्पीकर 1: देखिए, सर इसमें कुछ लिखा हुआ नहीं आ रहा था ना मेरे ट्रूकॉलर पर।
स्पीकर 2: हां हां कोई बात नहीं। हो गया।
स्पीकर 1: तो यहाँ पर सर्च करिए।
स्पीकर 2: ना सर कि मुझे वहां नल कनेक्शन मिल जाए सर। मुझे बहुत फास्ट।
स्पीकर 1: ना कनेक्शन मिल जाए सर। मुझे बहुत फायदे करनी है।
स्पीकर 2: सुनिए सुनिए, मेरा आपसे निवेदन है। आप यह सिखाया तो बंद करवा दीजिए। और दूसरी करिए उसमें बाकायदा लिखवाई पब्लिक हेल्थ इंजीनियरिंग डिपार्टमेंट पीएचडी विभाग। तो आपका काम।
स्पीकर 1: है। तो पीएचडी विभाग वाला लिखना पड़ेगा?
स्पीकर 2: हां हां पीएचडी वाला लिखा के करिए तो आपका काम हो जाए।
स्पीकर 1: ठीक है।
स्पीकर 2: तो एक ओटीपी भिजवाता हूं हमें। बताएंगे क्या?
स्पीकर 1: जी मैं अभी नहीं कर सकती हूं सर। सर मैं अभी दो तीन लोगों ने और नया वहां पर शिकायत जो की है उन लोगों से भी पहले बात हो जाए मेरी क्या करते हैं बोलो फिर मैं आपको करूंगी।
स्पीकर 2: नहीं। मैं आपको दुबारा शिकायत करने के लिए बोल रहा हूं। मैं बस इतने कह रहा हूं कि जो आपने इसमें लिखाया है ना कि पंचायत में नवीन कनेक्शन दिनांक को जिससे आवेदन क्रमांक की जानकारी ली अभी तो फिर बताया गया कि नज़र कनेक्शन प्राप्त नहीं किया गया। तो इसमें आपने पीएसई विभाग का यह है?
स्पीकर 1: यह तो बिल्कुल सही बात है। जब वहां से मेरा अपना वहां।
स्पीकर 2: से तो।
स्पीकर 1: बोल बोल नहीं। घुमाना चाहिए था ना।
स्पीकर 2: अरे मैं समझ गया। सही बात है लेकिन बात यह है कि यह कनेक्शन पीएचई विभाग को देना था और आपके कंप्लेंट हम पहले पास जल निगम के पास पड़ी हुई है।
स्पीकर 1: तो यह आप पंचायत में किया है।
स्पीकर 2: तो उसके थ्रू आप मुझसे क्यों बोल।
स्पीकर 1: रहे हैं? आप अपना पर्सनली बोलिए ना।
स्पीकर 2: मैं अपना पर्सनली ही बोल रहा हूं कि आप उसे पर्सनली पीएचए विभाग के नाम से कंप्लेंट करिए।
स्पीकर 1: ठीक है। जब मेरा ऊपर से आएगा सर तब मैं वह कर दूंगी मैं वहां पर। वहां पर वैसे भी आता है। जब भी ऐसा कुछ होता है तो मेरे पास ना वहां से सीएमएमलाइन से मेरे पास मैसेज आता है। मैं वहां से हटवा दूंगी।
स्पीकर 2: नहीं। तो ऐसे नहीं हटेगा।
स्पीकर 1: वह हट जाएगा। तभी हटा देगी सर।
स्पीकर 2: समय लगेगा वही कह रहा हूं। मैं आपका काम फास्ट्रैक करूंगा। नहीं। नहीं।
स्पीकर 1: मैं सही बात है। कोई कोई टेंशन नहीं है। सर। मैं वहां से मेरा मैसेज जैसे आएगा मैं उसमें क्लिक कर दूंगी तो वह हटा देंगे।?, लेकिन मैं अभी नहीं करना चाहूंगी। मुझे नल तो चाहिए सर। ऐसा नहीं हो सकता।
स्पीकर 2: मैं कह रहा हूं ना कि आपको नल मिलेगा। लेकिन आप कहीं विभाग का नाम तो लिखवाएंगे।
स्पीकर 1: ठीक है ना मैं लिखा दूंगी सर। अभी परेशान क्यों हो रहे हैं आप?
स्पीकर 2: ठीक है। आप लिखवा दीजिए।","Speaker 1: हैलो। हैलो।
Speaker 2: जी रोशनी जी से बात हो रही है? जी जी। मैं आलोक मिश्रा बात कर रहा था, दिल्ली से।
Speaker 1: जी हां, बोलिए।
Speaker 2: आपने सीएम हेल्पलाइन की है?
Speaker 1: जी हां, मैंने वहां किया था।
Speaker 2: काहे के लिए? थी शिकायत?
Speaker 1: जी यह मेरा घर बना हुआ है अमेरिकी गांव में।
Speaker 2: अमेरिकी कहाँ पड़ता है?
Speaker 1: रीवा के पास।
Speaker 2: रीवा में कहाँ पर?
Speaker 1: यह गोविंदगढ़ के पास है।
Speaker 2: हां गोविंदगढ़ के पास हां।
Speaker 1: हां ग्रामीण लाता है।
Speaker 2: हां हां।
Speaker 1: तो वह जल निगम की टंकी मेरे घर के बगल में ही बनी हुई है। वहां हमारे घर का प्लॉटिंग हुआ है तो घर बना हुआ है मेरा।
Speaker 2: नहीं। तो नल आपको मिलेगा ना।
Speaker 1: तो उसके लिए।
Speaker 2: लिए। शिकायत करने की ज़रूरत है।
Speaker 1: शिकायत करने की ज़रूरत पड़ गई थी क्योंकि वहां पर यह बताइए जल निगम की टंकी बनी हुई है और जब मैंने हमारे इलाके में हमारे सरपंच को और जाकर पंचायत में जाकर मैंने प्रूफ जमा कराया उन लोगों ने कहा कि यहाँ पंद्रह बीस दिन में आपके यहाँ लग जाएगा।
Speaker 2: नहीं। नहीं। नहीं। और लोगों ने गलत गलत आपको ज्ञान दी है और वह दिया। उन लोगों को नहीं। लगाना होता। हमारी। एक टीम जाती है इस काम के लिए। अभी आपके यहाँ अमेरिकी गांव में यह काम हुआ ही नहीं है।
Speaker 1: नहीं। हुआ संजय करके जो ठेकेदार थे पहले तो एक राउंड दो हज़ार पच्चीस में पहले वह क्या बोलते हैं उनसे बात हुई थी।
Speaker 2: यह संजय राय थे क्या?
Speaker 1: जी संजय राय करके थे।
Speaker 2: यह आप किस प्रकार से या पीएचई विभाग की है?
Speaker 1: हां पीएचई विभाग का है।
Speaker 2: हां और यह ट्रांसफर हम पहले पास हो गई है। जी। जल निगम के पास।
Speaker 1: हां हां।
Speaker 2: उसको मुझे वापस भिजवाना पड़ेगी। कहीं। तो आप तो एक और तरीका है या आप जल्दी समाधान चाहती हो तो आपने शिकायत में यह तू लिखवाया नहीं ना कि यह पीएचई विभाग के द्वारा यह ऐसा ऐसा कुछ।
Speaker 1: सिखाया नहीं है। नहीं। शिकायत में हमने बताया है कि पीएचई की टंकी बनी हुई है वह वहां पर।
Speaker 2: नहीं। लिखवाया है ना। हम तो देख ही रहे हैं ना इधर। इसीलिए यह आपके कंप्लेंट पड़ी है और आप एक तो फोन भी नहीं उठा रहा था। मैंने आपको मुल्टीपल टाइम्स कॉल किया।
Speaker 1: जी क्या है कि वह हो गया थोड़ा सा बेटे के पास मेरा फोन था और मैं थोड़ी बिजी हो गई थी बच्चों की इशू के कारण। तो शायद हो सकता नहीं हुआ है और इसमें नाम भी वैसा ऐसे आ रहे हैं। नाम की लग रहे हैं। जैसे कोई रीचार्ज मत देना। का सॉरी ऐसा लग रहा था मुझे।
Speaker 2: क्या लग रहा था?
Speaker 1: जियो रीचार्ज के लिए। भी सर बहुत फोन आते हैं ना इसीलिए मुझे लगा शायद वहीं से किसी का आ रहा।
Speaker 2: है। नहीं। नहीं। नहीं। कोई बात नहीं।
Speaker 1: देखिए, सर इसमें कुछ लिखा हुआ नहीं आ रहा था ना मेरे ट्रूकॉलर पर।
Speaker 2: हां हां कोई बात नहीं। हो गया।
Speaker 1: तो यहाँ पर सर्च करिए।
Speaker 2: ना सर कि मुझे वहां नल कनेक्शन मिल जाए सर। मुझे बहुत फास्ट।
Speaker 1: ना कनेक्शन मिल जाए सर। मुझे बहुत फायदे करनी है।
Speaker 2: सुनिए सुनिए, मेरा आपसे निवेदन है। आप यह सिखाया तो बंद करवा दीजिए। और दूसरी करिए उसमें बाकायदा लिखवाई पब्लिक हेल्थ इंजीनियरिंग डिपार्टमेंट पीएचई विभाग। तो आपका काम।"
12,"जल निगम के अधिकारी अक्षय राज जी से आलोक मिश्रा जी बात कर रहे हैं। आलोक मिश्रा जी ने बताया कि मडुवा गांव में पानी की समस्या है और उन्होंने जल निगम से संपर्क किया है। अक्षय राज जी ने बताया कि मडुवा गांव पीएचडी विभाग के अंतर्गत आता है और वहां पर पानी की टंकी बनी हुई है। 

आलोक मिश्रा जी ने बताया कि प्रेम नगर में एक नई टंकी बन रही है और वहां पर पानी की समस्या है। अक्षय राज जी ने बताया कि वह टंकी जल निगम की नहीं है और वहां पर पानी की समस्या का समाधान जल निगम नहीं कर सकता है। 

आलोक मिश्रा जी ने बताया कि मडुवा गांव में पानी की समस्या का समाधान जल निगम को करना चाहिए। अक्षय राज जी ने बताया कि जल निगम मडुवा गांव में पानी की समस्या का समाधान करने के लिए काम कर रहा है और जल्द ही वहां पर पानी की समस्या का समाधान हो जाएगा। 

आलोक मिश्रा जी ने बताया कि उन्हें जल निगम के अधिकारी से मिलना है और उन्हें पानी की समस्या के बारे में बताना है। अक्षय राज जी ने बताया कि वह आलोक मिश्रा जी से मिलने के लिए आ रहे हैं और उन्हें पानी की समस्या के बारे में बताएंगे। 

आलोक मिश्रा जी ने बताया कि उन्हें जल निगम के अधिकारी से मिलने के लिए समय लेना होगा। अक्षय राज जी ने बताया कि वह आलोक मिश्रा जी से मिलने के लिए शाम को आ रहे हैं और उन्हें पानी की समस्या के बारे में बताएंगे। 

आलोक मिश्रा जी ने बताया कि उन्हें जल निगम के अधिकारी से मिलने के लिए तैयार रहना होगा। अक्षय राज जी ने बताया कि वह आलोक मिश्रा जी से मिलने के लिए आ रहे हैं और उन्हें पानी की समस्या के बारे में बताएंगे। 

आलोक मिश्रा जी ने बताया कि उन्हें जल निगम के अधिकारी से मिलने के लिए समय लेना होगा। अक्षय राज जी ने बताया कि वह आलोक मिश्रा जी से मिलने के लिए शाम को आ रहे हैं और उन्हें पानी की समस्या के बारे में बताएंगे। 

आलोक मिश्रा जी ने बताया कि उन्हें जल निगम के अधिकारी से मिलने के लिए तैयार रहना होगा। अक्षय राज जी ने बताया कि वह आलोक मिश्रा जी से मिलने के लिए आ रहे हैं और उन्हें पानी की समस्या के बारे में बताएंगे। 

आलोक मिश्रा जी ने बताया कि उन्हें जल निगम के अधिकारी से मिलने के लिए समय लेना होगा। अक्षय राज जी ने बताया कि वह आलोक मिश्रा जी से मिलने के लिए शाम को आ रहे हैं और उन्हें पानी की समस्या के बारे में बताएंगे। 

आलोक मिश्रा जी ने बताया कि उन्हें जल निगम के अधिकारी से मिलने के लिए तैयार रहना होगा। अक्षय राज जी ने बताया कि वह आलोक मिश्रा जी से मिलने के लिए आ रहे हैं और उन्हें पानी की समस्या के बारे में बताएंगे। 

आलोक मिश्रा जी ने बताया कि उन्हें जल निगम के अधिकारी से मिलने के लिए समय लेना होगा। अक्षय राज जी ने बताया कि वह आलोक मिश्रा जी से मिलने के लिए शाम को आ रहे हैं और उन्हें पानी की समस्या के बारे में बताएंगे। 

आलोक मिश्रा जी ने बताया कि उन्हें जल निगम के अधिकारी से मिलने के लिए तैयार रहना होगा। अक्षय राज जी ने बताया कि वह आलोक मिश्रा जी से मिलने के लिए आ रहे हैं और उन्हें पानी की समस्या के बारे में बताएंगे। 

आलोक मिश्रा जी ने बताया कि उन्हें जल निगम के अधिकारी से मिलने के लिए समय लेना होगा। अक्षय राज जी ने बताया कि वह आलोक मिश्रा जी से मिलने के लिए शाम को आ रहे हैं और उन्हें पानी की समस्या के बारे में बताएंगे। 

आलोक मिश्रा जी ने बताया कि उन्हें जल निगम के अधिकारी से मिलने के लिए तैयार रहना होगा। अक्षय राज जी ने बताया कि वह आलोक मिश्रा जी से मिलने के लिए आ रहे हैं और उन्हें पानी की समस्या के बारे में बताएंगे। 

आलोक मिश्रा जी ने बताया कि उन्हें जल निगम के अधिकारी से मिलने के लिए समय लेना होगा। अक्षय राज जी ने बताया कि वह आलोक मिश्रा जी से मिलने के लिए शाम को आ रहे हैं और उन्हें पानी की समस्या के बारे में बताएंगे। 

आलोक मिश्रा जी ने बताया कि उन्हें जल निगम के अधिकारी से मिलने के लिए तैयार रहना होगा। अक्षय राज जी ने बताया कि वह आलोक मिश्रा जी से मिलने के लिए आ रहे हैं और उन्हें पानी की समस्या के बारे में बताएंगे। 

आलोक मिश्रा जी ने बताया कि उन्हें जल निगम के अधिकारी से मिलने के लिए समय लेना होगा। अक्षय राज जी ने बताया कि वह आलोक मिश्रा जी से मिलने के लिए शाम को आ रहे हैं और उन्हें पानी की समस्या के बारे में बताएंगे। 

आलोक मिश्रा जी ने बताया कि उन्हें जल निगम के अधिकारी से मिलने के लिए तैयार रहना होगा। अक्षय राज जी ने बताया कि वह आलोक मिश्रा जी से मिलने के लिए आ रहे हैं और उन्हें पानी की समस्या के बारे में बताएंगे। 

आलोक मिश्रा जी ने बताया कि उन्हें जल निगम के अधिकारी से मिलने के लिए समय लेना होगा। अक्षय राज जी ने बताया कि वह आलोक मिश्रा जी से मिलने के लिए शाम को आ रहे हैं और उन्हें पानी की समस्या के बारे में बताएंगे। 

आलोक मिश्रा जी ने बताया कि उन्हें जल निगम के अधिकारी से मिलने के लिए तैयार रहना होगा। अक्षय राज जी ने बताया कि वह आलोक मिश्रा जी से मिलने के लिए आ रहे हैं और उन्हें पानी की समस्या के बारे में बताएंगे। 

आलोक मिश्रा जी ने बताया कि उन्हें जल निगम के अधिकारी से मिलने के लिए समय लेना होगा। अक्षय राज जी ने बताया कि वह आलोक मिश्रा जी से मिलने के लिए शाम को आ रहे हैं और उन्हें पानी की समस्या के बारे में बताएंगे। 

आलोक मिश्रा जी ने बताया कि उन्हें जल निगम के अधिकारी से मिलने के लिए तैयार रहना होगा। अक्षय राज जी ने बताया कि वह आलोक मिश्रा जी से मिलने के लिए आ रहे हैं और उन्हें पानी की समस्या के बारे में बताएंगे। 

आलोक मिश्रा जी ने बताया कि उन्हें जल निगम के अधिकारी से मिलने के लिए समय लेना होगा। अक्षय राज जी ने बताया कि वह आलोक मिश्रा जी से मिलने के लिए शाम को आ रहे हैं और उन्हें पानी की समस्या के बारे में बताएंगे। 

आलोक मिश्रा जी ने बताया कि उन्हें जल निगम के अधिकारी से मिलने के लिए तैयार रहना होगा। अक्षय राज जी ने बताया कि वह आलोक मिश्रा जी से मिलने के लिए आ रहे हैं और उन्हें पानी की समस्या के बारे में बताएंगे। 

आलोक मिश्रा जी ने बताया कि उन्हें जल निगम के अधिकारी से मिलने के लिए समय लेना होगा। अक्षय राज जी ने बताया कि वह आलोक मिश्रा जी से मिलने के लिए शाम को आ रहे हैं और उन्हें पानी की समस्या के बारे में बताएंगे। 

आलोक मिश्रा जी ने बताया कि उन्हें जल निगम के अधिकारी से मिलने के लिए तैयार रहना होगा। अक्षय राज जी ने बताया कि वह आलोक मिश्रा जी से मिलने के लिए आ रहे हैं और उन्हें पानी की समस्या के बारे में बताएंगे। 

आलोक मिश्रा जी ने बताया कि उन्हें जल निगम के अधिकारी से मिलने के लिए समय लेना होगा। अक्षय राज जी ने बताया कि वह आलोक मिश्रा जी से मिलने के लिए शाम को आ रहे हैं और उन्हें पानी की समस्या के बारे में बताएंगे। 

आलोक मिश्रा जी ने बताया कि उन्हें जल निगम के अधिकारी से मिलने के लिए तैयार रहना होगा। अक्षय राज जी ने बताया कि वह आलोक मिश्रा जी से मिलने के लिए आ रहे हैं और उन्हें पानी की समस्या के बारे में बताएंगे। 

आलोक मिश्रा जी ने बताया कि उन्हें जल निगम के अधिकारी से मिलने के लिए समय लेना होगा। अक्षय राज जी ने बताया कि वह आलोक मिश्रा जी से मिलने के लिए शाम को आ रहे हैं और उन्हें पानी की समस्या के बारे में बताएंगे। 

आलोक मिश्रा जी ने बताया कि उन्हें जल निगम के अधिकारी से मिलने के लिए तैयार रहना होगा। अक्षय राज जी ने बताया कि वह आलोक मिश्रा जी से मिलने के लिए आ रहे हैं और उन्हें पानी की समस्या के बारे में बताएंगे। 

आलोक मिश्रा जी ने बताया कि उन्हें जल निगम के अधिकारी से मिलने के लिए समय लेना होगा। अक्षय राज जी ने बताया कि वह आलोक मिश्रा जी से मिलने के लिए शाम को आ रहे हैं और उन्हें पानी की समस्या के बारे में बताएंगे। 

आलोक मिश्रा जी ने बताया कि उन्हें जल निगम के अधिकारी से मिलने के लिए तैयार रहना होगा। अक्षय राज जी ने बताया कि वह आलोक मिश्रा जी से मिलने के लिए आ रहे हैं और उन्हें पानी की समस्या के बारे में बताएंगे। 

आलोक मिश्रा जी ने बताया कि उन्हें जल निगम के अधिकारी से मिलने के लिए समय लेना होगा। अक्षय राज जी ने बताया कि वह आलोक मिश्रा जी से मिलने के लिए शाम को आ रहे हैं और उन्हें पानी की समस्या के बारे में बताएंगे। 

आलोक मिश्रा जी ने बताया कि उन्हें जल निगम के अधिकारी से मिलने के लिए तैयार रहना होगा। अक्षय राज जी ने बताया कि वह आलोक मिश्रा जी से मिलने के लिए आ रहे हैं और उन्हें पानी की समस्या के बारे में बताएंगे। 

आलोक मिश्रा जी ने बताया कि उन्हें जल निगम के अधिकारी से मिलने के लिए समय लेना होगा। अक्षय राज जी ने बताया कि वह आलोक मिश्रा जी से मिलने के लिए शाम को आ रहे हैं और उन्हें पानी की समस्या के बारे में बताएंगे। 

आलोक मिश्रा जी ने बताया कि उन्हें जल निगम के अधिकारी से मिलने के लिए तैयार रहना होगा। अक्षय राज जी ने बताया कि वह आलोक मिश्रा जी से मिलने के लिए आ रहे हैं और उन्हें पानी की समस्या के बारे में बताएंगे। 

आलोक मिश्रा जी ने बताया कि उन्हें जल निगम के अधिकारी से मिलने के लिए समय लेना होगा। अक्षय राज जी ने बताया कि वह आलोक मिश्रा जी से मिलने के लिए शाम को आ रहे हैं और उन्हें पानी की समस्या के बारे में बताएंगे। 

आलोक मिश्रा जी ने बताया","Speaker 1: मडुवा गांव में पानी की समस्या है और हमने जल निगम से संपर्क किया है।
Speaker 1: मडुवा गांव पीएचडी विभाग के अंतर्गत आता है और वहां पर पानी की टंकी बनी हुई है।
Speaker 1: प्रेम नगर में एक नई टंकी बन रही है और वहां पर पानी की समस्या है।
Speaker 1: वह टंकी जल निगम की नहीं है और वहां पर पानी की समस्या का समाधान जल निगम नहीं कर सकता है।
Speaker 1: मडुवा गांव में पानी की समस्या का समाधान जल निगम को करना चाहिए।
Speaker 1: जल निगम मडुवा गांव में पानी की समस्या का समाधान करने के लिए काम कर रहा है और जल्द ही वहां पर पानी की समस्या का समाधान हो जाएगा।
Speaker 1: मुझे जल निगम के अधिकारी से मिलना है और उन्हें पानी की समस्या के बारे में बताना है।
Speaker 1: मैं आपसे मिलने के लिए आ रहा हूं और आपको पानी की समस्या के बारे में बताऊंगा।"
13,"स्पीकर 1: कहाँ है फ़िलहाल यह?
स्पीकर 2: अरे, मैं ड्यूटी में हूं। 
स्पीकर 1: कहाँ करते है आप?
स्पीकर 2: मैं रेलवे दिन कर रहा हूं।
स्पीकर 1: कह रहा था फिर उस शिकायत का क्या? करना है? उसमें वैसे पानी जैसे आप आ गए जैसे पानी तो नहीं। मिल पाएगा। उसमें।
स्पीकर 2: है हां अब तो पानी नहीं। मिल पाएगा।
स्पीकर 1: हां हां, वो तो पानी जहां से आना है आपको? वही से आएगा एसी वाले ही पाइप डालेंगे
स्पीकर 2: नहीं।, तो आप फॉर्मेट करिए
स्पीकर 1: ना कैसे फॉरवर्ड करना?
स्पीकर 2: हमारे आप जिस भी, हां, जिस विभाग का उस विभाग में फॉर्मेट करिए
स्पीकर 1: कोई बात। नहीं।, हम अपनी तरफ से ट्रांसफर करेंगे।? ना, तो समय लगता है आपको? बदला दिखी जैसे भी। तब तक आपके शिकायत तुम्हारे पास ही पड़ी रहेगी, मतलब उसको प्रोसीजर जो बता रहा हूं।
स्पीकर 2: नहीं। तो जब आपके पास से फॉरवर्ड हो जाएगा। तब फिर दूसरा विभाग मेरे से संपर्क करेगा।
स्पीकर 1: हां, तो उसमें समय लगेगा मतलब इस दिन मैं।... वही कह रहा हूं मैं।..., प्रोसीजर होती है उसकी। तो अभी के लिए। आप उसमें ऐसा कर सकते हैं, अभी यह शिकायत आप कटवा करके तुरंत एक नई शिकायत करिए उसमें बकायदा अच्छे से लिखवा दीजिए। पब्लिक इंजीनियरिंग डिपार्टमेंट की तरफ से हम पहले गांव में पानी या पाइप नहीं डाली गई थी। तो जिससे तुरंत वह शिकायत विभाग के पास चली जाएगी।
स्पीकर 2: मैं मेरा ब्लॉक चल रहे हैं। अभी। मैं आपसे शाम के बात। करता हूं खुद के फोन में नंबर लगाऊंगा।
स्पीकर 1: नहीं। तो बहुत समझ नहीं। चाहिए। उसके लिए। सुनिए ना।
स्पीकर 2: अरे नहीं। तुम, बता दो मेरा ब्लॉक चल रहे हैं।, ब्लॉक पिट जाएगा। भाई अभी रुक लीजिए। थोड़ा आप।
स्पीकर 1: नहीं। तो बस एक ओटीपी मैं।... भेज देता हूं आप उसको बता दीजिए। फिर आप करके।
स्पीकर 2: नहीं। मैं आपसे विस्तार से थोड़ा बात। करना चाहता हूं इसके बारे में। तो आप आप बताएंगे? मैं शाम, हां मैं शाम के आपको? कॉल करूंगा।
स्पीकर 1: ठीक है।","Speaker 1: कहाँ है फ़िलहाल यह?
Speaker 2: अरे, मैं ड्यूटी में हूं।
Speaker 1: कहाँ करते है आप?
Speaker 2: मैं रेलवे क्रॉसिंग के पास काम कर रहा हूं।
Speaker 1: कह रहा था फिर उस शिकायत का क्या? करना है? उसमें वैसे पानी जैसे आप आ गए जैसे पानी तो नहीं। मिल पाएगा। उसमें।
Speaker 2: है हां अब तो पानी नहीं। मिल पाएगा।
Speaker 1: हां हां, वो तो पानी जहां से आना है आपको? वही से आएगा एसी वाले ही पाइप डालेंगे
Speaker 2: नहीं।, तो आप फॉर्मेट करिए
Speaker 1: ना कैसे फॉरवर्ड करना?
Speaker 2: हमारे आप जिस भी, हां, जिस विभाग का उस विभाग में फॉर्मेट करिए
Speaker 1: कोई बात। नहीं।, हम अपनी तरफ से ट्रांसफर करेंगे।? ना, तो समय लगता है आपको? बदला दिखी जैसे भी। तब तक आपके शिकायत तुम्हारे पास ही पड़ी रहेगी, मतलब उसको प्रोसीजर जो बता रहा हूं।
Speaker 2: नहीं। तो जब आपके पास से फॉरवर्ड हो जाएगा। तब फिर दूसरा विभाग मेरे से संपर्क करेगा।
Speaker 1: हां, तो उसमें समय लगेगा मतलब इस दिन में।... वही कह रहा हूं मैं।..., प्रोसीजर होती है उसकी। तो अभी के लिए। आप उसमें ऐसा कर सकते हैं, अभी यह शिकायत आप कटवा करके तुरंत एक नई शिकायत करिए उसमें बकायदा अच्छे से लिखवा दीजिए। पब्लिक इंजीनियरिंग डिपार्टमेंट की तरफ से हम पहले गांव में पानी या पाइप नहीं डाली गई थी। तो जिससे तुरंत वह शिकायत विभाग के पास चली जाएगी।
Speaker 2: मैं मेरा ब्लॉक चल रहे हैं। अभी। मैं आपसे शाम के बात। करता हूं खुद के फोन में नंबर लगाऊंगा।
Speaker 1: नहीं। तो बहुत समझ नहीं। चाहिए। उसके लिए। सुनिए ना।
Speaker 2: अरे नहीं। तुम, बता दो मेरा ब्लॉक चल रहे हैं।, ब्लॉक पिट जाएगा। भाई अभी रुक लीजिए। थोड़ा आप।
Speaker 1: नहीं। तो बस एक ओटीपी मैं।... भेज देता हूं आप उसको बता दीजिए। फिर आप करके।
Speaker 2: नहीं। मैं आपसे विस्तार से थोड़ा बात। करना चाहता हूं इसके बारे में। तो आप आप बताएंगे? मैं शाम, हां मैं शाम के आपको? कॉल करूंगा।
Speaker 1: ठीक है।"
14,"हां सर जी नमस्कार. नमस्कार. यह जल निगम से बोल रहे हैं ना? बताइए. यह पाइपलाइन बिछाने का काम नाहर में मडवा ग्राम पंचायत में हमने किया है. कहाँ पर पाएगा, वह पाइप मारी गई इसकी डब्लू जी हां वाली गई है बताइए. तो यह जो नाहर का होल था पानी निकलने का, इसको पूरा पूरी तरह से आप लोग जाम करा दिए हैं इसमें पानी भरा है आप दो तीन दिन उस लगातार कम से कम नहीं. तो दो तीन फीट पानी भरा है कहाँ क्या? बात कर रहे हैं फोटो भेज सकते हैं क्या?? हां हां बिल्कुल भेज देंगे. आपको फोटो भेज दीजिए. मैं एक बार हमारे जीने में कॉन्ट्रैक्टर बोलता हूं, देखता हूं कहाँ है, क्या? समस्या आ रही है? हां, अभी जब इतनी बार इसमें इतने हाल इस तरह है तो फिर बरसात में तो और कंडीशन खराब होगी इसकी. नहीं. नहीं. भेज दीजिए. मैं लिखवा देता हूं. ठीक है, मैं भेजता हूं. जी.","Speaker 1: हां सर जी नमस्कार. नमस्कार. यह जल निगम से बोल रहे हैं ना? बताइए।
Speaker 2: यह पाइपलाइन बिछाने का काम नाहर में मडवा ग्राम पंचायत में हमने किया है. कहाँ पर पाएगा, वह पाइप मारी गई इसकी डब्लू जी हां वाली गई है बताइए।
Speaker 1: तो यह जो नाहर का होल था पानी निकलने का, इसको पूरा पूरी तरह से आप लोग जाम करा दिए हैं इसमें पानी भरा है आप दो तीन दिन उस लगातार कम से कम नहीं।
Speaker 2: तो दो तीन फीट पानी भरा है कहाँ क्या? बात कर रहे हैं फोटो भेज सकते हैं क्या??
Speaker 1: हां हां बिल्कुल भेज देंगे. आपको फोटो भेज दीजिए।
Speaker 2: मैं एक बार हमारे जीने में कॉन्ट्रैक्टर बोलता हूं, देखता हूं कहाँ है, क्या? समस्या आ रही है?
Speaker 1: हां, अभी जब इतनी बार इसमें इतने हाल इस तरह है तो फिर बरसात में तो और कंडीशन खराब होगी इसकी।
Speaker 2: नहीं. नहीं. भेज दीजिए।
Speaker 1: मैं लिखवा देता हूं. ठीक है, मैं भेजता हूं. जी।"
15,"जी मैंने भेज दिया है, देखिए। तीन दिन से, दस दिन से बारिश हुई है, उस दिन से भरा हुआ है और निकल नहीं रहा है। इसका आवागमन का रास्ता एकदम जाम हो गया है। 
एक सेकंड देख रहे हैं, लाइन में देखिए। 
जी। 
आपने भी शिकायत की थी क्या? जी। 
मडुवा प्रेम नगर वाली। जी। यह नहर के पास है ना, यह तो वहां पहले से पानी भरता था ना? 
नहीं, पहले से नहीं। भरता था इसमें होल थे पहले नीचे, उस होल को आप लोगों ने जाम कर दिया है आपके विभाग के लोगों ने। 
वहां जब जितना मैं पहले जाया करता था तो वहां पानी पहले से भरता था। तो मेरा चलिए, मैं इसको दिखवा लेता हूं क्योंकि पहले मैं भी वहां गया हूं बहुत बार बारिश में के दौरान तो वहां पानी हमेशा उस पुलिया में रहता था। 
नहीं, नहीं। उसमें होल थे आप नीचे से जाकर देखवाइए किसी से। 
अब मैं तो खुद ही गया हूं ना और क्या? बता रहे हैं। 
मैं तो यहीं के निवासी हूं आज यह पांच सात साल से नहर बनी है सिर जी। 
चलिए, मैं भेज देता हूं हमारे कॉन्ट्रैक्टर को वह देख लेगा। 
जी जी पानी क्या है कि अभी तो ठीक है बरसात में तो और दिक्कत होगी ना फिर यह निवेदन है। 
ठीक है चलिए, कोई बात नहीं। करवाते हैं इसको। समय लगेगा थोड़ा सा गुड हो जाएगा। 
ठीक ठीक।","Speaker 1: जी मैंने भेज दिया है, देखिए। तीन दिन से, दस दिन से बारिश हुई है, उस दिन से भरा हुआ है और निकल नहीं रहा है। इसका आवागमन का रास्ता एकदम जाम हो गया है।
Speaker 2: एक सेकंड देख रहे हैं, लाइन में देखिए।
Speaker 1: जी।
Speaker 2: आपने भी शिकायत की थी क्या? जी।
Speaker 1: मडुवा प्रेम नगर वाली। जी। यह नहर के पास है ना, यह तो वहां पहले से पानी भरता था ना?
Speaker 2: नहीं, पहले से नहीं। भरता था इसमें होल थे पहले नीचे, उस होल को आप लोगों ने जाम कर दिया है आपके विभाग के लोगों ने।
Speaker 1: वहां जब जितना मैं पहले जाया करता था तो वहां पानी पहले से भरता था। तो मेरा चलिए, मैं इसको दिखवा लेता हूं क्योंकि पहले मैं भी वहां गया हूं बहुत बार बारिश में के दौरान तो वहां पानी हमेशा उस पुलिया में रहता था।
Speaker 2: नहीं, नहीं। उसमें होल थे आप नीचे से जाकर देखवाइए किसी से।
Speaker 1: अब मैं तो खुद ही गया हूं ना और क्या? बता रहे हैं।
Speaker 2: मैं तो यहीं के निवासी हूं आज यह पांच सात साल से नहर बनी है सिर जी।
Speaker 1: चलिए, मैं भेज देता हूं हमारे कॉन्ट्रैक्टर को वह देख लेगा।
Speaker 2: जी जी पानी क्या है कि अभी तो ठीक है बरसात में तो और दिक्कत होगी ना फिर यह निवेदन है।
Speaker 1: ठीक है चलिए, कोई बात नहीं। करवाते हैं इसको। समय लगेगा थोड़ा सा गुड हो जाएगा।
Speaker 2: ठीक ठीक।"
16,"हैलो। हाँ? दिल्ली बेरी से बोल रहा था कूरियर से। अच्छा अच्छा, पिकअप लेना था क्या? हाँ हाँ, रेडी होगा क्या? अभी? हाँ हाँ, रेडी हैं। ठीक है, मैं आधे घंटे में आ जाता हूं। ठीक है।","Speaker 1: हैलो।
Speaker 2: हाँ?
Speaker 1: दिल्ली बेरी से बोल रहा था कूरियर से।
Speaker 2: अच्छा अच्छा, पिकअप लेना था क्या?
Speaker 1: हाँ हाँ, रेडी होगा क्या?
Speaker 2: अभी?
Speaker 1: हाँ हाँ, रेडी हैं।
Speaker 2: ठीक है, मैं आधे घंटे में आ जाता हूं।
Speaker 1: ठीक है।"
17,"नमस्कार सर, क्या मेरी बात आलोक मिश्रा जी से हो रही है? सर, मैं जियो पॉइंट एवर से जीएसई बात कर रही हूं। मैं अभी कहीं पर बैठी हूं, तो मैं कॉल करूंगी। क्या आप घर से हैं? सर, आपके इस नंबर से कनेक्टेड एक जियो का नंबर है, जो 75 डबल 6, 97, 3, 4, 7 है।","Speaker 1: नमस्कार सर, क्या मेरी बात आलोक मिश्रा जी से हो रही है?
Speaker 2: हाँ, मैं आलोक मिश्रा बोल रहा हूँ।
Speaker 1: सर, मैं जियो पॉइंट एवर से जीएसई बात कर रही हूं। मैं अभी कहीं पर बैठी हूं, तो मैं कॉल करूंगी।
Speaker 2: ठीक है, मैं आपकी बात सुनने के लिए तैयार हूँ।
Speaker 1: क्या आप घर से हैं?
Speaker 2: हाँ, मैं घर से ही बात कर रहा हूँ।
Speaker 1: सर, आपके इस नंबर से कनेक्टेड एक जियो का नंबर है, जो 75 डबल 6, 97, 3, 4, 7 है।
Speaker 2: हाँ, यह नंबर मेरा ही है।"
File Index,Raw Input (ASR),Processed Output (AI)
1,"हैलो। यह कॉल अब रिकॉर्ड की जा रही है। क्या? कहना साहब, यह जो अपना भेजान है। हां। यह टॉयलेट ब्लॉक लिखा है कई बगल में। हां। तो टॉयलेट ब्लॉक वह नहीं। चाहता तो एक ही जगह में कहा कई जगह थे आदमी। नहीं। तो बाथरूम बनाई कि ना बनाई? नहीं। वह बाथरूम बाहर बनवावे का हाथ। तो यह बाहर ही का है ना? यह हमारे वहां से बाहर है ओके। उम्र से नहीं। नहीं। सैंतालीस बाइस पैंतालीस के अंदर ही है लेकिन बिल्डिंग से सटा नहीं। है। नहीं। वह कहा लगा। कि हम का सैंतीस बाइस पैंतालीस में नहीं। बनवावे का है। अच्छा वह सैंतीस बाइक पैंतालीस में तुम, चाह बहन तेरी। बाथरूम ना चाह ही ना हुए ना कहना अपना का। तो कहाँ वह बनवावे चाहत है ना यह आए उथल वसूली है। वह बाहर गांव में घर बनवा रहे हैं। तो वह बाहर बनवाई। मतलब लेकिन जगह मतलब हम लोग। समझ ले ही चुके है कि ज़मीन की कौन सा काटे नहीं। है। ठीक है। यह कहें। हां। यह जाऊं सी पंद्रह कालम। यह सी पंद्रह से बाहर का रास्ता रही मतलब पीछे जाकर फिर। एक मिनट जी एक मिनट। थोड़ा खोल जाएंगे। फिर लगाने वाला। हां थोड़ा खोल ली। अच्छा यह आठ फीट के सामने स्पेस अलग दिया ना? नहीं। वह अलग एरिया है। यह अलग एरिया है? हां वह अलग एरिया है। पैंतालीस फीट जहां मेन कंस्ट्रक्शन है और सैंतीस फीट जहां मेन कंस्ट्रक्शन है। मतलब जो कॉलम से कॉलम वाला एरिया है वह एरिया जहां ऊपर वास्तविक कंस्ट्रक्शन है। यह एक्स्ट्रा एरिया। यह बारह फीट बाई तेरह फीट ज़ोन है? हां, स्टेयरकेस वाला। हां। हां, सब। यह ठीक है, स्टेयरकेस चली गई है मैं। में। तो लिविंग लॉकडाउन है यह यहाँ तक पूरा ओपन आए गेस्ट रूम के आगे तक है ना। हां। मतलब बैठा हूं एक नंबर की। अरे मतलब तुम्हें ना कहे जी सतहों से बात। मेरी हिमा तो यह उनका बताय रहे हैं, साहब, जगह अपना खूब खो दे। ज़्यादा कमरा उखाड़ना चाहिए। तो उनका यह नहीं। बताय रहे हैं। हां हां। तो वह हिसाब से हम बना कि ओखा भाई जगह की कोनों कमी नहीं। है खूब जगह छोड़ दे। अपनी एकदम आराम से रही। खूब हवा ववा लागी चारों को इसकी कहाँ कोनों दिक्कत नहीं। एक सेकंड रुको अपना कहाँ में अच्छे वह भेजे रहने। पोखर नाश्ता। हां सुबह भेजे रहने। बेड रूम डे है। गेस्ट रूम डे है एक से डाइनिंग हॉल है। अच्छा गैलरी है। हां बस वह योगाई चीज़ें है ना वहां है। हां। हैं वहां पर वापसी है थोड़ा सा वही साहेब है। मतलब जिसा जो बात। हुई। ना। सुनी। यह जो यह जो उनका नाम है अपना कि यह बाथरूम वाला पोर्शन है। हां। एका हटा के कमरा में तो तब्दील कर दिए थे ना बनी। वन जी काहे रूम कर दिए थे। वह बड़े बड़े कमरे आने हैं। हां तो एक काम करिए जो कम से कम पंद्रह बाई पंद्रह कमरा चाहिए। कहीं। हां तो ठीक है ना। वह है यह चीज़ रही कि बाथरूम चाहिए। अलग से चाहिए। कि उनका जो बता रहे है। हां बाथरूम मतलब एक एक अंदर ना हो चाहे सैंतीस भाई पैंतालीस उमर ने करीब। वह का है जब उसी पंद्रह काला में ना अपना के। हां। एक है जस्ट बगल में बाथरूम बना है, पहले से। मतलब एक्स्ट्रा कंस्ट्रक्शन है पीछे साइड? हां तो वह या ईंट से सी पंद्रह से ओखाच्छ दरवाजा ज़रूर देख। चाहे अपना यह डाइनिंग हॉल से दे दी या की चाहे फेमस दे दी यह दोहा मतलब वह हमारे हिसाब से फिर दरवाजा का ही ले हुआ हुआ हुआ है। तो यह तो वह तो कहाँ से ऊपर वाली, ख्वाहिश सुनी है। अच्छा फुटिंग के साइड, फुटिंग के साइड जो उन्हीं। हां। फुटिंग के ऊपर। फुटिंग के साइड ज़रूर हां दिमाग से निकल कर हां लिख ले ही के। हां। फुटिंग साइड फुटिंग भी बनाना है ना। हां यही है। अलग से, अलग से वन गई। हां एक सेकंड रुक जाइए थोड़ा मौका भेज के काका नाम है चेंजेस करेक है और अपना टाइम चेंज करे। चेंजेस एक एक एक दो दिन चेंज है ना करेद बेच आप। हां हां एक दो दिन मौका भेज के वही नाम क्लियर करके अपना बताई थी। हां दिव्य याद हो चुकी है ना गलत बैठ रही है ना? हां हां ठीक ठीक ठीक। एक वह सारी कमियां पुछ ले क्योंकि जैसा वह उनको बताया रहे एक्सैक्ट उन्होंने बनाया मैंने। ठीक ठीक ठीक ठीक। ठीक ठीक।","Speaker 1: हैलो। यह कॉल अब रिकॉर्ड की जा रही है।
Speaker 2: क्या? कहना साहब, यह जो अपना भेजान है।
Speaker 1: हां। यह टॉयलेट ब्लॉक लिखा है कई बगल में।
Speaker 2: हां। तो टॉयलेट ब्लॉक वह नहीं। चाहता तो एक ही जगह में कहा कई जगह थे आदमी।
Speaker 1: नहीं। तो बाथरूम बनाई कि ना बनाई?
Speaker 2: नहीं। वह बाथरूम बाहर बनवावे का हाथ।
Speaker 1: तो यह बाहर ही का है ना? यह हमारे वहां से बाहर है ओके।
Speaker 2: उम्र से नहीं। नहीं। सैंतालीस बाइस पैंतालीस के अंदर ही है लेकिन बिल्डिंग से सटा नहीं।
Speaker 1: है। नहीं। वह कहा लगा। कि हम का सैंतीस बाइस पैंतालीस में नहीं।
Speaker 2: बनवावे का है। अच्छा वह सैंतीस बाइक पैंतालीस में तुम, चाह बहन तेरी।
Speaker 1: बाथरूम ना चाह ही ना हुए ना कहना अपना का।
Speaker 2: तो कहाँ वह बनवावे चाहत है ना यह आए उथल वसूली है।
Speaker 1: वह बाहर गांव में घर बनवा रहे हैं। तो वह बाहर बनवाई।
Speaker 2: मतलब लेकिन जगह मतलब हम लोग। समझ ले ही चुके है कि ज़मीन की कौन सा काटे नहीं।
Speaker 1: है। ठीक है। यह कहें। हां।
Speaker 2: यह जाऊं सी पंद्रह कालम। यह सी पंद्रह से बाहर का रास्ता रही मतलब पीछे जाकर फिर।
Speaker 1: एक मिनट जी एक मिनट। थोड़ा खोल जाएंगे। फिर लगाने वाला।
Speaker 2: हां थोड़ा खोल ली। अच्छा यह आठ फीट के सामने स्पेस अलग दिया ना?
Speaker 1: नहीं। वह अलग एरिया है। यह अलग एरिया ह?
Speaker 2: हां वह अलग एरिया है। पैंतालीस फीट जहां मेन कंस्ट्रक्शन है और सैंतीस फीट जहां मेन कंस्ट्रक्शन है।
Speaker 1: मतलब जो कॉलम से कॉलम वाला एरिया है वह एरिया जहां ऊपर वास्तविक कंस्ट्रक्शन है।
Speaker 2: यह एक्स्ट्रा एरिया। यह बारह फीट बाई तेरह फीट ज़ोन ह?
Speaker 1: हां, स्टेयरकेस वाला। हां। हां, सब।
Speaker 2: यह ठीक है, स्टेयरकेस चली गई है मैं। में।
Speaker 1: तो लिविंग लॉकडाउन है यह यहाँ तक पूरा ओपन आए गेस्ट रूम के आगे तक है ना।
Speaker 2: हां। मतलब बैठा हूं एक नंबर की।
Speaker 1: अरे मतलब तुम्हें ना कहे जी सतहों से बात।
Speaker 2: मेरी हिमा तो यह उनका बताय रहे हैं, साहब, जगह अपना खूब खो दे।
Speaker 1: ज़्यादा कमरा उखाड़ना चाहिए।
Speaker 2: तो उनका यह नहीं। बताय रहे हैं।
Speaker 1: हां हां। तो वह हिसाब से हम बना कि ओखा भाई जगह की कोनों कमी नहीं।
Speaker 2: है खूब जगह छोड़ दे। अपनी एकदम आराम से रही।
Speaker 1: खूब हवा ववा लागी चारों को इसकी कहाँ कोनों दिक्कत नहीं।
Speaker 2: एक सेकंड रुको अपना कहाँ में अच्छे वह भेजे रहने।
Speaker 1: पोखर नाश्ता। हां सुबह भेजे रहने।
Speaker 2: बेड रूम डे है। गेस्ट रूम डे है एक से डाइनिंग हॉल है।
Speaker 1: अच्छा गैलरी है। हां बस वह योगाई चीज़ें है ना वहां है।
Speaker 2: हां। हैं वहां पर वापसी है थोड़ा सा वही साहेब है।
Speaker 1: मतलब जिसा जो बात। हुई। ना। सुनी।
Speaker 2: यह जो यह जो उनका नाम है अपना कि यह बाथरूम वाला पोर्शन है।
Speaker 1: हां। एका हटा के कमरा में तो तब्दील कर दिए थे ना बनी।
Speaker 2: वन जी काहे रूम कर दिए थे। वह बड़े बड़े कमरे आने हैं।
Speaker 1: हां तो एक काम करिए जो कम से कम पंद्रह बाई पंद्रह कमरा चाहिए।
Speaker 2: कहीं। हां तो ठीक है ना। वह है यह चीज़ रही कि बाथरूम चाहिए।
Speaker 1: अलग से चाहिए। कि उनका जो बता रहे है।"
2,"यह कॉल अब रिकॉर्ड की जा रही है। अरे किशन साहब, हां। यह जो हमने बनाए हैं ना, हां। वह हमने बनवाया है एक मतलब लेट बात। अंदर ना चाहिए। हां, एक्सैक्ट ही हमने बनवाया है? एक्सैक्ट थोड़ा देख ले आपने हिसाब से अच्छा वैन जाए तो अच्छा बना दे वह तो अब जान ही तो कहाँ है सैंतीस बाइस पैंतालीस की उम्र सोलह छह वह है दही है काल में दही है। नहीं, वह कल उन्होंने नहीं कहा। हां। थोड़ा एक आध अपना हुआ करके दे ही तो हम ओखला कल जाइए तो लेआउट करवा दी। हां। पोखर मिस्त्री कहाँ है परेशान कहे हैं। हां। तो उन्होंने कहा था तो उन्होंने कहा था कि यह सोलह टिक काला में ही हैं कौन कहाँ था पंद्रह छह ही हैं। हां। ऐसे पीछे से दरवाजा इधर वह जो हमने बनाए हैं। हमारे हिसाब से मरियम बढ़िया बना दे ही हुई। गया। यह। हां ठीक ठीक। हां ठीक है भईया, खर्चा पानी हम करवा दें अब अपना परेशान ना हुई। हां।","Speaker 1: यह कॉल अब रिकॉर्ड की जा रही है। अरे किशन साहब, हां। यह जो हमने बनाए हैं ना, हां। वह हमने बनवाया है एक मतलब लेट बात। अंदर ना चाहिए।
Speaker 2: हां, एक्सैक्ट ही हमने बनवाया है? एक्सैक्ट थोड़ा देख ले आपने हिसाब से अच्छा वैन जाए तो अच्छा बना दे वह तो अब जान ही तो कहाँ है
Speaker 1: सैंतीस बाइस पैंतालीस की उम्र सोलह छह वह है दही है काल में दही है। नहीं, वह कल उन्होंने नहीं कहा।
Speaker 2: हां। थोड़ा एक आध अपना हुआ करके दे ही तो हम ओखला कल जाइए तो लेआउट करवा दी।
Speaker 1: हां। पोखर मिस्त्री कहाँ है परेशान कहे हैं।
Speaker 2: हां। तो उन्होंने कहा था तो उन्होंने कहा था कि यह सोलह टिक काला में ही हैं कौन कहाँ था पंद्रह छह ही हैं।
Speaker 1: हां। ऐसे पीछे से दरवाजा इधर वह जो हमने बनाए हैं। हमारे हिसाब से मरियम बढ़िया बना दे ही हुई। गया। यह।
Speaker 2: हां ठीक ठीक। हां ठीक है भईया, खर्चा पानी हम करवा दें अब अपना परेशान ना हुई।
Speaker 1: हां।"
3,"हां, यह कॉल नेहा के नाम से कोड है। क्या नाम है? जो उन्होंने अपना से वहां बात की है, भरी हुई है, नक्शा वाला है। तो वह बना देता है। आवाज़ थोड़ा है ना लगी खाली यह बात। सही है, लेकिन कोशिश कराओ। तो पैंतीस बाइस सैंतालीस क्या? बना रखा है? हां, हम का व्हाट्सएप में लिखकर रिक्वायरमेंट लिखकर डाल रहे हैं। अच्छा, हां कुछ पैसे दिलवा दी। हां? कुछ पैसे दोगे? अरे आपस क्या? साहब, पैसे वाला हो तो हम अपना काहे कहीं। बेस्ड हो गया, देखता हूं बनाने को। भेज दूंगा कोई बात नहीं। अरे वह आपस क्या? दोस्त हैं। ठीक है, हमारे से बनाए रहा हुआ। हां, तो भाई थोड़ा भैया देख ली। हां, तो आए उसमें फिलिंग बहुत आ रही है, दस फीट आ रही है। हां, तो फिलिंग तो करानी पड़ी ना यार। हां हां, पुटिंग वाला कम लगाकर, कोटिंग वाला घर बनवा रहे हैं क्या? ठीक है, हमको भेज दिया डिपार्टमेंट लिखकर व्हाट्सएप पर डाल दें, हम देख जाएंगे। हां हां जी।","Speaker 1: हां, यह कॉल नेहा के नाम से कोड है। क्या नाम है? जो उन्होंने अपना से वहां बात की है, भरी हुई है, नक्शा वाला है।
Speaker 2: तो वह बना देता है। आवाज़ थोड़ा है ना लगी खाली यह बात। सही है, लेकिन कोशिश कराओ।
Speaker 1: तो पैंतीस बाइस सैंतालीस क्या? बना रखा है? हां, हम का व्हाट्सएप में लिखकर रिक्वायरमेंट लिखकर डाल रहे हैं।
Speaker 2: अच्छा, हां कुछ पैसे दिलवा दी। हां? कुछ पैसे दोगे?
Speaker 1: अरे आपस क्या? साहब, पैसे वाला हो तो हम अपना काहे कहें। बेस्ड हो गया, देखता हूं बनाने को।
Speaker 2: भेज दूंगा कोई बात नहीं। अरे वह आपस क्या? दोस्त हैं।
Speaker 1: ठीक है, हमारे से बनाए रहा हुआ। हां, तो भाई थोड़ा भैया देख ली।
Speaker 2: हां, तो आए उसमें फिलिंग बहुत आ रही है, दस फीट आ रही है।
Speaker 1: हां, तो फिलिंग तो करानी पड़ी ना यार।
Speaker 2: हां हां, पुटिंग वाला कम लगाकर, कोटिंग वाला घर बनवा रहे हैं क्या?
Speaker 1: ठीक है, हमको भेज दिया डिपार्टमेंट लिखकर व्हाट्सएप पर डाल दें, हम देख जाएंगे।
Speaker 2: हां हां जी।"
4,"यह कॉल अब रिकॉर्ड की जा रही है। हां, हैलो। हां। यह जो फोटो भेजा है हमारा, हां। यह इश्यू के रखने वाले बोर्ड के ना हो ना कहाँ हो कि फोटो खींच ले आया। अरे इश्यू एट वाले किया। भाई, इश्यू एट वाले किया। है ना? हां हां। ठीक है। भैया का है ना? हां। काहे की मीटिंग है ओला की? पता नहीं। अरे बैटरी नहीं। आशा अब यार कहाँ बताई? हम लोग खुद नहीं हैं। हां। चलो। ठीक है। हां ठीक।","Speaker 1: यह कॉल अब रिकॉर्ड की जा रही है।
Speaker 2: हां, हैलो।
Speaker 1: यह जो फोटो भेजा है हमारा, यह इश्यू के रखने वाले बोर्ड के ना हो ना कहाँ हो कि फोटो खींच ले आया।
Speaker 2: अरे इश्यू एट वाले किया।
Speaker 1: भाई, इश्यू एट वाले किया। है ना?
Speaker 2: हां हां।
Speaker 1: ठीक है। भैया का है ना?
Speaker 2: हां।
Speaker 1: काहे की मीटिंग है ओला की?
Speaker 2: पता नहीं।
Speaker 1: अरे बैटरी नहीं।
Speaker 2: आशा अब यार कहाँ बताई?
Speaker 1: हम लोग खुद नहीं हैं।
Speaker 2: हां।
Speaker 1: चलो। ठीक है।
Speaker 2: हां ठीक।"
5,"Speaker 1: Hello. यह कहा friend विजय, यह इशू के पास के photo है ना? Hello?","Speaker 1: हैलो. यह विजय के साथ की गई फोटो है ना, जो इस समस्या के पास ली गई है?"
6,"हां. यह कॉल अब रिकॉर्ड की जा रही है. क्या? बताइए? हां. कॉल रिकॉर्डिंग अब समाप्त हो गई है. कॉल है? हां. वाले कम है वह एचएसआर है वह दूसरे को डायरेक्ट है और आउटलेट निकला. हां. और एमेज़ॉन इनका दिया है एचटीपी वह एक सौ अस्सी डायरेक्ट है ही तो वह केस में कहा है. रिड्यूसेबल बना है? हैं? रिड्यूसेबल ही हो रहे हैं. ना, तो घटेगा ना. हां. क्या? दिक्कत है. अच्छा रिड्यूसिंग में कौन सा दिक्कत नहीं. है ना? हां बड़े, घटेगा ही ना तो धीरे धीरे जाकर के. हां. फिर? वह केस मौका कहीं ने दिया ही दिया अपना. कुछ भी नहीं. कहना है क्या? वह? हां. क्या? हुए कभी यह बात. की जानकारी दी थी. अपना वह हो गया. है इनका. कहाँ हो गया. है? मीटिंग से वह हो गया. है नहीं. मीटिंग का ही, काहे? भावे ना भाई नितेश साहब, अपना पूछ रहे हैं, बुलाव रहे कहाँ हो कहाँ हो. सही बात. हां. हमको क्यों? बताओगे नहीं. हम जॉइन हो के ही रहनेवो में? भाई मैं. एक आधा घंटा भाई. कल से साल एक घंटे से एक दिन. एक दिन. एक दिन. एक दिन फोन आ रहा. ठीक. सेकेंड. कहाँ कुछ वह कहाँ पर रहे? पूछा तो नहीं. डीएमबीआर 1 की स्टेटस कि कहाँ कितना गैप बचा. तो ऐसे नहीं. रहे कहाँ काहेत? रहे तो रहे तो पूछिए. ठीक है.","Speaker 1: हां, यह कॉल अब रिकॉर्ड की जा रही है. क्या? बताइए?
Speaker 2: हां. कॉल रिकॉर्डिंग अब समाप्त हो गई है. कॉल ह?
Speaker 1: हां. वाले कम है वह एचएसआर है वह दूसरे को डायरेक्ट है और आउटलेट निकला।
Speaker 2: हां. और एमेज़ॉन इनका दिया है एचटीपी वह एक सौ अस्सी डायरेक्ट ही तो वह केस में कहा है।
Speaker 1: रिड्यूसेबल बना है? हैं? रिड्यूसेबल ही हो रहे हैं।
Speaker 2: ना, तो घटेगा ना. हां. क्या? दिक्कत ह।
Speaker 1: अच्छा रिड्यूसिंग में कौन सा दिक्कत नहीं है ना?
Speaker 2: हां बड़े, घटेगा ही ना तो धीरे धीरे जाकर के।
Speaker 1: फिर? वह केस मौका कहीं ने दिया ही दिया अपना।
Speaker 2: कुछ भी नहीं. कहना है क्या? वह?
Speaker 1: हां. क्या? हुए कभी यह बात की जानकारी दी थी।
Speaker 2: अपना वह हो गया. है इनका. कहाँ हो गया है?
Speaker 1: मीटिंग से वह हो गया है नहीं. मीटिंग का ही, काहे?
Speaker 2: भावे ना भाई नितेश साहब, अपना पूछ रहे हैं, बुलाव रहे कहाँ हो कहाँ हो।
Speaker 1: सही बात. हां. हमको क्यों? बताओगे नहीं. हम जॉइन हो के ही रहनेवो में?
Speaker 2: भाई मैं. एक आधा घंटा भाई. कल से साल एक घंटे से एक दिन।
Speaker 1: एक दिन. एक दिन. एक दिन फोन आ रहा।
Speaker 2: ठीक. सेकेंड. कहाँ कुछ वह कहाँ पर रहे?
Speaker 1: पूछा तो नहीं. डीएमबीआर 1 की स्टेटस कि कहाँ कितना गैप बचा।
Speaker 2: तो ऐसे नहीं. रहे कहाँ काहेत? रहे तो रहे तो पूछिए।
Speaker 1: ठीक है।"
7,"Speaker 1: Hello. Can भेजा मुझे एक बार डाल डाल के close किया। ID आई थी पहलेमा. हां भेज दे तो वहां के तीन photo खींच लिया ने. हां photo वह भेज दिया है वह भेज दिया है सुबह. ऐसे काम कर देता है हम. का? आरी पचपन के पंचनामा बना रहे हैं। वही. हम पहले जानकारी का ही बना रहा. हां अपना जब हमने। गए रहता तो ऋषि शुक्ला अपना कह रहे भेजी थी. आकाश सरपंच, सरपंच नितेश साहब, से लगेगा हैं? हां. तो कर फिर Punjab बनाए पर ही तो वह कहा है कि अपना अगर ऋषि शुक्ला भेज रहे हैं mobile change कई दिन तो उनके पास मिले नहीं। लाएगा?. Phone आ रहे हैं। तो थोड़ा बनकर काम है तो भेज दे ही. हम अपना photo भेज दे ही ला रहे हैं. हां. भेज दिया photo. हम खुद 89 आए हैं. हां. हमारे यहाँ यह नितिन नहीं। आप बतावे कहे दिन की location डालो तो सब डाले ला कई दिन हैं, गोड ऊपर कहीं खड़े हो जाते खड़े हो जाएंगे। हैं. क्या? कर रहे हो भैया? यह बताई कुछ लोग। नहीं। डाल रहा था ही तो इनका सीमेंट / Cement तो काटे कटी हैं ना यह बेरकी कुछ phone ना कर ही हैं. कुछ तो ना कर ही हैं तो फिर लड़ा है कई बार की हम का पटेल सबका. हां हां ओम भैया लिखवा फिर. भेज दीजिए।. भेज दीजिए।. भेज दीजिए।.","Speaker 1: नमस्ते। मुझे एक बार डाल डाल के क्लोज़ करना था। पहले आईडी आई थी। हां, भेज दो तो वहां के तीन फोटो खींच लिए ना। हां, फोटो भेज दिया है सुबह। ऐसे काम कर देते हैं हम।
Speaker 1: आरी पचपन के पंचनामा बना रहे हैं। वही। हम पहले जानकारी का ही बना रहे हैं। हां, अपना जब हम गए रहते तो ऋषि शुक्ला अपना कह रहे थे कि भेजी थी। आकाश सरपंच, सरपंच नितेश साहब, से लगेगा हैं?
Speaker 1: तो कर फिर पंजाब बनाए पर ही तो वह कहा है कि अपना अगर ऋषि शुक्ला भेज रहे हैं तो मोबाइल चेंज कई दिन तो उनके पास मिले नहीं। लाएगा?
Speaker 1: फोन आ रहे हैं। तो थोड़ा बनकर काम है तो भेज दे ही। हम अपना फोटो भेज दे ही ला रहे हैं। हां, भेज दिया फोटो। हम खुद 89 आए हैं।
Speaker 1: हां, हमारे यहाँ यह नितिन नहीं। आप बतावे कहे दिन की लोकेशन डालो तो सब डाले ला कई दिन हैं, गोड ऊपर कहीं खड़े हो जाते खड़े हो जाएंगे।
Speaker 1: क्या? कर रहे हो भैया? यह बताई कुछ लोग। नहीं। डाल रहा था ही तो इनका सीमेंट तो काटे कटी हैं ना यह बेरकी कुछ फोन ना कर ही हैं।
Speaker 1: कुछ तो ना कर ही हैं तो फिर लड़ा है कई बार की हम का पटेल सबका। हां हां ओम भैया लिखवा फिर। भेज दीजिए।"
8,"Speaker 1: Hello, भेजा यार. हां हां हां एक second एक second.","Speaker 1: नमस्ते भेजा, एक सेकंड रुको।"
9,"Speaker 1: This cow is now being recorded. यह car damage है. थोड़ा नाहकीन चले जाते हैं यार दो minute का. हैं? नाहकीन, नाहकीन जहां PAC damage नहीं। रहा.
Speaker 2: अरे हम तो खराब जात रहे.
Speaker 1: धूप खराब?
Speaker 2: हां हां. वहां पकड़े जाते. अरे उन हमा सामान भूल गया।, charger भूल गया।, mobile नहीं। charge आएगा वह पांच पांच minute में location मांग रहे थे मैं।.... मैंने कहा नियम तो road नया नियम निकल रही है ना.
Speaker 1: तो शाम तक दे रहे हो भई?
Speaker 2: हां हो ही गया। मैं।... नाईकीन के ना.
Speaker 1: नाईकीन के यहाँ जाऊंगी PHD damage पंछी बनाए गए हैं. हां तो
Speaker 2: पचपनों जवाब वहीं का ही तो दे दे कोई.
Speaker 3: हां तो
Speaker 2: कोई भी नहीं।
Speaker 1: कर रहा जी देश.
Speaker 2: अभी अभी अभी देश का कहे ना हम कि वहां से मतलब detail निकाल रहे हैं। आज तो ओशो को लगाए रहे हैं phone तो. हां. इसकी अभी lab वाला है या नहीं। है तभी जांच का मतलब नहीं। है.
Speaker 1: हां.
Speaker 2: तार नहीं। लगाया ही अभी यहाँ.
Speaker 1: लगाए नहीं। आई.
Speaker 2: Car नहीं। लगाए यहीं अभी, electric के Pipe सही से नहीं। लगाए यहीं.
Speaker 1: हां. तो कहीं के fine से ऊपर आ रहे हैं। electrician.
Speaker 2: वह है तो कहीं थे साहब, तो अपना बच्चे कहीं थे कि तू अब यह तो समस्या ही बे. Get
Speaker 1: in बताबे कहाँ विजय.
Speaker 2: बता दिया साहब, ओखा engineer को बता दिया ना अब हम सौरभ सिंह का नहीं। phone लगाकर बताई लगा। कि तहो आदमी यह नहीं। लगाया हुआ नहीं। लगाया है. अब वह हमारे आदमी से यह चीज़ पुछा ही नहीं।. हां पचहत्तर कहूं एकदम बूढ़े ना है ना. तो यह सब हमको
Speaker 1: photo दे रहे हैं.
Speaker 2: अपना photo हम दीहें तहस अगली.
Speaker 1: नहीं। नहीं। electric item की तरफ बता रहे हैं ना नहीं। लगा। है तारों भर नहीं। लगा। है.
Speaker 2: तार नहीं। लगा। है मात्र वह bus लगाए हैं open fitting bus गए हैं. हां. ना तार लगाया ही ना का नाम है fan लगावे कितनी वह rod निकाले आईं अभी. समझ गया। जिनका कहना यह है कि last में लगाओ हम.
Speaker 1: और जो last
Speaker 3: में हो गई तो
Speaker 1: खाएंगे अभी खाएंगे कराओगे? वह
Speaker 2: तो कहीं ला गए तब हम कहेंगे Amazon तू R file डाल रहे हैं तो वह reception में जाइए. बिल्कुल. हां, वह या कहीं ला गए तो यह चीज़ का नहीं। समझे का तैयार हैं. उनका यह है कि हम sign करके दे दें कि सब काम complete हो ही जाए.
Speaker 1: ऐसा पैसे। दे दें.
Speaker 2: ही. हां, तब अगर अब सौरभ जी के phone आ गए थे तो यह चीज़ बता बे.
Speaker 1: ठीक है भाई तुम,. भाई तुम,. हम का जानकारी चाहिए। कब ना हम बताओगे
Speaker 2: भई हम लोग।. जानकारी का उना, उना अपना कम है तो पूरा video बनाकर भेज दिए रहने.
Speaker 3: हां, तू photo भेज
Speaker 1: दे रहे हैं. तू है photo भी हाथ पर ना पर हम लड़ रहे हैं ना?
Speaker 2: है ना अपना से कहीं दाग है. अब वह, अभी हम कहें। कि दो तार लगा। रहे हैं भाई, आज हम तो sanitary item लगाए हैं. Tice छोड़ी, कोटा stone छोड़ी, दोनों पोखर का उनो दिक्कत नहीं। आए और दूसरा यह है कि इन लोग। के जब पूरा काम complete हो जाते हैं. उसके बाद आ आ running में नहीं। डाला था कि भाई जाकर सामने वाला देख ले. हां.
Speaker 1: तो हम
Speaker 2: उसका कहना मगर अब 77 का कंप्लीट कई जा रही नहीं। 77 में हम कह रहे थे अधिकांश सब कंप्लीट कहें। तो हम कहें। कि यार कैसा आप थे नहीं। इसलिए हम नहीं। बताए तो हम के भाई हम नहीं। रंग का कौन ही रहा सब मर यह का भाई कौन कहोत रहा हो तो बता नहीं। रहे चोरी लू का काम कह रहे हैं. कहाँ मालूम तो, कहाँ मालूम तो safety tank कितना गहरा खोदे हैं खोद बहे ना भयोतो खोद के ज़ोर दिए हुए.
Speaker 1: खो जाऊँ,.
Speaker 2: तो पटिया लगा। देते हैं तू है हम, तो है हम भूखा कहे तब है तो कोई जा तो हम ही को भेज दे photo. अभी मेरे से confirm
Speaker 1: कर भेज दिया नहीं। कि नौकरी भेज दिया ठीक है ना?
Speaker 2: हां नहीं। किन खरीद कर भेज दिया भैया.
Speaker 1: ठीक है. ठीक है. हां गुरु. हां फिर.
Speaker 3: हां, क्या? कहा रहा
Speaker 1: है? Message की धमकी कि sir वह sir जी तीन दिन तक call मत करिएगा मैं।... busy हूं. हैं? कहावत है कि sir जी तीन दिन तक call मत करिएगा.
Speaker 3: हां.
Speaker 1: मैं।... busy हूं.
Speaker 3: हां.
Speaker 1: Time क्या? मेरा पैसे। वापस भेज दो मुझे लेबर / Labour तो देना।. हां हां. कहा था ठीक है तीन दिन बाद भेज दूंगा तुम, कहना अभी देना। है लेबर / Labour का. हां. मैं।... तीन दिन तक नहीं। wait करूंगा मुझको अभी पैसे। चाहिए।.
Speaker 3: हां हां.
Speaker 1: हां. तो phone से job कर रहे हैं. फिर phone से job कर रहे हैं इस साल?
Speaker 3: बात। भर रही है phone से?
Speaker 1: नहीं। message में.
Speaker 3: अच्छा. चलो। हम कल इलाज करते हैं फिर, ठीक है ना?
Speaker 1: तुम, कल चले ही जाऊँ,. तुम, आज ही कहाँ वह वाला issue भर गया।? कल तू पक्का चले जा.
Speaker 3: कल पक्का गया। अब ना. हम ही सोच रहे हैं लोग।. हां. बोल रहे हैं हम पहले लिए। वह सुनने रखे। आदमी से कच्चे पच्चीस बनावे थोड़ा सा.
Speaker 1: तेरे से बिना जाए ना बनी। गुरु, यह देखो।, लेबर / Labour रुक जाऊँ, बे ना करते गुरु हम गलती वहां पर send क्या? है कि हम बच्चे अपन पूरा setup किए हैं नहीं। या लेबर / Labour बुला। रहे हैं. है ना भाई. रिश्ते कुहम रहे हैं, मानी जी भाई तू तो वह में चले गया। कि भाई हम तो नहीं। ना हो क्या? जाऊँ, हो जा. वह जाऊँ, जा के चक्कर में जाऊँ, हो ही जा अब आगे का करेगा है. आगे वह अब हमारे को call करेगा है ना भाई काम का ही दिन बंद रखा गुरु?
Speaker 3: काम नहीं। बंद कर रखा है वह जो वह गणेश पर phone phone लगा। रहे हैं। भाई phone कर रहे हैं। कर ऐसे काम नहीं। चलेगा कि काम बंद रख. कोई तुम, काम नहीं। हो पाएगा।. हां सही करेगा ना. Royal side में अभिषेक बुलाई, मैंने शायद दिखावे ले लिया actually. यह दूर दूर side दिखावे थे यार साला. वह कहीं तक ना आता
Speaker 2: है तो कौन दिख रहा
Speaker 1: है. हां वही अब कह ही दी है कि दही देव तो होगा खर्चा पानी सारी काम ठीक रहता है.
Speaker 3: खर्चा पानी तुम्हारा जाता है रामखोर साला रोज़. हां तो
Speaker 1: कह ही दे भाई वही करता है तो हम का काम सही दिखाऊँ,. कहाँ करे गुरुहारे गांव करनी पड़ी ना यार. यह तो भाई जब देखा गुरु दो ही चीज़ रही हो. यह तो इन थे से हम हमारे दम से लड़की काम कर सकी तो हम पहले अंदर दम है नहीं।. जब हम पहले अंदर दम नहीं। है तो भाई अब क्या? कर ही गौही के हिसाब से चली. हां हां. हैं, वह हम पहले अंदर दम कि हम site चला जाएंगे। अब तो manage के लिए। भाई सब,
Speaker 3: हैं? निमग्न का दिल आया है सुनील है बे. अभी हम पहले site संतलाल को छोड़कर जाए तो उन्ही से contact बनाओ
Speaker 1: जाए. नहीं। अब जाए मिले कैसा उनको contact बनाएंगे.
Speaker 3: ठीक है वह तो कल ज़्यादा ही खराब और उनसे परिजन से कहते कि तू आदमी हमारे problem साथ... group भरा हुआ. कल कल का ही तारीख है कल बाइस है ना. पच्चीस से car में. देखी तुम, तुम, लोग। match से कितनी दूर.
Speaker 1: बहुत दूर खींचना यार गुरु.
Speaker 3: हां?
Speaker 1: बहुत खींचू नहीं।.
Speaker 3: हां. हैं? खेती नहीं। ला
Speaker 1: रहे हैं।. क्या? है कुछ काम करा जाए यार ऐसा ना हो जाए. ठीक है ना.
Speaker 3: Cuppleing कपलing वगैरह जैसा कि करवा लिया आज. क्योंकि चला जाएगा। कि machine machine. Machine जब आदमी nominee तब तक machine ले सब फ़ायदा काम हुई।.
Speaker 1: कोई मतलब नहीं।.
Speaker 3: यह बताओ कि ऊपर हमारे काम बड़ा थोड़ी join करेगा. हैं? आपने काम करे ना. दो
Speaker 1: यार बिल्कुल ना.
Speaker 3: क्या? मिट्टी हार गए दो तो पहले मिट्टी निकाले पड़ी
Speaker 1: ना. हां. उसकी उसकी heart थोड़ी ना हो रही है. अबे क्या? थोड़ी.
Speaker 3: फिलिंग / Backfilling आया था वह, तीन आदमी
Speaker 1: रख लिया है तो उनका जितना जिधर उधर कौन सा है
Speaker 3: तो अब दूसरी बात। है.
Speaker 1: चलो। बढ़िया.
Speaker 3: इसी जगह से शायद वहां बात। कर ही थी. हम लोग। को भी, अनूप से अच्छा है actually वह बात। यह पहुंचा था कि अनूप को शायद ना वह करे, छोड़ दे कि अनूप को शायद मकान मिले ऐसा कुछ थोड़ा सा.
Speaker 1: ठीक है पहले ना वह तो मेरे लिए। तो अब. हम blackmail हो गए.
Speaker 3: हां हां हां. और सुबह की बात। कर ही थी कि चिल्ले के की side दिखावे ले
Speaker 1: आना है और
Speaker 3: उसकी बात। कर ही थी.
Speaker 1: Sir. नहीं। करे तो पढ़े गुरु पीछे हम. कुछ ना कुछ दुविधाए नहीं। है. खाली वैसे से वह मतलब है. जब तक तू नहीं। रहे तब तक दूसरी बात। हुई। है तो है तो कम से कम. हैं?
Speaker 3: हैं? बिल्कुल.
Speaker 1: ठीक
Speaker 3: है. अच्छा जिस OTP नाम में रहीं हूं. इसे जहां जहां joint मान लो technical नहीं। कह रही हूं. हां. Phone भी निकाल के हुआ था रात. तो एक दिन में लगभग कितना आठ
Speaker 1: दस छह तक कहीं नहीं। है मतलब.
Speaker 3: मतलब एक दिन के बारे में हो जी काम है ना.
Speaker 1: देखा हो जाए सही से join किया। है आपने?
Speaker 3: देखा जो, that जो link ID फूलन जी से एक बीस minute का जो नामका मिले रहे हैं। वह क्या? नाम है
Speaker 1: Hello. देख लिया अभी हमारे हिसाब से.
Speaker 3: ठीक है? हां. Road के ऐसा हम कर ही ला गए.
Speaker 1: Road काटकर ले जाए पड़ी.
Speaker 3: Road काटकर ले जाए फिर भाई बात। करीना है. Road काटे वाली एक, दो, तीन, चार पांच side ही road पर आकर शायद join करे.
Speaker 1: उनका भी छोड़ कर बाकी कैसे है?
Speaker 3: तब तो तीन तो join था मात्र.
Speaker 1: तो तीन तो करवा ले. तीन तो करवा ले फिर flavor खाली नहीं। है क्योंकि road पूरी खोदे पड़ी ना गुरु. तो खोदे मारने से बड़ा task figure.
Speaker 3: मतलब जब वह train से यह C भी वही चला नहीं। पाया road वाला.
Speaker 1: बिल्कुल बिल्कुल खोदे बड़ा task figure. हां. आपका उतनी Pipe निकलवाया है पहले से.
Speaker 3: क्यों??
Speaker 1: जहां जहां road क्रॉसिंगगी.
Speaker 3: नहीं। नहीं। हमको जितने पहले बताया जा रहे हैं। जो board class में मैंने पहले लिया नहीं। बताया था कि end के पास join करे क्या? है. अब जैसे उनका अब यह बतावा गया। कि पचासवीं meter तो यहाँ से वहां तक डाल दे. जो ना हम जिस विष करवाया गया। है ना पचासवीं meter सरसठ meter. एक जिस सरसठ meter है तो पैंसठ meter मिट्टी के अंदर डाल देना। एक meter एक meter के अंदर Pipe बाहर निकली है. बाकी सब Pipe अंदर आ रहे हैं।. जो उनको पूछतेल आया तो मतलब Pipe joint के लिए। road का office में है वहां तक के लिए। उसने Pipe नहीं। निकली
Speaker 1: है बता बने डाली उसकी नहीं। निकली है.
Speaker 3: उसी लिए। अलग से Pipe काटकर लगाए थे अपना. अलग से लगाए पड़ी अलग से join कर ही पड़ी. हां. तीन
Speaker 1: से join के लिए। तो सरला लेबर / Labour जुड़ गए प्रिय कर गए वह कर गए यह सब थे हमारे तो loss हैं ना गरीब.
Speaker 3: मुझे जब आ गया।.
Speaker 1: फिर चाहे एक घंटा के beach भी ले लिया फिर
Speaker 3: एक घंटा के beach में काट रहे हो.
Speaker 1: भाई खोदे पड़ी ना आपका role. यह काम तो उनका नब्बे percent से भी ज़्यादा काम रात में करे करे. हां.
Speaker 3: Join से prefer करा लेना है.
Speaker 1: हां ठीक है पर wait कर लेते हैं. कई दे फिर तो थोड़ा देख कर अपन loss फ़ायदा देख कर करा.
Speaker 3: हां हां.
Speaker 1: ठीक है.
Speaker 3: ठीक
Speaker 1: है. ठीक है.","Speaker 1: मैंने वहां तोड़-फोड़ करवाई, यह कार डैमेज है। थोड़ा नुकसान हुआ है, दो मिनट का।
Speaker 2: अरे हम तो खराब जा रहे हैं।
Speaker 1: धूप खराब?
Speaker 2: हां, धूप। वहां पकड़े जाते हैं। अरे हमने सामान भूल गया, चार्जर भूल गया, मोबाइल नहीं। चार्ज आएगा वह पांच मिनट में लोकेशन मांग रहे थे मुझसे। मैंने कहा नियम तो रोड का नया नियम निकल रहा है।
Speaker 1: तो शाम तक दे रहे हो भाई?
Speaker 2: हां, हो ही गया। मैंने नाइकीन के नाम पर..।
Speaker 1: नाइकीन के यहां जाऊंगी, पीएचडी डैमेज पंछी बनाए गए हैं।
Speaker 2: पचपनों जवाब वहीं का ही तो दे दे कोई।
Speaker 1: हां तो
Speaker 2: कोई भी नहीं।
Speaker 1: कर रहा जी देश।
Speaker 2: अभी अभी अभी देश का कहे ना हम कि वहां से मतलब डिटेल निकाल रहे हैं। आज तो ओशो को लगाए रहे हैं फोन तो। हां, इसकी अभी लैब वाला है या नहीं। है तभी जांच का मतलब नहीं।
Speaker 1: हां।
Speaker 2: तार नहीं। लगाया ही अभी यहां।
Speaker 1: लगाए नहीं। आई।
Speaker 2: कार नहीं। लगाए यहीं अभी, इलेक्ट्रिक के पाइप सही से नहीं। लगाए यहीं।
Speaker 1: हां। तो कहीं के फाइन से ऊपर आ रहे हैं। इलेक्ट्रीशियन।
Speaker 2: वह है तो कहीं थे साहब, तो अपना बच्चे कहीं थे कि तू अब यह तो समस्या ही बे।
Speaker 1: इन बताबे कहां विजय।
Speaker 2: बता दिया साहब, ओखा इंजीनियर को बता दिया ना अब हम सौरभ सिंह का नहीं। फोन लगाकर बताई लगा। कि तहो आदमी यह नहीं। लगाया हुआ नहीं। लगाया है। अब वह हमारे आदमी से यह चीज़ पूछा ही नहीं। हां पचहत्तर कहूं एकदम बूढ़े ना है ना। तो यह सब हमको..।
Speaker 1: फोटो दे रहे हैं।
Speaker 2: अपना फोटो हम दीहें तहस अगली।
Speaker 1: नहीं। नहीं। इलेक्ट्रिक आइटम की तरफ बता रहे हैं ना नहीं। लगा। है तारों भर नहीं। लगा। है।
Speaker 2: तार नहीं। लगा। है मात्र वह बस लगाए हैं ओपन फिटिंग बस गए हैं। हां। ना तार लगाया ही ना का नाम है फैन लगावे कितनी वह रॉड निकाले आईं अभी। समझ गया। जिनका कहना यह है कि लास्ट में लगाओ हम।
Speaker 1: और जो लास्ट..।
Speaker 1: में हो गई तो..।
Speaker 1: खाएंगे अभी खाएंगे कराओगे? वह..।
Speaker 2: तो कहीं ला गए तब हम कहेंगे अमेज़न तू आर फाइल डाल रहे हैं तो वह रिसेप्शन में जाइए। बिल्कुल। हां, वह या कहीं ला गए तो यह चीज़ का नहीं। समझे का तैयार हैं। उनका यह है कि हम साइन करके दे दें कि सब काम कम्प्लीट हो ही जाए।
Speaker 1: ऐसा पैसे। दे दें।
Speaker 2: ही। हां, तब अगर अब सौरभ जी के फोन आ गए थे तो यह चीज़ बता बे।
Speaker 1: ठीक है भाई तुम, भाई तुम, हम का जानकारी चाहिए। कब ना हम बताओगे..।
Speaker 2: भई हम लोग। जानकारी का उना, उना अपना कम है तो पूरा वीडियो बनाकर भेज दिए रहने।
Speaker 1: हां, तू फोटो भेज..।
Speaker 1: दे रहे हैं। तू है फोटो भी हाथ पर ना पर हम लड़ रहे हैं ना?
Speaker 2: है ना अपना से कहीं दाग है। अब वह, अभी हम कहें। कि दो तार लगा। रहे हैं भाई, आज हम तो सैनिटरी आइटम लगाए हैं। टाइस छोड़ी, कोटा स्टोन छोड़ी, दोनों पोखर का उनो दिक्कत नहीं। आए और दूसरा यह है कि इन लोग। के जब पूरा काम कम्प्लीट हो जाते हैं। उसके बाद आ आ रनिंग में नहीं। डाला था कि भाई जाकर सामने वाला देख ले। हां।
Speaker 1: तो हम..।"
10,"Speaker 1: This call is now being recorded.
Speaker 2: हां हां बोलिए. अब जहां line है जहां से है वह detail. हैं? चले जाऊं यार line है क्यों? book report. हां अब यह है कि वह अब sign तो उनको कम लोग। date के लिए। आ कर करवाए ले लाए. हां हां. फ़िलहाल है हमारे hundred percent वो काम कहाँ रखे। ना tube light लगाई ना पंखा लगाई ना तो थोड़ी ना sign करा हम.
Speaker 1: अरे तो पक्का भैया बता दें कि हमको कराएं इनका नहीं।
Speaker 2: आए. का रहे हैं। कि नहीं। आता, का ऐसा फ़र्जी करा बेवकूफी अपन गवाहों.
Speaker 1: हम लिख देना। भाई ये नहीं। लगा।.
Speaker 2: ऐसा कि लिख देख है. मना कर ही नहीं। बता कहाँ से लिख दे यह बताई? अभी वह करावा के लिए। हिंद. मना कर ही नहीं। hundred percent की मतलब यह है ना होई कि सब काम कर दिया है.
Speaker 1: होई है विजय अब यह मान लें। फिर यह तो हम समझ रहे हैं तो हां जो due है ना कि हम का करें।, इनका नहीं। है
Speaker 2: तुमको।. तो करे से कहाँ, नहीं। करे से नहीं।.
Speaker 1: Observe भी है ना यार वहा तू. ओ हर चीज़ का तो हम हर चीज़ का तो
Speaker 2: हम महो को इन आगे अपना पर ही ना हमस आऐंगे हम का क्या? दिक्कत है बे.
Speaker 1: हां तो तू करे तो हम तो करे करे हम ना कि तोरे के बाद हम ना करे अब. नहीं। तो ऐसा कुछ नहीं।
Speaker 2: पता नहीं। कि भाई साहब, काम complete हो ही गया।.
Speaker 1: सुना, सुना है कहीं. हम यह कभी नहीं। कही fine करा.
Speaker 2: हम यह कही से
Speaker 1: उसको observation दो ना भाई. तो observation दो ना भाई. तो observation दो ना नहीं। दे रहे हैं तो हर चीज़ में बस हुआ कह रहे हैं। कि भईया नहीं। लगाए हुए, अरे तू लिखो ना उस चीज़ को क्या? दिक्कत है.
Speaker 2: तू कहाँ से एक
Speaker 1: tube guide नहीं। लगाई है, तो लिखो उसमें tube guide नहीं। लगी है ना भाई. यह चीज़ लिखने में क्या? दिक्कत
Speaker 2: ही है. अब यह approve list नहीं। दी ना अभी कि कौन कौन, कौन आगे था ISI mark क्या? भाई कहाँ
Speaker 1: ना लिखा? नहीं। नहीं। लिखा ना भाई उमा जी नहीं।
Speaker 2: है तो उनका list देंगे।?,
Speaker 1: तो उनका as per in section of G TL sir बोला गया। है ISI mark तार हो चाहे तो साल लगा। है tiles कौन सी company की हो चाहे नहीं। बोली तो नहीं। लिखा. लिखो ना यार बातों बातों में क्यों? काम कर रहे हो? है ना? तो यह बात। किसी से करो। दोनों ही कोई चीज़ फ़ंस ही गए.
Speaker 2: वह फँसी ही वह ठीक, कहीं रखे। पर यह hundred percent में sign करा लेते, फिर हमारे ऊपर चढ़ा लेते.
Speaker 1: नहीं। करा ना भाई तुमको।, क्यों?
Speaker 2: कहा दे hundred percent में sign करा.
Speaker 1: हम कहीं पर क्यों? लिखा उस चीज़ का.
Speaker 2: अब तार लगाई नहीं। तो अपन एक बताएं थोड़ी ना है कि कौन company की लगाई लगा।, वह लगाई दी ना फिर जब complete हो जाता तब बार file डाला थे.
Speaker 1: अंदर अंदर fitting कहे तार के काहे? हां अंदर
Speaker 2: है अंदर कहे हैं.
Speaker 1: कहाँ अंदर अंदर कहे वह नहीं। लगाया है बाहर से.
Speaker 2: Open fitting कहे हैं भाई तो open fitting वहां पर कैसा वहां चढ़ कर देख कर कम लगाए.
Speaker 1: क्या? उसी के ऊपर चढ़ के, वह check कर ही लेते हैं. दीवार में तार लगाए तो नहीं। देख सकते
Speaker 2: यार. तार लगाए तो वह कर कुछ box सो के सो के उन्हे दिखाए कि हमने। company किया। है.
Speaker 1: अरे भाई भाग से जा तीन ले तो तार सामने लगा। है भाई तो वह देख लिया इनका ईसाई मार्ग थे कि नहीं। आए.
Speaker 2: अवतार देख लिया मान लिया यह sanitary वाला का जो हम कहीं था list में जो हम कहाँ ला के.
Speaker 1: का का कहीं ने अभी पहुंचते
Speaker 2: हो ही, ताकि बताओ. हां यह सारी mark कहीं की वह list भेजी थी कि यह company की हो जाए.
Speaker 1: हां तो वह list जब भेज रहा था तो यह मैं।... बात। कर रहा कि भाई list अभी नहीं। मिली है मुझको बोले थे list देंगे।?, इसलिए list पड़ा हुआ है. अब आप यह तो
Speaker 2: हम बता दिया ना भाई वह अपना से दूसरे में बात। कर रहे थे, हमसे दूसरे में बात। कर रहे
Speaker 1: थे. कौन दूसरे में बात। कर रहे थे?
Speaker 2: अवधेश. कहाँ हमसे क्या? बात। सही था बताओ तब ही. हमसे कहा था कि sign कर दो हमारे hundred percent complete हो गया। है.
Speaker 1: Oh भाई यह चीज़ काहे नहीं। बोलते क्यों? नहीं। complete आया, जो चीज़ का
Speaker 2: तो हम बोल दिया ना बे, हम बोल दिया ना कि तो जब hundred percent नहीं। है complete तो हम काहे sign कर दी.
Speaker 1: हां, तो बतावा कि मैं।...
Speaker 2: तोड़ दे. यह बता तू tube light tube light लड़ रहे हैं, कहाँ तूने।, drawing में लिखा है cube light लगावे का? Drawing मतलब कुछ नहीं। लिखा, drawing में तो यह लिखा है कि बिना लिखे ना उनका hundred percent सीमेंट / Cement कर दे. या कहाँ से लिखा है drawing में? नहीं। जैसे अपना कहीं लगा। कि क्यों? मैं।... कुछ नहीं। लगा।, वह कहाँ से sign कह दे तो हम कहीं दे. जब बात। आ गए तो कह दे जब बात। आ गए तो कह दे हम भी कहे. अच्छा certified ही तो वह आधा अधूरा काम कहे तो हम sign कहे दी.
Speaker 1: तो कहे रहा तो उनका
Speaker 2: आधा अधूरा में sign करेगा. अपना तो कहीं लगा। कि नहीं। आई, कौन सी भाई ISI mark हो चाहे भाई ISI mark जब कहाँ दिखाए वह मतलब लिख दी अब तार यह hundred percent काम कह देते हो के बाद R file डाल देते तो ऐसा थोड़ी ना होता है. अब उनका पक्ष तो अपना sun अपन पक्ष थोड़ी ना रखी थी कि नहीं। भाई ऐसा नहीं। है ऐसा है.
Speaker 1: हम क्यों? कहीं से पक्ष नहीं। रखते? कहाँ हम पक्ष ना रखे तब वह दिन हम सौरभ सिंह से लड़े?
Speaker 2: नहीं। लड़े कि मतलब वह ठीक कही लाग है अपना रखकर अनपढ़ अब सुनिए कहीं. Jing का लंबा ही water filling की RFI डाल रहे हैं. हां. दस चार RFI डाली लेकिन इन्होंने ही बता रहे हैं, हम पानी भरा ने बताई. अब फिर कहा था कि RFI हमारी। close करो।.
Speaker 1: तो reject कर दोगे यार?
Speaker 2: तो वह तो reject ही कह दिया ना भाई तो वही case में fail होता है कि भाई यार file यह आ गए थे कि नहीं। हम पानी भर दिए हैं ना.
Speaker 1: नहीं। नहीं। reject करो। ना बताओ जब तक हमको बता के नहीं। भरोगे तो हम कैसे पानी मान लें। भाई.
Speaker 2: एक tanker भर दे देते, कह देते पानी भरा ना बह. नहीं। तो भाई, बिना तुम्हारे बताए भर रहे हैं तो वह चीज़ पर डाला ना है कराना. या या कहेन? हां. कहाँ चाहे ना अभी अपना?
Speaker 1: बतावा कहाँ हुई। भैया ना कह की अपना आज ही अपना देख रही.
Speaker 2: नहीं। नहीं। थोड़ा या का नाम fencing का काम थोड़ा देखा कर रहे हैं। ऐसे ही अपना पुछ रहे हैं.
Speaker 1: नहीं। देख ले हमारे हिसाब से कोई issue नहीं। है but भाई clear करो। उसमें विजय लिखो चीज़ें रोको नहीं। दूर. और. रुकबे तो तुम्हारे ऊपर कल के दिन ऐसा समझा. मान ले कल के दिन वह अभी अभी तो हमसे बात। कह रहे हैं।. वह आबे चले जानी चाहिए। साथ... ही यहाँ पर हम का कह रहा कि विजय को क्या? दिक्कत है आप उसको बताइए बात। करके.
Speaker 2: यह हमारे काम बहुत रहना.
Speaker 1: काम ना रोका हम या कहीं थे. तो आपका view clear करा.
Speaker 2: काम का है काम रोकता है ना? अब वो कहा था कि हम पहले अब सेता को sign करेगा hundred percent.
Speaker 1: को कहा कि तुमको। sign करेगा भाई हम कहे ना आज तक.
Speaker 2: अब port card की detail ले आ गए ना cube कब का भरे सीबे तो वक्त ले आ गए तो हम sign करिए अब वह date डाले याने कुछ ऊ डाले या ले आओ आता है तो ऐसे नहीं। देते कहाँ से sign कर दो. तो यह चीज़ तू ऐश करा
Speaker 1: ना भाई लिखा रहा उस चीज़ का. अब तो दबाव नहीं। विजय कोई विशेष या तो देखो।, लड़ोगे. जैसे मान लो
Speaker 2: उन दिन मेरी लड़ाई हुई। उससे तो उसने उस बात। को clear किया।
Speaker 1: था की भाई हां देख के लोग। भैया आप बोले तो मैंने यह सारी marks पर बात। की. तो तू लड़ा रहे हैं उस चीज़ से. यह चीज़ तो है कह रहा की भाई नहीं। अब भैया नहीं। है तो उस चीज़ को बुला। ले लिखो.
Speaker 2: लड़ाई का ओखा बोला ना भय अब हुआ दूसरे में जाकर वहां बतावत है उनका काम नहीं। करेगा
Speaker 1: ऐसा. तू लिखे तो मज़ा है ना तू group में लिखा ना तूहा पर माध्यम भरो क्या? है.
Speaker 2: Group में थोड़ी ना लिख रहे हैं। कि हमा काम नहीं। करे वह तो मुहे से phone लगा। के कह रहे हैं। कि हम पहले पोर को वह sign कहे थे हम पहले में कि all component complete होएगी.
Speaker 1: हां, नहीं। तो, वो तो उनका sign तेरे के लिए। आवत, हम बहुत दिन का कह रहे है इसमें मैं।... sign करूंगा, काटोंगा मुझे भी दिखा ही रहे है विजय में sign नहीं। किया। है. हम यह कह रहे है कि यह sign करव विजय लेकिन वो तो यह लिख दिया कि यह यह चीज़ side पर लगी हुई। कहोने ओकर लगी हमको नहीं। पता. है हम वह दिन से नहीं। रहे. हम आ जाऊँ, तुमको। वह चीज़ करिए फिर.
Speaker 2: हां तो अगर यह करेंगे।? तो हम लिख दे हमको क्या? दिक्कत है.
Speaker 1: हां तू रोका ना तू क्यों? clear करा? तू work बोलने लगी वह sign करेगा कहाँ लाओ मैं।... sign करता हूं. यह यह चीज़ें तुम्हारे साथ....
Speaker 2: Sign करे देते रहने अबे जो उन रोहित साहब, कह रहे हैं तो मना कर ही नहीं। रहा. हम sign करे वहां का कौन दिक्कत नहीं। है.
Speaker 1: अब वह जो हम कह रहे हैं कह रहे हैं तुम,. वह कह रहे हैं,
Speaker 2: भाई जाऊँ, खोल. हां भाई जाऊँ, core card है उसका.
Speaker 1: Core card सिर्फ कंक्रीट के होते हैं वहां की किसी चीज़ का नहीं। होता.
Speaker 2: हमको मालूम है कि पोहिन भर के होते हैं.
Speaker 1: हां तो बस कंक्रीट की है कंक्रीट की RFI ही सभी तो close किए हुए लगभग नब्बे percent. Mhmm. दस हज़ार percent की वह चीज़ हुई।. वह क्यों? उसकी photo आ रहे हो गए. तो सोने लगी already पहले से data हुई।. बस तुमको। वह data tally करेगा है. जब वह data tally मिल जाए तो उसमें से मुलाकात हुई। ना. गलत नहीं। करना है हमको. हमको बस इस चीज़ को रोकना नहीं। है. सही का सही का है गलत का गलत का है.
Speaker 2: हां तो है हम कहीं रहना है. वह दूसरे view से बात। कर रहे हैं तब गलत रहे ला कर. काम
Speaker 1: रोकन
Speaker 2: थोड़ी ना है हम तो उनका यह कहे कि भाई यह काम ऐसा होगा. नहीं। नहीं।. वह यह चीज़, वह यह काम उनका करे कि नहीं। है बस उनका यह है कि लेहामे तो फ़र्जी काग़ज़ में हम sign कह दे ही. अच्छा हिलावे तो कह दे कि विजय कुमार दुबे, विजय कुमार दुबे दी sign करे रहे हैं.
Speaker 1: तो काहे फ़र्जी paper में sign कर रहे हैं हम भी इंसान मान रहे हैं. तू तो जो सही है op कर रहे हैं ना, तू तो लिखवें ना होगा कि हां भाई tube light नहीं। लगी है. चल तू वहां से फ़र्जी हुई। है. तू तो फ़र्जी हुआ तक नहीं। सर क्यों? हो रहे हैं। जब तक तू नहीं। लिख रहे हैं। वह paper mark.
Speaker 2: हां तो बोले तब कहा था कि लिखना नहीं। है हमारे सब song काम सही है.
Speaker 1: कल लिखना नहीं। है तो बात। नहीं। करना है.
Speaker 2: हां, तो वही ठीक है. हम तो कह देते कि ले आओ हो कि हम लिखे देते भाई हम. हां.
Speaker 1: ठीक. ठीक.","Speaker 1: यह कॉल रिकॉर्ड किया जा रहा है।
Speaker 2: हां, बोलिए। अब जहां लेआउट है और वो डिटेल है, चलिए जानते हैं कि क्या है।
Speaker 1: अरे तो पक्का भैया बता दें कि हमें क्या करना है।
Speaker 2: आए, का रहे हैं? कि नहीं। आता, का ऐसा फ़र्जी काम करा बेवकूफी अपने गवाहों के साथ।
Speaker 1: हम लिख देना, भाई यह नहीं। लगा।
Speaker 2: ऐसा कि लिख देखें, मना कर ही नहीं। बता कहाँ से लिख दे यह बताई? अभी वह करावा के लिए। हिंदी। मना कर ही नहीं।
Speaker 1: होई है विजय अब यह मान लें। फिर यह तो हम समझ रहे हैं तो हां जो देय है ना कि हम क्या करें।
Speaker 2: तुमको, तो करे से कहाँ, नहीं। करे से नहीं।
Speaker 1: ओब्जर्व भी है ना यार वहां तू, ओ हर चीज़ का तो हम हर चीज़ का तो।
Speaker 2: हम महो को इन आगे अपना पर ही ना हमसे आऐंगे हम का क्या? दिक्कत है बे।
Speaker 1: हां तो तू करे तो हम तो करे करे हम ना कि तोरे के बाद हम ना करे अब। नहीं। तो ऐसा कुछ नहीं।
Speaker 2: पता नहीं, कि भाई साहब, काम पूरा हो ही गया।
Speaker 1: सुना, सुना है कहीं। हम यह कभी नहीं। कहीं फ़ाइनल करा।
Speaker 2: हम यह कहीं से
Speaker 1: उसको ऑब्जर्वेशन दो ना भाई, तो ऑब्जर्वेशन दो ना भाई। तो ऑब्जर्वेशन दो ना नहीं। दे रहे हैं तो हर चीज़ में बस हुआ कह रहे हैं। कि भईया नहीं। लगाए हुए, अरे तू लिखो ना उस चीज़ को क्या? दिक्कत है।
Speaker 2: तू कहाँ से एक
Speaker 1: ट्यूब लाइट नहीं लगाई, तो लिखो उसमें ट्यूब लाइट नहीं। लगी है ना भाई। यह चीज़ लिखने में क्या? दिक्कत
Speaker 2: ही है, अब यह अप्रूव लिस्ट नहीं। दी ना अभी कि कौन कौन, कौन आगे था आईएसआई मार्क क्या? भाई कहाँ
Speaker 1: ना लिखा? नहीं। नहीं। लिखा ना भाई उमा जी नहीं।
Speaker 2: है तो उनका लिस्ट देंगे।?
Speaker 1: तो उनका एस पेर इन सेक्शन ऑफ जी टी एल सर बोला गया। है आईएसआई मार्क तार हो चाहे तो साल लगा। है टाइल्स कौन सी कंपनी की हो चाहे नहीं। बोली तो नहीं। लिखा। लिखो ना यार बातों बातों में क्यों? काम कर रहे हो? है ना? तो यह बात। किसी से करो। दोनों ही कोई चीज़ फंस ही गए।
Speaker 2: वह फंसी ही वह ठीक, कहीं रखे। पर यह हंड्रेड परसेंट में साइन करा लेते, फिर हमारे ऊपर चढ़ा लेते।
Speaker 1: नहीं। करा ना भाई तुमको।, क्यों?
Speaker 2: कहा दे हंड्रेड परसेंट में साइन करा।
Speaker 1: हम कहीं पर क्यों? लिखा उस चीज़ का।
Speaker 2: अब तार लगाई नहीं। तो अपन एक बताएं थोड़ी ना है कि कौन कंपनी की लगाई लगा।, वह लगाई दी ना फिर जब पूरा हो जाता तब बार फ़ाइल डाला थे।
Speaker 1: अंदर अंदर फिटिंग कहे तार के काहे? हां अंदर
Speaker 2: है अंदर कहे हैं।
Speaker 1: कहाँ अंदर अंदर कहे वह नहीं। लगाया है बाहर से।
Speaker 2: ओपन फिटिंग कहे हैं भाई तो ओपन फिटिंग वहां पर कैसा वहां चढ़ कर देख कर कम लगाए।
Speaker 1: क्या? उसी के ऊपर चढ़ के, वह चेक कर ही लेते हैं। दीवार में तार लगाए तो नहीं। देख सकते
Speaker 2: यार। तार लगाए तो वह कर कुछ बॉक्स सो के सो के उन्हें दिखाए कि हमने। कंपनी किया। है।
Speaker 1: अरे भाई भाग से जा तीन ले तो तार सामने लगा। है भाई तो वह देख लिया इनका ईसाई मार्ग थे कि नहीं। आए।
Speaker 2: अवतार देख लिया मान लिया यह सैनिटरी वाला का जो हम कहीं था लिस्ट में जो हम कहाँ ला के।
Speaker 1: का का कहीं ने अभी पहुंचते
Speaker 2: हो ही, ताकि बताओ। हां यह सारी मार्क कहीं की वह लिस्ट भेजी थी कि यह कंपनी की हो जाए।"
11,"स्पीकर 1: हैलो। यह कॉल अब रिकॉर्ड की जा रही है। का हो आपके भाई से सौरभ सिंह के फोन आ रहा है।
स्पीकर 2: का है का?
स्पीकर 1: का है का कहाँ से हम साइन करें ही। हां? 4 कार्ड में हम साइन करें।
स्पीकर 2: 4 कार्ड में साइंस तो मतलब ना वह है।
स्पीकर 1: हां।
स्पीकर 2: वह कहाँ से पूरा काम कम्प्लीट हो जाए साइन कर जाए।
स्पीकर 1: नहीं। तो पहले तो वह 4 कार्ड साइन हुई। ना तो हिसाब से बता रहे हैं।
स्पीकर 2: हैं। तो 4 कार्ड में तो है ना मान लो साइन कर देते कम्प्लीट में हुआ मतलब इलेक्ट्रिक की आइटम लगाई।
स्पीकर 1: थी। इलेक्ट्रिक के आइटम के लिए। कहाँ 4 कार्ड होता है?
स्पीकर 2: नहीं। तो कुछ वह स्पेसिफिकेशन हो ही ना।
स्पीकर 1: कोई स्पेसिफिकेशन नहीं। भाई। रुका हूं रोहित साहब, लाइन में ले।
स्पीकर 2: हां तो भैया कहा लाभ है रोहित साहब, के कहना में अभी समय नहीं। करना है।
स्पीकर 1: सैया ने कहा ना कि रोहित साहब, मना करे रहे हैं। सैया काहे करते हैं, लोग। साइन करेंगे।? यह करेंगे।? वह करेंगे।?।
स्पीकर 2: यह कैसे कहा ना हम?
स्पीकर 1: सौरभ सिंह से सौरभ सिंह कार्तिक वह बोल रहे हैं, आप लोग। साइन करेंगे।?।
स्पीकर 2: अरे वह मना कर ही नहीं। भूलना कि अभी साइन नहीं। करना है तो कहाँ कही गई है। ले ले लाइन में इलेक्ट्रिक के आइटम वाले में कहाँ करें।, कि काहे प्रूफ भका नहीं। भका मुंह देख सुन गई।
स्पीकर 1: हैलो। साहब, यह अपनी विजय विधि लाइन में है।
स्पीकर 2: हैलो।
स्पीकर 1: सर यह हमारे विजय लाइन में है। अपना कॉन्ट्रैक्टर जो है सर वह पोर्ट कार्ड वगैरह कार्टून के देने के लिए। तैयार है। अब यह कह रहे हैं, इलेक्ट्रिकल आइटम के लिए। क्या? पोर कार्ड होगा तो उनका इलेक्ट्रिकल आइटम का तो कोई पोर कार्ड होता नहीं। पोर कार्ड तो कम्प्लीट कब होता है। नहीं। फिर उसमें से यह लगा। लो ना इलेक्ट्रिकल आइटम में कौन कौन सी वह चीज़ है रुक जाइए मैं।... चंदन जी को बोलता हूं कि साहब, आपको? एक बार उसकी लिस्ट दे दीजिए। किस किस ब्रांड के लगाना है क्या? कैसा है। तो वह यही बीआईयू लेवल पर वह क्या? है कुछ चीज़ें इधर ही से अप्रूव होती है ना जो एग्रीमेंट में नहीं। है तो किसका लगाना है। बस इतने ध्यान दे देना। कि कोई भी आइटम अगर लग रहे हैं। ठीक है? हां। उसमें आईएसआई मार्क है कि नहीं। है? हां। तो अब जैसे जो चीज़ें
स्पीकर 2: मान लीजिए। बिना आईएसआई मार्क के वाली ही हैं।
स्पीकर 1: कहाँ कौन सी? क्यों? विजय बोलो?
स्पीकर 2: हां सर।
स्पीकर 1: कौन सी ऐसा चीज़ें लगी हैं? बिना आईएसआई मार्क वाली जैसे वह टाइल्स वाइज को छोड़ दो उसमें नहीं।. जो तार लगी हैं इसमें इलेक्ट्रिकल के लिए। जो फिटिंग में तार लगी हैं वह आईएसआई मार्क की हैं, नहीं। है? ठीक है? जो पाइप रखे। होंगे सैनिटरी वाले वह आईएसआई मार्क के हैं, नहीं। है। यह सारी चीज़ें थोड़ा सा देख लेना। ठीक है? नहीं। तो वही
स्पीकर 2: तो सर मैं।... सोच बोल रहा हूं कि सर वह लिस्ट दे दीजिए। तो हम उससे देख ले कि
स्पीकर 1: अरे आईएसआई मार्क ऐसे लिस्ट नहीं। है ना एग्रीमेंट में भी हमारे बड़े बड़े की सबकी लिस्ट है। हां। छोटे छोटे वाले में यह देख लीजिए। एक वह रहता है कि इसमें आईएसआई मार्क है कि नहीं। है। दूसरा कंपनी से आपको? पता चल जाएगा। कि हां इस कंपनी का ठीक ठाक है कि नहीं। है।
स्पीकर 2: अब जैसे वहां से कौन आईएसआई मार्क वाला आता है?
स्पीकर 1: कौन सा? इनकी यह सब भी ऑब्जर्वेशन है। कौन सा? कि वहां से आप नाम सुने होंगे कास्ता। कास्ता नाम था? मैं।... तो नहीं। सुना हूं मुझे पता है। मैं।... तो नहीं। सुना हूं। बाइक वगैरह आते हैं। हां
स्पीकर 2: हां हां। बाइक तो कास्ता मालूम है।
स्पीकर 1: हां, है ना। तो कास्ता वह आपको? नाम से पता है कि वह ब्रांड कैसा है आपका?
स्पीकर 2: नहीं। तो सर यह इसके सैनिटरी के आइटम तो आईएसआई मारकर इनके नहीं। रखे।, मतलब पता चल रहे हैं, है कि नहीं।।
स्पीकर 1: अरे तो एग्रीमेंट में भी नहीं। दिया ना भाई। सैटिस्फाइड नहीं। है उसका।
स्पीकर 2: तो वह तो सर आप सही बोल रहे हैं पर वह बोल रहे हैं। कि हम पहले ऑल कम्पोनेंट्स में हमको साइन करके दूं कि हमारे काम कम्प्लीट हो गया।
स्पीकर 1: है। नहीं। नहीं। ऐसे नहीं। है रुक जाइए में।... उसका दिलवाता हूं उसको ठीक है?
स्पीकर 2: और और इलेक्ट्रिक कार्ड और
स्पीकर 1: जितने भी साइन करेंगे।? मैं।... उसको पोर्ट कार्ड के लिए। बोला हूँ आप लोग। तो किसी ने भरवा नहीं। है पोर्ट कार्ड और सामने वाला सीधे खड़े होकर बोलता है कि हम पहले टीपीआई और एचपीसी के लोग। भी मना किए हैं, पोर्ट कार्ड भरने की कोई ज़रूरत नहीं। है इसमें
स्पीकर 2: कोई मना उन्होंने नहीं। किया। है
स्पीकर 1: ना ही कभी फाइनेंशियल इंजीनियर यही बोल रहे हैं। पता है? यह मेरी बात। को लेकर बहस भी हुई। है। तो वह सेम इंजीनियर बोल रहे हैं, भैया हम हम आपने पहले क्यों? नहीं। बोला था जब फोरकास्टिंग हो रहा था तो? तो मैं।... बोला ऐसा ही नहीं। हुआ कि अभी वह कोड कार्ड लेकर खड़ा है। हां। अभी क्या? करना है? अभी तो स्कोरकार्ड करिए जितना आपको? सही लग रहे हैं। वह ठीक है उतना करिए पुराने ऑब्जर्वेशन देख लीजिए। कुछ ऑब्जर्वेशन तो नहीं। थे। कोई ऑब्जर्वेशन नहीं। वहां के। तो विजय स्कोरकार्ड में साइन करने की कोई दिक्कत नहीं। है अभी? नहीं। कोर कार्ड में साइन करने में कोई दिक्कत नहीं। है। 4 कार्ड कम्प्लीट तो होता है। हां कंक्रीट का है कोर कार्ड में एक चीज़ ज़रूर ध्यान दे दीजिएगा कोर कार्ड जब जब भी साइन करेंगे।? कि जो भी क्यूब टेस्ट की डेट होगी फिर्स्ट क्यूब टेस्ट मतलब 7 दिन का क्यूब टेस्ट होगा ना? हां हां हां। जिस समय पर 4 कार्ड भरा होगा उससे मतलब 7 दिन की जो भी हो गई उसके पहले का। एक हफ्ते पहले का या फिर जिस डेट पर क्यूब भरे गए हैं सेम डेट का 4 कार्ड होगा ऐसा नहीं। कि वह कुछ भी मन से उठा कर ले आया और आप आंख बंद करके साइन कर दो। हां। तो हर एक चीज़ में यह चीज़ Ensure कर लीजिएगा कि किस कम्पोनेंट का सुप्पोज़ दैट पुटिंग का पोर कार्ड है तो पुटिंग का पोर कार्ड का कास्टिंग कब हुई।? नहीं। तो उठाकर ले आएगा तब और बाद में पता चला वह क्यूब से मैच ही ना करे कहीं पर कि क्यूब भरे गए हैं आपके एक महीने पहले एक महीने बाद तो कोर कार्ड साइन है। तो यह चीज़ है थोड़ा सा दिमाग लगाकर उससे पुछ पा के और फिर साइन करिएगा। ठीक है? हां हां हां। आपके पास डिटेल हो अगर कहीं पर फोन वोन कि हां इसकी कास्टिंग एडिट हुई। थी फोटो वगैरह हो तो उससे भी आप क्रॉस चेक कर सकते हैं, ठीक है? ठीक है विजय कि अभी अभी कौन हो दिक्कत? हैं? ठीक है ना?
स्पीकर 2: ठीक है, पर वह क्यों? कब पता कैसे चलेगा? यह लोग। बताएंगे तब ना कि इस डेट को।
स्पीकर 1: अरे वाह, फिर वही बात। है यार। यूपीआई का रजिस्टर होगा उधर से। अपना आदमी एक तो बैठा है। हां हां। संबंध तो होंगे नहीं। व्यवहार तो होंगे नहीं। आप लोगों के उससे। काम तो सभी साथ... में कर रहे हैं दो साल से। एक बार फोन लगा। लो उसको कि भैया वह उनका क्यूब रजिस्टर होगा क्यूब रजिस्टर में नहीं। है। तो आप अपना समय निकालकर एक एक आदमी चले जाऊँ, यार में वहां क्यूब रजिस्टर होगा। जितने गार्ड रूम हैं जितने वह हैं उनके सबका क्यूब रजिस्टर में किस डेट का कॉलम की फिटिंग हुई। है? कॉलम की क्रियेटिंग का क्यूब आपने भरवाया है। अगर भरवाए होंगे तो वह सारी चीज़ मिलेंगी उधर से और नहीं। भरवाए होंगे तो अब क्या? बोले फिर उनका इंजीनियर तो सेम ही चीज़ बोल रहे हैं। कि सर आपके लोग। भी मना किए थे कि नहीं। यह सब भरवाने भरने की कोई ज़रूरत नहीं। है। तो वहाँ चले जाइए जाके इधर पर सारी डिटेल ले लीजिए। अब एक आदमी जाएगा। फिर वो आप लोग। क्या? करते हो अब विजय जाएगा। तो विजय अपनी अपनी टंकी बस की डिटेल ले आएगा यह नहीं। कि पूरे रीवा ब्लॉक की फोटो खींच के और एक जो रीवा ब्लॉक वाला ग्रुप होगा उसमें डाल दो विजय तो वह त्रिवेदी के काम में भी आ जाएगा।, विपुल के काम में भी, सबके काम में आ जाएगा।. कोई एक आदमी कर लो यह चीज़। ठीक है? ठीक है। ठीक है। ठीक है।","Speaker 1: नमस्ते, यह कॉल रिकॉर्ड की जा रही है। सौरभ सिंह का फोन आ रहा है।
Speaker 2: क्या है?
Speaker 1: हमें साइन करना है, लेकिन मुझे समझ नहीं आ रहा है कि कहाँ से शुरू करें। 4 कार्ड में साइन करना है।
Speaker 2: 4 कार्ड में साइन करने का क्या मतलब है?
Speaker 1: हाँ, मैंने पहले 4 कार्ड साइन किए थे। अब मुझे हिसाब देना है।
Speaker 2: हाँ, तो 4 कार्ड में साइन करने का मतलब है कि काम पूरा हो गया है।
Speaker 1: नहीं, ऐसा नहीं है। पहले हमें 4 कार्ड साइन करने होंगे, फिर इलेक्ट्रिक के आइटम लगाने होंगे।
Speaker 2: क्या 4 कार्ड में इलेक्ट्रिक के आइटम शामिल हैं?
Speaker 1: नहीं, 4 कार्ड में इलेक्ट्रिक के आइटम नहीं हैं।
Speaker 2: तो क्या हमें 4 कार्ड में साइन करना होगा?
Speaker 1: हाँ, हमें 4 कार्ड में साइन करना होगा।
Speaker 2: लेकिन क्या यह सही है?
Speaker 1: हाँ, यह सही है। हमें 4 कार्ड में साइन करना होगा।
Speaker 2: तो हमें क्या करना होगा?
Speaker 1: हमें 4 कार्ड में साइन करना होगा और फिर इलेक्ट्रिक के आइटम लगाने होंगे।
Speaker 2: क्या हमें कोई स्पेसिफिकेशन देनी होगी?
Speaker 1: नहीं, कोई स्पेसिफिकेशन नहीं है।
Speaker 2: तो हमें क्या करना होगा?
Speaker 1: हमें 4 कार्ड में साइन करना होगा और फिर इलेक्ट्रिक के आइटम लगाने होंगे।
Speaker 2: लेकिन क्या यह सही है?
Speaker 1: हाँ, यह सही है। हमें 4 कार्ड में साइन करना होगा।
Speaker 2: तो हमें क्या करना होगा?
Speaker 1: हमें 4 कार्ड में साइन करना होगा और फिर इलेक्ट्रिक के आइटम लगाने होंगे।
Speaker 2: क्या हमें कोई प्रूफ देना होगा?
Speaker 1: नहीं, कोई प्रूफ नहीं है।
Speaker 2: तो हमें क्या करना होगा?
Speaker 1: हमें 4 कार्ड में साइन करना होगा और फिर इलेक्ट्रिक के आइटम लगाने होंगे।
Speaker 2: लेकिन क्या यह सही है?
Speaker 1: हाँ, यह सही है। हमें 4 कार्ड में साइन करना होगा।
Speaker 2: तो हमें क्या करना होगा?
Speaker 1: हमें 4 कार्ड में साइन करना होगा और फिर इलेक्ट्रिक के आइटम लगाने होंगे।
Speaker 2: क्या हमें कोई आईएसआई मार्क देना होगा?
Speaker 1: हाँ, हमें आईएसआई मार्क देना होगा।
Speaker 2: तो हमें क्या करना होगा?
Speaker 1: हमें 4 कार्ड में साइन करना होगा और फिर इलेक्ट्रिक के आइटम लगाने होंगे।
Speaker 2: लेकिन क्या यह सही है?
Speaker 1: हाँ, यह सही है। हमें 4 कार्ड में साइन करना होगा।
Speaker 2: तो हमें क्या करना होगा?
Speaker 1: हमें 4 कार्ड में साइन करना होगा और फिर इलेक्ट्रिक के आइटम लगाने होंगे।
Speaker 2: क्या हमें कोई पोर्ट कार्ड देना होगा?
Speaker 1: नहीं, कोई पोर्ट कार्ड नहीं है।
Speaker 2: तो हमें क्या करना होगा?
Speaker 1: हमें 4 कार्ड में साइन करना होगा और फिर इलेक्ट्रिक के आइटम लगाने होंगे।
Speaker 2: लेकिन क्या यह सही है?
Speaker 1: हाँ, यह सही है। हमें 4 कार्ड में साइन करना होगा।
Speaker 2: तो हमें क्या करना होगा?
Speaker 1: हमें 4 कार्ड में साइन करना होगा और फिर इलेक्ट्रिक के आइटम लगाने होंगे।
Speaker 2: क्या हमें कोई क्यूब टेस्ट देना होगा?
Speaker 1: हाँ, हमें क्यूब टेस्ट देना होगा।"
12,"हां भैया, यह कॉल रिकॉर्ड की जा रही है। गाड़ी ठीक है भैया की तरह। हां हां सही है। हां।","Speaker 1: हां भैया, यह कॉल रिकॉर्ड की जा रही है। गाड़ी ठीक है भैया की तरह। हां हां सही है। हां।"
13,"हैलो। कहाँ हाल चाल है भईया? यह कॉल रिकॉर्ड नहीं किया जा रहा है। यह कहाँ से हैं अपन शिवपुरा वाले साइड में हां? हां हां जाऊँ, भाई। हार्ड रॉक का चित्त में हो गई। हां गई? आज मतलब कमरे में? जो इसकी पूर्व वाली साइडिंग पहले तो दिखे हैं। एमएस के लिए। कि डीआई एसडीपी एमएस एमएस एमएस एमएस तो पूरा हार्ड ड्रॉप है। उसका लेंथ बताओ? अब लेंथ कैसा बता दिए लगभग? जितना तू जेएमआर कहे है कितना डेप्थ के गए ऊपर? हैं? एवरेज जो जेएमआर कहे है हां। वह खैर एवरेज डेप्थ बता दे। लिंक हमारे पास ही है। बिट्स अपन कर जाएंगे, फंड्स क्यों? निकल आएगी वह? अरे काहे काहे के लिए। ला के बिल्ली? है ही ले रहे हैं हम तो एक बार अमाउंट डेडक्शन हुई। हार्ड वर्क के। हां। हां। हां। तो वह जेएमआर से देख ली ना जेएमआर भारत। अरे भाई कितना देख हम दोस्त को बता दे ना थोड़ा सा। अब हम का ऐसा याद थोड़ी ना है। हां तो देख ले थोड़ा बिल देख ले शायद ऐसा देख ले तू कहे हैं तू की जेब आ जैसे कहे। हम कहाँ है मिट्टी वाला ना कैलकुलेट के लिए। ऐसे भाई। अब मिट्टी वाला कहाँ कहाँ है तब वह एक्चुअल तो मालूम नहीं। आए। कहाँ कहाँ मिट्टी मिल गए हो मां। कैसा है तो कहना कि तय है तो मोटा मोटी तो बता सकते हैं, नहीं। बता सकते। मोटा मोटी लिख ले ही सात आठ किलोमीटर हो ही। तो देख ले एक भी अच्छे से हमारे पास मुझे मारते हैं मार हुए। फिर बता दें आपका।","Speaker 1: हैलो। कहाँ हाल चाल है भईया? यह कॉल रिकॉर्ड नहीं किया जा रहा है।
Speaker 2: यह शिवपुरा वाले साइड में है।
Speaker 1: हां, मैं जाऊँगा। भाई, हार्ड रॉक का चित्त में हो गई।
Speaker 2: हां, गई। आज मतलब कमरे में? जो इसकी पूर्व वाली साइडिंग पहले तो दिखे हैं। एमएस के लिए।
Speaker 1: कि डीआई एसडीपी एमएस एमएस एमएस एमएस तो पूरा हार्ड ड्रॉप है। उसका लेंथ बताओ?
Speaker 2: अब लेंथ कैसा बता दिए लगभग? जितना तू जेएमआर कहे है कितना डेप्थ के गए ऊपर?
Speaker 1: हैं? एवरेज जो जेएमआर कहे है हां। वह खैर एवरेज डेप्थ बता दे। लिंक हमारे पास ही है।
Speaker 2: बिट्स अपन कर जाएंगे, फंड्स क्यों? निकल आएगी वह?
Speaker 1: अरे काहे काहे के लिए। ला के बिल्ली? है ही ले रहे हैं हम तो एक बार अमाउंट डेडक्शन हुई।
Speaker 2: हार्ड वर्क के। हां। हां। हां। तो वह जेएमआर से देख ली ना जेएमआर भारत।
Speaker 1: अरे भाई कितना देख हम दोस्त को बता दे ना थोड़ा सा। अब हम का ऐसा याद थोड़ी ना है।
Speaker 2: हां तो देख ले थोड़ा बिल देख ले शायद ऐसा देख ले तू कहे हैं तू की जेब आ जैसे कहे।
Speaker 1: हम कहाँ है मिट्टी वाला ना कैलकुलेट के लिए। ऐसे भाई। अब मिट्टी वाला कहाँ कहाँ है तब वह एक्चुअल तो मालूम नहीं।
Speaker 2: आए। कहाँ कहाँ मिट्टी मिल गए हो मां। कैसा है तो कहना कि तय है तो मोटा मोटी तो बता सकते हैं, नहीं।
Speaker 1: बता सकते। मोटा मोटी लिख ले ही सात आठ किलोमीटर हो ही।
Speaker 2: तो देख ले एक भी अच्छे से हमारे पास मुझे मारते हैं मार हुए। फिर बता दें आपका।"
14,"Speaker 1: This call is now being recorded.
Speaker 2: हां बोलिए. कहने कहाँ है फिर दिखाऊ खाऊं? दस kilometer की लगभग वही. Depth Depth Depth. अब Depth वह सब जगह same थोड़ी नहीं।. Average? Average वह ना उस बिल में लिखा है तो उन लिख गई. यार कहूं मैं।... यह मैं।... बता ना कि हां इतने है. हम इसको complicated काहे के रहते हैं, जो
Speaker 1: बिल वहां देख ले, जो बिल में लिखा है कहे के लिए।.
Speaker 2: हां तो बिल मुझे इतने कहे उतना ना लिख दिया वह पांच, दो सौ लिख दे. बिल क्यों? समझे हम आते हैं. JAM आते हैं हम तो Tata से लेकर दिए हम तो एक meter की तो JAMRGa. कहाँ एक आध जगह हुई। तो वही कोई संबंध नहीं। हुआ. सभा में हैं हमको दिखाना. सात सौ और लीजिए।. हां हां. चौड़ाई. चौड़ाई Pipe के dia plus तीन तीन सौ बाहर में ली हुई। थी. दस दो minute ना. ना. लड़ाई तो
Speaker 1: हैं? दस kilometer हम बात। कर रहे हैं ना मैं।....
Speaker 2: हां लगभग दस kilometer हुई।. सात kilometer तक पहले line वहीं के उनहत्तर सौ के पीछे नहीं। के.
Speaker 1: सोलह हज़ार की कौन कौन link ID वहीं?
Speaker 2: बाइस ईसतरह है, चौदह है, ग्यारह है, दस है. हैं? ग्यारह kilometer दस और ग्यारह मिले है कि. अभी डाल ही रहे हैं मैं।... पर शर्मा.
Speaker 1: Link ID p 10 है? P
Speaker 2: 10 वही तीन ग्यारह वही तीन चौदह हुई। सत्रह ही बाइस है.
Speaker 1: यह बताओ भाई sir quantity तो बहुत है जी
Speaker 2: यार. हैं? अगर हम यह माने थे,
Speaker 1: हां. दस kilometer के बाद क्या? है तो दस हज़ार गुना 0.7 into 2.3.
Speaker 2: हां. इतने का quantity हुई।? हां.
Speaker 1: भैया तो बहुत quantity सोलह हज़ार एक सौ.
Speaker 2: हां. Cubic meter हैं.
Speaker 1: हां.
Speaker 2: तो ऐसा तोड़े वह जा रहा था कितना हैं. वह तो Pipe आप lift कहे तोड़ देता हूं वह ज़्यादा हैं मैं।... Pipe Pipe दायां मिलाए minus कर piping piping piping piping piping piping piping piping piping piping piping piping piping
Speaker 1: piping piping
Speaker 2: piping piping piping piping piping piping minus हुई। ना? नहीं। अपना पूरा निकाल रहने की मतलब hard drop कितना है कि मतलब यह बस निकाल रहने की कितनी Pipe डली? नहीं। नहीं। कितना hard drop blasting रहेगी? तो blasting तो फिर 2.02 0.3 है ही ना उनका. Sir 2.3 कहाँ deps maintain हुई।? Sir 2 तो वह maintain करेंगे।?. Sir 2 से ना अपना का calculate करे परी. सही बात। है समझ
Speaker 1: हैं? कभी भी आओ ज़्यादा quantity हुई। है ना. तब
Speaker 2: quantity तो होगा कभी देखिए, ok हिसाब से कहीं सीमेंट / Cement है कहीं हमें। contractor का? एक minute भैया कैसा साबित हुई। है कि heart drop का है? भाई heart drop भाई पत्थर blasting कहें। तब भी harder और हमारे का ही.
Speaker 1: समझ रहे हैं जी
Speaker 2: ठीक. अगर blasting करें।, अगर अपना देखिल ला कर की अगर blasting करें।, तो पि बाइस बस मैं।... इनको माटी मिली और पि चौदस में फुको मिली एक kilometer वह minus दस kilometer या आधे तीन kilometer minus सात kilometer है सत्तर सौ तैतीस meter fit 10. तीन एक बार चार kilometer है. हम्म हम्म. फिर चौदह है बारह सौ meter, फिर बाईस है ऐसे बारह सौ meter, फिर सत्रह है ऐसे कुछ meter बारह तेरह सौ meter. अभी तेईस, फिर तेईस मान लीजिए। आधा जो laptop पी तेईस सौ है कुछ. हां तो दस kilometer के ऊपर होते पर अपन इतने यहीं से अपनाक बतान. पूरे operation में कुछ माटी आ रही तो वह बिल्कुल बताई कि कहाँ से खेती आ रही. पर ताऊ जितना हम बतान उतने में peace chain में blasting है. इनका वह है correct है debit का correct
Speaker 1: है. हां
Speaker 2: तो debit तो हिसाब इनका 2 point contractor का कहीं blasting के 2.3 के पैसे। दे. भाई जान contractor inter blowing करा था हर team लगी रहेगी. हां. तो 5 2.3 के हिसाब से कितने पैसे। देंगे।?,. हां. चला देंगे।?, हम बात। कर देख लो रोहित से. ठीक ठीक","Speaker 1: यह कॉल अब रिकॉर्ड किया जा रहा है।
Speaker 2: हां बोलिए, दस किलोमीटर के आसपास की बात कर रहे हैं। वहां की गहराई अलग-अलग है, इसलिए औसत गहराई की बात करेंगे।
Speaker 1: बिल में जो लिखा है उसी के अनुसार देख लें, जो कहा गया है उसी के लिए।
Speaker 2: हां, बिल में लिखा है कि पांच सौ या दो सौ लिख दें, लेकिन मुझे लगता है कि यह सही नहीं है। हमें समझना होगा कि यह क्यों हो रहा है।
Speaker 1: क्या हो रहा है? हम दस किलोमीटर की बात कर रहे हैं।
Speaker 2: हां, लगभग दस किलोमीटर है। सात किलोमीटर तक पहले लाइन वहीं से शुरू होती है, लेकिन उसके पीछे नहीं।
Speaker 1: सोलह हजार की कौन-कौन सी लिंक आईडी वहीं हैं?
Speaker 2: बाइस, ईसतरह, चौदह, ग्यारह, दस हैं। ग्यारह किलोमीटर और दस किलोमीटर मिले हैं कि नहीं।
Speaker 1: लिंक आईडी पी 10 है?
Speaker 2: हां, 10 वही है, तीन ग्यारह वही है, तीन चौदह हुई, सत्रह ही बाइस है।
Speaker 1: भाई, साहब, यह बताओ कि क्वांटिटी तो बहुत है जी।
Speaker 2: यार, अगर हम यह मानें तो।
Speaker 1: हां, दस किलोमीटर के बाद क्या? है तो दस हजार गुना 0.7 इनटू 2.3।
Speaker 2: हां, इतने का क्वांटिटी हुई।
Speaker 1: भैया, तो बहुत क्वांटिटी सोलह हजार एक सौ।
Speaker 2: हां, क्यूबिक मीटर हैं।
Speaker 1: हां।
Speaker 2: तो ऐसा तोड़े जा रहा था कि कितना है। वह तो पाइप आप लिफ्ट कहे तोड़ देता हूं, वह ज्यादा है।
Speaker 1: पाइपिंग पाइपिंग।
Speaker 2: पाइपिंग पाइपिंग पाइपिंग पाइपिंग माइनस हुई, ना? नहीं। अपना पूरा निकाल रहने की मतलब हार्ड ड्रॉप कितना है, कि मतलब यह बस निकाल रहने की कितनी पाइप डली?
Speaker 1: कभी भी आओ ज्यादा क्वांटिटी हुई। है ना।
Speaker 2: क्वांटिटी तो होगा, कभी देखिए, ओके हिसाब से कहीं सीमेंट/सीमेंट है कहीं हमें। कॉन्ट्रैक्टर का? एक मिनट भैया, कैसा साबित हुई। है कि हार्ड ड्रॉप का है।
Speaker 1: समझ रहे हैं जी।
Speaker 2: ठीक, अगर ब्लास्टिंग करें। अगर अपना देखिल ला कर कि अगर ब्लास्टिंग करें, तो पी बाइस बस में। इनको माटी मिली और पी चौदस में फुको मिली एक किलोमीटर वह माइनस दस किलोमीटर या आधे तीन किलोमीटर माइनस सात किलोमीटर है।
Speaker 1: है।
Speaker 2: तो डेबिट तो हिसाब इनका 2 पॉइंट कॉन्ट्रैक्टर का कहीं ब्लास्टिंग के 2.3 के पैसे दें। भाई जान कॉन्ट्रैक्टर इंटर ब्लोइंग करा था हर टीम लगी रहेगी। हां, तो 5 2.3 के हिसाब से कितने पैसे देंगे?
Speaker 1: ठीक।
Speaker 2: ठीक, चला देंगे। हम बात कर देख लो रोहित से। ठीक।"
15,"हां, नकसबा खाते समय नहीं है। अभी यह बड़ा व्यस्त चल रहे हैं। ना यह दोस्त। अच्छा जी। हां। पहले छह एक सौ हो गया। हां। कब है कि समय दे दे यह उठा? सूखा तू दे दे। कल परसों नर्सों और सुनाओ कल तो हमारे अब। वह तो कहीं से कि कल वह जन उपस्थित नहीं। तो तुम, कैसे बात करे। परी कहो उसने बात कर ही। वह तो काम ही नहीं कराएंगे दीपक ने सर अबे हैं कैसे आन है हमारी। अच्छी नहीं। सुना है ना। दीपक फोन स्विच ऑफ का है। हां। बताइए। क्या? कर रहे हो? ठीक। हमारे हैं सहीं हैं ही टोटल कंप्लेंट। हां हां बाकी अन्य उखड़े हैं। वही तो तो कहीं दे तो कोर्ट क्लोज कर कहीं तो थोड़ी ना बंद हुई। फिर हो ही गई। हो गई लेकिन माने तब तो मनहुतत नहीं। आई। वह तो ठीक हैं तो अपन गलती कौन नहीं। कर दे भाई कॉन्टैक्ट हैं वह बंद करके रहता हैं। हां। अरे कितने ऑफर जो हैं वह सब साइन कब रुकवा दे तो कहीं तो करा हैं कहाँ पर? अरे इनके बस कोई नहीं। हैं कुछ नहीं। चलो। ठीक हैं। ठीक हैं ठीक हैं।","Speaker 1: हां, नकसबा खाते समय नहीं है। अभी यह बड़ा व्यस्त चल रहे हैं।
Speaker 2: ना यह दोस्त। अच्छा जी। हां। पहले छह एक सौ हो गया। हां। कब है कि समय दे दे यह उठा?
Speaker 1: सूखा तू दे दे। कल परसों नर्सों और सुनाओ कल तो हमारे अब।
Speaker 2: वह तो कहीं से कि कल वह जन उपस्थित नहीं। तो तुम, कैसे बात करे। परी कहो उसने बात कर ही।
Speaker 1: वह तो काम ही नहीं कराएंगे दीपक ने सर अबे हैं कैसे आन है हमारी।
Speaker 2: अच्छी नहीं। सुना है ना। दीपक फोन स्विच ऑफ का है। हां। बताइए। क्या?
Speaker 1: कर रहे हो? ठीक। हमारे हैं सहीं हैं ही टोटल कंप्लेंट। हां हां बाकी अन्य उखड़े हैं।
Speaker 2: वही तो तो कहीं दे तो कोर्ट क्लोज कर कहीं तो थोड़ी ना बंद हुई। फिर हो ही गई।
Speaker 1: हो गई लेकिन माने तब तो मनहुतत नहीं। आई। वह तो ठीक हैं तो अपन गलती कौन नहीं।
Speaker 2: कर दे भाई कॉन्टैक्ट हैं वह बंद करके रहता हैं। हां। अरे कितने ऑफर जो हैं वह सब साइन कब रुकवा दे तो कहीं तो करा हैं कहाँ पर?
Speaker 1: अरे इनके बस कोई नहीं। हैं कुछ नहीं। चलो। ठीक हैं। ठीक हैं ठीक हैं।"
16,"Speaker 1: हां. देख साले यहाँ भी include है. AC चालू करते जा आपके बिना AC के.
Speaker 2: अब यार AC के. नहीं। AC तो चल रहे हैं कर ही बिना AC कैसा
Speaker 1: होगी. वह है यार तो फिर AC का ज़्यादा लागा था तेल?
Speaker 2: नहीं। लागा भाई कितना ज़्यादा.
Speaker 1: कितना लागा था लगभग?
Speaker 2: तुझको नहीं। लागा था वही रहा था उसको अलग से नहीं। होता consider कर रखा है.
Speaker 1: अरे यह कहा था कि अलग से class है चार पांच सौ.
Speaker 2: नहीं। भाई. हां. इसके मालिक है मैं।... कल के दिन
Speaker 1: ना. हां वह पहुंच जाइए अपना तो location भर दे तो परी का कहाँ थे अभी वहां बैठे?
Speaker 2: हां मुझे घर ही नहीं। थे अभी थोड़ी. घर कहाँ से आ गया। था उधर पिता उधर bypass.
Speaker 1: अब मान लो बेटा
Speaker 2: उधर bypass से आ गई है. हां वह पैसे। बहुत दिखाता है. अम्मा गाड़ी जो EMI तीन तीन हज़ार
Speaker 1: में सब complete आना जाना होगा. तुम्हारे वाली
Speaker 2: तो मैंने पचपन से दे दिए.
Speaker 1: कौन गाड़ी का है ना अपना?
Speaker 2: गाड़ी तो हमारे खुद है गाड़ी का है कहाँ है?
Speaker 1: तो अपना खुद ही ना एक यार जानी friend वाले दो हज़ार जोड़ी के बतावत है. हां यह समय से season चल रहे हैं। ना तो दो हज़ार plus पर तोड़ पा रहे हैं. चलो। ठीक है हम बताएं. पांच हज़ार तक में चल
Speaker 2: पांच हज़ार और ज़्यादा है.
Speaker 1: पैंतालीस सौ रुपया में वह कहाँ लाकर without AC के. AC चलवाओ तो पांच हज़ार रूपया. AC चल जाओगे? हम पैंतालीस सौ हम हम पैंतालीस सौ हम पांच हज़ार में ही तो ले जा रहे हैं की हम घुमा के चले जा रहे हैं. हां. अपना direct गाड़ी जान लाई हम कहाँ है कहीं थोड़ा घुमा रहे हैं मऊगंज का ही ले जा रहे हैं लूटा गाड़ी. हां. ऐसे हम तो ज़्यादा देख पा रहा था अपना कहा कि कहाँ लागती ऐसा अगर चल रही है तो पांच हज़ार नाम ले जा. हां और पांच हज़ार से कम.
Speaker 2: नहीं। सुबह सुबह time जिसका मैंने निकला एक plan बनाए हैं पांच बज बजे। या छह बजे। करीब. तो जो तीन घंटा हो गई AC चल गए ना कर ही AC जो चली उस आम उनके चली है तो बाहर के time में चले.
Speaker 1: हां तो कोई तो मान ले जब चली तो आखिर चली खाइए हमारे हिसाब से अपना गाली रखे हैं उतना ही जब होगा.
Speaker 2: वह नहीं। बात। जो रहा थी आदमी से हुआ ना देख अबे.
Speaker 1: नहीं। तो पैंतालीस तो वह ईशान मांगल लाख without AC की. हां. अब अपना AC zone चलवाओ तो उसके हिसाब से होता है जब भी चार सौ zone वही manage कर लेगा.
Speaker 2: Toll सोल सब होएगी.
Speaker 1: सब हो चुकी है. पैंतालीस सौ ना मांगी फिरते मां. पैंतालीस सौ ना पैंतालीस सौ पचास में आ गए पर कहा था हम AC ने चालू करा तब हम फिर बिना AC किए समय गर्मी मेंगता आई पर ही कहोगे.
Speaker 2: बड़ी जी मैंने देखा लेकिन वह बढ़िया ही.
Speaker 1: बढ़िया ही ना उतरी जी गाड़ी से कहे थे हम पैदल चले गए.
Speaker 2: यह देखिए, हम ना जाता हूं ऐसा.
Speaker 1: अरे माने दूत सुने यहाँ की बात। कर पक्का है confirm कर ली तो फिर हम अपना का number दे दिए तो अपना बात। कर ले ही.
Speaker 2: नहीं। रुक जा एक घंटा तो हम बात। कर लेते फिर बताइए.
Speaker 1: और कहा है कि इस समय गाड़ी मिल नहीं। रही है ऐसे अपना कहीं लाख.
Speaker 2: हां वह तो.
Speaker 1: हां तो फिर अपना जैसा हो तो फिर बताइए अब.
Speaker 2: हां.
Speaker 1: हां.","Speaker 1: हां, देखिए यहाँ भी शामिल है। एयर कंडीशनर चालू करते जा रहे हैं, आपके बिना एयर कंडीशनर के नहीं।
Speaker 2: अब यार, एयर कंडीशनर के बारे में नहीं। एयर कंडीशनर तो चल रहे हैं, बिना एयर कंडीशनर के कैसे चलेंगे?
Speaker 1: यह होगी, यार। तो फिर एयर कंडीशनर का ज़्यादा तेल लगा था?
Speaker 2: नहीं, भाई। कितना ज़्यादा तेल लगा था?
Speaker 1: कितना तेल लगा था लगभग?
Speaker 2: तुझे नहीं। तेल लगा था वही रहा था, उसको अलग से नहीं। यह बात मैंने पहले ही सोच रखी थी।
Speaker 1: अरे यह कहाँ था कि अलग से क्लास है चार पांच सौ?
Speaker 2: नहीं, भाई। हां, इसके मालिक हैं मैं। कल के दिन..।
Speaker 1: ना, हां वह पहुँच जाइए। अपना तो लोकेशन भर दे तो परी का कहाँ थे? अभी वहाँ बैठे?
Speaker 2: हां, मुझे घर ही नहीं। थे अभी थोड़ी देर। घर कहाँ से आ गया? था उधर पिता उधर बायपास।
Speaker 1: अब मान लो बेटा।
Speaker 2: उधर बायपास से आ गई है। हां, वह पैसे। बहुत दिखाता है। अम्मा गाड़ी जो ईएमआई तीन तीन हज़ार।
Speaker 1: में सब काम पूरा होना होगा। तुम्हारे वाली..।
Speaker 2: तो मैंने पचपन से दे दिए।
Speaker 1: कौन गाड़ी का है ना अपना?
Speaker 2: गाड़ी तो हमारे खुद की है, गाड़ी का है कहाँ है?
Speaker 1: तो अपना खुद ही ना एक यार जानी फ्रेंड वाले दो हज़ार जोड़ी के बतावत हैं। हां, यह समय से सीज़न चल रहे हैं। ना तो दो हज़ार प्लस पर तोड़ पा रहे हैं। चलो, ठीक है हम बताएं। पांच हज़ार तक में चल।
Speaker 2: पांच हज़ार और ज़्यादा है।
Speaker 1: पैंतालीस सौ रुपया में वह कहाँ लाकर बिना एयर कंडीशनर के? एयर कंडीशनर चलवाओ तो पांच हज़ार रुपया। एयर कंडीशनर चल जाओगे? हम पैंतालीस सौ हम पैंतालीस सौ हम पांच हज़ार में ही तो ले जा रहे हैं कि हम घुमा के चले जा रहे हैं। हां, अपना डायरेक्ट गाड़ी जान लाई हम कहाँ है कहीं थोड़ा घुमा रहे हैं मऊगंज का ही ले जा रहे हैं लूटा गाड़ी। हां, ऐसे हम तो ज़्यादा देख पा रहा था अपना कहा कि कहाँ लगती ऐसा अगर चल रही है तो पांच हज़ार नाम ले जा। हां और पांच हज़ार से कम।
Speaker 2: नहीं। सुबह-सुबह टाइम जिसका मैंने निकला एक प्लान बनाए हैं पांच बजे या छह बजे। करीब। तो जो तीन घंटा हो गई एयर कंडीशनर चल गए ना कर ही एयर कंडीशनर जो चली उस आम उनके चली है तो बाहर के टाइम में चले।
Speaker 1: हां तो कोई तो मान ले जब चली तो आखिर चली खाइए हमारे हिसाब से अपना गाली रखे हैं उतना ही जब होगा।
Speaker 2: वह नहीं। बात। जो रहा थी आदमी से हुआ ना देख अबे।
Speaker 1: नहीं। तो पैंतालीस तो वह ईशान मांगल लाख बिना एयर कंडीशनर की। हां, अब अपना एयर कंडीशनर ज़ोन चलवाओ तो उसके हिसाब से होता है जब भी चार सौ ज़ोन वही मैनेज कर लेगा।
Speaker 2: टोल सोल सब होएगी।
Speaker 1: सब हो चुकी है। पैंतालीस सौ ना मांगी फिरते मां। पैंतालीस सौ ना पैंतालीस सौ पचास में आ गए पर कहा था हम एयर कंडीशनर ने चालू करा तब हम फिर बिना एयर कंडीशनर किए समय गर्मी मेंगता आई पर ही कहोगे।
Speaker 2: बड़ी जी मैंने देखा लेकिन वह बढ़िया ही।
Speaker 1: बढ़िया ही ना उतरी जी गाड़ी से कहे थे हम पैदल चले गए।
Speaker 2: यह देखिए, हम ना जाता हूं ऐसा।
Speaker 1: अरे माने दूत सुने यहाँ की बात। कर पक्का है कंफर्म कर ली तो फिर हम अपना का नंबर दे दिए तो अपना बात। कर ले ही।
Speaker 2: नहीं। रुक जा एक घंटा तो हम बात। कर लेते फिर बताइए।
Speaker 1: और कहा है कि इस समय गाड़ी मिल नहीं। रही है ऐसे अपना कहीं लाख।
Speaker 2: हां वह तो।
Speaker 1: हां तो फिर अपना जैसा हो तो फिर बताइए अब।"
17,"स्पीकर 1: हेलो.
स्पीकर 2: हां बोलिए. 
स्पीकर 1: यह कॉल है जो आ गया है। था ना गाड़ी बुक गई थी। हां हां हां। कितने वाले गेह रहे हैं?
स्पीकर 2: पांच हज़ार में।
स्पीकर 1: पांच हज़ार में।
स्पीकर 2: हां।
स्पीकर 1: कल हम कैसे गाड़ी आचाहिए? हां। मिल सके। किन पांच एक अलग देर है। कम गाड़ी लेकर आ रहे हैं?
स्पीकर 2: बोलेरो।
स्पीकर 1: रखे। रहे हैं। हां। तो अभी कल के दिन खाली उनको पूछा थोड़ा सा।
स्पीकर 2: हां पूछ लिए। थे उसका क्या? है कहाँ है?
स्पीकर 1: हां अब देखिए, एक मुंडन कराए हैं ना। तो कहा है हम लोग। एक गाड़ी है लेकिन हमारी। गाड़ी कम पड़ रही हैं। तब सोचे तो नहीं। काट थे कि राय से पहले ही। तीन छह बजे। आती तो फिर मैं। ... नहीं। बढ़िया।
स्पीकर 2: से। ऐसा हम तो रुक जाएँ, पूछते उसे।
स्पीकर 1: हां छोड़ पूछते
स्पीकर 2: हैं। हां हां।","Speaker 1: हेलो
Speaker 2: हां बोलिए
Speaker 1: यह कॉल है जो आ गया है। गाड़ी बुक हो गई थी। कितने वाले गेह रहे हैं?
Speaker 2: पांच हज़ार में
Speaker 1: पांच हज़ार में
Speaker 2: हां
Speaker 1: कल हमें कैसे गाड़ी आर्डर करनी है? मिल सके। क्योंकि पांच एक अलग समय है। कम गाड़ी लेकर आ रहे हैं?
Speaker 2: बोलेरो
Speaker 1: रखे हुए हैं। हां। तो अभी कल के दिन खाली उनको पूछा थोड़ा सा
Speaker 2: हां पूछ लिए। थे उसका क्या? कहाँ है?
Speaker 1: हां अब देखिए, एक मुंडन कराया है ना। तो कहा है हम लोग। एक गाड़ी है लेकिन हमारी गाड़ी कम पड़ रही हैं। तब सोचे तो नहीं। काट थे कि राय से पहले ही। तीन छह बजे। आती तो फिर मैं
Speaker 2: से। ऐसा हम तो रुक जाएँ, पूछते उसे
Speaker 1: हां छोड़ पूछते
Speaker 2: हैं। हां हां"
18,"हां बोलिए। सुन रहे थे कि हाल ही में प्रयागराज में गाड़ी बुक की गई थी। हां? अभी हाल ही में प्रयागराज में गाड़ी बुक की गई थी। कहाँ कह रहे हैं? प्रयागराज में कह रहे हैं कि अभी हाल ही में गाड़ी बुक गई थी। हां। हां। कितने में ले गए? हां। आवाज नहीं आ रही है।","Speaker 1: हां बोलिए। सुन रहे थे कि हाल ही में प्रयागराज में गाड़ी बुक की गई थी।
Speaker 2: हां? अभी हाल ही में प्रयागराज में गाड़ी बुक की गई थी।
Speaker 1: कहाँ कह रहे हैं? प्रयागराज में कह रहे हैं कि अभी हाल ही में गाड़ी बुक गई थी।
Speaker 2: हां। हां।
Speaker 1: कितने में ले गए?
Speaker 2: हां। आवाज नहीं आ रही है।"
19,"Speaker 1: This call is now recorded. Hello. Hello. Hello.","Speaker 1: यह कॉल अब रिकॉर्ड किया जा रहा है। नमस्ते।"
20,"Speaker 1: नहीं। नहीं।, कहीं बताई. कल से कह रहे हैं। वह CML line ना? वह बात। हो गई है अभी हम उनकी जाते हैं अलग है ना, उन्होंने कहा हम close करा कर के बताओ. अच्छा अच्छा. तो मिले? आई हो गया।. ठीक है हम पंद्रह बीस minute तक पहुंच जाऊँ, meeting में आओ. मुझे पता है phone ना हो पाई but वह नहीं। मिले tongue पीछे. पचहत्तर थे. पचहत्तर थे. हां. हां.","Speaker 1: नहीं, नहीं। कहीं बताई। कल से कह रहे हैं। वह सीएमएल लाइन ना? वह बात हो गई है। अभी हम उनकी जाते हैं अलग है ना, उन्होंने कहा हम बंद करा कर के बताओ। अच्छा अच्छा। तो मिले? आई हो गया। ठीक है हम पंद्रह-बीस मिनट तक पहुंच जाऊँ, मीटिंग में आओ। मुझे पता है फोन ना हो पाई लेकिन वह नहीं। मिले पीछे। पचहत्तर थे। पचहत्तर थे। हां। हां।"
21,"Speaker 1: This call is now being recorded. कहाँ से यहा काहेन? हां. कि इच्छा अपना का drawing भेजा है ना DIF के approve कराई है ना drawing. हां. देखी colony थोड़ा.
Speaker 2: Hello?
Speaker 1: ठीक है. भैया बताई. हां. यह जो 5 का इलाज है
Speaker 2: वहां. हां.
Speaker 1: MS5 का है. कहाँ image गए हैं? ऊपर देखी. ऊपर m s गए हैं. पता लगाए हैं ऊपर कहाँ नहीं। लगाया हैं. ऊपर का अब यह पूरा दया में अब यह पता कैसे चले कि कहाँ से कितना m s आए. अरे नहीं। भाई ऐसा समझे में लिखा हैं drip
Speaker 2: तो drip माने होते ही हैं डक्का इलारम.
Speaker 1: वही कही ला गया। अपना. यह जहां से color color change हुआ है MS का. हां जहां से color change हुई।. MS लगाए नहीं। आई तो बताई कैसा एक अब हम close कर ही दे.
Speaker 2: देख ले
Speaker 1: भईया issue अभी तुमको। हम दिख रहे हैं तो वहां हर चीज़ में issue वन जाते हैं क्या? होता है यह. Issue कहाँ ऐसा आंखें मूट के sign किया। जब नौकरी चली जाए वहां. देखिए, जो आंखे मूट के कह रहे हैं। तो निपट जाइए यही और बता दिया लेकिन वहां सब दिखाए नहीं। भाई की को कैसा लिख रहा. को दिखाई थी. वहां मियां meet जब हम training हो लागी तो यह दिखावत रहे हैं हम सबकी RFI खोल खोल देखा तो. अच्छा. हां. यहीं तो इतने online सब कुछ कह रहे हैं हमें।. देख लिया अब
Speaker 2: हम ना तो. वहां पर लगा। था कि नहीं। लगाए.
Speaker 1: वह बिंदु पर लड़ ले भाई इसका क्या?. अच्छा वह बिंदु पर लड़ाई वाली बात। ना हो है. हां. यह clam पर कहाँ नहीं। लगाया यही तक camp नहीं। लगाया यही तक का करे थे अभी है तो पुछ ही ला गए हैं इतने.
Speaker 2: कहाँ कहें।, कहाँ नहीं। लगाए हैं यह?
Speaker 1: Clamp clamp जब brassing में clamp लगा। है कि इनका.
Speaker 2: हां.
Speaker 1: तो आप clamp कौन नहीं। लगाया कहाँ?
Speaker 2: नहीं। लगाया है यह तो drawing तो काम तो नहीं। है इनका
Speaker 1: हां ठीक है
Speaker 2: ना.
Speaker 1: हां तो वह हम हमारे से पुछा था रहने कि भाई यह clamp दे ला रहे हैं ना?
Speaker 2: हां बिल्कुल बिल्कुल ना करा तो एक तो अगर वह लागत किए हैं कोई drawing काम नहीं। आ रहे हैं।. एक percent ठीक नहीं। करेंगे।? ज़रूरत.
Speaker 1: अबे बलकु ना. अबे, अबे क्यों? फिर बलकु बता दिया ना उनका. सौरभ सिंह के. सौरभ सिंह के.
Speaker 2: काहे खाते.
Speaker 1: अभी इतने tube व्यवस्था नहीं। हो पा रहे हैं पीने भर बाद दीजिए।. हां. हां तो आइए mam बता करा जाए.
Speaker 2: क्या? बताएं? हम तो भूल गए ना हां तो हम
Speaker 1: क्या? यह cube का आपका काम हैं.
Speaker 2: हां.
Speaker 1: वरना और poor card में sign कराना अगर नहीं। कराएंगे आपको? फिर EMI Dual में दिक्कत होगी तो फिर हमको मत मत बोलिएगा e बिल में हम आपके engineer को सही सलाह दे रहे हैं, भाई वह जो process हैं उसके तहत कर ले अब कहाँ पूरा बिल अब online होगा अब जब online हुई। तो हम हर चीज़ port card लागी inter tube लागी एक report लागी सात दिन आठ अट्ठाईस दिन वाली. हां. Cube number em o से decide होता है जैसा अपना safe नहीं। जब ना. हां. तो cube में number आ जाते तो वह cube में छबो cube में डाले पड़ा था. हां. अभी वह आदित्य प्रताप वह भेजे नहीं। जाएंगे। approve हो गई हमारी।. आप sign कर दो. हां. अब बताइए clamp नहीं। लगाया था हम कैसे sign करे दे. अब कल वह phone लगाए रहा भाई ऋषि
Speaker 2: शुक्ला. हां.
Speaker 1: ऐसे नितेश साहब, हम पहले साथ... भागा थे हां यह पुछा था कि यह काम कौन कराया है ना clamp लगा। है ना कुछ लगा। है सब sign कर दी आंखें मूंद के हां कल काहत रहा था अब हम बताइए क्या? कर जाइए हमें। अभी चार पांच टंकी मगर गिरे हैं इन में बेगम विहार 1 में ढाका गाड़ी 19 में 90 में 89
Speaker 2: में. हां.
Speaker 1: तो वह अपना काम भेजा ना कि हमे clamp जो लिखा लगा। के तो यह clamp नहीं। लगाए आए हैं. और दूसरा एक चीज़ है वह अपना बता देते रहा. हां. तेईस सौ नब्बे height.
Speaker 2: अच्छा जी. तेईस सौ नब्बे height काहे की? DIDF
Speaker 1: लगावे की.
Speaker 2: अच्छा हां ठीक
Speaker 1: है. Slowage bulb लगावे की.
Speaker 2: हां हां समझ गया।.
Speaker 1: पर हम यहाँ दो meter में मिले था दो meter में है तब यह case बताई. Plain protection के बाद, plain protection के बाद वह सोची. अबे कहीं plane protection का है नहीं। आई. मान ले plane protection कितना हुई। लगभग यह अपन यह beam ही ऐसे कितना height हुई।?
Speaker 2: कोई height नहीं। high level.
Speaker 1: High level ना? हां. और वह अभी ना है काम तो. क्योंकि बीम
Speaker 2: बीम ऊपर है हुई। plane photo एकदम से time देखी है. हां. Normally बीम के नीचे
Speaker 1: हां हां हां हां हां हां से कितना नीचे रही?
Speaker 2: के नीचे protection रही? हां देखी है तो एक बार normally है रहा sir. Drawing नहीं। दिखे मैंने, पर देखी
Speaker 1: है. हां हां हां.
Speaker 2: मतलब beam खुली रहे हैं। इधर.
Speaker 1: हां तो वह है अपना का ऐसे main लगाया ना हुआ था तब ठीक है. High to 8 ठीक है जो उन्हें high to कहाँ सही लगाए नहीं। आई एक high की issue दूसरा clamp नहीं। लगाए हैं यहीं तक. Clamp के case में कहाँ कर रहे थे कहा था कि आप RFI close कर दीजिए। उसमें observation लिख दिए थे observation में तो family inspection डाला तो दिक्कत ही भई. वही तो आप बोलना. यह तो बात।
Speaker 2: हैं, observation डाल दे.
Speaker 1: वह आदित्य लगाए रहे हैं कहीं उसमें observation लिख दीजिए। कि clamp नहीं। लगाए हैं आप और sign कर दीजिए।.
Speaker 2: कहीं पर एक आदमी चला कि comment में आपके अगर ज़्यादा हो कह दें एक आध समय में कभी कुछ नहीं। ज़्यादा हुई। तो रही inspection जी.
Speaker 1: Airport में clamp नहीं। लगाया है.
Speaker 2: नहीं। sir एक आध point लोग। comment में डाल सके। थे छोटी मोटी का भी. हां. लेकिन अगर बहुत बड़ी कमी है तब भी मुझे inspection का.
Speaker 1: अब अहमद देखिए, ना हिसाब से आपके late line में है कि clamp लगाना है. देखिए, ना each glasses निकलवा clamp लगावे का as per clause 12 point 2243.
Speaker 2: हां वह का stable करेंगे।? ठीक है.
Speaker 1: हां कहाँ नहीं। लगाया है यह दूसरा कहा है clamp जो लगाई
Speaker 2: है यह. हां.
Speaker 1: Claamp से Pipe की दूरी बहुत कहे हैं. हां. हां अपना आगे थोड़ा देख अब जब तक समझ में अपना कही. कहाँ सटा ही नहीं। आ पाई पोछे. ठीक है फिर लाल रंग.
Speaker 2: कल गलत समझ गया।. हां.
Speaker 1: तो भाई अपना कम पूजा प्रियांशी का case मैं।... अब कहाँ कर रही हूं sign करेगा कहाँ से sign कर दूं sign कर दूं. यह तो गलत है ना?
Speaker 2: गलत है तेरी।? हां. गलत है ही नहीं।.
Speaker 1: हां भाई गलत मैं।... हमारे को काम करना ही नहीं। है.
Speaker 2: ठीक है ठीक है.","Speaker 1: यह कॉल रिकॉर्ड किया जा रहा है। हमने ड्राइंग भेजी है और DIF से अप्रूवल लिया है।
Speaker 2: हैलो?
Speaker 1: ठीक है, भाई बताएं। यह जो 5 का इलाज है MS5 का है।
Speaker 2: वहां। हां।
Speaker 1: मैंने वहां तोड़-फोड़ करवाई है। ऊपर देखा, मैंने MS की जांच की है।
Speaker 2: तो ड्रिप माने होते ही हैं डक्का इलारम।
Speaker 1: वही कहीं ला गया। अपना यह जहां से कलर चेंज हुआ है MS का। हां, जहां से कलर चेंज हुई, वहां MS लगाए नहीं।
Speaker 2: देख ले
Speaker 1: भईया, इश्यू अभी तुम्हारे पास है। हम दिख रहे हैं तो वहां हर चीज़ में इश्यू आने जाते हैं क्या?
Speaker 2: हम ना तो... वहां पर लगा। था कि नहीं। लगाए।
Speaker 1: वह बिंदु पर लड़ ले भाई इसका क्या? अच्छा, वह बिंदु पर लड़ाई वाली बात। ना हो है। हां, यह क्लैंप पर कहां नहीं लगाया है।
Speaker 2: कहां कहें। कहां नहीं। लगाए हैं यह?
Speaker 1: क्लैंप क्लैंप जब ब्रासिंग में क्लैंप लगा। है कि इनका।
Speaker 2: हां।
Speaker 1: तो आप क्लैंप कौन नहीं। लगाया कहां?
Speaker 2: नहीं। लगाया है यह तो ड्राइंग तो काम तो नहीं। है इनका
Speaker 1: हां ठीक है
Speaker 2: ना।
Speaker 1: हां तो वह हम हमारे से पूछा था रहने कि भाई यह क्लैंप दे ला रहे हैं ना?
Speaker 2: हां बिल्कुल बिल्कुल ना करा तो एक तो अगर वह लागत किए हैं कोई ड्राइंग काम नहीं। आ रहे हैं। एक प्रतिशत ठीक नहीं। करेंगे। ज़रूरत।
Speaker 1: अबे बलकु ना। अबे, अबे क्यों? फिर बलकु बता दिया ना उनका। सौरभ सिंह के। सौरभ सिंह के।
Speaker 2: काहे खाते
Speaker 1: अभी इतने ट्यूब व्यवस्था नहीं। हो पा रहे हैं पीने भर बाद दीजिए। हां। हां तो आइए माम बता करा जाए।
Speaker 2: क्या? बताएं? हम तो भूल गए ना हां तो हम
Speaker 1: क्या? यह क्यूब का आपका काम है।
Speaker 2: हां।
Speaker 1: वरना और पूरा कार्ड में साइन कराना अगर नहीं। कराएंगे आपको? फिर ईएमआई डुअल में दिक्कत होगी तो फिर हमको मत मत बोलिएगा ई बिल में हम आपके इंजीनियर को सही सलाह दे रहे हैं, भाई वह जो प्रोसेस हैं उसके तहत कर ले अब कहां पूरा बिल अब ऑनलाइन होगा अब जब ऑनलाइन हुई।
Speaker 2: हां।
Speaker 1: तो cube में नंबर आ जाते तो वह cube में छबो cube में डाले पड़ा था। हां। अभी वह आदित्य प्रताप वह भेजे नहीं। जाएंगे। अप्रूव हो गई हमारी। आप साइन कर दो। हां। अब बताइए क्लैंप नहीं। लगाया था हम कैसे साइन करे दे।
Speaker 2: शुक्ला। हां।
Speaker 1: ऐसे नितेश साहब, हम पहले साथ... भागा थे हां यह पूछा था कि यह काम कौन कराया है ना क्लैंप लगा। है ना कुछ लगा। है सब साइन कर दी आंखें मूंद के हां कल कहत रहा था अब हम बताइए क्या? कर जाइए हमें।
Speaker 2: में। हां।
Speaker 1: तो वह अपना काम भेजा ना कि हमें क्लैंप जो लिखा लगा। के तो यह क्लैंप नहीं। लगाए आए हैं। और दूसरा एक चीज़ है वह अपना बता देते रहा। हां। तेईस सौ नब्बे हाइट।
Speaker 2: अच्छा जी। तेईस सौ नब्बे हाइट काहे की? डीआईडीएफ
Speaker 1: लगावे की। स्लोएज बुल्ब लगावे की।
Speaker 2: हां हां समझ गया।
Speaker 1: पर हम यहाँ दो मीटर में मिले था दो मीटर में है तब यह केस बताई। प्लेन प्रोटेक्शन के बाद, प्लेन प्रोटेक्शन के बाद वह सोची। अबे कहीं प्लेन प्रोटेक्शन का है नहीं। आई। मान ले प्लेन प्रोटेक्शन कितना हुई। लगभग यह अपन यह बीम ही ऐसे कितना हाइट हुई।
Speaker 2: कोई हाइट नहीं। हाई लेवल।
Speaker 1: हाई लेवल ना? हां। और वह अभी ना है काम तो। क्योंकि बीम
Speaker 2: बीम ऊपर है हुई। प्लेन फोटो एकदम से टाइम देखी है। हां। नॉर्मली बीम के नीचे
Speaker 1: हां हां हां हां हां हां से कितना नीचे रही?
Speaker 2: के नीचे प्रोटेक्शन रही? हां देखी है तो एक बार नॉर्मली है रहा सर। ड्राइंग नहीं। दिखे मैंने, पर देखी
Speaker 1: है। हां हां हां।
Speaker 2: मलतब बीम खुली रहे हैं। इधर।"
22,"यह कॉल अब रिकॉर्ड की जा रही है। हां बताइए। हां। यह आरएफआई फाइल डाली कि प्रोसेस आएगा हमें। बताइए ना? नहीं। पता नहीं। दिखाना अभी ड्यूटी के लिए। उम्र दिखाने के उसके बाद अस्सी, किसी के लिए। आया था। कितने दिन ली थी अपना तो? कहाँ से हैं ना अभी? है मार्केट है मतलब सॉरी यहीं के लिए। हां। हां बताओ। हां भैया। यह बताइए वह मैं। क्यूब टेस्टिंग कर रहे हैं, क्यूब फिल करे क्या? आरएफआई डाले का? तो क्या? चाहते हैं उनसे वह बता दो। ईएमआई यह नहीं। कंफर्म हो ही पा रहे हैं। कि कहा जो कब भरवाओ को उखाड़ यह ओह के एमए मॉड्यूल में डाल रहे थे कि क्यूब टेस्टिंग किया। डाले थे यह नहीं। समझ में आ रहा। वीडियो में जो उन्हें वह कॉन्ट्रैक्टर का आ गए हैं, फिर सात दिन बाद उसकी ओटीपी आई और फिर विटनेस कर ही। हां। तो कमजोरी क्यों? ही है कहाँ से कर रहे हो तू तो बस क्यूब भर के दे सकते हैं ना। तो क्यूब भर के तो मान लो हम आरएफआई में डाल देते हैं ट्यूब भरें। हां। वह चेक वहां वाले कर ही। है ना। अरे हम करे पाओ। यह तो काम उनका रहे हैं। ना डीबीएल वाले क्या? है ना कि आरएफआई हमें। रेज करें। हम। बिल्कुल बिल्कुल आरएफआई तो नहीं। रेज करेंगे। तू बस वह खा एक्सेप्ट रिजेक्ट कर ले और अपना यह वीडियो देख ले दो मिनट फिर हमको बता देंगे। चलो। हम देखते हैं बता देंगे। हां। भेजिए अपना का वीडियो? हां भेज। हम भेज रहे हैं थोड़ा देख लीजिए। हम कहीं बोल रहे हैं नहीं। चलाते।","Speaker 1: यह कॉल अब रिकॉर्ड की जा रही है। हां बताइए।
Speaker 2: हां। यह आरएफआई फाइल डाली कि प्रोसेस आएगा हमें। बताइए ना?
Speaker 1: नहीं। पता नहीं। दिखाना अभी ड्यूटी के लिए। उम्र दिखाने के उसके बाद अस्सी, किसी के लिए। आया था।
Speaker 2: कितने दिन ली थी अपना तो? कहाँ से हैं ना अभी? है मार्केट है मतलब सॉरी यहीं के लिए।
Speaker 1: हां। हां बताओ। हां भैया। यह बताइए वह मैं। क्यूब टेस्टिंग कर रहे हैं, क्यूब फिल करे क्या?
Speaker 2: आरएफआई डाले का? तो क्या? चाहते हैं उनसे वह बता दो। ईएमआई यह नहीं। कंफर्म हो ही पा रहे हैं।
Speaker 1: कि कहा जो कब भरवाओ को उखाड़ यह ओह के एमए मॉड्यूल में डाल रहे थे कि क्यूब टेस्टिंग किया। डाले थे यह नहीं। समझ में आ रहा।
Speaker 2: वीडियो में जो उन्हें वह कॉन्ट्रैक्टर का आ गए हैं, फिर सात दिन बाद उसकी ओटीपी आई और फिर विटनेस कर ही।
Speaker 1: हां। तो कमजोरी क्यों? ही है कहाँ से कर रहे हो तू तो बस क्यूब भर के दे सकते हैं ना।
Speaker 2: तो क्यूब भर के तो मान लो हम आरएफआई में डाल देते हैं ट्यूब भरें। हां। वह चेक वहां वाले कर ही। है ना।
Speaker 1: अरे हम करे पाओ। यह तो काम उनका रहे हैं। ना डीबीएल वाले क्या? है ना कि आरएफआई हमें। रेज करें। हम। बिल्कुल बिल्कुल आरएफआई तो नहीं। रेज करेंगे।
Speaker 2: तू बस वह खा एक्सेप्ट रिजेक्ट कर ले और अपना यह वीडियो देख ले दो मिनट फिर हमको बता देंगे। चलो। हम देखते हैं बता देंगे।
Speaker 1: हां। भेजिए अपना का वीडियो?
Speaker 2: हां भेज। हम भेज रहे हैं थोड़ा देख लीजिए। हम कहीं बोल रहे हैं नहीं। चलाते।"
23,"तिवारी जी हाल चाल है भैया साहब, कहाँ है अनूपस? कौन है इतनी मंथन मां जाता है न? कहाँ है हाल चाल? 
अभी ठीक है. 
कहाँ चल रहे हैं, बे मुलाक़ात? 
मुलाकात अभी नहीं हो पाई. 
हां कहे थे कि बुलाएंगे 
रहे हैं, बुलाए रहे हैं तो बताना, वह दिन परसों मामा जी खत्म हो गए हैं. 
हां. 
तो सपना निकल गए हैं तो 
तब से फिर अभी तक समय नहीं मिला. 
मिले अभी हां कल रात के लॉकडाउन सपना से परिवार सहित, अब देखी कहाँ तक मां? 
चाल तो ज़रूरी है अभी, हैं? हां भई हम सोचने से हाल चाल पूछ रहे हैं. 
हां नहीं, होगी वह जाने में है, हां, वह बात, हमारी चलीन रहेगी, रोज़ रोज़ बाकी. कहाँ कहाँ चीज़ बिगड़ी हुई है, है फिर सैलरी साल में नहीं होती है हमें, थोड़ा समय लागत, हाँ, हाँ, सही बात है. 
तो उमा उमा ब्लास्ट भईया है अपन और वो सब भईया है हां ठीक है उमा हां. 
वो कहा है समय सूरत के? 
समय लागत है वो चीज़े बड़े स्तर में कर ही पड़ी नहीं, समझ रहे हैं ना वो यहाँ से हम ना हो भाई यहाँ कहा है जितना ज़्यादा जो हम अप्रोच रहे आदमी उसके लिए, है ना वो जो हम अपना बात कह रहे हैं, लोकल नेट और लोकल आदमी वो एक थे वो रहा था उनका लोग, उनके है ना. 
ये मन मत है यह है कि हाँ, हम हो लोकल है यहाँ. 
हाँ, हम लोकल हमरो से संबंध है है ना जिसे नीति सिंह ने कहा है हम लोकल है हमरो तो नेटों से संबंध है है ना भाई हम पहले भाई दुष्यंत सिंह के तृतीय भतीजे उनके साथ... ही राहत है ना गेंद सिंह के साथ... है ना, ढिल्लन हैं और ऐसे सब के तब उन्होंने कहा था कि हमारे रोड से संबंधित है ना. 
अब 
तो कहा ना कहा आपस में क्रॉस टूट जाते हैं ना भई एक दूसरे की शक्ति बराबर हो जाती है. 
बराबर हो जाती है वह है और जैसे मान लीजिए, हम विधायक जी से कहेंगे ठीक है तो विधायकों की हमारे कैसे मतलब अब लपटे पर ही ना है ना है ना भाई अब हमारे कैसे में एक व्यक्ति दूर है कि कहीं कि भाई ठीक है देख लीजिए, इनका कराइए है ना सामने वाला का कही देख है बड़ा बुद्धिमान व्यक्ति है जी साहब, देखता हूँ कराता हूँ है ना भाई हम अपन ऐसे कौन चीज़ कहेगी तो साहब, अपना देख लेते हैं हम लोग, कहा हां वो देख ले एक चीज़ है ना तो अपन कहीं नहीं, रहना हम उसे ज़्यादा बोल ही नहीं, सके, अपना ज़रिया तो सकी नहीं, हैं, से हम लपेट सकी नहीं, भाई हमरो बजाय का हमरो गरिमा ही है ना हम हूं अब वही का अबलचंद तो है नहीं, कि अब जो बहुते खास हैं जब हम बहुलड़ब तो फिर हम मौका गयी तो फिर विधान सभा में हुआ रखी ट्रांसफर कराई नौकरी से तो खत्म नहीं, कह सकी है ना तो वह बहुत ओवर लेवल की बात, आई अब. 
वह चाहते हैं, वहां ट्रांसफर भी जाए. 
अब वह चाहते हैं, हम आपको? ट्रांसफर करा दे बड़ा मलाई. 
क्यों? बड़ा आदमी सामने आए खड़ा हो. 
जाए खड़ा हो जाए हम मरते हो जाए फ्री फोकट मани ट्रांसफर को पैसे, दिया दस बीस लाख. 
हां दस लाख रुपए कम से कम चाहिए. 
है ना हां वह अब बुद्धिमान ही लगा, रहे हैं, ना मना ही करे जी साहब, जी साहब, येस साहब, सबसे कही दे रहे थे हां हैं ठीक है साहब, देखता हूं करता हूं करवाता हूं फिर हां हैं अब यह लागत है कि थोड़ा सा बड़े स्तर में हो जगत हमारे विभाग किसी निर्णय की बात, माने जैसे एमडी हो ही गया, वह बड़े अधिकारी हैं, नहीं. 
एमडी साहब, कहीं तो खड़े सर हुई, है ऐसा नहीं, है. 
है ना? हां हां वह है कि थोड़ा सा केंद्रीय मंत्री एमडी वम्दू भोपाल की टीम जो कही हां, एक आदू जन आप आना वह हैं जलने का अम्मा, हां, विषय के यहाँ ही भोपाल में जलने का मजबूती कर रहे थे, हां हां हां, अब हमें, काज दो दिन के अंदर मतलब भोपाल निकला अब अब जार दोपहर में बनाकर काजल नेता जी का ताकि है उन्होंने जाल्ला के भोपाल. 
हां. 
हम सोच रहे हैं उन्हीं के साथ... ही निकल गई तो हमेशा ठीक रहेगी. 
हां अभी सर जियो लाइन है कि मुझे दोपहर जी की. 
मीटिंग करे. 
थे बताओ उन्हें कहा था कैसे सर्वाइव करें,.. 
बड़ी दिक्कत है साहब, अभी यह रहा कि अगर कई सौ महीने भी चार छह महीने का ही वह काट ले हैं ना, बस सात कट यार, हम अपना को बताइए हम आकर एक बार दो चार महीना क्या? मन हैं, हैं ना, हां, चार छह महीने यह मान ले की पंचायत हा जा अब अब फिर, तो चार छह महीने बाद यहाँ काम रखवो कर दी ताऊ मूड की गिर रहे हैं. 
नाहड़ कचर कचर कचर कचर. 
कचर कचर, चार चार छह महीना बाद इतने कचर पच्चर हुई, थी बस आज की बार अपना देख सब, जब उन्हें खुदे लागे कि यार हद हम तुहा नौकरी छोड़े झील ला गए, ऐसे कि कोई काम कर ही ना, है ना, घर घर कनेक्शन घर घर आधार कार्ड यह लीकेज वह लीकेज. 
वह नहीं..., हां भाई चलिन रहा भाई वह डेली मीटिंग पर जो है तो कहा था कि एचएससी वरिफाई करो. 
हां, एचएससी करो, हाइड्रो टेस्टिंग कहूं भय नहीं, आए हैं, पांच सौ लेकर गई हैं पाइप फटी हैं पाइप नहीं, डलियाँ आई कितना जवाहर है, रोज़ मीटिंग रोज़ मीटिंग लेंगी रोज़ उपवास देगे रोज़ परेशान करेंगे. 
सब तो लफड़ा है लेकिन नौकरियों कहाँ मिल रही है ना यार इतने आसानी से. 
हां वह है मतलब आज ही कही जो चार छह महीने कट जाए तो कहा बरसात तक में बरसात के बाद जो चार्ट प्रोजेक्ट रिव्यू में चालू हो वाले ही, है ना तो हमारे को क्या? कहीं ना कहीं रास्ता निकल आएगा अभी आदमी प्रयास करेगा तो. 
और वो सही हो रहे हैं, वो वाले इनको ना अपडेट नहीं आया. 
वो अपडेट सब आई हम बताने की वो बस जहा के बाद तीन चार महीने के बाद वो चल गया, चालू हो जाए अभी ऊपर सब जो है सब कुछ होके होएगा जाएंगे, अप्रूव्ड वही यही सब वह होएगा है, हैं हां वह फिर बिडिंग, वह फिर बिडिंग का चालू हुई, सब टेंडर डाल रहे हैं कंसल्टेंट टेंडर दिल्ली. 
हैं..., कंसल्टेंसी के लगा, है टेंडर? 
हां, कंसल्टेंसी के लगा, है, लोकल लगा, है वह सब बहुत तेजी से प्रोजेक्ट चालू हो गई मतलब यह अपना लिख ले बरसात के बाद वह काम चालू हो गई थी. 
मतलब अभी सितंबर सितंबर तक. 
हां हां, आज, अगर सितंबर के बाद तुम्हें काम चालू हो जाएगी. 
तो वह घुस ही जाएगा, पहली मिठाई बनाई तो. 
हां वह है क्या? कहना कि वह पहले शहर के काम हैं, है ना. 
काम चली वह चार पांच साल. 
आराम से, आराम से वह है मतलब हुआ है, वह है. 
अभी..., सर मीटिंग दिख रही हूं. 
देख जाएंगे, देख लें, देख लीजिए, हां, फिर दरबार हो जाऊं लगाओ, हां.","Speaker 1: तिवारी जी हाल चाल है भैया साहब, कहाँ है अनूपस? कौन है इतनी मंथन मां जाता है न? कहाँ है हाल चाल?
Speaker 2: अभी ठीक है।
Speaker 1: कहाँ चल रहे हैं, बे मुलाक़ात?
Speaker 2: मुलाकात अभी नहीं हो पाई।
Speaker 1: हां कहे थे कि बुलाएंगे रहे हैं, बुलाए रहे हैं तो बताना, वह दिन परसों मामा जी खत्म हो गए हैं।
Speaker 2: हां।
Speaker 1: तो सपना निकल गए हैं तो तब से फिर अभी तक समय नहीं मिला।
Speaker 2: मिले अभी हां कल रात के लॉकडाउन सपना से परिवार सहित, अब देखी कहाँ तक मां?
Speaker 1: चाल तो ज़रूरी है अभी, हैं? हां भई हम सोचने से हाल चाल पूछ रहे हैं।
Speaker 2: हां नहीं, होगी वह जाने में है, हां, वह बात, हमारी चलीन रहेगी, रोज़ रोज़ बाकी।
Speaker 1: कहाँ कहाँ चीज़ बिगड़ी हुई है, है फिर सैलरी साल में नहीं होती है हमें, थोड़ा समय लागत, हाँ, हाँ, सही बात है।
Speaker 2: तो उमा उमा ब्लास्ट भईया है अपन और वो सब भईया है हां ठीक है उमा हां।
Speaker 1: वो कहा है समय सूरत के?
Speaker 2: समय लागत है वो चीज़े बड़े स्तर में कर ही पड़ी नहीं, समझ रहे हैं ना वो यहाँ से हम ना हो भाई यहाँ कहा है जितना ज़्यादा जो हम अप्रोच रहे आदमी उसके लिए, है ना वो जो हम अपना बात कह रहे हैं, लोकल नेट और लोकल आदमी वो एक थे वो रहा था उनका लोग, उनके है ना।
Speaker 1: ये मन मत है यह है कि हाँ, हम हो लोकल है यहाँ।
Speaker 2: हाँ, हम लोकल हमरो से संबंध है है ना जिसे नीति सिंह ने कहा है हम लोकल है हमरो तो नेटों से संबंध है है ना भाई हम पहले भाई दुष्यंत सिंह के तृतीय भतीजे उनके साथ... ही राहत है ना गेंद सिंह के साथ... है ना, ढिल्लन हैं और ऐसे सब के तब उन्होंने कहा था कि हमारे रोड से संबंधित है ना।
Speaker 1: अब तो कहा ना कहा आपस में क्रॉस टूट जाते हैं ना भई एक दूसरे की शक्ति बराबर हो जाती है।
Speaker 2: बराबर हो जाती है वह है और जैसे मान लीजिए, हम विधायक जी से कहेंगे ठीक है तो विधायकों की हमारे कैसे मतलब अब लपटे पर ही ना है ना है ना भाई अब हमारे कैसे में एक व्यक्ति दूर है कि कहीं कि भाई ठीक है देख लीजिए, इनका कराइए है ना सामने वाला का कही देख है बड़ा बुद्धिमान व्यक्ति है जी साहब, देखता हूँ कराता हूँ है ना भाई हम अपन ऐसे कौन चीज़ कहेगी तो साहब, अपना देख लेते हैं हम लोग, कहा हां वो देख ले एक चीज़ है ना तो अपन कहीं नहीं, रहना हम उसे ज़्यादा बोल ही नहीं, सके, अपना ज़रिया तो सकी नहीं, हैं, से हम लपेट सकी नहीं, भाई हमरो बजाय का हमरो गरिमा ही है ना हम हूं अब वही का अबलचंद तो है नहीं, कि अब जो बहुते खास हैं जब हम बहुलड़ब तो फिर हम मौका गयी तो फिर विधान सभा में हुआ रखी ट्रांसफर कराई नौकरी से तो खत्म नहीं, कह सकी है ना तो वह बहुत ओवर लेवल की बात, आई अब।
Speaker 1: वह चाहते हैं, वहां ट्रांसफर भी जाए।
Speaker 2: अब वह चाहते हैं, हम आपको? ट्रांसफर करा दे बड़ा मलाई।
Speaker 1: क्यों? बड़ा आदमी सामने आए खड़ा हो।
Speaker 2: जाए खड़ा हो जाए हम मरते हो जाए फ्री फोकट मани ट्रांसफर को पैसे, दिया दस बीस लाख।
Speaker 1: हां दस लाख रुपए कम से कम चाहिए।
Speaker 2: है ना हां वह अब बुद्धिमान ही लगा, रहे हैं, ना मना ही करे जी साहब, जी साहब, येस साहब, सबसे कही दे रहे थे हां हैं ठीक है साहब, देखता हूं करता हूं करवाता हूं फिर हां हैं अब यह लागत है कि थोड़ा सा बड़े स्तर में हो जगत हमारे विभाग किसी निर्णय की बात, माने जैसे एमडी हो ही गया, वह बड़े अधिकारी हैं, नहीं।
Speaker 1: एमडी साहब, कहीं तो खड़े सर हुई, है ऐसा नहीं, है।"
24,"बताएं तिवारी जी। 
क्या? बताई? 
कहाँ है? फोन कर लगा। बता रहे हैं? फोन 
अभी कॉल लगाए रहने। एक दफा ना लगा। था। 
कहीं में 
से सो ही गए 
हैं हम तो। नहीं। सो नहीं। गए रहना। कल थोड़ा 
रहने जगह 
busy रहना। हां। 
बाबा का साल। वह भी ठीक है। 
हां। याद करे क्या?? हैं? कैसा याद करे थे? 
हो गया। ऐसा लगान हम कंधे 
की। हालम चालम। 
हालम चालम के हिसाब से आओ 
वह। आ रहे हैं। अभी तो कुछ रहा अपडेट। 
अपडेट जो मतलब गया। है डीएम साहब, वाला। 
है मुलाकात? 
मुलाकात नहीं। भई जब फोन लगाए थे तो उनसे कहता है कि हम पर्सनल हमसे बदतमीज़ी कर रहा 
था। 
कैसे कहा था 
रहा? बिना ही सांसद जी के पिए। इनसे हम कहीं बताए लोग। कितना झूठ बोल रहे थे। 
अरे। और कहें। कि हमसे पर्सनल भी तो नहीं। भी लग रहा था ना। तो कब पर्सनल हम काम कहे हैं? 
अरे कुछ बता रहे 
हैं। हुआ हम कहे रहना त्रिदे उस पर वह शस्त्र नहीं। चलेगा वह तैयार है उस चीज़ के लिए। वह मतलब अब यह अंतिम दांव 
है अकेली। 
यह उसका लास्ट दांव। हमसे बदतमीज़ी करे तो कोई भी कहाँ बर्दाश्त करे भाई क्यों? पर्सनल बदतमीज़ी करे तो तू हमारे ईगो पर ना बात। आई है। हमारे ईगो पर क्यों? कहेंगे? कॉलबैक कह रहे हैं काम। 
आज हैं फिर ड्राइवर तक। गए। चार बजे। आऐंगे तो हम। 
हम लगाएंगे। 
वह बताएं, पुछ रही हूं कि इनका क्या? है? तो उनका हाथ है कि हमसे जो है बदतमीज़ी किए हैं। तो हमसे लगाएं ही फोन। कहीं क्या? आप वह हम बता रहे थे कि आप उनसे बदतमीज़ी किए हैं। आप उसे मिसबिहेव करते हैं। हम कहेंगे सर ऐसा कोई बात। नहीं। है। तो क्या? हम उस चीज़ के लिए। 
बताएं? 
भाई मैं।... उनसे पुछ लूंगा कि मैं।... आपसे कब बदतमीज़ी किया। है? वह बता दें हमको। सर एकदम अपन पर्सनल लेवल में लाइए सारे। 
बता ना ईगो है उसका बस और कुछ नहीं।. मैं।... बोला कि तुम, बड़े बस यही चल रहा। 
हैं। बता यह बड़े अधिकारी हैं। बता। छोड़ छोड़ फील्ड इंजीनियर से ही वह रखा थे अब वह। बतायह। 
अरे हम बतायह। इतने ही था हम लास्ट टाइम फोन कराए रहने विवेकानंद तिवारी से। तो एसडीएम साहब, कहेंगे ऐसे कहें। कि वह आप जो मैं।... टाइम उनका कह नहीं। रहा डायरेक्ट फोन लायक ना कह रहा आप रिजाइन कर दीजिए। में।... आपको? निकाल लूंगा। 
रात के 
बाद फिर अनुराग तिवारी फोन किए हैं तो रात के साढ़े आठ बजे। कहीं से कहीं वह सर बाहर की टीम आई थी तो बाहर की टीम सर यह प्रिंस जो है वह सवाल की तो यह बता नहीं। पाए। अब मतलब सोचो आठ महीना पहले के बाद रटे रहे हैं। 
हां रटे रहे अब वह बता दीजिए।. 
अब वह टीम आठ महीना बाद जब हम आम एंटर हुआ फिर अनुराग तिवारी में नहीं। कहाँ शोर से बारिश लगवाए इस पर एसडीएम साहब, फोन लगाएं इन्हें। दूसरे एसडीएम साहब, फोन लगाए तो कहा थे कि वह बाहर से टीम आई थी साहब,. साहब, कहा था की देखिए, जो भी है आपको? रखना पड़ेगी।। आप हमसे उम्मीद मत रखिएगा। ऐसा कह क्यों? फोन रख दिए? फिर हमा नौकरी बची गई थी। तो ईए ईए में तो हाल चाल है यार। अब बताओ अब क्या? कर ही है मामा।? 
अरे अरे। 
एक डीएम भी उसको बोल रहे हैं। कि भाई तुम, क्या? है इनको इनको क्या? दिक्कत है आप इनको कंटिन्यू करिए तो आठ महीना पहले के बाद रिपीट कर रहे हैं। 
हां। 
वहां वह बाहर से एक टीम आई थी वह टीम साहब, इनका सही नहीं। था तो वह टीम में मना कर दिया। तब यह सोचे यहाँ बात। हुई। कितनी टाइम हुई। हो फिर मतलब हम गलत ही यह छह सात महीना हुई। हो। एक भी अऊ ही हम का टर्मिनेट किए हैं। बुआ वाले में रोहित तिवारी वाले में. दुवी विहार टर्मिनेट कह चुके हैं। एक बेवकूफ वाले में की ही रहे, वह वाले में अनुराग की कही विचार ही रहा। यह वाले, यह वाले में दूसरे अटिट्यूड से बचन। ऐसे की यह हम लोग। भयंकर हम समझ गए नहीं। का फोन होना बसर नहीं। करेगा है। हैं। मतलब पीहू से कराओ चाहते हैं अब वह तो यह उखाड़ऊ बड़ा वह मिल गया। भाई हमसे बदतमीज़ी की ही थी अब हम तो एक्सेप्टेंस। 
हां हां बताइए खुद महाएगा। 
हां अब खुद महाएगा की साहब, हमसे तो बदतमीज़ी कहे हैं अब अब कुछ नहीं। हो सकते। 
भाई अभी तक यह था कि दूसरे से कहते थे कि चार सौ रहा। 
अब बताओ ईएमआई अगर वह कहत रहे तो काउन्ट्री विधायक का कितना सपोर्ट कर ही। 
हां, मतलब अब कुल मिलाकर मतलब अपन सोच रहे थे कि भाई दूसरे का कहा अब कि भाई उनका यह है कि एम्प्लॉयी अपना जैसे ठीक है उनकी भाई एम्प्लॉयी तो कहीं कि वह एम्प्लॉयी से उसका विवाद है यह एम्प्लॉयी से बहस किया।. तो यह हो जाए कि कह रहे हो कि साहब, एम्प्लॉयी वम्पलाई है ना? हैं? तो वह हल्कापन हो जाइए। अब वह हम पहले का अपन ही मलाई ली है नहीं।, है ना? कि भाई अब हम ही से जो है इस तरह। का कीमती कर रहे हैं।. हैं? हां हां। सबे कहेंगे भाई उन्हीं कह रहे हैं, आप बताइए जी हम बोल रहे हैं तो क्या? इसको मतलब क्या? कैसा समझ में नहीं। आ रहा हम पहले? हम कह रहे हैं आप यह बताइए क्या? यह संभव है कि आदमी जीएम से हम तो कभी उनसे मिले भी नहीं।. हमारी। गुलहातनी होती है उनसे। हमारे कोई काम ही नहीं। पड़ता है। हम लोग। फील्ड एम्प्लॉयी हैं। कहीं कल आइए में।... बुलाया हूं नहीं।. हां तो बात। करते हैं। 
ठीक है देख लिया। 
देख लिया। देख ही थी इस पर बता रहा था राइट सुनने। 
सेकेंड जी जीतू पांडे जी अपन अलग वेंडर कोड खुलवाए हैं। 
हां वह अपन अलग खुलवाए हैं। 
हां ठीक है बहुत अच्छा था। 
हां। 
अब कौन हमेशा हॉस्पिटल लाए हैं? 
हां, उनका काम धाम बहुत कहीं दिन रहे हैं।. तब मुझे अब भाई अब कैसे तेल लगावे। 
नहीं। सही है। 
भाई का आलम खड़ा कई दिन फलाना कई दिन अब विचारू फ़र्स्ट करे भी। तो हम कहें। कि भाई, अनशन करा, हो जाऊँ, हम करे वह रजिस्ट्रेशन तो होवे बाहर से पुछ रहे होवे बाहर है। इलेक्शन खुलवा ले भाई, आपने तरीके से कर लो, कंप्लीट कर लो, अपना वह कर लो। 
अब नहीं। तेरे को फ़ाइनल के 
लिए।. फ़ाइनल पहले अपन। 
बहुत अच्छी बात। है। 
तो वहां अपन हो गए। कई कोई देरी। सहयोग, गेहूं हुई। तो कई देव अपना। 
हां। 
है ना? 
कौन हो दिक्कत? 
बीच के आदमी, हम चारों हो गए यह तो। अब हम हैं नहीं। अभी तो अब अपना हैं तो होंगे थोड़ा जो मदद हुई।. 
हम जैसा भाई हम जाते कहाँ हैं? जैसे तू बात। करा कह दिए हुए अभी ६९ वाले का भी हमारे दोस्त है। 
हां। तो 
हम कहेंगे भाई आपने हिसाब से कर लो हमारे यही सही हो। 
हां वही है अपनी बीवी इसके लिए। है तो। 
भाई हम नहीं। जा रहे हैं वह एक सही हो गए ना वह एक। 
हां वह है मतलब है कि नहीं।. हमारे 
हिसाब से कई दूर की खत्म कर जाए कोई भी। वह है यार मतलब कोई। मतलब कोई। 
हां ठीक है ना। हाओ। 
जेएमआर कल चेक कर रहा था आदमी। तो लगभग जो उन्हें तीन किलोमीटर के इक्कीस सौ मीटर के अपन जेएमआर बना है। 
टोटल? टोटल। ज़ुम्नेमा से अभी तक के बिल में कितना का? 
अभी तक हमारे का ग्यारह सौ लोग। मीटर शायद पहेली बिल में थी और लगभग दो हज़ार मतलब मीटर दो किलोमीटर अभी पेंडिंग रहे हैं।. तो गामा से पिछले बिल के जो है गामा सीट देखे थे और अभी जो बचा है। 
अभी बचा छह सौ बयालीस वाला ना? 
हां अभी छह सौ कुछ मीटर जो है वह यह वाला बचा है और शेष जो है उन्हें तक माने तेरह चौदह सौ मीटर अपन यह बिल मरा हुई।. 
तेरह चौदह सौ की जो अमाउंट बना था वह बनाता है इसके हमको बता दिया है। अमेज़न तीन सौ मीटर है, वह अट्ठावन रुपये के रेट से है, वह वाला, मैनुअल वाला। 
मैनुअल वाला मतलब कौन? 
अरे नहीं। जो दीपक नहीं। चढ़ाए रहा एक थे। 
हां वह जेसीबी वाला। 
जेसीबी वाला, हां तो वह जेसीबी वाला है। 
हां हां मैं।... पुछ रहा हूं। हां। जेसीबी वाला जो हमें। तो पहले बिल क्या? रहे हैं।. 
हां हां but वह वन ही रहा। 
वह नहीं। दे रहा तीन चार तीन सौ मीटर रह ही रहा हुआ है। 
उनमें से पचास चला का रहा तीन सौ रह ही रहा। 
तीन सौ रह ही रहा हां। 
नब्बे मीटर माइनस भरा एक तो वह लिंक आईडी वह ज़्यादा चढ़ा दी रहा फिर अगले बिल में पर भूकंप पर एडजस्ट किए रहने। 
हां हां। 
तो वह नब्बे हटाए कि दूसरे वाले में बच्चों मतलब ओवरऑल में नब्बे घटा देगा होएगा। हां। भई ओवरऑल जो मुझे हमार है वह नब्बे माल में फिर भी। 
फिर नब्बे मीटर शायद अभी यह तक कि बिल में लगाए रहा ना वह अब। 
लगा। ही रहा हम मान गए लेकिन हुआ वाले बिल से तो काट दिए रहा ना। 
वहीं वाले हां वह वाले बिल से छह सौ सात तो कुछ रहे हैं।. 
हां उसे नब्बे मीटर वह काट दिए इसने। 
वह वह वाली बिल में नब्बे मीटर काट के फिर यह वाले बिल में जय मार के अंतराल में। 
नहीं। सर लिंक आगे चढ़ी हां। हां। तो वह वाली जो वह बचे वह सात सौ जो लिखे हैं तो सात सौ में हुई। फिर हुआ। 
वह छह सौ तिहत्तर रहा सात सौ कुछ मीटर के जय मार के ही रहा हुआ। 
हां वह जो कट ही कर रहा तो उसको काट के मने इमेज ओल्ड ले। 
हां इमेज ओल्ड ले। वह खा लगभग क्या? उधर उधर से मीटर आ रहा। तो हो गया। फिर देख ले। 
ठीक बता ना हुई। अपन कहे जी तो हां। तो मतलब जीएम साहब, हैं ९ में।","Speaker 1: तिवारी जी, बताएं।
Speaker 2: क्या? बताई? कहाँ है? फोन कर लगा।
Speaker 1: बता रहे हैं? फोन अभी कॉल लगाए रखने। एक दफा ना लगा।
Speaker 2: कहीं में से सो ही गए हैं। हम तो नहीं। सो नहीं। गए रहना। कल थोड़ा रहने जगह busy रहना।
Speaker 1: हां। बाबा का साल। वह भी ठीक है।
Speaker 2: हां। याद करे क्या?? हैं? कैसा याद करे थे?
Speaker 1: हो गया। ऐसा लगान हम कंधे की। हालम चालम।
Speaker 2: हालम चालम के हिसाब से आओ वह। आ रहे हैं। अभी तो कुछ रहा अपडेट।
Speaker 1: अपडेट जो मतलब गया। है डीएम साहब, वाला।
Speaker 2: है मुलाकात?
Speaker 1: मुलाकात नहीं। भई जब फोन लगाए थे तो उनसे कहता है कि हम पर्सनल हमसे बदतमीज़ी कर रहा था।
Speaker 2: कैसे कहा था रहा? बिना ही सांसद जी के पिए। इनसे हम कहीं बताए लोग। कितना झूठ बोल रहे थे।
Speaker 1: अरे। और कहें। कि हमसे पर्सनल भी तो नहीं। भी लग रहा था ना। तो कब पर्सनल हम काम कहे हैं?
Speaker 2: अरे कुछ बता रहे हैं। हुआ हम कहे रहना त्रिदे उस पर वह शस्त्र नहीं। चलेगा वह तैयार है उस चीज़ के लिए।
Speaker 1: यह उसका लास्ट दांव। हमसे बदतमीज़ी करे तो कोई भी कहाँ बर्दाश्त करे भाई क्यों? पर्सनल बदतमीज़ी करे तो तू हमारे ईगो पर ना बात।
Speaker 2: आई है। हमारे ईगो पर क्यों? कहेंगे? कॉलबैक कह रहे हैं काम।
Speaker 1: आज हैं फिर ड्राइवर तक। गए। चार बजे। आऐंगे तो हम। हम लगाएंगे।
Speaker 2: वह बताएं, पुछ रही हूं कि इनका क्या? है? तो उनका हाथ है कि हमसे जो है बदतमीज़ी किए हैं।
Speaker 1: तो हमसे लगाएं ही फोन। कहीं क्या? आप वह हम बता रहे थे कि आप उनसे बदतमीज़ी किए हैं। आप उसे मिसबिहेव करते हैं।
Speaker 2: हम कहेंगे सर ऐसा कोई बात। नहीं। है। तो क्या? हम उस चीज़ के लिए।
Speaker 1: बताएं? भाई मैं।... उनसे पुछ लूंगा कि मैं।... आपसे कब बदतमीज़ी किया। ह?
Speaker 2: वह बता दें हमको। सर एकदम अपन पर्सनल लेवल में लाइए सारे।
Speaker 1: बता ना ईगो है उसका बस और कुछ नहीं।. मैं।... बोला कि तुम, बड़े बस यही चल रहा।
Speaker 2: हैं। बता यह बड़े अधिकारी हैं। बता। छोड़ छोड़ फील्ड इंजीनियर से ही वह रखा थे अब वह। बतायह।
Speaker 1: अरे हम बतायह। इतने ही था हम लास्ट टाइम फोन कराए रहने विवेकानंद तिवारी से। तो एसडीएम साहब, कहेंगे ऐसे कहें। कि वह आप जो मैं।... टाइम उनका कह नहीं। रहा डायरेक्ट फोन लायक ना कह रहा आप रिजाइन कर दीजिए। में।... आपको?
Speaker 2: रात के बाद फिर अनुराग तिवारी फोन किए हैं तो रात के साढ़े आठ बजे। कहीं से कहीं वह सर बाहर की टीम आई थी तो बाहर की टीम सर यह प्रिंस जो है वह सवाल की तो यह बता नहीं। पाए।
Speaker 1: अब मतलब सोचो आठ महीना पहले के बाद रटे रहे हैं।
Speaker 2: हां रटे रहे अब वह बता दीजिए।
Speaker 1: अब वह टीम आठ महीना बाद जब हम आम एंटर हुआ फिर अनुराग तिवारी में नहीं। कहाँ शोर से बारिश लगवाए इस पर एसडीएम साहब, फोन लगाएं इन्हें।
Speaker 2: दूसरे एसडीएम साहब, फोन लगाए तो कहा थे कि वह बाहर से टीम आई थी साहब,. साहब, कहा था की देखिए, जो भी है आपको? रखना पड़ेगी।। आप हमसे उम्मीद मत रखिएगा।
Speaker 1: ऐसा कह क्यों? फोन रख दिए? फिर हमा नौकरी बची गई थी। तो ईए ईए में तो हाल चाल है यार।
Speaker 2: अब बताओ अब क्या? कर ही है मामा।?
Speaker 1: अरे अरे। एक डीएम भी उसको बोल रहे हैं। कि भाई तुम, क्या? है इनको इनको क्या? दिक्कत है आप इनको कंटिन्यू करिए तो आठ महीना पहले के बाद रिपीट कर रहे हैं।
Speaker 2: हां।"
25,"Speaker 1: हां बता रहे हैं तिवारी?
Speaker 2: कहाँ समाचार हैं?
Speaker 1: बढ़िया बढ़िया.
Speaker 2: यह बताइए जो नब्बे meter minus का इन रहे हैं।. वह वाला यह है JMR वाले हैं?
Speaker 1: हां यह है JMR वाले.
Speaker 2: नहीं। तो कुल कितना रहा हुआ वह तो ज़्यादा length रही.
Speaker 1: कितना? सात
Speaker 2: सौ सात सौ तिरसठ उनसठ meter की रही हुआ. JMR JUM की ही rank तो वह नब्बे meter घटा दिन रहा था छह सौ.
Speaker 1: नहीं। तो JOMAR पूरा का रहा minus तो वन से किए रहे हैं. हां वह. जाने वाले.
Speaker 2: हां नब्बे meter minus का दिन रहे हैं।. यह first JMR minus कर ही थी second वाले.
Speaker 1: हों. Second वाले.
Speaker 2: हां second वाले माने second वाले माता तो यह दर कि माने second मई add नहीं। गया। है इनका यह वाला. कितना काहे छह सौ कुछ कम है ना दें छह सौ कितना इकतालीस meter जो यह नया JIMR हम किए हैं तो दूसरा वाला. नहीं। तो वह यह वाला था हिम्मत यह जो मैं।... तो सब इकट्ठी जुड़ी हुई।
Speaker 1: थी कि नहीं।
Speaker 2: तो मतलब कैसे कर लें।
Speaker 1: जैसा मान लीजिए। हमारे total अभी काम कितना हुआ तीन kilometer हुआ या जो भी हारा हमारे calculation तीन सौ kilometer रहता था बत्तीस सौ आ रहा और total काम
Speaker 2: यह वाला जो है हमारे last वाला घटा नहीं।
Speaker 1: जाए तो भाई ok पहले वाला सवाला नहीं। करिए
Speaker 2: यह. नहीं। last वाला तब यह तो हम पहले हम पहले नहीं। बचे वह छह सौ ग्यारह meter pending है.
Speaker 1: हां वह pending है.
Speaker 2: बता दे.
Speaker 1: वह pending है. वह pending है. तीन kilometer छह सौ ग्यारह घट गई, बाकी अपुन टूट टूट काम आएगा.
Speaker 2: हां हां.
Speaker 1: अभी तक के, अभी तक तो उससे ग्यारह सौ ग्यारह सौ meter हम लोग। पहले ले चुके हैं.
Speaker 2: हां. हां, तो
Speaker 1: बाकी यह वाला वापस बचेगा.
Speaker 2: नहीं। तो Amazonी बिल वहां बनाए हैं उसको सत्रह सौ कुछ होना था सोलह सत्रह सौ उनहत्तर बनाए हैं वहां. हां. हां तो एक करा calculation हम कहीं जाने. हां. भाई वह total जो उनहत्तर हां सोलह सौ कुछ मिलता है. सत्रह सौ कुछ में खरीदें. हां. जय मार के regarding. हां. तीन सौ इक्कीस meter है, पिछड़ा हुआ पन रहे हैं।. वह सब मिलाए हैं. लिखे पड़े हैं सारे. हां.
Speaker 1: जो हमें। लिखे data है, वह हम बता रहे थे.
Speaker 2: यह सत्रह सौ चौवन meter quantity ही इधर की क्या??
Speaker 1: हां, total है वह.
Speaker 2: Total अपन यह बिल की, हां.
Speaker 1: हां.
Speaker 2: हां, तो सत्रह सौ चौवन meter के हिसाब से देख ली, क्या? है? है?
Speaker 1: अरे नहीं। तो मैं।... तीन चार सौ meter ऊगू के है ना आशीषों वाला कुछ quantity डली है वहां.
Speaker 2: कहाँ आशीष के?
Speaker 1: बताए थे ना इनके अच्छे दोस्त हैं हम पहले जो पेशाब में quantity डलवाए रहा हम पहले वहां. वह मैंने देखा NA के लिए। कुछ डला है नई घड़ी के बिल. JAYMRC पर देखा ऊपर पड़ा
Speaker 2: हमें।. अच्छा नई घड़ी के आए हैं मैं।... death तीन सौ साठ.
Speaker 1: हां हां हां भाई वह JAYMAR देखा ना कहे मैं।... JAYMAR में नहीं। पड़ा है.
Speaker 2: नहीं। JAYR मार
Speaker 1: जो बिल कल, जो बिल कल दी है नावेद. वह बिल में ओखर वाला ad है. हम वापस इनके खाली ad नहीं। है वह तो ओखर ad है.
Speaker 2: नहीं। नहीं। मतलब हम पहले ऊपर JAYR लगा। है बाकी बिल में ओखर add कही हुईं तो अलग बात। है. नहीं। नहीं। JMR sheet में तो. नहीं। वह वह बिल में जोड़े हुईं हैं ना?
Speaker 1: नहीं। नहीं। जो मेजरमेंट / MB sheet ही बे.
Speaker 2: हां मेजरमेंट / MB sheet में, JMR sheet तो केवल अपना ही बल लगी.
Speaker 1: हां मेजरमेंट / MB sheet, मुंह उखाड़ जुड़ा आ गया।.
Speaker 2: हां. मेजरमेंट / MB sheet. अच्छा. हां तो होएगा जुड़ा हो ही तो. उसे हमारे को वह मतलब नहीं। है. अपन आ जाए. हां
Speaker 1: यश भाई. हां
Speaker 2: यह टंकी वाला Ema, यह एक Ma टंकी वाले मां, Ema कैसे करेगा?
Speaker 1: Tounky वाले में कहाँ करेगा? Tunky वाले में जो amount है बे, amount बनाएंगे तो उनतीस तीस हज़ार, उससे ग्यारह ग्यारह percent minus के लिए। का है, जो amount बच जाए वह कमी को के लिए। का divert कर लेगा बात।
Speaker 2: खत्म. तो एक एक खत, हां. सारे poor सीमेंट / Cement ना करके यह सब ईज़ाद ईज़ाद ही नहीं।.
Speaker 1: वह तो अभी उनका system है.
Speaker 2: नहीं।, कम से कम जब एक दो महीना बाद बिल दे ही रहे हैं तो सारे का भाई क्या? करें।, हम guard और room वाले तुम, काम तो दही दी है guard room के. हैं? हां. बता रहा कि छत डाल दो इसी महीना माद्र चोद. पूरा पूरा
Speaker 1: पैसे। दे देंगे।?,.
Speaker 2: हां, पूरा पैसे। दे देंगे।?,. हैं? और एहमा एहमा एहमा एहमा एहिम गुस्सा लागत इनके ऊपर कि मैंने अब यह हम सब पढ़े ही रहा. हम पढ़ी लिखित कम हैन पर. अब यह लिखें मानदर चौद r e 86 खिलाने. ठीक है? Reuse of cohs t foundation. है ना? For construction of washroom. So steel consumption cannot be done. बताई. बात। का रही ऐसे है कि तुम, नीचे कहाँ कह रहे हैं। कि हम नीचे से ऊपर तक आपको? दिलवा देंगे।?,. मतलब जब वह नीचे के foundation वगैरह है, है ना? और AMA का कह रहे हैं। कि Ost का foundation आपने use किया। है तो जो आपका steel consumption है, वह नहीं। जुड़ा जुड़ेगा. उसको नहीं। लिया उसको नहीं। लिया गया। है. हैं? तो यह स्थिति इनका लोगों की. हैं? तुम, खराब. सारे, अरे आए हैं. होएगा
Speaker 1: नहीं।, परेशान हो क्या??
Speaker 2: ठीक है तो वहां सब. अरे यार
Speaker 1: कुछ और update.
Speaker 2: अब date क्या? बताएं आपको? update साले को. सही है. यह चार लोगों से चार तरह। की बातें लगातार कर रहा
Speaker 1: है. क्या? क्या? बोल रहा था?
Speaker 2: वैसे सरकारें फिर विधायक जी लगाए रहे हैं phone. अबे मिश्रा तो उनसे उनसे कहाँ कहानी बता रहे हैं।, काम कहती है मेरे ऊपर हंसी आती कि sir से वहां तक चौदह अलग अलग कहानी होता है. उनसे कहा कहीं तो कहीं रहा कि खींच गई और sir आपके आपने दिशा निवेश दिया था, ऐ? तो मैंने इनको वह किया।, एक बार, दो बार, वह कर दिया कि दिशा में अब ओहकलाहल is विधायकों का, हैं? मैंने आपके हमने। बात। मानी, हैं? आपने बोला था तो sir मैंने वह किया। अब अब यह sir मुझे पता ही नहीं। चला यह कैसे हो गया।? कहीं sir मुझे इस बार पता ही नहीं। चला. हैं? इनमें सुधार हो नहीं। रहा था sir जो हुआ sir वह भोपाल से हुआ है और sir मुझे पता ही नहीं। चला sir क्या? हो गया।? Sir वहीं भोपाल से और वह लोग। सब किए हैं sir.
Speaker 1: नहीं। नहीं। विद्या नहीं। चला रहा.
Speaker 2: हैं?
Speaker 1: नहीं। नहीं। विद्या नहीं। चला रहा था.
Speaker 2: नहीं। नहीं। विद्या नहीं। चला रहा था इधर इधर. यह हमें। स्थिति की, की. फिर आगे दुबारा, हां, फिर दोबारा उससे फिर लगवाना यानी ग्यारह बारह बजे। विधायक भी कर ही नहीं।. फिर तीन चार बजे। के लगभग deputy CM के पिए करीन.
Speaker 1: तो अब
Speaker 2: कहेंगे भैया बोले थे क्या? हुआ इनका? यह sir वह क्या? बताऊं sir हम पहले ऊपर कुछ नहीं। है. वह company वहां का है sir तो वह मान नहीं। रहे हैं sir. पर मैं।... देख मैं।... देख रहा हूं कोशिश कर रहा हूं sir. नहीं। नहीं। बोलता ही. कहने का करिए भाई. आप अपनी शक्ति लगाइए, आप शक्तिमान है आप अपनी शक्ति याद करिए. हैं? और यह सब घर के लड़के हैं. कहाँ जाएंगे। यह सब? हां. इस तरह। सर सर सर देखता हूं सब करता हूं सब, याद करता हूं सब. कोई भी उन्होंने कहा था बाहर है फिर?
Speaker 1: ज़रूरत नहीं। है कुछ वहां.
Speaker 2: यहाँ से ना कर ही. ऐसे सब हमारे स्तर में सबका मिलाए पटाए है. हां. तो फिर. वह कई देई, ऐसा नहीं। है लेकिन वह वह भोपाल ऐसे कर ही.
Speaker 1: भोपाल से कर ही माने?
Speaker 2: मैंने बिना MD के कहे ना कर ही
Speaker 1: आप कहाँ है सम्मान है?
Speaker 2: हां, वह तमाम सबको घुमा फिरा दिए थे ना. कोई कुछ वही देखिए,. अब विधायक है कई रात को वह कह दिए कि sir मेरे हाथ में कुछ नहीं। है. वह company जाने sir company की है वह भोपाल से हुआ है sir. मुझे पता नहीं। चला. हैं? अब भोपाल से वह तुम, विधायकी पूछो अबे कहाँ company है? तो वहां कहाँ यह बताई कि वहां हरियाणा की है. यह है वह है. हम कहे ना भोपाले वाला देखी तो matter. वह बिना बिना MD के कहे ना कहे साहब,.
Speaker 1: हां फिर तो MD साहब, कहाँ हैं? जो काम बने.
Speaker 2: वह है यार बिना MD के कहे.
Speaker 1: ना बनी। बात।.
Speaker 2: काहे अब mduks ना मानी, नौकरी ना मिली.
Speaker 1: नहीं। यह MD के माने तो माने क्यों? ना हो कि बदमाशी बताई sir. चुट्टाई तो बता.
Speaker 2: आज. हां चिट्टई तो हो तो बताइए कि sir यह ऐसा है वैसा है. वह आई फिर आएगी है ना.
Speaker 1: चिट्टई तो बता, चिट्टई बताया जाना जैसा. साल में पहले के जब बात। बता सकते थे तो मतलब छोड़ थोड़ी ना जाएगी।.
Speaker 2: हां तब देगी कैसे विधायक से बताया कि शायद वह आपने पहले बोला था एक बार दो बार इनको मौका दिया था लेकिन यह सब काम नहीं। कर रहे इन्हें सुधार नहीं। हो रहा था यह है वह है. यह सब बता सकते थे.
Speaker 1: बस कहा था ना कि हम आज साल भर पहले एक बात। बता दिया था हां साल साल भर पहले ऐसा हुआ था तो फिर ऐसा हुआ था फिर हो गया। था. मतलब ग़ज़ब कमीनेपंथी की ग़ज़ब सिंघा.
Speaker 2: हैं वह कहाँ तक कि कहाँ JMR है अपना किया। हुआ उनका इनका effect करता है यार तुम, लोग।.
Speaker 1: कहाँ JMR से मतलब?
Speaker 2: हां कहाँ गुरु अपना के तो सब हो ही जा रहे हैं। हम कहे ना तू पागल हो बोल है का. यह कहाँ late लगते pending करें।, यह सब होता है वह करवा ले ही नहीं। तो वह accept है वह कहीं गई. बताइए आज दस ग्यारह हो गई नहीं। तो पांच छह title तुझे मान लग गया। last day margin पड़ा है छह सौ ग्यारह minute तक.
Speaker 1: तो वह छह सौ ग्यारह दे दिए ना सुना हुआ अभी दीक्षित कहाँ वहां?
Speaker 2: नहीं। तो JMA seatएं कहाँ बनाई इसे
Speaker 1: अभी? क्या? JMA sign नहीं। कराया है?
Speaker 2: कहाँ जय मां sheet बनाई? हम अपना कहिए। डर के कहने पर अपना कहें। कि बात। की है ना उसे बनाई बनाई.
Speaker 1: यार हम या तो फिर सोच रहे हैं, जय मां sign
Speaker 2: हुई। है. कहाँ जय
Speaker 1: मां sign हुई। है? Last एक JMR group में डाले रहे हैं ना एक डाले रहे हैं.
Speaker 2: अरे वह दूसरे दूसरे side पर आ रहा था.
Speaker 1: तो मतलब हमने। side किए हुए तो कुछ JMR ही नहीं। चाहिए।.
Speaker 2: Last वाला जब अभी अपन सीमेंट / Cement किए हैं तो चालीस हज़ार उनका लेबरन का. वह वाला GMR कहाँ वह टूटा बाबू है ना अपना कहते कि काल थोड़ा सा अपना सरकारी मिल ली तो यह कहाँ dispute सब clear हो जाएँ,? ऊहू के मन में dispute, ऊहू के मन में dispute है कि अपना के तो गुरु भाई की हर काम किया। नहीं। यार last वाला तू कहाँ की है वह जो कब है कि है रहे तुम, पुराण वाला. हां. भाई पुराना की है जो उन्हें ज़मीन जैसा भी put up की है.
Speaker 1: हम सोच रहे हैं तब से कि हां हम पहले त्रिदेव जय हमार का ही है हम.
Speaker 2: जय हमार बता ना कि उसे कब से कह रहे हैं ना वह देखी थी वह उसे call मिली कि कहाँ का एक papa कर ही सी काका sign कराई सी कितना बचा है, कितना कहाँ कहे हैं. हां. Call मिले
Speaker 1: कल मिले कल sun रहा हूं मिले कि वह सब नहीं। clear कर ही थी वह सब clear कर ही.
Speaker 2: हां, कल से पारी मिली तो यह सब John Drexon है तो ऐसा सब money देख लिए।. Pending रहे हैं। set कर. है ना? ऐसा वाली बात। है कि अभी तक हम दूसरा चीज़ सोच रहे हैं.
Speaker 1: यार 89 जोखरा GMR में डला है अट्ठाईस April के दिन. यह
Speaker 2: कहाँ क्या? है? अट्ठाईस April वह धोखा है कि वही. लेकिन हुआ अट्ठाईस April के लिए।.
Speaker 1: एक छह में क्या? है?
Speaker 2: हां तो हुआ April मई तो हुआ April भी पुराना है अभी अभी latest मई यह मिलवे नहीं। हुआ ना माने हमसे यह महीने.
Speaker 1: हम यह छह सौ इकतालीस का ही एक ख्वाब वह माने रहना अभी तक.
Speaker 2: छह सौ इकतालीस का अपना छह सौ ग्यारह माने रहना अभी वाला यह अभी वाला ना होना.
Speaker 1: हम अभी तक यह सोच रहे हैं, यह जो छह सौ इकतालीस है यह हमारे नया जीवन आ रहा
Speaker 2: है. मतलब हम ही घाटा हो जाए उतना हो ही नहीं। रहा हम आपके.
Speaker 1: हम सोचे कई बार हो चुकी है यह डला कब है ना group में देखा यह डला है अट्ठाईस April का, आज है दस तारीख.
Speaker 2: वह JAY
Speaker 1: मार. हमारे तरफ चौबीस पच्चीस तारीख का हम बात। दे रहे हैं, यार तुझे वह JAY मार करा.
Speaker 2: नहीं। वह अपना ठीक कह ही थे वह JMR एक April के, ठीक है. हां. पिछले महीना के. वह कहाँ पर.
Speaker 1: उसमें डालना है तो वह अट्ठाईस का है यह गलती है.
Speaker 2: हां तो वह कहिए। तो JMR रहा तो billing के time में हम जो उन्हें थे dark Jian group वहां नहीं। ज़मीन.
Speaker 1: हम सोचे ना हम पहले हम पहले त्रिदेव नया जेब आ रहे हैं। क्योंकि डार दी हैं तो हम कहने पर एक ही है नया जेब आ रहे हैं। यही गलत भागे.
Speaker 2: वह है भाई छह सौ ग्यारह वह link ID उसका ID सब अपना वह दिन कॉफी। हम लिखे रहे. वह link आई थी कि सब photo देखें परी. परी हो ही ओखा सब सीख में बनवा के वह सब वक्त टूटा पहले देखो।, हम कहिए। करो। से कहा था कहाँ लो phone लगा। रखा है. अपनों से काट दो कि aunty विपक्ष हम
Speaker 1: सोच रहे हैं, जय हमार हो ही गाए है. हम अभी वह देखा अभी वह हमारे discussion का तो यह है ना वहां उनका नज़र वह छह सौ इकतालीस का किनारे करा, कोई यह वाला है बाकी के देखा बाकी जो है अपन है. कल उनके लिए। रहनतम है क्या? कि वह तो छह सौ इकतालीस वाला है क्योंकि हम यह सोच रहे हैं, डाले अट्ठाईस का है हम चौबीस पच्चीस से खाते हैं, दिलीप जी है वहां करा जी वहां करा.
Speaker 2: बोल रहे हैं अभी कल करा लिए। अभी बहुत late नहीं। आया कि सात तारीख तक billing चलते ही आज दस भी आ रहे हैं। दस आया तो काल बहुत late ना काहे का रोका हर हार में दीपक पकड़ कर सब money करा लो.
Speaker 1: धोखा back date हो करे पड़ी?
Speaker 2: हां तो back date हो करे ना क्या? दिक्कत?
Speaker 1: हां back date में करे कि भाई वह अट्ठाईस अट्ठाईस पर JMR भी हो रहा, JMR से इतनी share हो गया।.
Speaker 2: हां आपका back date में कर देखो।, ना दिक्कत यह.
Speaker 1: तो बहुत बड़ा धोखा हो जाइए मैं।....
Speaker 2: हां late हो जाइए वह सब late है सारे का. कहीं also सही समय मत यह कि यह पैसे। नहीं। देता है जो पहले ने कई का दिन कार्यवाही लेता है ही तो पैसे। कभी यही कहा है यही होगा. यह सब दिक्कत है ना लोचा है.
Speaker 1: यह बहुत बड़ा लोचा है.
Speaker 2: है ना.
Speaker 1: यह है ना आपको? ध्यान नहीं। दिया उस समय पर हम सोचे कि हां श्रीदेव को हम कहीं रहे थे तो हम आकर ही जा रहे हैं. अब वहां पता चला कि सुबह ही नहीं। हुआ? क्या? अब फिर कल से दीपक के पीछे
Speaker 2: बुलाओ. वह military तो नहीं। है दिक्कत यह आई कही गहना रोना है आज पंद्रह बीस रोज़ एक महीने से वह मिल ही नहीं। रहा.
Speaker 1: नहीं। मिलक है हुआ जहां हो जो हुआ जगह चला जाए.
Speaker 2: हां तो फिर काल गया। ना करो। लोग। का.
Speaker 1: भैया ने कहा है कि हां अबा तो गए तो हुए. हुआ जहां पर वहां चले गया।. हां. सब वही था.
Speaker 2: नहीं। वह है यार भूखा खा रही था. बाल पकड़ ही नहीं। जाए. एक बार सब अपन नहीं। होने तक. करा ही दिया है सारे का. है ना?
Speaker 1: और नीतीश सिंह सिंह ही कुछ अच्छा है.
Speaker 2: नीतीश सिंह भैया बुराई पर बुराई.
Speaker 1: नीतीश सिंह का बुराई करें।,?
Speaker 2: हो ही गया।. जा. काम में करते करते वह करते हैं, बच्चों में भी करते हैं जैसा वही है.
Speaker 1: कैसे कहाँ रहे हैं? विधायक कम. कितना ही कल्पना हो ही रही
Speaker 2: हैं अब. वह है ना कहीं ना क्यों?? ठीक. यह बटाई zone पिछले महीना छह सौ तिहत्तर meter जो सात सौ कुछ meter रहे हैं।. उखाड़ हुआ photo अपना खींचे रहना जमा करते.
Speaker 1: पीछे हो गया। बताइए sir.
Speaker 2: जमने में नब्बे meter minus कर दी नहीं।.
Speaker 1: हमें। रखे। जितने जमा रहे हैं हम सब भेजी. सात सौ meter की जय market है.
Speaker 2: हां सात सौ meter
Speaker 1: का कोई मेहमान नहीं। मेरे पास.
Speaker 2: नहीं। जेब में नब्बे meter minus कर ही नहीं। तो छह सौ तिहत्तर बचा रहा हुई। ना. यह मात्र hit हुई। है मैं।... क्या? करेंगे।? कि पहले बिल मैया वाला लगा। ही नहीं। पाएँगे।.
Speaker 1: नहीं। यह छह सौ इकतालीस के जे मा जी यह वह है जे मा रहे हैं।. नहीं। एक हज़ार बीस के अलग है. एक हज़ार उनचास है
Speaker 2: हुआ. नहीं। यह total बता रहे हैं ना अपना का. हां. छह सौ इकतालीस plus नब्बे plus दो सौ नवासी meter है ना?
Speaker 1: हां बिल्कुल सही.
Speaker 2: एक हज़ार बीस यह होगा, plus तीन सौ इक्कीस meter पिछला अपन बाकी रहे हैं।. बिल्कुल. वही नहीं। चौदह सौ इक्कीस रहे हैं।. अच्छा उधर सौ इक्कीस रहे हैं। कि ग्यारह सौ बीस रहे हैं। तीन सौ इक्कीस का यह हो ही रहा चौदह सौ meter लंबा.
Speaker 1: चौदह सौ रुपए total? हैं ना ऐसे है ना?
Speaker 2: चौदह सौ हो जाएगा।. नहीं। यार, चौदह सौ ज़्यादा हो चाहे चौदह सौ काई हुई।.
Speaker 1: जो उन्हीं में से हम अपन यह score रहे हैं ना दस सौ उनचास. क्यों? खलेगी चौदह सौ?
Speaker 2: नहीं। नहीं। खाली चौदह सौ दस सौ उनचास का है लगभग. भाई हुआ था चौदह सौ इक्कीस meter में अपना ग्यारह सौ हटा दी. चौदह सौ इक्कीस meter की यह मार रहा पहली वाला. कहाँ से 1421 के 1049 की तीन सौ काईस percent क्या? month? चौदह सौ काईस? हां. ठीक है. चौदह सौ काईस में ग्यारह सौ का सीमेंट / Cement हो ही रहे हैं।. तीन सौ का एक बचा. अब plus यह वाली जो हम पहले हो गया। नब्बे meter plus छह सौ इकतालीस plus दो सौ नवासी. Plus छह सौ इकतालीस plus दो सौ नवासी.
Speaker 1: तेरह सौ इकतालीस meter. यह data सही.
Speaker 2: कि अ
Speaker 1: कि अ कि अ कि अ कि
Speaker 2: अ कि अ कि अ
Speaker 1: कि अ कि अ मैं।... इसमें से नब्बे meter वाला घटेगा जो वह लोग। minus हुआ था ना? घटी ना कि ना घटी?
Speaker 2: हुआ क्या? घटी हुआ यह बिल में डूब गया। ना नब्बे meter हुआ है ना GMR वाले पहले पहले
Speaker 1: ने. अरे तो की है हम मान लिए। हैं लेकिन जब वह बिल मगर रहा तो वह बिल मतलब कटा हुई। ना? मतलब जो कि है तो नया GMR में add था ना? इसका मान ले जो हम कहे थे एक JMR की है जो हम, वह JMR का डीबीएल के पास, GBL का इसकी मां नब्बे meter cut हुई।. तो वह JMR के तो नहीं। सुधार के ही घर है ना?
Speaker 2: नहीं। हुआ जो काऊना दे, काऊना दे मार में add है नहीं। idea.
Speaker 1: अरे भाई यह वह वाली link ID की बात। करत रहा. दीपक से कुछ पर तो बता दी. कौन वाली जो
Speaker 2: लिखते हैं? कोल्हू आरू महा. कोल्हू आरू
Speaker 1: महारू महारू महारू महारू महारू महारू महारू महारू महारू महारू महारू महारू महा
Speaker 2: नहीं। वह JMR नहीं। बीस रहे हैं। बेरोज़गारी तो कहाँ JMR बीस रहे हैं। वह billing नहीं। बीस रहा था. नई JMR seat बनाई थी अब plus यह छह सौ इकतालीस plus नब्बे उभय आए हैं नहीं। रहे वह ग्यारह सौ वाले में चौदह सौ इक्कीस वाले में थोड़ी add रहे हैं।. हां. वह जो उनका जो price दी थी ना. हां. पहले का कहना सात सौ कुछ तिरसठ सरसठ मिश्रा ऐसा कह रहे हैं।.
Speaker 1: तो वह सात सौ तिरसठ वाला JMR का दूं?
Speaker 2: अब वह है तो कई बार नहीं। समझ पा रहे हैं। वह अपना कई rate को छह सौ चालीस वाला वह है यार.
Speaker 1: नहीं। नहीं। सात सौ सात सौ वह कोई JMR मेरे नाले में है.
Speaker 2: अरे हम पहले नाले में खूब याद है सात सौ के हम कुलवारु मत जेमान future में सही नहीं। किए हैं तब, है ना? हां. वही बाद में हम का वह कहीं कि नब्बे meter cut गया। है तो हम कहेंगे ठीक है नब्बे meter cut गया। है तो भाई छह सौ तिरसठ या तिहत्तर meter hour रहे हैं।. तो हम कहेंगे ठीक है. अगले बिल में नब्बे meter add कह दिया है. तब अगले बिल में नब्बे meter हुआ add कह दिया plus हुआ वह छह सौ अट्ठाईस सौ का कह दिया अब यही तो हम पहले यहाँ मन में confusion है वह JMR seat देखिए, कहीं ना कहीं पड़ी होगी आपका mobile में.
Speaker 1: नहीं। पड़ी है हमें। लगी पांच JMR है, पांच में छह JMR है.
Speaker 2: हां हां तो वह second JMR का है पहले वाले में नब्बे meter add होने कोई प्रश्न ही नहीं। है.
Speaker 1: नहीं। तो वह JMR भाग का, भाई पहले भी वह JMR भाग गई. वह JMR का डीबीएल के रखे।, DVLK इसकी गलत है. वह है नब्बे meter हम दूसरे में adjust किए रहे हम. हां तो हम इशू बैठकर कहाँ जहां शंभू हरी रहें.
Speaker 2: बिल्कुल ठीक कहे अपना. तो भाई हमको चाहिए। ना चाहे तो तिहत्तर meter के हम कहाँ है वहां JMR गा कहाँ भाई? हां वह तो जय मार के हम बात। कह रहे हैं ना वह कहाँ जय मार हमा? वह बिल में इनका लेकर आए ना छह सौ तिहत्तर meter कहाँ का.
Speaker 1: हम पहले knowledge पर इसको कोई जवान नहीं। है.
Speaker 2: नहीं। नहीं। तो यही क्या? कल दीपक से वह clear करेंगे।? भाई वह वाले
Speaker 1: दीपक लगा। हुआ ना
Speaker 2: अरे वह अभी कोई व्यस्त हुई। वह कल पकड़ के वह कहा है कि कॉफी। में सब documents रहे हुई। जो रामा.
Speaker 1: यह सारा पैसे। कौन है अगर
Speaker 2: तो कभी बिल में ले
Speaker 1: ही सारी के एक छोरी थोड़ी ना.
Speaker 2: हां वह है भाई अपना में बहुत कुछ मार पड़ा. वह अभी वह यह लापरवाही देकर कौन है साहब, कौन है वह चोट बना रहे हैं।.
Speaker 1: होशियारी का यहाँ.
Speaker 2: हां murder तो तीन चार kilometer काम कई जा रहे हैं ना बता रहे हैं। कि यह action है हुसैन. हां. हज़ार एक kilometer की जय मार अभी तक मनमानी मारक तो जय मार जाऊं मनाबाबाबाबाबाबाबाबाबाबाबाबाबाबाबाबाबाबाबाबाबाबाबाबाबाबाबाबाबाबाबाबाबाबाबाबाबाबाबाबाबाबाबाबाबाबाबाबाबाबाब","Speaker 1: हां बता रहे हैं तिवारी?
Speaker 2: कहाँ समाचार हैं?
Speaker 1: बढ़िया बढ़िया
Speaker 2: यह बताइए जो नब्बे मीटर माइनस का है वह जेएमआर वाले हैं?
Speaker 1: हां यह जेएमआर वाले हैं
Speaker 2: नहीं। तो कुल कितना रहा हुआ वह तो ज्यादा लंबाई रही
Speaker 1: कितना? सात सौ तिरसठ मीटर रही हुई
Speaker 2: सात सौ तिरसठ मीटर रही हुई जेएमआर जुम की ही रैंक तो वह नब्बे मीटर घटा दिन रहा था छह सौ मीटर
Speaker 1: नहीं। तो जोमार पूरा का रहा माइनस तो वन से किए रहे हैं
Speaker 2: हां नब्बे मीटर माइनस का दिन रहे हैं यह फर्स्ट जेएमआर माइनस कर ही थी सेकेंड वाले
Speaker 1: हों। सेकेंड वाले
Speaker 2: हां सेकेंड वाले माने सेकेंड वाले माता तो यह दर कि माने सेकेंड मई एड नहीं
Speaker 1: थी कि नहीं
Speaker 2: तो मतलब कैसे कर लें
Speaker 1: जैसा मान लीजिए हमारे टोटल अभी काम कितना हुआ तीन किलोमीटर हुआ या जो भी हुआ हमारे कैलकुलेशन तीन सौ किलोमीटर रहता था बत्तीस सौ आ रहा और टोटल काम
Speaker 2: यह वाला जो है हमारे लास्ट वाला घटा नहीं
Speaker 1: जाए तो भाई ओके पहले वाला सवाला नहीं करिए
Speaker 2: यह नहीं लास्ट वाला तब यह तो हम पहले हम पहले नहीं
Speaker 1: बचे वह छह सौ ग्यारह मीटर पेंडिंग है
Speaker 2: बता दे
Speaker 1: वह पेंडिंग है
Speaker 2: हां हां
Speaker 1: अभी तक के अभी तक तो उससे ग्यारह सौ ग्यारह सौ मीटर हम लोग पहले ले चुके हैं
Speaker 2: हां हां तो
Speaker 1: बाकी यह वाला वापस बचेगा
Speaker 2: नहीं तो अमेज़नी बिल वहां बनाए हैं उसको सत्रह सौ कुछ होना था सोलह सत्रह सौ उनहत्तर बनाए हैं वहां
Speaker 1: जो हमें लिखे डेटा है वह हम बता रहे थे
Speaker 2: यह सत्रह सौ चौवन मीटर क्वांटिटी ही इधर की क्या?
Speaker 1: हां टोटल है वह
Speaker 2: टोटल अपन यह बिल की हां
Speaker 1: हां
Speaker 2: हां तो सत्रह सौ चौवन मीटर के हिसाब से देख ली क्या?
Speaker 1: अरे नहीं तो मैं तीन चार सौ मीटर ऊगू के हैं ना आशीषों वाला कुछ क्वांटिटी डली है वहां
Speaker 2: कहां आशीष के?
Speaker 1: बताए थे ना इनके अच्छे दोस्त हैं हम पहले जो पेशाब में क्वांटिटी डलवाए रहा हम पहले वहां
Speaker 2: हमें अच्छा नई घड़ी के आए हैं मैं
Speaker 1: हां हां हां भाई वह जेएमआर देखा ना कहे मैं
Speaker 2: नहीं जेएमआर
Speaker 1: जो बिल कल जो बिल कल दी है नावेद वह बिल में ओखर वाला एड है
Speaker 2: नहीं नहीं मतलब हम पहले ऊपर जेएमआर लगा है बाकी बिल में ओखर एड कही हुई तो अलग बात
Speaker 1: नहीं नहीं जो मेजरमेंट एमबी शीट ही बे
Speaker 2: हां मेजरमेंट एमबी शीट में जेएमआर शीट तो केवल अपना ही बल लगी
Speaker 1: हां मेजरमेंट एमबी शीट मुंह उखाड़ जुड़ा आ गया
Speaker 2: हां मेजरमेंट एमबी शीट अच्छा हां तो होएगा जुड़ा हो ही तो
Speaker 1: यश भाई हां
Speaker 2: यह टंकी वाला एमए यह एक एमए टंकी वाले मां एमए कैसे करेगा?
Speaker 1: टंकी वाले में कहां करेगा? टंकी वाले में जो अमाउंट है बे अमाउंट बनाएंगे तो उनतीस तीस हजार उससे ग्यारह ग्यारह प्रतिशत माइनस के लिए का है जो अमाउंट बच जाए वह कमी को के लिए का डाइवर्ट कर लेगा बात
Speaker 2: खत्म तो एक एक खत हां सारे पूर सीमेंट ना करके यह सब ईजाद ईजाद ही नहीं
Speaker 1: वह तो अभी उनका सिस्टम है
Speaker 2: नहीं कम से कम जब एक दो महीना बाद बिल दे ही रहे हैं तो सारे का भाई क्या? करें हम गार्ड और रूम वाले तुम काम तो दही दी है गार्ड रूम के हैं?
Speaker 1: पैसे दे देंगे?"
26,"बता रहे हैं तिवारी जी?
कहाँ का ही उपस्थित हैं?
उपस्थित परम हुए वाले हैं।
चल पर?
पानी जी आए हैं हैं?
हां हां।
हां चालू हो उनसे कोई दिक्कत नहीं है।
दीपक लगान फोन?
दीपक ऑफिस में हैं कहीं इसकी हम JMR की हैं ना एक अप्रैल का।
हां तो बता दो ना डेटा?
कहे इसकी हम एक अप्रैल को बोला कहे रहे तो है नहीं। जे मार तो हम कहें। कहाँ की है जय माता जी?
नहीं। कहे रहे तो फिर आधा अधूरा कहे है।
नहीं। तो वह जय मार गए कहाँ?
अरे भईया जाऊं सात सौ अप्रैल को छोड़ दे अपना।
हां।
ज्यों मार्च में कहे रहने एक मार्च का, ज्यों शायद JMR से नब्बे मीटर कटकर पांच सौ कुछ मीटर के जो हमारे अपन का यह रहने है। हां। जन्मों से नब्बे मीटर कट गिरा तो वह क्लियर हो जाए ना तो सब क्लियर हो जाएगी।
हां तो ठीक है वह फिर ही आप बैठी थी फोन लगाई थी तब तक, ठीक है? हां।","Speaker 1: बता रहे हैं तिवारी जी?
Speaker 2: कहाँ का ही उपस्थित हैं?
Speaker 1: उपस्थित परम हुए वाले हैं।
Speaker 2: चल पर?
Speaker 1: पानी जी आए हैं हैं?
Speaker 2: हां हां।
Speaker 1: हां चालू हो उनसे कोई दिक्कत नहीं है।
Speaker 2: दीपक लगान फोन?
Speaker 1: दीपक ऑफिस में हैं कहीं इसकी हम JMR की हैं ना एक अप्रैल का।
Speaker 2: हां तो बता दो ना डेटा?
Speaker 1: कहे इसकी हम एक अप्रैल को बोला कहे रहे तो है नहीं। जे मार तो हम कहें। कहाँ की है जय माता जी?
Speaker 2: नहीं। कहे रहे तो फिर आधा अधूरा कहे है।
Speaker 1: नहीं। तो वह जय मार गए कहाँ?
Speaker 2: अरे भईया जाऊं सात सौ अप्रैल को छोड़ दे अपना।
Speaker 1: हां।
Speaker 2: ज्यों मार्च में कहे रहने एक मार्च का, ज्यों शायद JMR से नब्बे मीटर कटकर पांच सौ कुछ मीटर के जो हमारे अपन का यह रहने है। हां। जन्मों से नब्बे मीटर कट गिरा तो वह क्लियर हो जाए ना तो सब क्लियर हो जाएगी।
Speaker 1: हां तो ठीक है वह फिर ही आप बैठी थी फोन लगाई थी तब तक, ठीक ह?
Speaker 2: हां।"
27,"कहाँ से पढ़े हैं आप? यह सारी उम्र के ही कई वाले हैं ना। कहाँ से आए आप हमारे पास? अब यह होली के ठीक सामने हैं एम्प्लॉयी ओवर के नीचे। ठीक है देख लिया।","Speaker 1: आपकी शैक्षिक पृष्ठभूमि क्या है? आपके पास इस क्षेत्र में व्यापक अनुभव है, ऐसा लगता है। आप हमारी कंपनी में कैसे आए? अब यह होली के ठीक सामने हैं एम्प्लॉयी ओवर के नीचे। ठीक है, मैंने देख लिया है।"
28,"स्पीकर 1: हां।
स्पीकर 2: कहाँ जा रहे हो? क्या इन्कोका चिउल्ला मंदिर जाने की बात हो रही है?
स्पीकर 1: क्या? बहुत बढ़िया। अभी आप जा रहे हैं? हां।
स्पीकर 2: क्या? बहुत बढ़िया। कहाँ जा रहे हैं?
स्पीकर 1: हो गया। हमें एक एक रैंक की अच्छी कुरान ला सकती हैं।
स्पीकर 2: लोहे की ब्रिज की यह बात कहूं, शिल्पा उतरा भी है।
स्पीकर 1: नहीं। यहाँ पर रहना अपना घर ही है, ना जाम।
स्पीकर 2: घर ही नहीं जाम।
स्पीकर 1: परिवार के लिए। यहाँ पर कैसे जाएंगे?
स्पीकर 2: नहीं। इनका मायके से बुलाया है। अच्छा, अच्छा। उनका मामला ही नहीं है। फिर बिटिया का तुमको दिखाऊँ, डॉक्टर के पास।
स्पीकर 1: तो डॉक्टर के पास बता देंगे? वह अपना दूसरा तो है ना।
स्पीकर 2: हां।
स्पीकर 1: तो हमको चाहे तो कई लोग कहते हैं हम थोड़ा काम हैं डीएम साहब से देख कर आए हैं। हां। तो कितने दिन फ्री हो? कहीं के सहारे कहीं आ जाते हैं, कहीं के दरबार हुए।
स्पीकर 2: चलो, देखो। कहीं हो तो बिल्कुल आ जाऊँ।
स्पीकर 1: लेकिन मस्ती कहीं मिल जाती है कहीं कहीं, तभी बताऊं? हाओ।","Speaker 1: हां।
Speaker 2: कहाँ जा रहे हो? क्या किसी विशेष स्थल पर जाने की योजना है?
Speaker 1: क्या? बहुत बढ़िया। अभी आप जा रहे हैं? हां।
Speaker 2: क्या? बहुत बढ़िया। कहाँ जा रहे हैं?
Speaker 1: हमें एक अच्छी रैंक की कुरान ला सकती हैं।
Speaker 2: लोहे की ब्रिज की यह बात कहूं, शिल्पा उतरा भी है।
Speaker 1: नहीं। यहाँ पर रहना अपना घर ही है, ना जाम।
Speaker 2: घर ही नहीं जाम।
Speaker 1: परिवार के लिए। यहाँ पर कैसे जाएंगे?
Speaker 2: नहीं। इनका मायके से बुलाया है। अच्छा, अच्छा। उनका मामला ही नहीं है। फिर बिटिया का तुमको दिखाऊँ, डॉक्टर के पास।
Speaker 1: तो डॉक्टर के पास बता देंगे? वह अपना दूसरा तो है ना।
Speaker 2: हां।
Speaker 1: तो हमको चाहे तो कई लोग कहते हैं हम थोड़ा काम हैं डीएम साहब से देख कर आए हैं। हां। तो कितने दिन फ्री हो? कहीं के सहारे कहीं आ जाते हैं, कहीं के दरबार हुए।
Speaker 2: चलो, देखो। कहीं हो तो बिल्कुल आ जाऊँ।
Speaker 1: लेकिन मस्ती कहीं मिल जाती है कहीं कहीं, तभी बताऊं? हाओ।"
29,"Speaker 1: Hello.
Speaker 2: का है हाल चाल तिवारी जी? बढ़िया है. कहाँ है उपलब्धता? उपलब्धता
Speaker 1: very बहन भाई.
Speaker 2: का है हाल चाल.
Speaker 1: हो गया। ठीक है फिर कहाँ
Speaker 2: है? नहाई है इनके दी ठीक
Speaker 1: है ही. अच्छा.
Speaker 2: कहाँ है?
Speaker 1: बता ही थे देखी.
Speaker 2: कुछ भय बातचीत?
Speaker 1: नहीं। अभी तो conversation बात। नहीं। आई. हां. तो फिर, तो फिर अब हो गया। कहाँ है वह है जय श्री
Speaker 2: राम. अरे तो उनके लिए। कह रहे हैं ना बात। करेगा फिर.
Speaker 1: जैसे ही.
Speaker 2: अगर जय श्री राम है तो NOC के लिए।.
Speaker 1: हां तो वह दे देब करेंगे।?.
Speaker 2: भाई बात। कर ले यार देबे कर ही दोनों बात। नहीं। होती है. नहीं। देता ही.
Speaker 1: हां. हां तक कर ही मैं।....
Speaker 2: हां सही है तो या एक side clear कर ले कम से कम या तो यह side clear कर ले या तो वह side clear कर ले. हां एक तो उमत कम से कम आ जा.
Speaker 1: तो उसी card drawback
Speaker 2: है. Drwback किया। है कि जलने का मुहह नौकरी ना मिली. हां. भाई ज़िंदगी बहुत बड़ी कुछ आना था कब कहाँ कैसा का, अवसर राजा का कैसा बात। वन जाए.
Speaker 1: नहीं। तो ओम मतलब online हो रहा था क्या??
Speaker 2: हां हां हां अब भाई देखा हर चीज़ सार्थक में बनी। है तो हां सार्थक आधार card लगा। है, सार्थक में अगली ID व जुड़ी हुई। है अगली marksheet लगा। है. पता हमेशा के लिए। ज़िंदगी भर पड़ा है ना कि त्रिदेव तिवारी, फलां आधार card number, भला यह आदमी या यहाँ काम का है. यहाँ के यह यह GM इनका NOC नहीं। देगा है. वह तो जब भी अगर हम rejoin करा होगा अगर जलने का अम्मा तो वह तो data cross check होएंगे.
Speaker 1: नहीं। सही बात।.
Speaker 2: तो कम से कम एक पक्ष रहा अगर वह वाला नहीं। है तो यह वाला तो कम से कम रहा था कि भाई ठीक है तो है ना उसी तो हम आ गए.
Speaker 1: हां. बिल्कुल सही है. नहीं। तो हम चर्चा कर ही थे का का कर रहे थे?
Speaker 2: कहाँ व्यस्तता चल रही है इस समय
Speaker 1: पर? अरे तीन चार दिन से मामा admit रहे हैं. वहीं दिल्ली में admit करा रहे हैं तो वह मामा को लटका रहा अकेले विचार उनका cancer हो ही गया। है तो वह बड़ा परेशान है नहीं।. अब आज आज जाकर free बहन कल उनसे कहीं सब तो ना भेज दिया
Speaker 2: ने.
Speaker 1: फिर तो कह दी गई ना उनको. जहां private में रोज़ एक लाख रुपया लागत रहा था. चार पांच दिन में सारे ही तीन चार लाख रुपए की थी. हां. हम कहें। भाई, वहां है District hospital. वहां मामा जी हैं, तो हम कैसे वहीं लिखवा देते हैं. हां. देखिए, हम रखे। हैं त्रेयास में. बाद हम लोग। ही थे. है ना? अभी इस PIU पर जा रहे हैं ना थोड़ी देर हम साथ... से मिललत, है ना? कहाँ चाहते हैं और बातचीत कर ली थी, है ना? हां, ठीक है. तो प्रयास से बताई थी. ओखा दीपक पकड़ ली सा रे कहा जो ख़खा जी सब side road पर काम मैंने निकाले आज कल.
Speaker 2: Side के काम कल हम सात kilometer जल रेखा की हैं.
Speaker 1: हां. अब
Speaker 2: भाई कुछ हूं तो काम तो देख ही ले चल रेखा दिख लिया चाहे छोड़ा MB देख ले अरे भाई देख ले. कुछ तो नहीं। डाल दे कुछ तो कहे
Speaker 1: ना. नहीं। यह वाला JAY मार वगैरह जो वहां पर pending है बाकी कहीं तो हो गई ठीक है यार इधर उधर उधर अब.
Speaker 2: हां. JAY मारो दीपक का दिख लिया पकड़ लग गई कि हां भाई कहाँ है.
Speaker 1: हां, वह है अब. हां. भी रखे। नहीं। डाली सारे?
Speaker 2: नहीं। कुछ नहीं। डाली ना अभी हम बात। की अंत तक कहीं कि वह आपसे पहले जिनका हुआ था अभी उन्हीं का नहीं। हुआ? क्या? आपका कहाँ से होगा?
Speaker 1: हां अरे तू कहाँ से होगा? कौन सी चीज़ के कहाँ है जी? एक ही
Speaker 2: जुर्म आ जाएंगे। आज. तो हम पहले ऐसा तैसी सारे.
Speaker 1: आज आठ तारीख हो गए गुरुमा आ रही है कि. तीन महीना चार महीना से वहां से कोई पैसे। फंसा है. अरे वही चाह रहा हूं.
Speaker 2: तो यह तब लगान तो कहीं इसकी अभी से आपके पहले जिसका बिल गया। है उसी का नहीं। आया तो आपका कहाँ से आ
Speaker 1: जाए. हैं? हां वह भी खुद ही नहीं। पता है. भाई यह जो पांच छह सौ meter पड़ा यह नहीं। लगा। रहा भैया वह कहीं.
Speaker 2: जी सही हूं खातिर कहे कि बिल लगाओ तो कहीं इसकी थोड़ा रुक के लगाइए. फिर आपके में कहीं Pipe का issue होता है चार बार हमको बनाना पड़ता है बिल.
Speaker 1: तो हम
Speaker 2: कहें। ठीक है भाई. रुक ले दीपक का data नहीं। नहीं। नहीं। कोई बड़ी बात।. बड़ी चीज़ें complicated हैं और यह समय
Speaker 1: पर यह चीज़ में समय निकाल कर मैं।...
Speaker 2: और यह समय पर इतने, कितना काम है ना तुझे कि हम बता नहीं। सके। भाई.
Speaker 1: यह काम पहले लेकिन आपने बिल वाला तो नहीं। काहे परी ना नहीं। तो सारे के. वह तो हम अपुन पूरी फँसी हुई। मेहनत फँसी हुई। वह तो तो नहीं। काहे परी नहीं। इतने सारे ऐसे. आदमी को. वह तो इस समय नहीं। देख सकते
Speaker 2: कि side में बहुत काम ही है शायद हद से याद है.
Speaker 1: शायद हां side में तो भाई बहन क्या? कर अब वह ससुर?
Speaker 2: बहुत ज़्यादा चलती है आपको? चंदा हर जगह gap plusing, HSC या हुआ? क्या? होरे कहीं पर पता नहीं। कितनी RFA pending हो गई है. सब कुछ हो ना हो ही रहा ना कुछ हो सब एकदम ऐसा ही पड़ा.
Speaker 1: हम पहले कई क्या? बोलते हैं वैसे ना कि हम नया staff आई कहाँ से paper हो से?
Speaker 2: कोचू नया staff ना आई. वह सब हमहीन का करीब पड़ जी वह सब देखते हुए कलम सात आठ kilometer जल रेखा
Speaker 1: की यहाँ. हां.
Speaker 2: क्या? कर ही भाई अभी target दे रहे हैं जल रेखा की कि जल रेखा करो।. अब ना तू जल रेखा ने की हैं, उन्हीं के स्तन के अनुसारे आओ तो के होके कुछ हो ना कर ही हैं. हम का target बना जाएंगे।.
Speaker 1: हां वो उसका target ही हैं अब हम का target दे
Speaker 2: ही नहीं।
Speaker 1: हैं हमारे पास हां हैं.
Speaker 2: हां तो वह हैं कहे के हम का target करेंगे।? कि भाई वह वाकई लोगों ने नहीं। किया। तो कोई बात। नहीं।, है ना क्योंकि त्रिदेव तो हैं ही नहीं। हैं काहे काहे काहे काहे काहे काहे काहे काहे काहे काहे काहे काहे काहे काहे तो नहीं। थे. थे. जाऊँ, आप अपना उनतीस तीस kilometer की target दिए रहे. सात kilometer का ही रहे. पांच आदमी रहे ना सात पना पैंतीस पांच आदमी मिलकर करीब तो हो ही यार. अभी बच्चे नहीं। game तो होगा करीब. है कि नहीं।?
Speaker 1: सही है.
Speaker 2: ठीक है सब
Speaker 1: है. बढ़िया है. ठीक है. दीपक का. दीपक का.
Speaker 2: दीपक का पकड़ा हां. फिर बताओ अगर कुछ काम धाम हो नहीं। तो ऐसा कैसा मजा आई.
Speaker 1: वही काम नाम मान रही हम खाली हो गया। अब तो नहीं। पड़वा दे. हैं.
Speaker 2: सिर्फ अंसार वाले मुकाम है ओम में कुछ बातचीत है कि home नहीं। फिर.
Speaker 1: बाकी तो मां ही. बातचीत.
Speaker 2: तो join ok join joining के लिए। है यह beach में जब अगर अपन यह रहा कि यह कहीं अपन बात। बना थी नहीं। बनाने वाली doubt वाली बात। रही.
Speaker 1: अरे तो
Speaker 2: हम तो join कर लेते हैं.
Speaker 1: अरे हम का एक minute का यह मानकर चले कि पुछ रहे थे नहीं। रही पारिवारिक police कैसे उलझे रहे हैं ना. तो duty तो कहे कि प्रश्न में नहीं। रहा नहीं। तो कहीं हम सब अपन काम है ना निपट वाले यह उसी कहे कि माने मुझे exam नहीं। रहना है इतने काम है यह उतना बरात ना किसी का अजित तमाम. हां. काम की तबीयत खराब है यह अपन वाला काम है यह है उसी उसी पुस्तक काम है ना ज़मीन और अगर दो घंटा वहां मऊगंजुधाए फिर शाम को दो घंटा मतलब उठता है नहीं। समझे अब duty जब करा तो अच्छी तरीके से ना वहां करे पड़ी.
Speaker 2: शुरू में तो देहीन चाहिए। इसमें.
Speaker 1: हां तो दो घंटे के बाद अच्छी तरीके से. हालांकि अभी हम रखे। हैं तो यह आज ना इतने धस भी हम सोगत ना इनका भले ही हमारे time over हो जाए उसे बहुत पतला ना हो रहे हम इनका मादक तो करवा दे रहा अब इनको छोड़म ना और दूसरी इनके पत्रकार का बहन है हां, अभी हम थोड़ा सा कहा है कि दूसरा निर्यात किताब मर रहे हैं. हां. निवेदन वाले ना कहाँ जोड़े निवेदन करे ऐसा वाला रहा. अब निवेदन मकान तो
Speaker 2: हम कहाँ. तो फिर GM साहब, से भेंट हो ही पाई, निवेदन हो ही पाई.
Speaker 1: हो ही नहीं। पाएगा।, GM साहब, में ले नहीं। पाए अब आज जा रहे हैं. हां, जा रहे हैं ना सब जो सब कसम काम कि GM साहब, से मिले क्यों? कहा चाहत. वही जहां पर हम कौन सफर कराई? आई हूं मैं।... अभी रखे तो mood में हूं तो नहीं। बैठे नहीं। में काम चल जाए.
Speaker 2: रखे के mood में होते तो बताया तरह। कि हां कैसे दोस्त से phone करवाया जाए उनके free सखात.
Speaker 1: हां हां तब हो ही गया। हम हो ही तो करते दोस्त वह उसका इतने लिप्त ना कहीं ना हो बताए रहना अपना घर नहीं। दिन इतने लिप्त.
Speaker 2: हां, मतलब उनका मुड़ता नहीं। ना अगर mood होते तो इतने बड़ा कदम थोड़ी ना होता है.
Speaker 1: हां तो mood नहीं। रहे हैं। भाई क्या? जन फिराई फौजी वाले रहा दे. वहां solution भर नहीं। वाले भाई. इनको मत रखियेगा इनको हटा दीजिए। इनको यह
Speaker 2: एक को वह. Sir यह काम नहीं। कर रहे हैं यह वह नहीं। कर रहे हैं यह वह ऐसा नहीं। करते.
Speaker 1: अब तो बिल्कुल लोहे आए तभी नहीं। है सब वाकई आई. सब निवेदन हूं आवेदन रह ही गए थे का प्रचलन है बाकी उनका रिश्ता, एक डर के new agent करें।, में कहा जाता है, मिले में कहा जाता है, मिले में हम तो तीन दिन से आज किए हम तो हो गए. खुला खाते नहीं। हो पाई देखिए, आज यही थे. हां. अब आज हम final है कहीं लिए।.
Speaker 2: आज वही सब final.
Speaker 1: नहीं। अभी तो date नहीं। हैं वहां डाल सकते हैं. हां तो
Speaker 2: वह तो बहुत
Speaker 1: देर बहुत देर से मतलब ना हो हुआ? क्या? वहीं अगर DM काहें का date तो आप बिना date नहीं। समझे.
Speaker 2: कुछ ना हो but चाहें तब तो.
Speaker 1: हां चाहें तब तब बाकी date और भाई उन्हीं नौकरी में रखी में उनका power है तो जब चाहें तब पैसे। रखें हैं है ना तो उनके लाने date मायने नहीं। रखा है.
Speaker 2: देख ले बात। कह ले और दोनों ने बात। कह ली है अगर मान ले नाराज़ क्यों? व्यक्त कर रहे थे तो यह हो कि साहब, हमको NOC दे दी. हां मतलब या ना हो कल के दिन कि हां ऐसा है वैसा है. हां भाई जीवन बहुत बड़ा है ऐसा थोड़ी ना है court का है कि हां आज भर है तब अब कल से हम कल जल निगम के कहाँ ज़िंदगी में ज़रूरत नहीं। पड़ती.
Speaker 1: लेकिन हम कर ही कि ना कर ही हमां दसवे तू बे ना.
Speaker 2: हां हमारे हुआ अलग ही सोए भाई हमा यह ना हो चाहे कि अब हम पूरे जीवन भर खातिर जल निगम से बैरी बनी। है. अब कभी दिन जल निगम PhD merge हो जाए तो हम PG से दुश्मन हो जी तो यह चीज़ ना रह चाहिए।.
Speaker 1: वह है आज भाई जब हम ही हम आते हैं तब एक तो food रहता है.
Speaker 2: हां हम कल अब कह दे कि हम कहाँ को नौकरी कर ही तुम, का कोनों दिक्कत नहीं। आए. हां
Speaker 1: तो कोई उंगली ना उठावे पावे.
Speaker 2: हां क्यों? उंगली ना उठावे पावे कम से कम इतने तो हो चाहिए।.
Speaker 1: बिल्कुल सही बात। है. है ना. जी. अब एक चीज़ हां जी मैं।... एकदम सड़क गई थी साहब, और नौकरी से तो हटाए नहीं। जाने तो कम कुछ तो रह जाएगा। तो पता ही चले.
Speaker 2: हां या हमारे मतलब रस्ता ना बंद कर ही कि हम जल निगम पीछे ज़िंदगी भर का चले जाइए.
Speaker 1: अरे वो भी जुगाड़ हो गई अभी वहां भी हैं चाचा के लड़का हम पहले सरत है ना यहाँ रामपुर ने एक दिन में पदस्थ है.
Speaker 2: काहेमा
Speaker 1: है जनसंख्या.
Speaker 2: तो वह है तो गड़बड़ ही ना. भय तो गड़बड़ हुई। थी ना जब वह काम ना करवा पाई बाद में. अगर यह NOC ना नहीं। ही ना तो बात। गड़बड़ा जाएगी।. हां.
Speaker 1: सच सच सपना मज़बूत है.
Speaker 2: वह हम हम कहे तो कहे कि ज़िंदगी बहुत बड़ी है और पूरा एक विभाग से बैर लिए। ठीक नहीं। है. हां हां.
Speaker 1: आस पास काम धाम मिल गई काम धाम पर दिक्कत नहीं। ना थोड़ा सा बुखार दिन दौड़े पर ही. हां हां. भैया diet day NOC कम ना.
Speaker 2: हां NOC की ज़रूर बात। के लिए। कि साहब, उनका NOC उतना दे दी, है ना. वह बहुत ज़रूरी चीज़ है मतलब उसके बिना तो एकदम मतलब हाथ पैर आए भरी यहीं है जल निगम खाते.
Speaker 1: थे. और
Speaker 2: जल निगम में आगे कहाँ project tower थे कैसावती के वह नहीं। जाने.
Speaker 1: सही बात। है. अरे अबे तो यह है है अबे तो यह है project सफल over में time रहे हैं। अभी maintenance आया या आया हुआ है.
Speaker 2: वहां सबके लिए। हाथ पैर खुले रहना चाहिए। ना. बाज़ी हाथ पैर तो कैसा maintenance आए फिर या वह आए कैसा हो पाई. हाथ पैर तो खुले रहा चाहिए। ना. नमस्ते. ठीक है.","Speaker 1: नमस्ते
Speaker 2: क्या हाल है तिवारी जी? बढ़िया है। कहाँ है उपलब्धता?
Speaker 1: मैंने वहां तोड़-फोड़ करवाई
Speaker 2: क्या है हाल चाल
Speaker 1: हो गया। ठीक है फिर कहाँ है
Speaker 2: नहाई है इनके दी ठीक
Speaker 1: है ही। अच्छा
Speaker 2: कहाँ है
Speaker 1: बता ही थे देखी
Speaker 2: कुछ भय बातचीत
Speaker 1: नहीं। अभी तो बातचीत ही हो रही है
Speaker 2: जय श्री राम
Speaker 1: अरे तो उनके लिए। कह रहे हैं ना बात। करेगा फिर
Speaker 2: जैसे ही
Speaker 1: अगर जय श्री राम है तो NOC के लिए
Speaker 2: हां तो वह दे देब करेंगे।
Speaker 1: हां तो वह दे देब करेंगे
Speaker 2: भाई बात। कर ले यार देबे कर ही दोनों बात
Speaker 1: हां। हां तक कर ही मैं
Speaker 2: हां सही है तो या एक साइड क्लियर कर ले कम से कम या तो यह साइड क्लियर कर ले या तो वह साइड क्लियर कर ले
Speaker 1: तो उसी कार्ड का ड्रॉबैक
Speaker 2: है। ड्रॉबैक किया। है कि जलने का मुहह नौकरी ना मिली। हां। भाई ज़िंदगी बहुत बड़ी कुछ आना था कब कहाँ कैसा का, अवसर राजा का कैसा बात
Speaker 1: नहीं। तो ओम मतलब ऑनलाइन हो रहा था क्या
Speaker 2: हां हां हां अब भाई देखा हर चीज़ सार्थक में बनी। है तो हां सार्थक आधार कार्ड लगा। है, सार्थक में अगली आईडी व जुड़ी हुई
Speaker 1: नहीं। सही बात
Speaker 2: तो कम से कम एक पक्ष रहा अगर वह वाला नहीं। है तो यह वाला तो कम से कम रहा था कि भाई ठीक है तो है ना उसी तो हम आ गए
Speaker 1: हां। बिल्कुल सही है। नहीं। तो हम चर्चा कर ही थे का का कर रहे थे
Speaker 2: कहाँ व्यस्तता चल रही है इस समय
Speaker 1: पर। अरे तीन चार दिन से मामा एडमिट रहे हैं। वहीं दिल्ली में एडमिट करा रहे हैं तो वह मामा को लटका रहा अकेले विचार उनका कैंसर हो ही गया। है तो वह बड़ा परेशान है नहीं। अब आज आज जाकर फ्री बहन कल उनसे कहीं सब तो ना भेज दिया
Speaker 2: ने
Speaker 1: फिर तो कह दी गई ना उनको। जहां प्राइवेट में रोज़ एक लाख रुपया लागत रहा था। चार पांच दिन में सारे ही तीन चार लाख रुपये की थी। हां। हम कहें। भाई, वहां है डिस्ट्रिक्ट हॉस्पिटल। वहां मामा जी हैं, तो हम कैसे वहीं लिखवा देते हैं। हां। देखिए, हम रखे। हैं तो यह आज ना इतने धस भी हम सोगत ना इनका भले ही हमारे समय ओवर हो जाए उसे बहुत पतला ना हो रहे हम इनका मादक तो करवा दे रहा अब इनको छोड़म ना और दूसरी इनके पत्रकार का बहन है हां, अभी हम थोड़ा सा कहा है कि दूसरा निर्यात किताब मर रहे हैं। हां। निवेदन वाले ना कहाँ जोड़े निवेदन करे ऐसा वाला रहा। अब निवेदन मकान तो
Speaker 2: हम कहाँ। तो फिर जीएम साहब, से भेंट हो ही पाई, निवेदन हो ही पाई
Speaker 1: हो ही नहीं। पाएगा।, जीएम साहब, में ले नहीं। पाए अब आज जा रहे हैं। हां, जा रहे हैं ना सब जो सब कसम काम कि जीएम साहब, से मिले क्यों? कहा चाहत। वही जहां पर हम कौन सफर कराई? आई हूं में। ... अभी रखे तो मूड में हूं तो नहीं। बैठे नहीं। में काम चल जाए
Speaker 2: रखे के मूड में होते तो बताया तरह। कि हां कैसे दोस्त से फोन करवाया जाए उनके फ्री सखात
Speaker 1: हां हां तब हो ही गया। हम हो ही तो करते दोस्त वह उसका इतने लिप्त ना कहीं ना हो बताए रहना अपना घर नहीं। दिन इतने लिप्त
Speaker 2: हां, मतलब उनका मुड़ता नहीं। ना अगर मूड होते तो इतने बड़ा कदम थोड़ी ना होता है।
Speaker 1: हां तो मूड नहीं। रहे हैं। भाई क्या? जन फिराई फौजी वाले रहा दे। वहां सॉल्यूशन भर नहीं। वाले भाई। इनको मत रखियेगा इनको हटा दीजिए। इनको यह
Speaker 2: एक को वह। सर यह काम नहीं। कर रहे हैं यह वह नहीं। कर रहे हैं यह वह ऐसा नहीं। करते"
30,"Speaker 1: क्या? समाचार है? समाचार
Speaker 2: तो ठीक है बहुत ठीक नहीं। है बताओ.
Speaker 1: क्या? है?
Speaker 2: हो यह बताओ आप बताइए चार हफ्ते मिल गए मुलाकात.
Speaker 1: आज हम सब रहवे नहीं। हैं. हां. ओ चले गए हैं वहां.
Speaker 2: तो कहाँ
Speaker 1: हैं? वह जबलपुर गए हैं high court में कुछ बताया उनका.
Speaker 2: हौ. हौ. हौ.
Speaker 1: हौ. हौ. हौ. हौ. हो उन्होंने वह कि demombulation कह दी है नहीं। अजय त्रिपाठी
Speaker 2: के. अजय का?
Speaker 1: अजय त्रिपाठी एक लड़का नहीं। किया। है उनका कहना.
Speaker 2: हां हां हां हां है ना. तो हो
Speaker 1: गया। discontinuation कैसी है? साहिल. कहाँ पता है?
Speaker 2: अरे यार यह चीज़ के लिए। हम phone करें।, वाले दयानंद विहार के.
Speaker 1: हां.
Speaker 2: उनका एक सिर्फ phone आया हुआ छतरपुर से. कहीं वह आपके यहाँ AE की post खाली हो गई है. हां. हम वहां फटीमा या हम fans आ रहे हैं एक नए. A boys से थे AE के post निकाले हैं एक AF ही के निकाले
Speaker 1: हैं. हां.
Speaker 2: F e वाला तो हमको समझ में आएगा कि यार ऐसा ऐसा है f e के post पर से निकाले नहीं। हैं. अब एक ही का ही निकाले हुआ अब बता रहे हैं. हां. एक एक निकाले तीन दिनोई का post निकाले थे. वह है आज हमको विक्रमार्क से दोस्त है ऐसा तो वह phone लगाए थे कि भाई यार रीवा में जगह खाली है क्या?? हम कह रहे हैं यार हम पर जानकारी में तो नहीं। आए. तेईस महीने तीन दिन पहले की की cost निकाली है. हां. राजा ने बहुत ही रुका है कई दिन यार लोग। तो बहुत खास हम लोग। तो उस आदमी हैं.
Speaker 1: पता नहीं।. दूध, दूध रोहित तिवारी बताएंगे कि नहीं। दूर खा ली.
Speaker 2: ठेका ठेका.
Speaker 1: दूध खाली सो कर ही रहे हैं। point निकाले हैं अब रोहित तिवारी को आकर phone आएगा यह. पर. हां. रोहित तिवारी कहे कि नहीं। हमको अभी तो ऐसा कुछ नहीं। है यहाँ कोई भी खाली नहीं। है. कहीं कहीं नहीं। show कर रहे हैं। कहीं नहीं। नहीं। अभी कोई नहीं। खाली है.
Speaker 2: नहीं। तो यह सही बात। है हम पहले लिए। खुद ही phone आ हुआ है भाई, हम बता रहे हैं खुद ही हम फटी में चल रहे हैं.
Speaker 1: हां देख
Speaker 2: रही तो खा रही है. हैं? देखा उधर पूरी सारी. हैं? अब वह फटी में चल रहे हैं भाई जब show लगाई. Second चीज़ डीबीएल वाले एक लाख रुपया डाली है. सौरभ का लगाएं, लेकिन खाए ऐसा किए थे कि ऐसा लोग। भैया किसी का पैसे। डल ही नहीं। रहे हैं।. वह तो मैं।... आपके में डलवा दिया. आप हम लोगों का PA भी नहीं। हो. वह कर दो तो फिर आगे proceed करें।,. हां. हां बतावे इमाम का, का, का, का, का दे ही, का, का, का दे समझ में नहीं। आ रहा. हां.
Speaker 1: बिल total कितने ग्यारह यह वाला?
Speaker 2: बिल रहा वैसे एक सत्तासी थे.
Speaker 1: हां.
Speaker 2: आया system समझ नहीं। आ रहा. तो वही चीज़ था अगर तुम, दिन चले चाहे मिले हां. तो total एक महीने एक साथ... के लिए। कितना है.
Speaker 1: हां ठीक है ना.
Speaker 2: फिर और बता रहे थे क्या? है, इतने पैसे। ही दे रहे हैं हमको नहीं। केखा का दे, कितना जीतू पहाड़ी दे दी, कितना दे दी, कितना हमारे रखे। रख ली. तो कहीं आशीष सौ माल चार पांच सौ meter काम किए रहा.
Speaker 1: आशीष
Speaker 2: चतुर्वेदी, छहवां दोस्त हैं जो, बहुत कुछ काम किए रहा, बहुत भी डलवाए रहा. रेखा का दे ही काम कर ही.
Speaker 1: नहीं। तो total क्या? total मिले के आधार
Speaker 2: नहीं। को? हां. वह कहीं से लोग। भैया मैं।... अभी random करवा दिया हूं आपका सीमेंट / Cement अभी किसी का हुआ नहीं। है.
Speaker 1: हां.
Speaker 2: ठीक से एक लाख रूपया डलवा दिए लेकिन वह सब बाकी चीज़ें बाद में होंगी. हां.
Speaker 1: हां. बाद में मतलब कैसे होंगी?
Speaker 2: बाद में कहीं ना अभी DPL के पास पैसे। नहीं।.
Speaker 1: हां.
Speaker 2: जब fund आएगा तब देखा जाएगा।.
Speaker 1: तब जब fund आएगा तब देंगे।?,? हां.
Speaker 2: हां. कई साल हमारे भी नहीं। किए इसलिए भी और भी दिक्कत है. आपको? तो और late होकर काम मज़ा ले रहा.
Speaker 1: हां.
Speaker 2: वह वाला मार ही नहीं। है महीना सारी कहे का.
Speaker 1: हां वह और नहीं। दीना फिर.
Speaker 2: तो यह तो बड़ी खतरनाक news सुना है यार. यह news हमको दोपहर की मिली रहेगी. लेकिन अब केखाऊ निपूरी नहीं। है पढ़ा नहीं। यार.
Speaker 1: नहीं। PM साहब, इसमें पढ़ रहा हूं ना. हां. तो
Speaker 2: आ जाए त्रिपाठी काहे कह रही हूं mummy वह तो एकदम खास आदमी आनी थी सिंह की थी. पता नहीं। कहे. चौबीस घंटा वह पी आयु वहीं बैठ रहे हैं। हाथ हो गए. और वह तो केवल विकास है.
Speaker 1: अनुभव, अनुभव तो अमरकारों से महारत रह गए हैं reservation. काहे? अनुभव से अनुभवों को बोलनी नहीं। है या TLO को बोलनी नहीं।.
Speaker 2: हैं? तो
Speaker 1: आप लोग। resign दे दीजिए। नहीं। हम तक में add कर देंगे।?,.
Speaker 2: तो कहूं यह बात। पर?
Speaker 1: क्यों? matter
Speaker 2: हो? यह सब जानकारी कैसे संभव है हमारे को? यह
Speaker 1: सब और भी जानकारी, सात लोग। दे ही रहे हैं.
Speaker 2: रोहित तिवारी?
Speaker 1: रोहित तिवारी दे रहे हैं, अब वह लोग। बताएं, अनुभव खुद ही बताएं?
Speaker 2: हां. तो यह करा हुआ का है यार वह post तो सही में निकालेंगे तुम्हारे दोस्त ने phone किया। यार कैसे यार वह एक ही जगह निकाली है वह इसने वह रीवा मां. वह phone किसका है भाई नौकरी छोड़ दी है क्या?? हम कहे नहीं। भाई कर रहा हूं. कहीं तुम्हारे यहाँ जगह निकली है वह भी रीवा में. तुम, रीवा में ही हो ना कहाँ है कहाँ है planning में ना ही, कहाँ से? भाई देखो।, जगह तो निकाल रहे थे हम लोग। गेहूं के ऊपर wait कर ही special रीवा खाकर निकाले हैं कहीं पर.
Speaker 1: हां.
Speaker 2: हां, का करिए यार बता दो. कंगना दीदी नौकरी पांच है.
Speaker 1: जैसे कर्नाटक है, बहुलोहोने target किया। होगा.
Speaker 2: वह पुराने
Speaker 1: staff को हटाना चाह रहे हैं।. Total
Speaker 2: a to z. हां.
Speaker 1: पुराने staff को हटाना चाह रहे हैं। बंदा और यह चाहत है कि सारे हैं. हैं? यह चाहत है कि इनका बकाया कह गई.
Speaker 2: अरे तो भाई मद्रास जब हम news थोड़ी ना पूछे यार. Hotel कहाँ जाएगा। है? वह तो PhD में ही बैठकर बैठकर चला तो हम आपको? ज़िंदगी चाहिए। ना. बता बाप.
Speaker 1: नहीं। भाई यह, भाई यह बिल्कुल नहीं।.
Speaker 2: Patterus जबर mood थोड़ी ना है कि वहां और वही है कि Finland झगड़कर कहीं साहब, है ना उसी दिन दे तो बोली कहाँ सपना सीधी join करे ऋषभ वह कहे कि भाई भोपाल में से कहे तो आला हो तो आ जाऊँ,. कहे मेरे भाई अभी अब बात। चल रही, झंडू आ रही है मतलब कहे इसकी वह जगह निकाली है points में सब कैसे चल रही है. मैं।... सोचा तू छोड़ दिए. हां. हैं तो वह phone है कि इस मतलब हितुआ भाई के चक्कर में कि भाई अगर तुम, छोड़ दिए हुए तो यहाँ आ
Speaker 1: जा. हां.
Speaker 2: हां, happy है नहीं। भाई अभी आदत ज़रूरत नहीं। है, हैं.
Speaker 1: नहीं। तो, बिल्कुल सही बात। किया। हुआ है. हैं? नहीं। बिल्कुल सही बात। किया। है दूध है एक post ही झूठ है फिर जो post है वह यह हों.
Speaker 2: हां. यह खाली कोई तो.
Speaker 1: तो वह सब phone लगा। हुआ थे वह याचिका से काजू के लड़के लगाए रहे हैं. हां. कहीं कहीं sir आपके यहाँ post खाली है तो कहीं तो कि भाई हम पहले यहाँ भी कोई post निकाली है.
Speaker 2: नहीं। show का तो. नहीं। तो डाली है ना ready डाली है ना उस मसले का तो.
Speaker 1: नहीं। तो डाले हैं तो जब लड़का ovation period में चल रहे हैं जब मैं।... time period में चल रहे हैं है ना. हां. भाई हम हूं अब एक महीना के time period में रहे हैं नया बे एक आध दो दिन हम अभी बचा है तो वह पहले से कहे डाल दीश.
Speaker 2: इतने नहीं। कि खाली नहीं। बैठे पैसे। ना वह बात। हो गई. हम
Speaker 1: कहे, हम कहे लेकिन महादक्षत्व अभी join वाइन फूंक ना कराए हैं, हैं? हैं? हां. हां, हमासी तो अबे खाली रह दिए जब यह हो ही जाएगी। कि अब हां जब हम बोल दें कि अब हम हारी मान लिया ने.
Speaker 2: हैं? हां.
Speaker 1: हां. तब जब उधर से join कराए. अच्छा.
Speaker 2: हां, हम
Speaker 1: कह ना अभी हमको समय दे दूं चार दिन के. हम दीवार जमा ही थे. यह यह हमेशा हाल चाल है सबके वहां तक असल पर GM का है किस यहाँ नहीं। है समय. पा रहा कि आज हम मंत्री जी के यहाँ बैठ रहे हैं.
Speaker 2: ना.
Speaker 1: हां. या वहां से पता चला मंत्री जी के PN बताएं नहीं।. कहाँ? कहा कि एक है मेहरिया के हो गए transfer कहाँ पन्ना?
Speaker 2: पन्ना भेज दी.
Speaker 1: ठीक है एक डेढ़ दो महीना होएगा
Speaker 2: लगभग. सारी कोशिशों के बाद से. सारी
Speaker 1: कोशिशों के बाद से. सारी कोशिशों के बाद से. चाहत रहा वहां कुछ मदद मिल जाए मंत्री जी के यहाँ से तो वह transfer मंत्री जी नहीं। रोकवा पाएँगे।. मंत्री जी रुकवा लेते चाहे जानकर ना रोकी नौ मंत्री जी, हैं? वह तो मंत्री मंत्री है यार बहुत बहुत कम उससे ज़्यादा तो बात। कर रहे हैं. विकास गुजरती कहीं सोई यह पिए मंत्री से तो वह ignore कर दिए मंत्री. रहे हैं। कि एकड़ शिकायत तो बहुत कहे हैं ठेकेदार लोग। सब.
Speaker 2: हां हां PHD वाले तो सरोज.
Speaker 1: हां मंत्री जी बहुत खास खास आदमी एकड़ शिकायत तय हैं. तो आप एक हैकाह मंत्री जी लायक नहीं। करता हीं तो हो सका तो ना काम धाम है खरकारीन हो.","Speaker 1: क्या समाचार है?
Speaker 2: समाचार तो ठीक है, लेकिन कुछ समस्याएं हैं।
Speaker 1: क्या हुआ? कुछ बताओ।
Speaker 2: चार हफ्ते हो गए हैं और हमें मुलाकात हुई है।
Speaker 1: आज हम सब नहीं हैं। वह जबलपुर गए हैं हाई कोर्ट में कुछ काम से।
Speaker 2: हाँ, मुझे पता है।
Speaker 1: अजय त्रिपाठी ने कहा है कि डेमोलिशन नहीं होगी।
Speaker 2: क्या अजय का कहना है कि ऐसा होगा?
Speaker 1: हाँ, अजय त्रिपाठी ने कहा है कि डेमोलिशन नहीं होगा।
Speaker 2: हाँ, मुझे पता है।
Speaker 1: डिस्कंटिन्यूएशन कैसे होगा? साहिल को पता है क्या?
Speaker 2: मुझे नहीं पता, लेकिन हमें फोन करना चाहिए।
Speaker 1: हाँ, ठीक है।
Speaker 2: दयानंद विहार के पास एक फोन आया था कि छतरपुर में AE की पोस्ट खाली हो गई है।
Speaker 1: हाँ, मुझे पता है।
Speaker 2: हमें समझ नहीं आ रहा है कि ऐसा क्यों हो रहा है।
Speaker 1: मुझे नहीं पता, लेकिन रोहित तिवारी बता सकते हैं।
Speaker 2: ठेका ठेका हो गया है।
Speaker 1: रोहित तिवारी को फोन करना चाहिए।
Speaker 2: हाँ, ठीक है।
Speaker 1: बिल कितना है?
Speaker 2: बिल तो सत्तासी है।
Speaker 1: हाँ, ठीक है।
Speaker 2: हमें समझ नहीं आ रहा है कि ऐसा क्यों हो रहा है।
Speaker 1: मुझे नहीं पता, लेकिन आशीष बता सकते हैं।
Speaker 2: हाँ, आशीष चतुर्वेदी हैं।
Speaker 1: कुल मिलाकर क्या है?
Speaker 2: कुल मिलाकर तो हमें नहीं पता।
Speaker 1: मुझे नहीं पता, लेकिन रोहित तिवारी बता सकते हैं।
Speaker 2: हाँ, रोहित तिवारी बता सकते हैं।
Speaker 1: मुझे नहीं पता, लेकिन अनुभव बता सकते हैं।
Speaker 2: हाँ, अनुभव बता सकते हैं।
Speaker 1: मुझे नहीं पता, लेकिन आप लोग बता सकते हैं।
Speaker 2: हाँ, हम बता सकते हैं।
Speaker 1: मुझे नहीं पता, लेकिन आप लोगों को बताना चाहिए।
Speaker 2: हाँ, हमें बताना चाहिए।
Speaker 1: मुझे नहीं पता, लेकिन आप लोगों को बताना चाहिए कि क्या हो रहा है।
Speaker 2: हाँ, हमें बताना चाहिए कि क्या हो रहा है।"
31,"Speaker 1: Hello.
Speaker 2: हां हां.
Speaker 1: हां, वह hundred percent वह है news जो बताए ना.
Speaker 2: है ना. हां,
Speaker 1: ok अब आ जाऊँ, कोई reason है.
Speaker 2: Agreement वाला issue हुआ है. Agreement,
Speaker 1: clause issue आई है.
Speaker 2: हां, तो हटा दी ना discontinue कर दी.
Speaker 1: अब वह खा वह है ना वह चौथे waveimpass भर रहा.
Speaker 2: हां.
Speaker 1: इसलिए उसको रखना possible नहीं। चाहिए। जानकारी हमको बहुत पहले से रही.
Speaker 2: अच्छा.
Speaker 1: तो हम शस्त्र बहुत दिन से हमारे दिमाग में दवाएं है रहन.
Speaker 2: हां.
Speaker 1: यह इनका बहुत बड़ा loose point था.
Speaker 2: हां.
Speaker 1: कि भाई अगर तू यमी की है तो हम RTI लगाओ सीधा.
Speaker 2: हां.
Speaker 1: RTI लगा। के तो हुआ है खास आदमी तू रखे हैं agreement के खिलाफ गए हैं. हां. तो हम सारे उठा. हटा दिए हैं. हटा दिए हैं वह शास्त्र मां निकाल रहे हैं सारे. चश्मा मेरे दिमाग में बहुत पहले से काम बहुत पहले जाना था. तो वही ना तू कह तो देखा हम बताना। कि अजय त्रिपाठी के सिर्फ एक ही कमी है. तो चल चुके हैं पास हुआ है साहब,.
Speaker 2: हां बाकी तो वह खास आदमी आए.
Speaker 1: बाकी तो एकदम नीतीश सिंह के तो एकदम bid आए.
Speaker 2: भाई कि हम का एक आदमी बता ही नहीं। रहे हैं। कि अजय त्रिपाठी नीतीश सिंह के खास हैं.
Speaker 1: हां, बहुत खास आदमी हैं. हां. इसमें नीतीश सिंह का यह अलग हुई। चाहे अब तो हां वाला case हो गया। तो आप सोची सोईए नितीश सिंह की यार कहाँ वह खोज ने देसा. हां. कि हम आदमी अच्छे रखे हैं ना agreement के खिलाफ रहे हैं ना. हां. हां तो उमफ़ा जी आप. हां. ऐसे हम हमारे बच्चे खातिर रोखर बलि चढ़ा दे.
Speaker 2: यह अकेला चल रहे हैं। भारत के बताई,
Speaker 1: हैं? यह शस्त्र में दबा के रखा था यार तो देव यह साला निकलिए. हां. यह बहुत होशियार हैं सारे.
Speaker 2: बताया ना कि यह सब सारे दिमाग वाले लोग। आऐंगे. भाई गलती तो ही करा थे तो यह ना जन ही तो कोई जानी हूं अब lucky सब प्रशांत किए हम कहाँ कहाँ गलती का यह हैं, है ना?
Speaker 1: कहीं नहीं। यार अपनी प्रोजेक्ट का देंगे।?,.
Speaker 2: हां, तो वहां पर अब बचाव करे आगे.
Speaker 1: हैं?
Speaker 2: भाई हम तो ऐसा आदमी तो ढूंढते यार रहने के ऐसा दुचाते हैं हमको point मिल जाए, है ना?
Speaker 1: नहीं। नहीं।, ऐसा तो था ही रहने के लिए। मैं।... इंतज़ार दूं. हम जाना चाह रहे हैं बहुत दिन से जाना चाह रहे
Speaker 2: हैं.
Speaker 1: हां. उसको पता है sport ही है.
Speaker 2: पहली बहुत बढ़िया है. यह यह यह तब है. थोड़ा सा चर्चाएं कहीं ना कहीं नौकरी के आस पास करा तरह। का है. जहां approach की ज़रूरत हुई। तो हमारी। phone पकड़ कर आई. हां हां. कहूं अभी समझ में आवे का बता मैं।... क्या? है? अरे तो सारे मिली होकर वह है नौ दस बजे। तक, है ना? हां हां. तो वही साहब, किताब को फंसा ही मिल जाए. हां हां हां. ठीक है. जी.","Speaker 1: नमस्ते
Speaker 2: हां हां
Speaker 1: हां, वह समाचार जो बताया गया है वह बिल्कुल सही है
Speaker 2: हां, बिल्कुल
Speaker 1: अब मैं आ जाऊँ, कोई कारण है
Speaker 2: अनुबंध से संबंधित समस्या हुई है
Speaker 1: अनुबंध के एक खंड में समस्या आई है
Speaker 2: हां, तो हमने उसे हटा दिया और अनुबंध को समाप्त कर दिया
Speaker 1: अब वह चौथे चरण के काम को पूरा कर रहा है
Speaker 2: हां
Speaker 1: इसलिए उसको रखना संभव नहीं है, हमें पहले से ही जानकारी थी
Speaker 2: अच्छा
Speaker 1: हमें पहले से ही पता था कि यह समस्या आने वाली है
Speaker 2: हां
Speaker 1: यह उनकी एक बड़ी कमजोरी थी
Speaker 2: हां
Speaker 1: अगर आप अनुबंध के खिलाफ जा रहे हैं तो हमें सूचना का अधिकार लागू करना चाहिए
Speaker 2: हां
Speaker 1: हमने सूचना का अधिकार लागू किया और अनुबंध के खिलाफ जाने वाले लोगों को हटा दिया
Speaker 2: हां, और अब वे लोग अपने पद से हटा दिए गए हैं
Speaker 1: नीतीश सिंह के एक करीबी व्यक्ति ने बोला था कि अजय त्रिपाठी की एक ही कमजोरी है
Speaker 2: हां, और अब वह व्यक्ति आया है
Speaker 1: बाकी तो नीतीश सिंह के बोले अनुसार ही बोल रहे हैं
Speaker 2: भाई, हमें तो पता ही नहीं था कि अजय त्रिपाठी नीतीश सिंह के इतने करीबी हैं
Speaker 1: हां, वह बहुत करीबी हैं, और अब यह मामला आगे बढ़ गया है
Speaker 2: यह एक अकेला मामला नहीं है, यह तो पूरे देश में हो रहा है
Speaker 1: हां, यह तो एक बड़ा मुद्दा है, और हमें इसका समाधान निकालना होगा
Speaker 2: हां, हमें बताया गया है कि यह लोग बहुत चतुर हैं और अपने काम को पूरा करने के लिए कुछ भी कर सकते हैं
Speaker 1: कहीं नहीं, हमें अपने प्रोजेक्ट को पूरा करना है
Speaker 2: हां, तो हमें आगे बढ़ने के लिए एक योजना बनानी होगी
Speaker 1: हां, हमें एक ऐसा व्यक्ति ढूंढना होगा जो हमारी मदद कर सके
Speaker 2: भाई, हमें तो ऐसा व्यक्ति मिलना ही होगा जो हमारी मदद कर सके
Speaker 1: नहीं, ऐसा नहीं हो सकता, हमें अपने काम को पूरा करना है
Speaker 2: हां
Speaker 1: हां, हमें पता है कि यह काम कैसे करना है
Speaker 2: पहले तो बहुत अच्छा काम हुआ था, लेकिन अब हमें आगे बढ़ने के लिए एक योजना बनानी होगी
Speaker 1: हां, हमें अपने काम को पूरा करना है, और हमें पता है कि यह कैसे करना है
Speaker 2: हां, हमें बस एक अच्छा मौका मिलेगा और हम अपने काम को पूरा कर लेंगे"
32,"Speaker 1: गहन side में काम बहुत है. पर ध्यान दें वह कहीं.
Speaker 2: अब हम वहां clear हो जाए तबे ध्यान नहीं। पाओगे देखिए, है ना? हां. हां, यह मान लीजिए। अब हम दूर रोज़ चार रोज़ उनका ध्यान दें अब हम दो तीन रोज़ तो फिर छुट्टी लगा। देते. हां. हां, हमारे नौकर designing है, हम आठ का resign कर दे अब. हां, नौकर पहले वह करें।, कि अब तीन दिन बचा है हम कहाँ ध्यान दें मैंने कहा हमें। करवा में खोट चाहिए। सब करते हैं. बताइए अपना. और तीन दिन में हम क्या? कर अब हम जो pregnancy वह complete कह दे, होएगा. कुछ आ रखवाई पड़ी हैं और यह सब पड़ी हैं तो दो तीन दिन में हम यह सब complete complete
Speaker 1: करके. कुछ नहीं। थे कम से कम कहे
Speaker 2: दे. यह तो पता कर अबे कर अब वह बिना किए हमको तो वह सब complete करके NOC हमको वह कर ही मिलेगी। मिली. हां तो वह अब वहां जो हमको RFI assign है तो वह दूसरा तोड़क हो पाई.
Speaker 1: तो वह सब player पहले उसे क्या? है का बहुत सारा channel उसको pending पड़ा है.
Speaker 2: जल रेखा तो हम पहले से होते नहीं। आए हैं ना, वह तब बता रहा पहले से, अब बाकी जो pending है जल रेखा तो वह अपन गलत नहीं। कहाँ हम पहले जब हम पहले रहना तो बहुत वह हम पहले पहले भी सौ kilometer pending रहा तो काको वह कैसे कर रहे हैं।? वह दूसरा है फिर यही से यही तो वह कर ही कहाँ हम अब वह ठेका लाए हैं. और हम पहले में चलते, हम पहले में चलते होते नहीं। हैं. अब हम तीन व्यक्ति, चार लाख ऋषि को बताएं. भई data लेकर थोड़ी आया है मतलब.
Speaker 1: अरे नहीं। link ID कहे क्यों? नहीं। link ID तही किया। आपने मुझे पूरा हटा लिया था कि link ID हम कहे दी अपन server देखा चाहे चल रहे हैं। चाहे ना चाहे.
Speaker 2: वह चलते नहीं। आए दिक्कत तो यह आएगी.
Speaker 1: नहीं। sir record तो होता है ना data तो hours है ना कि इतने जल्दी। का दे दीजिए।.
Speaker 2: तो उसे उसे क्या? हो जा कर pending है ना रही वह. वह दुबारा कर ही पड़ी, उसे रिज़ल्ट अटकानी पड़ेगी. नहीं। नहीं। नहीं। नहीं।
Speaker 1: कर ही पड़ी और फिर मैंने कहा ना कहा portal में दिखवा ले. अभी तो यह तो नहीं। clear है ना तो उन्हीं link ID की ज़िंदगी का हो रहा, लाखों होने की बचा
Speaker 2: है. हां. वह तो ठीक आ गया। अब जब हम कुछ हो ही जल रेखा तो ठीक आए और बहुत कई राजधानी बनाई, बाकी यार FIR close कह दे बहुत कम हो तो हो ही जितना हो ही जाए तो कई दे, है ना वह ना हो मतलब है लेकिन अब हम दो तीन दिन में कितना का कैसा है वह?
Speaker 1: अच्छे से हो सके। वह फिर हम कर देता हूं.
Speaker 2: हां वह है यार जो कुछ हम पहले and उमा हो सके।
Speaker 1: अच्छा एक चीज़ है, बात। बनी। तो बनी। ठीक है या फिर NOC के लिए। बात। ज़रूर बना जाएंगे।.
Speaker 2: NOC के लिए। भी तेरी। उम्र का.
Speaker 1: नहीं। देता है यूं, कहे वो का, रोहित का देख लेते हैं, कुछ राज़ रहना भूख नहीं। दी, नहीं। देता है यह NOC, हां.
Speaker 2: तो उसे क्या? हुई।? हुई। उसी
Speaker 1: दोबारा जल निगम नौकरी ना
Speaker 2: मिली.
Speaker 1: हम. नहीं। मतलब छुआ है जरा पंचायत है तो at least नौकरी जाएंगे।. तो आपका
Speaker 2: सब दिन हूं मैं।... आदर्श और नौकरी कर रहा. अब आज पैंतीस साल के हो ही गए हैं. वहां भी कुछ मना नहीं।. तू चार साल आई हूं नौकरी शादी के ही धंधा व्यापार देकर जो आदत हो दिन कर हम दिनो में
Speaker 1: connect कर रहे हैं. नहीं। नौकरी में रखा है तो मुझको नहीं। है यह बात। सही है. अच्छे से ही मैं।... इंसान भर के दुकान खोल भी देती है तो वो
Speaker 2: ही सब. वो झूठ सा future नहीं। है हम तो देख ही रहे हैं आदमी, हम आधा जो बीस पच्चीस हज़ार, उनके चक्कर में वहां पर तो भटकत रहे हैं।. कोई बात। नहीं।. Time time waste थोड़ी ना आज दस साल ही है वहां पर तो देख चपरासी ही रही हूं वहां. हां, हम पहले सारे उम्र के लड़का, पहले के सारे आज कहाँ से कहाँ पहुंच गए मैं।....
Speaker 1: चलो। ठीक है.","Speaker 1: गहन साइड में काम बहुत है, पर ध्यान दें वह कहीं।
Speaker 2: अब हम वहां क्लियर हो जाएं, तब ध्यान देंगे। पाओगे देखिए, है ना? हां, यह मान लीजिए। अब हम दूर रोज़ चार रोज़ उनका ध्यान देंगे, अब हम दो तीन रोज़ तो फिर छुट्टी देते हैं।
Speaker 1: करके कुछ नहीं होगा, कम से कम कहें तो।
Speaker 2: देखें, यह तो पता करें अब, करें तो वह बिना किए हमको तो वह सब कंप्लीट करके एनओसी हमको वह मिल ही जाएगी। मिली है। हां, तो वह अब वहां जो हमको आरएफआई असाइन है तो वह दूसरा टास्क हो पाएगा।
Speaker 1: तो वह सब पहले उसे क्या है, बहुत सारा चैनल उसको पेंडिंग पड़ा है।
Speaker 2: जल रेखा तो हम पहले से होते नहीं हैं, आए हैं ना, वह तब बता रहा था पहले से, अब बाकी जो पेंडिंग है जल रेखा तो वह अपनी गलती नहीं है। कहां हम पहले जब हम पहले रहना तो बहुत वह हम पहले भी सौ किलोमीटर पेंडिंग रहा तो काको वह कैसे कर रहे हैं? वह दूसरा है फिर यही से यही तो वह कर ही कहां हम अब वह ठेका लाए हैं।
Speaker 1: अरे नहीं, लिंक आईडी कहे क्यों? नहीं, लिंक आईडी तो हमने किया था। आपने मुझे पूरा हटा लिया था कि लिंक आईडी हम कहे दी अपने सर्वर देखा चाहे चल रहे हैं।
Speaker 2: वह चलते नहीं हैं, आए दिक्कत तो यह आएगी।
Speaker 1: नहीं, सर रिकॉर्ड तो होता है ना डेटा तो घंटों है ना कि इतने जल्दी। का दे दीजिए।
Speaker 2: तो उसे उसे क्या? हो जा कर पेंडिंग है ना रही वह, वह दुबारा कर ही पड़ेगी, उसे रिज़ल्ट अटकानी पड़ेगी।
Speaker 1: कर ही पड़ी और फिर मैंने कहा ना कहा पोर्टल में दिखवा लें, अभी तो यह तो नहीं है। क्लियर है ना तो उन्हीं लिंक आईडी की ज़िंदगी का हो रहा, लाखों होने की बचा है।
Speaker 2: हां, वह तो ठीक आ गया, अब जब हम कुछ हो ही जल रेखा तो ठीक आए और बहुत कई राजधानी बनाई, बाकी यार एफआईआर क्लोज़ कह दे बहुत कम हो तो हो ही जितना हो ही जाए तो कई दे, है ना वह ना हो मतलब है लेकिन अब हम दो तीन दिन में कितना का कैसा है वह?
Speaker 1: अच्छे से हो सके, वह फिर हम कर देता हूं।
Speaker 2: हां वह है यार जो कुछ हम पहले और उमा हो सके।
Speaker 1: अच्छा एक चीज़ है, बात। बनी तो बनी, ठीक है या फिर एनओसी के लिए बात। ज़रूर बना जाएंगे।
Speaker 2: एनओसी के लिए, भी तेरी। उम्र का।
Speaker 1: नहीं, देता है यूं, कहे वो का, रोहित का देख लेते हैं, कुछ राज़ रहना भूख नहीं। दी, नहीं। देता है यह एनओसी, हां।
Speaker 2: तो उसे क्या? हुई।? हुई। उसी
Speaker 1: दोबारा जल निगम नौकरी ना
Speaker 2: मिली।
Speaker 1: हम, नहीं। मतलब छुआ है जरा पंचायत है तो कम से कम नौकरी जाएंगे। तो आपका
Speaker 2: सब दिन हूं मैं, आदर्श और नौकरी कर रहा हूं। अब आज पैंतीस साल के हो ही गए हैं, वहां भी कुछ मना नहीं है। तू चार साल आई हूं नौकरी शादी के ही धंधा व्यापार देकर जो आदत हो दिन कर हम दिनों में।
Speaker 1: कonnekt कर रहे हैं, नहीं। नौकरी में रखा है तो मुझको नहीं। है यह बात। सही है। अच्छे से ही मैं। इंसान भर के दुकान खोल भी देती है तो वो
Speaker 2: ही सब। वो झूठ सा फ्यूचर नहीं है। हम तो देख ही रहे हैं आदमी, हम आधा जो बीस पच्चीस हज़ार, उनके चक्कर में वहां पर तो भटकत रहे हैं। कोई बात नहीं। टाइम टाइम वेस्ट थोड़ी ना आज दस साल ही है वहां पर तो देख चपरासी ही रही हूं वहां। हां, हम पहले सारे उम्र के लड़का, पहले के सारे आज कहां से कहां पहुंच गए हैं।
Speaker 1: चलो, ठीक है।"
33,"हां जी, कहाँ हाल चाल तिवारी जी पता रहता नहीं। चले। 
थोड़ा आए तो ऑफिस कहीं। 
हां, कहाँ चल रहे हैं? 
कुछ नहीं, हो जाएगा। इस समय वह ब्लॉग और बुक और यह सब रहा समय हो उनकी। चिंतन बंद देखी थोड़ा सा। 
भरवा है, अब कहाँ है हाल चाल? 
थोड़ी ठीक है, कहाँ? 
है? हम तो अभी घर ही हैं। 
लेकिन अब यहाँ साइड के। 
हां दो बजे से मीटिंग। 
हुई। है मीटिंग ही। 
मीटिंग ही साइड। 
है? यह रिव्यू मीटिंग। 
अच्छा अच्छा। 
कई लिए। जॉइन। 
आए। माने छोड़ा था कब नाम मीटिंग करा हुआ। 
है। कहे, काम अब फिर वह वाले में कुछ आउटपुट आए। 
कोई आउटपुट नहीं। 
कहे, छुट्टी ले रहे। 
अरे हो जी छुट्टी ज़रूर ले रहे हैं तो हो गया। सब। जाएँ, का रहा, जा नहीं। पान, भोपाल। कुछ दूसरे कॉमन में बिलियन रह जाए सारे का। कोई देख तू रोज़ में। ... कुछ समय में नहीं। 
मिल पा रहा। फिर? मामा जी के साथ... 
साथ... रहा। 
रिज़ल्ट क्या? आपके? 
रिज़ल्ट देख ही थे अब आज कल के बाद बात। कर ही थी कोर्ट। बात। कर ही थी काकडू रिग में कोर्स है। 
देख ही रह चुकी है आज भूल गए पांच तारीख। 
हां हां हां वह कर ही इन बड़ी बात। 
जी मुलाकात। 
नहीं। मुलाकात हो पाई हमें। थे ड्यूटी नहीं। थे मामा जी का हम पहले कैंसर हो गया। तो वह चक्कर में हो गया। तब मामला ही उनका अब उन्होंने वह तो फोन लगा। दिए तो हो गई इस चक्कर में बिरयानी है। हॉस्पिटलाइज़ उनके हैं रीवा में पिंजयम की है ना और यह सब पूरा तो यह का लो बेस्ट रही है पर सुनो मुझे समय में नहीं। मिलता। देखिए, आज कल का बात। कर ही थी। 
आगे तक के एफर्ट्स से कोई नहीं। समझ रहा वह? 
अभी हो गया। एफर्ट काट के फोन कराए रहे हैं ना तो नॉर्मली ऐसे तो कहीं पर भी देखते हैं। अब वह खराब है रिव्यू नहीं। लिया ना वह भी ब्रेक पीछे वापस से फिर। 
अच्छा। 
हां। रोहित साहब, कहाँ हैं? ऑफिस में तो नहीं। आए हैं घर ही कहीं चलेगी। गए। वहां फिर ऑफिस से काहे को की बातें नहीं। हो पावे। बात। ऐसा चल रहे हैं। कि हम कहाँ फोन लगाएं कि नहीं। लगाएं। ना लगाएं नोट फेक हवाई कि भाई, कहीं पर औकात और फिर ना कर ही तो फिर कहूं ना कहूं। पर अट्ठारह के अंदर कहीं पर। 
देख। 
ली थी वह फाइनल कर ही थी। यह कह रहे। 
हैं। 
अरे वह दीपक लगाने छोड़ भी नहीं। हुआ। दूसरी जगह खटखटा दूं कहीं से कम से कम वह अपन जेहमा आज पांच तारीख हो गया। था अब जेएमआर लगा। दे कब के तीन जेएमआर है पांच। 
छह सौ उन्नीस सौ रुपये। हां, वह मिलियन है सारी केसेस, तो कहीं किसान लगाता हूं, लगाता हूं। ले रहे हैं ना इस समय के शॉप, पिछले भी लो नहीं। 
आओ आप इन सोचों बैठ के संगरा जे मार्क काउंट के लिए। 
जाएंगे।, मतलब हमारे केस से भी बैठ के संगरा जे मार से हम आपको? काउंट के लिए। जाएँ,. 
क्योंकि जामर पिछला हुआ? क्या? अबे भाई, वह हो गया। वह पहला क्लियर हो गया। सेकेंड बिलो वाला क्लियर है वह फोटो नहीं। खीचेंट। 
फिर? नहीं। कहाँ कहीं का फोटो भी लेकर नीचे है ना। बिल्कुल। 
एकदम बना है। 
हां हां नीचे हां। पीछे। 
हां, तो उसका फोटो भेज दे बस। यह वाले के तो पूरा हम कैलकुलेट कर लिए। थे। 
हां, जिसका शायद से जमात ही है तो वह तो हो ही सही है। 
वह क्लियर है बाकी देख ही लिए। थे वैसे टंकी वाला। 
टंकी वाला? 
है ना, तो यह अपन आ रही सत्तर आ रहा था आती। 
ठीक है फिर बतावा जैसा हो जाए। 
हां ठीक है ना।","Speaker 1: हां जी, कहाँ हाल चाल तिवारी जी पता रहता नहीं। चले।
Speaker 2: थोड़ा आए तो ऑफिस कहीं।
Speaker 1: हां, कहाँ चल रहे हैं?
Speaker 2: कुछ नहीं, हो जाएगा। इस समय वह ब्लॉग और बुक और यह सब रहा समय हो उनकी। चिंतन बंद देखी थोड़ा सा।
Speaker 1: भरवा है, अब कहाँ है हाल चाल?
Speaker 2: थोड़ी ठीक है, कहाँ?
Speaker 1: है? हम तो अभी घर ही हैं।
Speaker 2: लेकिन अब यहाँ साइड के।
Speaker 1: हां दो बजे से मीटिंग।
Speaker 2: हुई। है मीटिंग ही।
Speaker 1: मीटिंग ही साइड।
Speaker 2: है? यह रिव्यू मीटिंग।
Speaker 1: अच्छा अच्छा।
Speaker 2: कई लिए। जॉइन।
Speaker 1: आए। माने छोड़ा था कब नाम मीटिंग करा हुआ।
Speaker 2: है। कहे, काम अब फिर वह वाले में कुछ आउटपुट आए।
Speaker 1: कोई आउटपुट नहीं।
Speaker 2: कहे, छुट्टी ले रहे।
Speaker 1: अरे हो जी छुट्टी ज़रूर ले रहे हैं तो हो गया। सब। जाएँ, का रहा, जा नहीं। पान, भोपाल। कुछ दूसरे कॉमन में बिलियन रह जाए सारे का। कोई देख तू रोज़ में। ... कुछ समय में नहीं।
Speaker 2: मिल पा रहा। फिर?
Speaker 1: मामा जी के साथ..।
Speaker 2: साथ... रहा।
Speaker 1: रिज़ल्ट क्या? आपके?
Speaker 2: रिज़ल्ट देख ही थे अब आज कल के बाद बात। कर ही थी कोर्ट। बात। कर ही थी काकडू रिग में कोर्स है।
Speaker 1: देख ही रह चुकी है आज भूल गए पांच तारीख।
Speaker 2: हां हां हां वह कर ही इन बड़ी बात।
Speaker 1: जी मुलाकात।
Speaker 2: नहीं। मुलाकात हो पाई हमें। थे ड्यूटी नहीं। थे मामा जी का हम पहले कैंसर हो गया। तो वह चक्कर में हो गया। तब मामला ही उनका अब उन्होंने वह तो फोन लगा। दिए तो हो गई इस चक्कर में बिरयानी है। हॉस्पिटलाइज़ उनके हैं रीवा में पिंजयम की है ना और यह सब पूरा तो यह का लो बेस्ट रही है पर सुनो मुझे समय में नहीं। मिलता। देखिए, आज कल का बात। कर ही थी।
Speaker 1: आगे तक के एफर्ट्स से कोई नहीं। समझ रहा वह?
Speaker 2: अभी हो गया। एफर्ट काट के फोन कराए रहे हैं ना तो नॉर्मली ऐसे तो कहीं पर भी देखते हैं। अब वह खराब है रिव्यू नहीं। लिया ना वह भी ब्रेक पीछे वापस से फिर।
Speaker 1: अच्छा।
Speaker 2: हां। रोहित साहब, कहाँ हैं? ऑफिस में तो नहीं। आए हैं घर ही कहीं चलेगी। गए। वहां फिर ऑफिस से काहे को की बातें नहीं। हो पावे। बात। ऐसा चल रहे हैं। कि हम कहाँ फोन लगाएं कि नहीं। लगाएं। ना लगाएं नोट फेक हवाई कि भाई, कहीं पर औकात और फिर ना कर ही तो फिर कहूं ना कहूं। पर अट्ठारह के अंदर कहीं पर।
Speaker 1: देख।
Speaker 2: ली थी वह फाइनल कर ही थी। यह कह रहे।
Speaker 1: हैं।
Speaker 2: अरे वह दीपक लगाने छोड़ भी नहीं। हुआ। दूसरी जगह खटखटा दूं कहीं से कम से कम वह अपन जेहमा आज पांच तारीख हो गया। था अब जेएमआर लगा। दे कब के तीन जेएमआर है पांच।
Speaker 1: छह सौ उन्नीस सौ रुपये। हां, वह मिलियन है सारी केसेस, तो कहीं किसान लगाता हूं, लगाता हूं। ले रहे हैं ना इस समय के शॉप, पिछले भी लो नहीं।
Speaker 2: आओ आप इन सोचों बैठ के संगरा जे मार्क काउंट के लिए।
Speaker 1: जाएंगे।, मतलब हमारे केस से भी बैठ के संगरा जे मार से हम आपको? काउंट के लिए। जाएँ,।
Speaker 2: क्योंकि जामर पिछला हुआ? क्या? अबे भाई, वह हो गया। वह पहला क्लियर हो गया। सेकेंड बिलो वाला क्लियर है वह फोटो नहीं। खीचेंट।
Speaker 1: फिर? नहीं। कहाँ कहीं का फोटो भी लेकर नीचे है ना। बिल्कुल।
Speaker 2: एकदम बना है।
Speaker 1: हां हां नीचे हां। पीछे।"
34,"बताएं तिवारी जी, यह बताइए हमारे यहाँ आप को अनुमेष करके लड़का है का? अनुमेष नहीं। है। हमारी जानकारी नहीं। है। मतलब अन्य, अभिषेक, इससे रिलेटेड नाम है वह? अभिषेक अभिषेक एक लड़का है अभिषेक सिंह है। हां कorrect? हां। हां पियानो में नहीं। आया है? आंटी साख लेकर बैठे थे उनका बहुत लूज है। किसी साथी के साथ... बैठे थे? नितीश साहब, लेकर एकदम खाता हम खाता आदमी। अभिषेक? अभिषेक सिंह, हां कैसे? अच्छा अच्छा। यहाँ पर फोन कर रहे हैं। तो वहां से फोन या आवाज़ ही उनसे मिलने, अभिषेक सिंह सिंह नहीं। से मिलने। वह नाम कंफर्म नहीं। सुन पाए। ऐसे हम उनका नाम बताएंगे कि जो बहाने हैं अभिषेक बोले हैं तो उनसे मिल लीजिए। तो उसे मिले इसका कोई मतलब बस एकदम खासोंख़ आदमी हैं। इतने से भी खास आ रहे हैं। हां एकदम किड आदमी हैं। हालत नहीं। है उनके चैंबर से वही साथ... में। नहीं। आपके अच्छी मैटर नहीं। है हमको ना सारी। यह चीज़ अभिषेक नहीं। जानकारी है। हां। भैया कहने यार वह वाला कल वाली भेज दिए रहे फोटो वोटोम। अरे। सो कोखामा इनको भेज दे नहीं। भेज पा रहे हैं तो। हम हम भेज नहीं। पा रहे हैं फोटो भेजें भेजें। हां हां हां मैं। ... इनको फॉरवर्ड कीजिए। कहाँ है बिलिंग सीलिंग की? बिलिंग की अभी साइन नहीं। हुआ है अब साइन आज हुई। कंसेंट्टर खराब रहेंगे। और फाइल नंबर हम हमारे के भेजे थे तो जो ज़्यादा होटल लिख देते हैं।","Speaker 1: तिवारी जी, यह बताइए हमारे यहाँ आप को अनुमेष करके लड़का है का?
Speaker 2: अनुमेष नहीं। हमारी जानकारी नहीं।
Speaker 1: मतलब अन्य, अभिषेक, इससे रिलेटेड नाम है वह?
Speaker 2: अभिषेक अभिषेक एक लड़का है अभिषेक सिंह है।
Speaker 1: हां कorrect? हां। हां पियानो में नहीं। आया है?
Speaker 2: आंटी साख लेकर बैठे थे उनका बहुत लूज है। किसी साथी के साथ... बैठे थे?
Speaker 1: नितीश साहब, लेकर एकदम खाता हम खाता आदमी। अभिषेक?
Speaker 2: अभिषेक सिंह, हां कैसे?
Speaker 1: अच्छा अच्छा। यहाँ पर फोन कर रहे हैं। तो वहां से फोन या आवाज़ ही उनसे मिलने, अभिषेक सिंह सिंह नहीं।
Speaker 2: से मिलने। वह नाम कंफर्म नहीं। सुन पाए।
Speaker 1: ऐसे हम उनका नाम बताएंगे कि जो बहाने हैं अभिषेक बोले हैं तो उनसे मिल लीजिए।
Speaker 2: तो उसे मिले इसका कोई मतलब बस एकदम खासोंख़ आदमी हैं। इतने से भी खास आ रहे हैं।
Speaker 1: हां एकदम किड आदमी हैं। हालत नहीं। है उनके चैंबर से वही साथ... में।
Speaker 2: नहीं। आपके अच्छी मैटर नहीं। है हमको ना सारी।
Speaker 1: यह चीज़ अभिषेक नहीं। जानकारी है। हां।
Speaker 2: भैया कहने यार वह वाला कल वाली भेज दिए रहे फोटो वोटोम।
Speaker 1: अरे। सो कोखामा इनको भेज दे नहीं। भेज पा रहे हैं तो। हम हम भेज नहीं। पा रहे हैं फोटो भेजें भेजें।
Speaker 2: हां हां हां मैं। इनको फॉरवर्ड कीजिए।
Speaker 1: कहाँ है बिलिंग सीलिंग की?
Speaker 2: बिलिंग की अभी साइन नहीं। हुआ है अब साइन आज हुई।
Speaker 1: कंसेंट्टर खराब रहेंगे। और फाइल नंबर हम हमारे के भेजे थे तो जो ज़्यादा होटल लिख देते हैं।"
35,"हैलो। जी, यह कहा था यार कि कुछ टंकी की फोटो नहीं खींची है, सिर्फ सेल्फी खींची है। टंकी की फोटो तो नहीं खींची है। कुछ नहीं। सिर्फ सेल्फी से काम चलेगा? सेल्फी अब एक चीज़ है ना, जिसमें बस टंकी के पीछे दिखा रही है कि कुछ भी स्पेसिफाइड होते हैं यार, कुछ चीज़ थोड़ा सा ठीक बनाई जा सकती है। हां, स्पेसिफाइड है ना, जीपीएस की लोकेशन है, लेटिट्यूड है, लॉन्गिट्यूड है। और वह कहा था कि सर, एक कंपनी की स्पष्ट फोटो भी होनी चाहिए, कम से कम। अरे स्पष्ट फोटो गांव में टंकी के ऊपर चढ़कर खींची है, टंकी स्पष्ट है, फोटो नहीं। जीपीएस की फोटो है अब कहें। वहां वह टंकी में कहाँ ऊपर चढ़कर फोटो खींची? चलो, ठीक है। वह बता दें कि जीपीएस की फोटो है हम लिख-पढ़कर कहीं तो भेज देंगे। डाल दें चाहे वह यूनिफाइड वाले हों। हां हां, लिख-पढ़कर भेज देंगे। हम भेज ही देते लिख-पढ़कर। ठीक। ऊपर लेटिट्यूड लाइन ले लें, लाइन ले जो हम जो ले जीतिए की फोटो ही फिर अब टंकी की समझ लिया ना अब वह अब ऊपर वहां हम चढ़ी फेंक नहीं। नहीं। ऊपर नहीं। चढ़े हुए नीचे से करके इसे क्लिक मार दिए वो। नीचे क्या? ऐसे फोटो होती हैं क्या?? हां ठीक हैं, कोई बात नहीं। नहीं। हां हां, चैनल को दो लाइन लिख के डाल दें अपना। हां ठीक हैं।","Speaker 1: हैलो। जी, यह कहा था यार कि कुछ टंकी की फोटो नहीं खींची है, सिर्फ सेल्फी खींची है।
Speaker 2: टंकी की फोटो तो नहीं खींची है। कुछ नहीं। सिर्फ सेल्फी से काम चलेगा?
Speaker 1: सेल्फी अब एक चीज़ है ना, जिसमें बस टंकी के पीछे दिखा रही है कि कुछ भी स्पेसिफाइड होते हैं यार, कुछ चीज़ थोड़ा सा ठीक बनाई जा सकती है।
Speaker 2: हां, स्पेसिफाइड है ना, जीपीएस की लोकेशन है, लेटिट्यूड है, लॉन्गिट्यूड है। और वह कहा था कि सर, एक कंपनी की स्पष्ट फोटो भी होनी चाहिए, कम से कम।
Speaker 1: अरे स्पष्ट फोटो गांव में टंकी के ऊपर चढ़कर खींची है, टंकी स्पष्ट है, फोटो नहीं। जीपीएस की फोटो है अब कहें।
Speaker 2: वहां वह टंकी में कहाँ ऊपर चढ़कर फोटो खींची? चलो, ठीक है। वह बता दें कि जीपीएस की फोटो है हम लिख-पढ़कर कहीं तो भेज देंगे।
Speaker 1: डाल दें चाहे वह यूनिफाइड वाले हों। हां हां, लिख-पढ़कर भेज देंगे। हम भेज ही देते लिख-पढ़कर।
Speaker 2: ठीक। ऊपर लेटिट्यूड लाइन ले लें, लाइन ले जो हम जो ले जीतिए की फोटो ही फिर अब टंकी की समझ लिया ना अब वह अब ऊपर वहां हम चढ़ी फेंक नहीं।
Speaker 1: नहीं। ऊपर नहीं। चढ़े हुए नीचे से करके इसे क्लिक मार दिए वो।
Speaker 2: नीचे क्या? ऐसे फोटो होती हैं क्या??
Speaker 1: हां ठीक हैं, कोई बात नहीं। नहीं। हां हां, चैनल को दो लाइन लिख के डाल दें अपना।
Speaker 2: हां ठीक हैं।"
36,"Speaker 1: Hello. Hello. कहाँ चाल है?
Speaker 2: बढ़िया है मेरा जी.
Speaker 1: फिर कहाँ है कह रहे हो कहीं मिल की गई. मिल की कही गए रहने समान हो ही रहा. हैं? गए रहने. तो खुद line लिख कर डाल देते हैं अभी phone पर type कर देते हैं group में. हम
Speaker 2: अपन को भेज देते photo वोटो. हो जो तो group में डाल रहे थे.
Speaker 1: हां line लिख कर phone पर डालते हैं वह. अपन पकड़े तो नहीं। सब. हां.
Speaker 2: ठीक. ओ हो बोल हाल चाल.
Speaker 1: हाल चाल ठीक है भैया. हां. PRI भी जाएगा।
Speaker 2: है. बुलावा हुआ है.
Speaker 1: बिल check करें।, खातिर.
Speaker 2: हां हां.
Speaker 1: मैं।... बोला था खुजाए. हटा ही.
Speaker 2: करना मतलब नहीं। अभी उसे check कर ही.
Speaker 1: कैसे?
Speaker 2: कायदे ही अपन इशू से वाली. कायदे वह कर ही के लिए। हैरानी हैं sir. गलत है अरे हम वहां जोड़े हैं हम down अपन करे तो सब कईदारी हमने। कैसे सब होके हैं.
Speaker 1: कब ना दिक्कत नहीं। हैं.
Speaker 2: दोनों दिक्कत नहीं। हैं दीए काहे जी हम का बस वही.
Speaker 1: ठीक हैं फिर यही तो है भैया.
Speaker 2: बताओ generation हुई।.
Speaker 1: अच्छा कल से छुट्टी में उठा दे. हां. काहे का छुट्टी ले रहे
Speaker 2: हैं. जा थोड़ा सा भोपाल club. तीन चार दिन बाद हैं lockdown.
Speaker 1: इनका class लेगा.
Speaker 2: हैं. अभी तो कब कल हैं की बस गई हूं कहीं side जाए पर ऐसे time में नहीं। मिल पा बे. थोड़ा गुस्सा आज ने घूम भाग ली.
Speaker 1: तेरी। India तो साल साल आ जाए line
Speaker 2: में. बस बस थोड़ा घूम भाग के देख माहौल देख ली कहाँ चल रहे हैं।. अरे business में कहा है कि छुट्टी late पर आते हैं.
Speaker 1: तो काम प्रभावित हो जाते हैं.
Speaker 2: हां हां थोड़ा busy के लिए। हम हैं. हो.
Speaker 1: ठीक है.
Speaker 2: है ना. हां थोड़ा
Speaker 1: दिक्कत नहीं। है.
Speaker 2: हां हां हां.","Speaker 1: नमस्ते। कहाँ चाल है?
Speaker 2: बढ़िया है, मेरी जिंदगी अच्छी चल रही है।
Speaker 1: फिर कहाँ है जो कह रहे हो? कहीं मिल की गई है क्या? मिल की कहीं जाने का समान हो रहा है क्या?
Speaker 2: अपने को भेज देते हैं फोटो वोटो। जो हो रहा है वह ग्रुप में डाल रहे थे।
Speaker 1: हां, लाइन लिख कर फोन पर डालते हैं वह। अपन पकड़े तो नहीं। सब। हां।
Speaker 2: ठीक। ओ हो बोल, हाल-चाल।
Speaker 1: हाल-चाल ठीक है भैया। हां। प्री भी जाएगा।
Speaker 2: हां, बुलावा हुआ है।
Speaker 1: बिल चेक करें। खातिर।
Speaker 2: हां हां।
Speaker 1: मैंने कहा था खुजाए। हटा ही दिया।
Speaker 2: करना मतलब नहीं। अभी उसे चेक कर ही लें।
Speaker 1: कैसे?
Speaker 2: कायदे से अपन इशू से वाली। कायदे से वह कर ही के लिए। हैरानी है सर, गलत है अरे हम वहां जोड़े हैं हम डाउन अपन करे तो सब कईदारी हमने। कैसे सब होके हैं।
Speaker 1: कब ना दिक्कत नहीं। हैं।
Speaker 2: दोनों दिक्कत नहीं। हैं दीए काहे जी हम का बस वही।
Speaker 1: ठीक हैं फिर यही तो है भैया।
Speaker 2: बताओ जनरेशन हुई।
Speaker 1: अच्छा कल से छुट्टी में उठा दे। हां। काहे का छुट्टी ले रहे
Speaker 2: हैं। जा थोड़ा सा भोपाल क्लब। तीन चार दिन बाद हैं लॉकडाउन।
Speaker 1: इनका क्लास लेगा।
Speaker 2: हैं। अभी तो कब कल हैं की बस गई हूं कहीं साइड जाए पर ऐसे समय में नहीं। मिल पा बे। थोड़ा गुस्सा आज ने घूम भाग ली।
Speaker 1: तेरी इंडिया तो साल साल आ जाए लाइन
Speaker 2: में बस बस थोड़ा घूम भाग के देख माहौल देख ली कहाँ चल रहे हैं। अरे बिजनेस में कहा है कि छुट्टी लेट पर आते हैं।
Speaker 1: तो काम प्रभावित हो जाते हैं।
Speaker 2: हां हां थोड़ा बिजी के लिए। हम हैं। हो।
Speaker 1: ठीक है।
Speaker 2: है ना। हां थोड़ा
Speaker 1: दिक्कत नहीं। है।
Speaker 2: हां हां हां।"
37,"Speaker 1: Hello. This call is now being recorded.
Speaker 2: कहाँ है भईया? हैं
Speaker 1: तब 58 है कहीं.
Speaker 2: यह कह रहे हैं अच्छे से यह मैंने plan कर ही. गांव वाली बंद करा दे यार.
Speaker 1: वर्गमा, वर्गमा वाला वह ना बंद कराई.
Speaker 2: यार दीपक काम कर ही ना.
Speaker 1: काम काम कहेन ढुलाई की कंक्रीट आई, गिलाई कि इन बतान तो करते नहीं। हैं यह लोग। यह हमें। तो चुतियापा है. और seat में कहाँ से signगो कहे दे?
Speaker 2: उसके लिए। तो हम पहले लेकिन सारे शहर से क्यों? नहीं। आ रहा. कहाँ से क्यों? sign नहीं। हो रहा? हां. इतने लड़कों को डरा के रखे हैं, लड़की को कुछ भी नहीं। पता नहीं। हो रही है.
Speaker 1: यह ना कहीं लड़कियों को डरा के रखा है यह बता दी सीधी सीधी कि काम सही नहीं। है अपन की. नहीं। but is a की. नहीं। नहीं। आई, what is the? अब जानी थे अब तू ही. हां. साल हम 89 में वही रहे हैं ना अपना एक चीज़ नहीं। zoom करे. हां.
Speaker 2: Drawing में
Speaker 1: M S के Pipe दी नहीं। ना इस बार के नीचे ऊपर लगावे
Speaker 2: का. हां हां पर नहीं।
Speaker 1: रखे।. नहीं। लगाया हैं. अब का करा जाए वह case
Speaker 2: अरे भाई case ऐसा बहुत सारे हैं ना विजय. एक case नहीं। है.
Speaker 1: नहीं। नहीं। भाई कहीं कि हमारे हमारे से कहा कहीं कि हम drawing approve करा लिए।.
Speaker 2: हां.
Speaker 1: लिए। नहीं। लगाया है की नहीं। सही है अब एक आध कहाँ का रह के बताइए आगे की process?
Speaker 2: तो आगे के हम सलाह बताये यार ऐसा अब हम ना कहा भाई तू अगर यह में कह रहे हैं काम गलत है तो हम काहे कहीं तू करा. हम तो वही गलत जो सही है वह करा भाई गलत हम ना कि
Speaker 1: भाई देखते कहाँ हमारे बात। सुनिए 89 तो हम देख नहीं। रहे हैं हम कहे झूठ बोली. मतलब एक example दे रहा था कल हम 89 में दिखा रहे हैं. अब फिर ओ के बाद आओ जो हम टंकी हैं उन्होंने हमें। MS नहीं। लगाया हीं. अभी case में आपका कहा था कि accept with comment करो।. कल अपना meeting में सुंदर बहन
Speaker 2: हैं. हां.
Speaker 1: अब वह अउआ जाने से वह पीछे पड़ा है यहाँ पर सबके. वाह.
Speaker 2: हां हां एकदम.
Speaker 1: कल ही हम परिक्रमा virus से एक बार बात। कर ही थी.
Speaker 2: बात। कर ही थी. थोड़ा औकात करवा कर थोड़ा urgent सीख सकता है.
Speaker 1: हां हां हां.","Speaker 1: नमस्ते। यह कॉल अब रिकॉर्ड की जा रही है।
Speaker 2: आप कहाँ हैं भाई?
Speaker 1: मैं 58 के पास हूँ।
Speaker 2: आप कह रहे हैं कि यह योजना अच्छी तरह से बनाई गई है। गांव वाली सड़क को बंद करा दें यार।
Speaker 1: वर्गमा वाली सड़क को बंद नहीं कराई जा सकती।
Speaker 2: यार, दीपक काम नहीं कर रहा है।
Speaker 1: काम तो ढुलाई की कंक्रीट आई है, लेकिन गिलाई की जानकारी नहीं दे रहे हैं। यह लोग हमें परेशान कर रहे हैं।
Speaker 2: इसके लिए हम पहले से ही तैयार हैं। लेकिन सारे शहर से क्यों? नहीं, यह सही नहीं है।
Speaker 1: यह नहीं कहा जा सकता कि लड़कियों को डरा कर रखा है। यह बता देना चाहिए कि काम सही नहीं है।
Speaker 2: इतने लड़कों को डरा कर रखा है, लेकिन लड़की को कुछ नहीं कहा जा रहा है।
Speaker 1: मैंने 89 में रहकर एक चीज़ सीखी है। अब जानी है कि काम कैसे करना है।
Speaker 2: ड्रॉइंग में देखेंगे।
Speaker 1: एमएस के पाइप नहीं दिए गए हैं। नीचे ऊपर लगाने के लिए नहीं कहा गया है।
Speaker 2: हां, पर नहीं।
Speaker 1: अब क्या करा जाए? यह केस कैसे चलेगा?
Speaker 2: अरे भाई, ऐसे बहुत सारे केस हैं ना विजय। एक केस नहीं है।
Speaker 1: हमने ड्रॉइंग अप्रूव करा ली है। अब एक-आध कहाँ का रह गया है? आगे की प्रक्रिया क्या होगी?
Speaker 2: तो आगे के लिए हम सलाह देंगे यार। ऐसा अब हम नहीं कह सकते कि तुम काम गलत कर रहे हो।
Speaker 1: भाई, हमारी बात सुनिए। 89 में हमने देखा है कि एमएस नहीं लगाया गया है। अब फिर से आओ और देखेंगे कि क्या हुआ है।
Speaker 2: हां, हां।
Speaker 1: अब वह जाने से पहले हमें बताना होगा कि क्या हुआ है।
Speaker 2: हां, हां, एकदम।
Speaker 1: कल ही हमने परिक्रमा वायरस के बारे में बात की थी।
Speaker 2: बात की थी। थोड़ा औकात करवा कर थोड़ा अर्जेंट सीख सकता है।
Speaker 1: हां, हां, हां।"
38,"Speaker 1: This call is now being recorded. Cane कहाँ है ऊपर? गांव वगैरह कुछ बात। है? अरे दीपक से तो बात। भाई तो कहीं करवाई थी अब देसी कब तक मैं।... करा बच. हमारे यहाँ के कई के यहाँ आई थी Milplan? बस मैं।... बस यह. यह ठगें आई? हां. वह भरी तब वह बधाई और जैसी शुक्ला पहलवान व्यवहार खराब कर जाएंगे।. कैसे उसे? हां. का खतरा? खतरा एक बार झूठ बोल कर हमसे complaint close करा लिए। हैं. के खान नाम दे sir शुक्ला के? हां. का कहीं झूठ बोल कर हमसे complaint करा के close करा दिए कहीं दो दिन में कराते हैं. आज तो नहीं। करवाए. हां. अब उनसे कहाँ बात। कर ही जब यह हमने। कहा था sir. वही काम अब एक तो बहुत धैर्य आदमी वह है गांव कंक्रीट दे रही है तो नहीं। करवाएंगे बताई. अभी आज कहे ना देखी क्या? करा थी. अपना कहाँ है? हां मैं।... मैं।... यहीं पर लूं ही bridge. क्या? करे हम अपना तो complete करे अपना गड्ढा खोदे अपना. आओ नहीं। फिर तो. अब इनका हम idea बता दिया इनकी तिवारी से करवा ले. श्याम सुंदर से करवा ले. अब इनका कहाँ कर बाबा तो कुछ तो. अब ओहर कहा है कि इतने पोल car भी नहीं। है माटी निकाले पड़ी तबाही ने वह हुई।. हां. बिना माटी निकाले थोड़ी ना मानी हुआ. हां. और यह कहाँ डाल रहे हैं, नौ बजे। photo डाले थे बारह बजे।. किया। हुआ. हां. नहीं। तनख्वाह कर गई. Ok काट ले मुझे. या बताइए अपना कल हम लोग। कल हम लोग। जो उन्हें उम्मीद एकत रहने 89 में. तो कहीं से हम coaching कही गए हैं ना गांव में लगा। रहे थे कि coaching कही. देखे थे तो नहीं। लगा। रहे. आदित्य कहाँ पर रहे हैं. अभी हर्षित लगाया था कि card room में sign कर दे. हां. तो हम DTA साहब, बोले कि अभी sign नहीं। करना हैं core card बनवाना हैं सब कुछ पूरा process करना हैं. यह सब करवाइए आप. हां. फिर? हां वह है. कहाँ कर जाए बड़ी समस्या ही बड़ी समस्या ही खराब है sir. हां वही तो बड़ा काम है यार कैसा ठीक है चलिए,.","Speaker 1: यह कॉल अब रिकॉर्ड की जा रही है। कौन सी जगह है जहां काम हो रहा है? गांव के बारे में कुछ बात करनी है।
Speaker 1: दीपक से बात करनी है, भाई ने कहीं काम करवाया था और अब देसी कब तक में होगा। हमारे यहां के कई लोगों के यहां मिलप्लान आई थी, बस मैं।
Speaker 1: वह भरी तब वह बधाई और जैसी शुक्ला पहलवान व्यवहार खराब कर जाएंगे। कैसे उसे? खतरा एक बार झूठ बोल कर हमसे शिकायत बंद करवा लिए।
Speaker 1: खान नाम दे सिर, शुक्ला के? हां, खतरा यह है कि झूठ बोल कर हमसे शिकायत बंद करवा दिए, कहीं दो दिन में कराते हैं। आज तो नहीं, करवाएंगे।
Speaker 1: अब उनसे कहां बात करें? कहा था सिर, वही काम अब एक तो बहुत धैर्य आदमी वह है, गांव कंक्रीट दे रही है तो नहीं। करवाएंगे, बताई।
Speaker 1: अभी आज कहे ना देखी क्या? करा थी। अपना कहां है? हां मैं, यहीं पर लूं ही ब्रिज। क्या? करे हम अपना तो पूरा करे अपना, गड्ढा खोदे अपना।
Speaker 1: आओ नहीं, फिर तो। अब इनका हम विचार बता दिया इनकी तिवारी से करवा ले, श्याम सुंदर से करवा ले। अब इनका कहां कर बाबा तो कुछ तो।
Speaker 1: अब ओहर कहा है कि इतने पोल कार भी नहीं। है माटी निकाले पड़ी तबाही ने वह हुई। हां, बिना माटी निकाले थोड़ी ना मानी हुआ।
Speaker 1: हां, और यह कहां डाल रहे हैं, नौ बजे। फोटो डाले थे बारह बजे। किया, हुआ। हां, नहीं। तनख्वाह कर गई।
Speaker 1: ओके काट ले मुझे, या बताइए अपना कल हम लोग। कल हम लोग जो उन्हें उम्मीद एकत रहने 89 में तो कहीं से हम कोचिंग कही गए हैं ना गांव में लगा।
Speaker 1: रहे थे कि कोचिंग कही, देखे थे तो नहीं। लगा, रहे। आदित्य कहां पर रहे हैं? अभी हर्षित लगाया था कि कार्ड रूम में साइन कर दे।
Speaker 1: हां, तो हम डीटीए साहब, बोले कि अभी साइन नहीं। करना हैं कोर कार्ड बनवाना हैं, सब कुछ पूरा प्रोसेस करना हैं। यह सब करवाइए आप।
Speaker 1: हां, फिर? हां वह है। कहां कर जाए बड़ी समस्या ही बड़ी समस्या ही खराब है सिर। हां वही तो बड़ा काम है यार, कैसा ठीक है चलिए।"
39,"Speaker 1: Hello. This call is now being recorded. हां हां बताओ. सो ही गया। है ना? नहीं। बताओ अब. सो ही गया। है ऐसा लगाया था मैंने. नहीं। sir फिर कल दरबार कर ही थी मिल कर. अच्छा इससे काम आ रहे हैं। का. कल करो।. अच्छा ठीक ठीक.","Speaker 1: नमस्ते। यह कॉल अब रिकॉर्ड किया जा रहा है। कृपया बताएं। मैंने सोचा था कि यह काम हो गया है, लेकिन ऐसा नहीं है। कृपया अब बताएं। मैंने सोचा था कि यह काम पूरा हो गया है, लेकिन नहीं। सर, कल मिलकर दरबार में चर्चा करेंगे। अच्छा, इससे काम चल रहे हैं। कल यह काम करेंगे। अच्छा, ठीक है।"
40,"Speaker 1: कहाँ पर? कहाँ पर? कहाँ पर
Speaker 2: आया है? हां.
Speaker 1: एक से CM helpline आई तुम्हारे घुसरी गांव के.
Speaker 2: हां.
Speaker 1: तो कोई खत देख
Speaker 2: लिया. वह तो देखा फिर शाम के अब, कहाँ बताई वह बच्चों इनका fasting में खड़े हैं ना तो कहाँ बताई? तू मेरे से आए हैं ना अभी तक. अरे कहाँ बताई? यह थकान से नहीं। सही गया।.
Speaker 1: हैं ना खड़ी रहा. यह CM health line दिख गया।.
Speaker 2: अरे तो पहले देखा था अब close करो। ना और भाई तब मजाक भाई. कहाँ
Speaker 1: से रहे हैं। कि नहीं। कैसा time?
Speaker 2: अरे सुधारवार है ना वैभव का बताइए अब इनका बता ना जब हम बता ना तब अभी सुधार रहें काम
Speaker 1: को. तो सुधार खड़े होकर सुधरवाबे ज़रूरी है.
Speaker 2: अब सुधरवाबे ज़रूरी नहीं। है तो फिर चले जाएँ,. तो फिर phone लगाई कि सर वन गया। है सुधर गया। है.
Speaker 1: तो जब सुधर गई तो phone लगाई तो देख लिया कि अब खड़े होकर हमारे आप से सामने सुधर लोगे.
Speaker 2: अब वह बेंचे बाहर है तब यह खस सुधरवाह के RFI close है कहीं जा रहे हैं.
Speaker 1: तो यह CM health plan कब देख रहे हैं? आज दिख रहे हैं, मतलब ना दिख रहे हैं कुल हमको बस यह बता दे.
Speaker 2: PM health plan देख लिया वही थी हम पहले घर एक बगल है कि यह काहे परेशान.
Speaker 1: हम परेशान से कह चुके हो थे थोड़े साल इसका multiple times कि देख लिए। देख लिए। फिर वह होश नहीं। है.
Speaker 2: कहाँ नहीं। भाई अपना बताई कि दिया ने close करा है कि अब कहाँ का हिला है?
Speaker 1: अरे होती है तो बहुत सारी होती है क्योंकि हो जाती है इसलिए कहे थे कि कई देर तक ऐसा हम तो देख ली है.
Speaker 2: हां, देख ले अब आ जाए ना आई है हमारे पास
Speaker 1: हां हां आ जाए आई थी तो दो ही
Speaker 2: दिन के लिए। time रहा
Speaker 1: था? हां, दो दिन, आज से
Speaker 2: तो फिर कहाँ परेशान है ना
Speaker 1: अपनी. हां तो आज देख लिया गया। है क्या? आज है
Speaker 2: अभी. एक ही लाभ हो चुका है परेशान.
Speaker 1: चलो। ठीक
Speaker 2: है. हां.","Speaker 1: कहाँ पर निर्माण कार्य चल रहा है?
Speaker 2: हां, आया है।
Speaker 1: एक से सीएम हेल्पलाइन आई थी तुम्हारे गांव के लिए।
Speaker 2: हां, मैंने देखा था।
Speaker 1: तो कोई खत देख लो और बताओ।
Speaker 2: मैंने देखा था, लेकिन शाम को अब बता नहीं पा रहा हूँ। कहाँ बताई थी कि बच्चे फास्टिंग में खड़े हैं ना?
Speaker 1: हां, खड़ी रहा। यह सीएम हेल्थ लाइन दिख गया।
Speaker 2: अरे तो पहले देखा था, अब बंद करो।
Speaker 1: कहाँ से रहे हैं? कैसा समय है?
Speaker 2: अरे सुधारवार है ना, वैभव का बताइए।
Speaker 1: को सुधार करने के लिए खड़े होकर सुधरवाबे ज़रूरी है।
Speaker 2: अब सुधरवाबे ज़रूरी नहीं है, तो फिर चले जाएँ।
Speaker 1: तो जब सुधर गई तो फोन लगाई और देख लिया कि अब खड़े होकर हमारे आप से सामने सुधर लोगे।
Speaker 2: अब वह बेंचे बाहर है तब यह खस सुधरवाह के आरएफआई क्लोज़ है कहीं जा रहे हैं।
Speaker 1: तो यह सीएम हेल्थ प्लान कब देख रहे हैं? आज दिख रहे हैं या नहीं?
Speaker 2: पीएम हेल्थ प्लान देख लिया था, वही थी हम पहले घर एक बगल है कि यह काहे परेशान।
Speaker 1: हम परेशान से कह चुके हो थे थोड़े साल इसका मultiple times कि देख लिए।
Speaker 2: कहाँ नहीं, भाई अपना बताई कि दिया ने क्लोज़ करा है कि अब कहाँ का हिला है?
Speaker 1: अरे होती है तो बहुत सारी होती है क्योंकि हो जाती है इसलिए कहे थे कि कई देर तक ऐसा हम तो देख ली है।
Speaker 2: हां, देख ले अब आ जाए ना आई है हमारे पास।
Speaker 1: हां हां आ जाए आई थी तो दो ही।
Speaker 2: दिन के लिए। समय रहा?
Speaker 1: था? हां, दो दिन, आज से।
Speaker 2: तो फिर कहाँ परेशान है ना?
Speaker 1: अपनी। हां तो आज देख लिया गया। है क्या? आज है।
Speaker 2: अभी। एक ही लाभ हो चुका है परेशान।
Speaker 1: चलो। ठीक है।
Speaker 2: है। हां।"
File Index,Raw Input (ASR),Processed Output (AI)
1,"हां. जी, भैया पुताई के लिए। लेबर मिल जाएंगे। क्या?? 
कहाँ के लिए।? 
रायपुर के लिए। 
क्या? करवाना है आपको?? 
हमारी। एक बिल्डिंग है, एक हज़ार स्क्वायर मीटर की। 
एक हज़ार स्क्वायर मीटर मतलब दस हज़ार स्क्वायर फीट। 
बिल्कुल। 
अंदर बाहर। 
अंदर। 
इंटीरियर में कराना है? 
हां हां, इंटीरियर में कराना। 
सरकारी है, प्राइवेट है? 
सरकारी ही है। 
सरकारी है, मतलब न्यू कंस्ट्रक्शन है कि मतलब वैसा है? नहीं। नहीं।, 
ओल्ड कंस्ट्रक्शन, ओल्ड कंस्ट्रक्शन। 
ओल्ड कंस्ट्रक्शन है ना, ओल्ड कंस्ट्रक्शन है तो कुंभा के सामान वगैरह सब उसमें पड़ा होगा। 
सब सब सब मतलब सामान भी दे दूंगा मैं।... जो आप आदमी मेरे पास रहेंगे मैं।... उनको खाने पीने के लिए। भी दे दूंगा। 
नहीं। मतलब मेरा सामान इनका कहने का मतलब यह है कि नहीं। नहीं। सामान 
वगैरह ऐसा नहीं। है मतलब छोटी मोटी होती है मतलब ऐसा कुछ मेजर नहीं। है कि आपको? उसमें बहुत मेहनत करनी पड़ेगी। 
अच्छा काम क्या? करना है भैया उसमें एक कोट पेंट करना है? 
दो कोट। 
दो कोट होना है? 
हां दो कोट होना है। 
दो कोट होना है। भैया देखिए, जो। 
एक में आ गया। तो बेहतर है नहीं। तो फिर दूसरा तो करेंगे।?। 
मतलब क्या? मैटर भैया एफडी एफडी रिलीज होनी है क्या?? ऐसा ऐसा कुछ है क्या?? 
बस कुछ ऐसे ही मान लीजिए।। 
मतलब जो सीमेंट है पांच साल बाद वीक होता है वही वाला मैटर होगा। 
हां। क्या? हमारे पास आदमी मिल जाएंगे। 
क्या?? हां। अब उसमें एक देखिए, भैया जो आदमी मेरे पास है वह दो रुपए स्क्वायर फीट लेते हैं कोर्ट। आपका दस हज़ार स्क्वायर फीट है। दस दस हज़ार स्क्वायर फीट बताया ना आपने? 
हमको लेबर रेट में करवाना। 
लेबर रेट में नहीं। होंगे भैया। 
लेबर रेट में नहीं। 
होगा? नहीं।, दो रुपए स्क्वायर फीट लेते हैं वही करेंगे।?। 
पेर कोट है ना? 
दो रुपए स्क्वायर फीट पेर कोट लेते हैं उसमें यह दिमाग आप ज़रूर लगा। सकते 
हो 
कि पेंट किया। आप पपड़ी वपि ले आना मेरे पास तो अपन उसको ऐसा बना देंगे।?, कि वह एक कोट में फाइनल आ जाए। तो आपका लेबर भी एक कोर्ट का ही लगेगा मटेरियल भी एक कोर्ट का लगेगा पैसे। बच जाएगा।। 
अच्छा मतलब एक कोर्ट में अपन वह व्यवस्था उस तरह। से बना सकते हैं ना। 
बना मतलब क्या? है आप पपड़ी ले आओगे मेरे पास दुकान पर मेरे तो क्या? है उसको बनाएंगे और एक लीटर सैंपल टेस्ट करा जाएंगे।। उसको मैं।... ऐसा बनाऊंगा कि एक कोट में वह आ जाए और उसके बाद एक लीटर पहले एप्लिकेशन भी करके देख जाएंगे। कि एक कोट में फाइनल आ रहे हैं। कि नहीं। और मेरे हिसाब से आप पपड़ी ले आओगे तो मोस्ट प्रोबेबली मैं।... ऐसा बना लूंगा कि एक कोर्ट में आप उसको फाइनल कर सको. उसके बाद बंदे अलाइन करेंगे।? तो वह एक कोर्ट में आपके बिल्डिंग भी फाइनल कर देंगे।?, तो क्या? यह आपको? लेबरों को एक कोर्ट का पैसे। देना। पड़ेगी।। और मटेरियल भी आधा लगेगा आपका। 
हां हां हां। 
तो यह कोट का यह दिमाग आप लगा। सकते हैं। 
बीस सौ से हज़ार रुपए बैठेगा। है ना? 
बीस हज़ार रुपए करीब बैठेगा जी। 
ठीक ठीक। लेबर रेट में वैसे नहीं। अवेलेबल करवा पाएँगे। आप। हां? 
नहीं। भैया ऐसे डेली में काम ही नहीं। करते ना भैया लड़के अब क्या? बता दें आपको? कहानी की 
हाँ, जो मेजरमेंट / एमबी का नशा लग जाएगा। तो काहे कोई उसमें करेगा 
काहे का कोई करेगा वही तो बात। हैं और नहीं। उसमें कराना भी बेकार हैं भैया आज की डेट में 
अच्छा अच्छा अच्छा। 
कोई मतलब नहीं। है। वह आप खड़े रहोगे आपको? लगेगा कि तो आप करा लोगे वह आप करा ही ना पाओगे और सारा ज़्यादा ही पैसे। लगेगा। 
हां हां हां। 
इससे अच्छा देकर बहुत सच रहे आदमी क्योंकि है क्या? ना भैया वह नहीं। जीत सकते हमसे हम। हमसे नहीं। जीत सकते। 
उसको। सही चीज़ है। चलिए, ठीक है। 
देख लीजिए। थोड़ा बहुत। बिल्कुल।","Speaker 1: हां, जी भैया पुताई के लिए। लेबर मिल जाएंगे। क्या?
Speaker 2: कहाँ के लिए?
Speaker 1: रायपुर के लिए।
Speaker 2: क्या? करवाना है आपको?
Speaker 1: हमारी। एक बिल्डिंग है, एक हज़ार स्क्वायर मीटर की।
Speaker 2: एक हज़ार स्क्वायर मीटर मतलब दस हज़ार स्क्वायर फीट।
Speaker 1: बिल्कुल।
Speaker 2: अंदर बाहर।
Speaker 1: अंदर।
Speaker 2: इंटीरियर में कराना है?
Speaker 1: हां हां, इंटीरियर में कराना।
Speaker 2: सरकारी है, प्राइवेट है?
Speaker 1: सरकारी ही है।
Speaker 2: सरकारी है, मतलब न्यू कंस्ट्रक्शन है कि मतलब वैसा है? नहीं। नहीं।
Speaker 1: ओल्ड कंस्ट्रक्शन, ओल्ड कंस्ट्रक्शन।
Speaker 2: ओल्ड कंस्ट्रक्शन है ना, ओल्ड कंस्ट्रक्शन है तो कुंभा के सामान वगैरह सब उसमें पड़ा होगा।
Speaker 1: सब सब सब मतलब सामान भी दे दूंगा मैं। जो आप आदमी मेरे पास रहेंगे मैं। उनको खाने पीने के लिए। भी दे दूंगा।
Speaker 2: नहीं। मतलब मेरा सामान इनका कहने का मतलब यह है कि नहीं। नहीं। सामान वगैरह ऐसा नहीं। है मतलब छोटी मोटी होती है मतलब ऐसा कुछ मेजर नहीं। है कि आपको? उसमें बहुत मेहनत करनी पड़ेगी।
Speaker 1: अच्छा काम क्या? करना है भैया उसमें एक कोट पेंट करना है?
Speaker 2: दो कोट।
Speaker 1: दो कोट होना है?
Speaker 2: हां दो कोट होना है।
Speaker 1: दो कोट होना है। भैया देखिए, जो। एक में आ गया। तो बेहतर है नहीं। तो फिर दूसरा तो करेंगे।?
Speaker 2: मतलब क्या? मैटर भैया एफडी एफडी रिलीज होनी है क्या?? ऐसा ऐसा कुछ है क्या??
Speaker 1: बस कुछ ऐसे ही मान लीजिए।
Speaker 2: मतलब जो सीमेंट है पांच साल बाद वीक होता है वही वाला मैटर होगा।
Speaker 1: हां। क्या? हमारे पास आदमी मिल जाएंगे।
Speaker 2: क्या?? हां। अब उसमें एक देखिए, भैया जो आदमी मेरे पास है वह दो रुपए स्क्वायर फीट लेते हैं कोर्ट। आपका दस हज़ार स्क्वायर फीट है। दस दस हज़ार स्क्वायर फीट बताया ना आपने?
Speaker 1: हमको लेबर रेट में करवाना।
Speaker 2: लेबर रेट में नहीं। होंगे भैया।
Speaker 1: लेबर रेट में नहीं।
Speaker 2: होगा? नहीं।, दो रुपए स्क्वायर फीट लेते हैं वही करेंगे।?
Speaker 1: पेर कोट है ना?
Speaker 2: दो रुपए स्क्वायर फीट पेर कोट लेते हैं उसमें यह दिमाग आप ज़रूर लगा सकते हो कि पेंट किया। आप पपड़ी वपि ले आना मेरे पास तो अपन उसको ऐसा बना देंगे।?, कि वह एक कोट में फाइनल आ जाए। तो आपका लेबर भी एक कोर्ट का ही लगेगा मटेरियल भी एक कोर्ट का लगेगा पैसे। बच जाएगा।
Speaker 1: अच्छा मतलब एक कोर्ट में अपन वह व्यवस्था उस तरह से बना सकते हैं ना।
Speaker 2: बना मतलब क्या? है आप पपड़ी ले आओगे मेरे पास दुकान पर मेरे तो क्या? है उसको बनाएंगे और एक लीटर सैंपल टेस्ट करा जाएंगे।। उसको मैं। ऐसा बनाऊंगा कि एक कोट में वह आ जाए और उसके बाद एक लीटर पहले एप्लिकेशन भी करके देख जाएंगे। कि एक कोट में फाइनल आ रहे हैं। कि नहीं। और मेरे हिसाब से आप पपड़ी ले आओगे तो मोस्ट प्रोबेबली मैं। ऐसा बना लूंगा कि एक कोर्ट में आप उसको फाइनल कर सको. उसके बाद बंदे अलाइन करेंगे।? तो वह एक कोर्ट में आपके बिल्डिंग भी फाइनल कर देंगे।?, तो क्या? यह आपको? लेबरों को एक कोर्ट का पैसे। देना। पड़ेगी।
Speaker 1: हां हां हां।
Speaker 2: तो यह कोट का यह दिमाग आप लगा सकते हैं।
Speaker 1: बीस सौ से हज़ार रुपए बैठेगा। है ना?
Speaker 2: बीस हज़ार रुपए करीब बैठेगा जी।"
2,"हैलो हैलो जी भैया पुताई के लिए आदमी नहीं जाएंगे क्या हां पुताई के लिए पुताई के लिए नहीं wrong number दिया श्री राम पेंट्स में नहीं बात कर रहा हूं क्या मैं लेकिन टीम बदली हो गई है ना दूसरा बंद में चला रहे हैं अच्छा अच्छा अच्छा तो नंबर दे सकते हैं आप उनका नहीं है भाई मेरे पास","Speaker 1: हैलो जी, भैया पुताई के लिए आदमी नहीं जाएंगे क्या?
Speaker 2: हां, पुताई के लिए। लेकिन मैं श्री राम पेंट्स में बात नहीं कर रहा हूं।
Speaker 1: मैंने गलत नंबर दिया था। लेकिन मैंने सुना है कि आपकी टीम बदली हो गई है ना?
Speaker 2: हां, दूसरा बंद में चला रहे हैं।
Speaker 1: अच्छा, तो क्या आप उनका नंबर दे सकते हैं?
Speaker 2: नहीं, भाई, मेरे पास नहीं है।"
3,"हैलो सर, क्या आपको मेरी आवाज़ आ रही है?","Speaker 1: हैलो सर, क्या आपको मेरी आवाज़ आ रही है?"
4,"नमस्कार अपनी कार की वैल्यू पर अब दो सौ प्रतिशत तक का पर्सनल लोन लें। आसान और तेज़ प्रोसेस के साथ","Speaker 1: नमस्कार, हमें निर्माण स्थल पर वित्तीय विकल्पों पर चर्चा करनी चाहिए।
Speaker 2: हाँ, बिल्डरों के लिए वित्तीय सुविधाएं उपलब्ध हैं।
Speaker 1: क्या हम अपनी संपत्ति की कीमत पर लोन ले सकते हैं?
Speaker 2: हाँ, संपत्ति की कीमत पर लोन लेना संभव है, लेकिन इसमें कुछ शर्तें और प्रक्रियाएं शामिल होती हैं।"
5,"जल निगम से आलोक मिश्रा बात कर रहा था। PS सर ने बताया था कि पाइपलाइन में फिर से समस्या है। राइजिंग मेन का मुद्दा पहले ही हल कर दिया गया था। डीबीएल के ठेकेदार से बात हो रही है। द्विवेदी जी से बात हुई और उन्होंने बताया कि पानी चालू करने पर पानी का पता नहीं चल रहा है। उन्होंने कहा कि मोटर चलाने पर भी पानी का पता नहीं चलता है। लीकेज का पता लगाने के लिए पाइपलाइन को जोड़ने की जरूरत है। द्विवेदी जी ने कहा कि वे पहले ही फोटो ले चुके हैं और जैक्सन लाइन डली हुई है। आलोक मिश्रा ने कहा कि वे पहले ही फोटो ले चुके हैं और पूरी लाइन डलवा दी है। द्विवेदी जी ने कहा कि वे साहब से बात कराई थी और अब भाई ने बात की है। आलोक मिश्रा ने कहा कि वे रो कर लोगे और बिल्कुल बिल्कुल समझ में आ रहा है। द्विवेदी जी ने कहा कि वे अपनी टीम को भेज देंगे और समस्या का समाधान करेंगे। आलोक मिश्रा ने कहा कि जहां से बोर है और टैपिंग पॉइंट है, वहीं पर लीकेज था। द्विवेदी जी ने कहा कि वे पांच-दस मीटर आगे जाकर चेक करेंगे और समस्या का समाधान करेंगे। आलोक मिश्रा ने कहा कि अगर द्विवेदी जी चल लेते हैं तो समस्या का समाधान हो जाएगा। द्विवेदी जी ने कहा कि वे चल देंगे और समस्या का समाधान करेंगे।","Speaker 1: जल निगम से आलोक मिश्रा बात कर रहा था। PS सर ने बताया था कि पाइपलाइन में फिर से समस्या है।
Speaker 2: राइजिंग मेन का मुद्दा पहले ही हल कर दिया गया था। डीबीएल के ठेकेदार से बात हो रही है।
Speaker 1: द्विवेदी जी से बात हुई और उन्होंने बताया कि पानी चालू करने पर पानी का पता नहीं चल रहा है।
Speaker 2: उन्होंने कहा कि मोटर चलाने पर भी पानी का पता नहीं चलता है। लीकेज का पता लगाने के लिए पाइपलाइन को जोड़ने की जरूरत है।
Speaker 1: द्विवेदी जी ने कहा कि वे पहले ही फोटो ले चुके हैं और जैक्सन लाइन डली हुई है।
Speaker 2: आलोक मिश्रा ने कहा कि वे पहले ही फोटो ले चुके हैं और पूरी लाइन डलवा दी है।
Speaker 1: द्विवेदी जी ने कहा कि वे साहब से बात कराई थी और अब भाई ने बात की है।
Speaker 2: आलोक मिश्रा ने कहा कि वे रो कर लोगे और बिल्कुल बिल्कुल समझ में आ रहा है।
Speaker 1: द्विवेदी जी ने कहा कि वे अपनी टीम को भेज देंगे और समस्या का समाधान करेंगे।
Speaker 2: आलोक मिश्रा ने कहा कि जहां से बोर है और टैपिंग पॉइंट है, वहीं पर लीकेज था।
Speaker 1: द्विवेदी जी ने कहा कि वे पांच-दस मीटर आगे जाकर चेक करेंगे और समस्या का समाधान करेंगे।
Speaker 2: आलोक मिश्रा ने कहा कि अगर द्विवेदी जी चल लेते हैं तो समस्या का समाधान हो जाएगा।
Speaker 1: द्विवेदी जी ने कहा कि वे चल देंगे और समस्या का समाधान करेंगे।"
6,"हां तिवारी जी बताएं।
जी प्रणाम।
प्रणाम। प्रणाम। बताएं।
कहाँ हो रहा?
कुछ नहीं। बस सही से, सही देखे जाते
हैं ना ऑफिस के ही बताई? सब में तो है हम।
हैं ना अभी हम यह जिले में।
अच्छा यह
बताइए। हां।
यह ७६ में डूबी।
जो हम पहले खड़ा रहा डूबी में।
हां।
तो वह का करे का है कि नहीं। करे
का? तो का ही नहीं। करे, तो क्या? दिक्कत आ रही?
दिक्कत क्या? आई थी कि पहले से वह अपनी ड्रीम डाली।
हां।
अब वह कहाँ लाए? अपना कि बीबीए के वहीं वहीं हां वहीं में जब
हैं। हां।
का आलमबढ़ा के पीसीएमसी ग्रेड स्लैब करेक्ट है।
ठीक है। कहीं इधर बहुत
दिक्कत
है। हैं? ऑफर डाइंग अप्रूवल नहीं। वह। ऑफर सीमेंट / सीमेंट जल निगम से ना हुई। लेकिन डीबीएल हमारे साइट पर तो काम कर ही ना भाई अप्रूवल की वजह से काम करना रोकी। हां। समझ रहे हैं ना बात। वहां? हां। यह चीज़। अगर हमसे पूछा तो हम पहले हिसाब से तो इसलिए गलत है क्योंकि अभी ऊपर ड्राइंग नहीं। अप्रूव हुआ है। ड्राइंग अप्रूव वह खाली जो अपना काम कह रहे हैं नवेद। हां। या चीज़।
कन्फर्म आरएफआई वगैरह तो ना दिल्ली ना।
दिल्ली? हां। आरएफआई दिल्ली और रिजेक्ट हुई। रीइन्स्पेक्शन की गई। हां। जब उनका ड्राइंग अप्रूव हुई। तब से होकर थे मोनी रिजेक्ट करा एनडीटीवी वगैरह के लिए। हां। वह हिसाब से। प्रोसेस तब है रही, लेकिन अभी उठा मतलब एक्सेप्ट ना कीजिए। हां। या ऑफर या कुछ भी हो जाए।
तो हम का तो काम कारण दिक्कत ना हुई। ना?
बताएं ना कि हम पहले कैसे जल निगम से ऊपर सीमेंट / सीमेंट ना हुई। डीबीएल अपना तो दयशकती अपना हमारे लेवल पर बात। कर ली कि साहब, हम काम करे तो हम का पैसे। देख कि ना दे हम आते ना फंसा देख। हां। यह अपना बात। कर ले यह। भैया बात। है यह काम कैसे दे। भाई यह कह के ना फंसा दे कि भाई हम, उनका तो मिली है क्योंकि। हां। जब उनका ना मिली तो उनका सर्विस कैसा कह दे कि हम का जल निगम से नहीं। मिले तो हम अपन का पैसे। दे दे। तो यह अपना उनसे क्लियर कहकर बात। के लिए। कि भाई हमें। ही अपना को मिले चाहे मिले, हां मिली कि ना मिली वह हम कब बताए। यह बात। हम
कहें। कि थोड़ा मिश्रा जी समझ ही ले कि आगे हिम्मत पा रहे हैं।
ऐसे कि हमें। नहीं। कहूंगा। नहीं। नहीं।, कोई दिक्कत नहीं। कोई दिक्कत नहें।
चलो। ठीक है।","Speaker 1: हां तिवारी जी बताएं।
Speaker 2: जी प्रणाम। प्रणाम। बताएं।
Speaker 1: कहाँ हो रहा?
Speaker 2: कुछ नहीं। बस सही से, सही देखे जाते हैं ना ऑफिस के ही बताई? सब में तो है हम।
Speaker 1: हैं ना अभी हम यह जिले में।
Speaker 2: अच्छा यह बताइए। हां।
Speaker 1: यह ७६ में डूबी। जो हम पहले खड़ा रहा डूबी में।
Speaker 2: हां।
Speaker 1: तो वह का करे का है कि नहीं। करे का? तो क्या? दिक्कत आ रही?
Speaker 2: दिक्कत क्या? आई थी कि पहले से वह अपनी ड्रीम डाली।
Speaker 1: हां।
Speaker 2: अब वह कहाँ लाए? अपना कि बीबीए के वहीं वहीं हां वहीं में जब हैं। हां।
Speaker 1: का आलमबढ़ा के पीसीएमसी ग्रेड स्लैब करेक्ट है।
Speaker 2: ठीक है। कहीं इधर बहुत दिक्कत है। हैं? ऑफर डाइंग अप्रूवल नहीं। वह। ऑफर सीमेंट / सीमेंट जल निगम से ना हुई। लेकिन डीबीएल हमारे साइट पर तो काम कर ही ना भाई अप्रूवल की वजह से काम करना रोकी। हां। समझ रहे हैं ना बात।
Speaker 1: वहां? हां। यह चीज़। अगर हमसे पूछा तो हम पहले हिसाब से तो इसलिए गलत है क्योंकि अभी ऊपर ड्राइंग नहीं। अप्रूव हुआ है। ड्राइंग अप्रूव वह खाली जो अपना काम कह रहे हैं नवेद। हां। या चीज़।
Speaker 2: कन्फर्म आरएफआई वगैरह तो ना दिल्ली ना।
Speaker 1: दिल्ली? हां। आरएफआई दिल्ली और रिजेक्ट हुई। रीइन्स्पेक्शन की गई। हां। जब उनका ड्राइंग अप्रूव हुई। तब से होकर थे मोनी रिजेक्ट करा एनडीटीवी वगैरह के लिए। हां। वह हिसाब से। प्रोसेस तब है रही, लेकिन अभी उठा मतलब एक्सेप्ट ना कीजिए। हां। या ऑफर या कुछ भी हो जाए।
Speaker 2: तो हम का तो काम कारण दिक्कत ना हुई। ना?
Speaker 1: बताएं ना कि हम पहले कैसे जल निगम से ऊपर सीमेंट / सीमेंट ना हुई। डीबीएल अपना तो दयशकती अपना हमारे लेवल पर बात। कर ली कि साहब, हम काम करे तो हम का पैसे। देख कि ना दे हम आते ना फंसा देख। हां। यह अपना बात। कर ले यह। भैया बात। है यह काम कैसे दे। भाई यह कह के ना फंसा दे कि भाई हम, उनका तो मिली है क्योंकि। हां। जब उनका ना मिली तो उनका सर्विस कैसा कह दे कि हम का जल निगम से नहीं। मिले तो हम अपन का पैसे। दे दे। तो यह अपना उनसे क्लियर कहकर बात। के लिए। कि भाई हमें। ही अपना को मिले चाहे मिले, हां मिली कि ना मिली वह हम कब बताए। यह बात। हम कहें। कि थोड़ा मिश्रा जी समझ ही ले कि आगे हिम्मत पा रहे हैं।
Speaker 2: ऐसे कि हमें। नहीं। कहूंगा। नहीं। नहीं।, कोई दिक्कत नहीं। कोई दिक्कत नहीं।
Speaker 1: चलो। ठीक है।"
7,"हैलो हैलो। जी मिश्रा जी मैं। आलोक मिश्रा बात कर रहा था जी जल निगम से। जी आलोक मिश्रा बात कर रहा था मध्य प्रदेश जल निगम परियोजना से। हां भईया, आपने सीएम हेल्पलाइन की थी? कहाँ के लिए? किया था आपने कुछ टोटी में पानी की समस्या आपको? नहीं मिल रहे हैं। पानी की थी? हां, हां किए थे। क्या? दिक्कत आ रही है? नहीं। पानी तो मोटर की दिक्कत थी। हां, मोटर तो पड़ गई है भईया। तो फिर शिकायत बंद करवा दीजिए। तो हम बंद करवा देंगे, ना क्या? दिक्कत? तो एक ओटीपी भिजवाता हूं मैं। बता दीजिएगा। ठीक है, ठीक हैं ना। ठीक है मैं। भिजवाता हूं इसी नंबर पर। ठीक है।","Speaker 1: हैलो हैलो। जी मिश्रा जी मैं। आलोक मिश्रा बात कर रहा था जी जल निगम से। जी आलोक मिश्रा बात कर रहा था मध्य प्रदेश जल निगम परियोजना से।
Speaker 2: हां भईया, आपने सीएम हेल्पलाइन की थी? कहाँ के लिए? किया था आपने कुछ टोटी में पानी की समस्या आपको? नहीं मिल रहे हैं। पानी की थी?
Speaker 1: हां, हां किए थे। क्या? दिक्कत आ रही है? नहीं। पानी तो मोटर की दिक्कत थी।
Speaker 2: हां, मोटर तो पड़ गई है भईया। तो फिर शिकायत बंद करवा दीजिए।
Speaker 1: तो हम बंद करवा देंगे, ना क्या? दिक्कत?
Speaker 2: तो एक ओटीपी भिजवाता हूं मैं। बता दीजिएगा।
Speaker 1: ठीक है, ठीक हैं ना। ठीक है मैं।
Speaker 2: भिजवाता हूं इसी नंबर पर।
Speaker 1: ठीक है।"
8,"जी मिश्रा जी बताएं? बताइए एक OTP भेजा मैंने। बता रहे हैं एक मिनट। हां हां बोलिए। ० पैंतालीस ० पैंतालीस ० पैंतालीस आगे बताइए। युवा वाला। ज़ीरो पैंतालीस का ट्रिपल ८ है ना? DBL / DBL। धन्यवाद जी जी जी। ओके।","Speaker 1: मिश्रा जी बताएं? बताइए एक OTP भेजा मैंने। बता रहे हैं एक मिनट। हां हां बोलिए।
Speaker 2: ० पैंतालीस ० पैंतालीस ० पैंतालीस आगे बताइए। युवा वाला। ज़ीरो पैंतालीस का ट्रिपल ८ है ना? DBL / DBL।
Speaker 1: धन्यवाद जी जी जी। ओके।"
9,"हां भाभी नाम बताइए। बोलिए ज्योति ज्योति मैं। तो भेज देता हूं, कहाँ आंगनवाड़ी हो? कुछ काम रहा? हां, थोड़ा हम बुलाओ, कहीं गई थी।","Speaker 1: हां, नाम बताइए।
Speaker 2: ज्योति ज्योति मैं।
Speaker 1: तो भेज देता हूं, कहाँ आंगनवाड़ी हो?
Speaker 2: कुछ काम रहा?
Speaker 1: हां, थोड़ा हम बुलाओ, कहीं गई थी।"
10,"हैलो डॉक्टर साहब, इस समय देखते हैं? दोपहर में मिलेंगे दो बजे। दोपहर में दो बजे। देखते हैं ना? जी। और सिंगौर चौराहे पर ही ना वहां तानसेन कॉम्प्लेक्स पर। तो नंबर लगा। दीजिए। हमारे एक। हां मैसेज कर दीजिए। व्हाट्सएप कर दूं? जी। ठीक है।","Speaker 1: हैलो डॉक्टर साहब, इस समय देखते हैं? दोपहर में मिलेंगे दो बजे। दोपहर में दो बजे। देखते हैं ना? जी। और सिंगौर चौराहे पर ही ना वहां तानसेन कॉम्प्लेक्स पर।
Speaker 2: तो नंबर लगा। दीजिए। हमारे एक। हां मैसेज कर दीजिए। व्हाट्सएप कर दूं? जी। ठीक है।"
11,"कर दिया भैया अभियान से मिश्रा ग्यारह महीने की है। ठीक है तो मैं। दो बजे करीब लेकर आ जाता हूं फिर है ना। ठीक है।","Speaker 1: कर दिया भैया अभियान से मिश्रा ग्यारह महीने की है।
Speaker 2: ठीक है तो मैं।
Speaker 1: दो बजे करीब लेकर आ जाता हूं फिर है ना।
Speaker 2: ठीक है।"
12,"हां पटेल जी बताएं। सर यह संतोष और राजीव बघेल जी दो शिकायतें थीं। दोनों अपनी नहीं हैं। तो कहां पेंडिंग या कहां पेंडिंग डालूं? एक सपना वार सागर 2 की है। कौन सी संतोष वाली? बड़ा के बताओ जरा कहां की है। मतलब वह बताओ थोड़ा सा। यह संतोष सगोरा रामपुरवा है। हां हां हां हां रामपुरवा वाली उसकी हैं सतना मारता कट्टु की। ठीक है। और जो दूसरी शिकायत है वह है उसमें क्या? हैं पीएसी हैं वह। राजीव बाग, हिल वार्ड नंबर सत्रह। नहीं। नहीं। यह शहरी पेयजल योजना है। यहां इक्षाक धरती वाला है। हां हां हां हां शहरी पेयजल योजना है।","Speaker 1: हां पटेल जी, बताएं। सर, यह संतोष और राजीव बघेल जी दो शिकायतें थीं। दोनों अपनी नहीं हैं। तो कहां पेंडिंग या कहां पेंडिंग डालूं?
Speaker 2: एक सपना वार सागर 2 की है। कौन सी संतोष वाली? बड़ा के बताओ जरा कहां की है। मतलब वह बताओ थोड़ा सा।
Speaker 1: यह संतोष सगोरा रामपुरवा है।
Speaker 2: हां हां हां हां रामपुरवा वाली उसकी हैं सतना मारता कट्टु की। ठीक है।
Speaker 1: और जो दूसरी शिकायत है वह है उसमें क्या?
Speaker 2: हैं पीएसी हैं वह। राजीव बाग, हिल वार्ड नंबर सत्रह।
Speaker 1: नहीं। नहीं। यह शहरी पेयजल योजना है। यहां इक्षाक धरती वाला है।
Speaker 2: हां हां हां हां शहरी पेयजल योजना है।"
13,"स्पीकर 1: नमस्ते।
स्पीकर 2: नमस्ते। हां सुनील। हां। आलोक मिश्रा बात कर रहा हूं। बोलिए। क्या है? यार, तुम्हारा संतलाल फोन नहीं उठा रहा है। उन्होंने एकदम फोन उठाना बंद कर दिया है।
स्पीकर 1: हमें नहीं पता कि वह कहाँ है। हम बता नहीं पाएंगे। तुम बता पाओगे। हम नहीं बता पाएंगे। सर, हम तो अपने घर पर हैं।
स्पीकर 2: कब तक आओगे?
स्पीकर 1: अब देखो। फिर इधर-उधर गर्मी बीत जाएगी। तब...
स्पीकर 2: हां, गर्मी बीत जाएगी। तब है। पैसे भी ले लिए हमसे पांच-छह हजार रुपये ज्यादा।
स्पीकर 1: तो मुझे फोन करिए। क्या? फोन करिए। उसका भी मैं...
स्पीकर 2: नहीं, वह फोन नहीं उठाता।
स्पीकर 1: चलो।","Speaker 1: नमस्ते।
Speaker 2: नमस्ते। मैं आलोक मिश्रा बात कर रहा हूं। आपका संतलाल फोन नहीं उठा रहा है।
Speaker 1: हमें नहीं पता कि वह कहाँ है। हम बता नहीं पाएंगे।
Speaker 2: कब तक आओगे?
Speaker 1: अब देखो। फिर इधर-उधर गर्मी बीत जाएगी। तब..।
Speaker 2: हां, गर्मी बीत जाएगी। तब है। पैसे भी ले लिए हमसे पांच-छह हजार रुपये ज्यादा।
Speaker 1: तो मुझे फोन करिए।
Speaker 2: नहीं, वह फोन नहीं उठाता।
Speaker 1: चलो।"
14,"हां भईया, यह पार्सल लेने आया था, कितना खराब है? अच्छा।","Speaker 1: हां भईया, यह पार्सल लेने आया था, कितना खराब है?
Speaker 2: अच्छा, यहां तो बहुत खराब है।"
15,"हां, लाइन पर रहो। हां, आप जिस व्यक्ति से बात कर रहे हैं, उसने आपके कॉल को होल्ड पर रखा है। कृपया लाइन पर बने रहें। उठा रहे हैं। भाई।","Speaker 1: हां, लाइन पर रहो।
Speaker 2: हां, आप जिस व्यक्ति से बात कर रहे हैं, उसने आपके कॉल को होल्ड पर रखा है।
Speaker 1: कृपया लाइन पर बने रहें।
Speaker 2: उठा रहे हैं। भाई।"
16,"स्पीकर 1: नमस्ते।
स्पीकर 2: जी मैं। रीवा से बात कर रहा था। हमको पेंटर की जरूरत थी क्योंकि एक हजार स्क्वायर मीटर का एक एरिया पेंटिंग करवाना था। मिल जाएंगे क्या? हमारे पास?
स्पीकर 1: इस समय नहीं। है सर। इस समय लेबर सब गांव गए हैं।
स्पीकर 2: अच्छा अच्छा अच्छा अच्छा। जी क्या? रेट से करते हैं वैसे?
स्पीकर 1: पैंतीस रुपये स्क्वायर फीट।
स्पीकर 2: पैंतीस रुपये स्क्वायर फीट?
स्पीकर 1: विद मटेरियल।
स्पीकर 2: विद विदाउट मटेरियल लेबर रेट?
स्पीकर 1: विदाउट मटेरियल नहीं। करते सर।
स्पीकर 2: विदाउट मटेरियल नहीं। करते एक कोई बात नहीं।
स्पीकर 1: एक्चुअली क्या? इंटीरियर कॉन्ट्रैक्टर हैं हम तो हम पहले उसी पार्ट में आता है वह पेंडिंग।
स्पीकर 2: अच्छा अच्छा।
स्पीकर 1: तो वह मटेरियल ही रहता है।
स्पीकर 2: तो लेबर नहीं। अवेलेबल करवा पाएंगे। अगर आप वैसे अगर अपना करना चाहें तो लेबर वैसे।
स्पीकर 1: सब में लेबर ही नहीं। है सर। लेबर सब वहां से ले रहे हैं सर।
स्पीकर 2: ठीक है।
स्पीकर 1: जी।","Speaker 1: नमस्ते
Speaker 2: जी मैं। रीवा से बात कर रहा था। हमको पेंटर की जरूरत थी क्योंकि एक हजार स्क्वायर मीटर का एक एरिया पेंटिंग करवाना था। मिल जाएंगे क्या? हमारे पास?
Speaker 1: इस समय नहीं। है सर। इस समय लेबर सब गांव गए हैं।
Speaker 2: अच्छा अच्छा अच्छा अच्छा। जी क्या? रेट से करते हैं वैसे?
Speaker 1: पैंतीस रुपये स्क्वायर फीट।
Speaker 2: पैंतीस रुपये स्क्वायर फीट?
Speaker 1: विद मटेरियल।
Speaker 2: विद विदाउट मटेरियल लेबर रेट?
Speaker 1: विदाउट मटेरियल नहीं। करते सर।
Speaker 2: विदाउट मटेरियल नहीं। करते एक कोई बात नहीं।
Speaker 1: एक्चुअली क्या? इंटीरियर कॉन्ट्रैक्टर हैं हम तो हम पहले उसी पार्ट में आता है वह पेंडिंग।
Speaker 2: अच्छा अच्छा।
Speaker 1: तो वह मटेरियल ही रहता है।
Speaker 2: तो लेबर नहीं। अवेलेबल करवा पाएंगे। अगर आप वैसे अगर अपना करना चाहें तो लेबर वैसे।
Speaker 1: सब में लेबर ही नहीं। है सर। लेबर सब वहां से ले रहे हैं सर।
Speaker 2: ठीक है।
Speaker 1: जी।"
17,"स्पीकर 1: हैलो. हां बोलिए.
स्पीकर 2: जी आलोक मिश्रा बात कर रहा था जल निगम से. हां
स्पीकर 1: बोलिए. आलोक
स्पीकर 2: मिश्रा बात कर रहा था. यह कह रहा था कि प्रोजेक्ट वाले में जो वाल्व ऑपरेटर है ना, उनका थोड़ा नंबर मिल जाएगा। क्या??
स्पीकर 1: हां मिल जाएगा।
स्पीकर 2: थोड़ा सा बता दीजिए। आप. तो मनीष
स्पीकर 1: सर नंबर दिए हैं क्या??
स्पीकर 2: नहीं। मेरे पास था आपका नंबर.
स्पीकर 1: अच्छा एक सेकंड. हां नंबर है इनका लिखिए ७३८९२७३८९२ ट्रिपल ४
स्पीकर 2: ट्रिपल ४
स्पीकर 1: डबल १
स्पीकर 2: लोकनाथ पटेल हां. ठीक है, धन्यवाद.","Speaker 1: हैलो. हां बोलिए।
Speaker 2: जी आलोक मिश्रा बात कर रहा था जल निगम से।
Speaker 1: बोलिए. आलोक
Speaker 2: मिश्रा बात कर रहा था. यह कह रहा था कि प्रोजेक्ट वाले में जो वाल्व ऑपरेटर है ना, उनका थोड़ा नंबर मिल जाएगा।
Speaker 1: हां मिल जाएगा।
Speaker 2: थोड़ा सा बता दीजिए. आप. तो मनीष
Speaker 1: सर नंबर दिए हैं क्या??
Speaker 2: नहीं। मेरे पास था आपका नंबर।
Speaker 1: अच्छा एक सेकंड. हां नंबर है इनका लिखिए ७३८९२७३८९२ ट्रिपल ४
Speaker 2: ट्रिपल ४
Speaker 1: डबल १
Speaker 2: लोकनाथ पटेल हां. ठीक है, धन्यवाद।"
18,"स्पीकर 1: नमस्ते।
स्पीकर 2: नमस्ते, हां साहब, शाम को नमस्कार।
स्पीकर 1: शाम को नमस्कार मैडम।
स्पीकर 2: सर, यह कह रहा था मैंने सर कल ही छुट्टी के लिए आवेदन डाल दिया था। वास्तव में सर मुझे थोड़ा बच्ची को लेकर कल प्रयागराज जाना था, इसलिए सर मैंने पहले से प्री-प्लान किया था। मैंने छुट्टी भी सर पहले ही डाल के रखी है इसलिए।
स्पीकर 1: नहीं। छुट्टी कितने दिन पहले डाली?
स्पीकर 2: है? सिर्फ एक दिन की सर, सोमवार बस की।
स्पीकर 1: नहीं। नहीं। कितने दिन पहले डाली?
स्पीकर 2: है यह पूछ रहा हूं। कल डाली है सर, कल।
स्पीकर 1: यह कॉलेज पहले हुआ था पिछले महीने अगर पढ़ा हो तो।
स्पीकर 2: क्या? सर?
स्पीकर 1: छुट्टी कितने दिन अगर पहले से पता है आपको? छुट्टी लगनी है तो कितने दिन पहले डालनी है छुट्टी?
स्पीकर 2: अब सर तीन चार दिन पहले बता दिया था वह कितने दिन पहले बता दें।
स्पीकर 1: सात दिन पहले आपको? आधा दिन देना। ज़रूरी है अगर आपके पास जानकारी है कि आपको।
स्पीकर 2: पास
स्पीकर 1: जानकारी है कि आपको? 
स्पीकर 2: गारंटी नहीं। है सर सही है सर सही है लेकिन सर मान लीजिए। कोई काम urgent आता है आदमी को तो जब आदमी urgently किस चीज़ को plan करेगा तो at a time बताएगा साहब, कि कोई काम पहले से urgent कोई कैसे plan कर सकता है।
स्पीकर 1: है बाबा? जो है कि plan है तो वह urgent नहीं है।
स्पीकर 2: नहीं। सर urgent urgent में ही नहीं। नहीं। सर वह planning ही ऐसा हुई। थी इसीलिए जैसे। वह तो plan ही नहीं हुई। थी इसीलिए जैसे। वह तो plan ही नहीं है। कि तुम्हारे यहाँ पर अभी कितनी सीएम हेल्पलाइन पेंडिंग है?
स्पीकर 2: सीएम हेल्पलाइन सर मेरे पर सिर्फ एक है।
स्पीकर 1: सिर्फ एक है चार?
स्पीकर 2: हां हां
स्पीकर 1: हां सिर्फ एक है। क्या? है वह किस चीज़ से related है?
स्पीकर 2: रोड रेस्टोरेशन से है सर थोड़ा सा काम है। वह लोग। यह थोड़ा सा डीबीएल वाले आजकल आज कल आज कल कर रहे हैं वह।
स्पीकर 1: क्लोज हो जाएंगे। सिर्फ एक ही पड़ी हुई। है। जो आपने अंग्रेजी में लग रही है वह कौन सा ब्लॉक आ रहे हैं।
स्पीकर 2: रीवा ब्लॉक पर, रीवा ब्लॉक सर।
स्पीकर 1: और जगह क्या? आ रही है विलेज?
स्पीकर 2: क्या? था जिला?
स्पीकर 1: विलेज विलेज।
स्पीकर 2: विलेज सर यह अपना आरईटी2।
स्पीकर 1: कौन है आसपास में इसको बोलू पर इसको फॉलो अप लेकर क्लोजर पहले में।
स्पीकर 2: सर विजय हादवेदी देखते हैं हम पहले फील्ड इंजीनियर हैं। मैं। ... बोल देता हूं सर। ठीक है। ठीक है। ओके।","Speaker 1: नमस्ते।
Speaker 2: नमस्ते, हां साहब, शाम को नमस्कार।
Speaker 1: शाम को नमस्कार मैडम।
Speaker 2: सर, मैं कल ही छुट्टी के लिए आवेदन डाल दिया था। वास्तव में सर मुझे थोड़ा बच्ची को लेकर कल प्रयागराज जाना था, इसलिए सर मैंने पहले से प्री-प्लान किया था। मैंने छुट्टी भी सर पहले ही डाल के रखी है इसलिए।
Speaker 1: छुट्टी कितने दिन पहले डाली?
Speaker 2: सिर्फ एक दिन की सर, सोमवार बस की।
Speaker 1: कितने दिन पहले डाली?
Speaker 2: कल डाली है सर, कल।
Speaker 1: छुट्टी कितने दिन अगर पहले से पता है आपको? छुट्टी लगनी है तो कितने दिन पहले डालनी है छुट्टी?
Speaker 2: अब सर तीन चार दिन पहले बता दिया था वह कितने दिन पहले बता दें।
Speaker 1: सात दिन पहले आपको? आधा दिन देना। ज़रूरी है अगर आपके पास जानकारी है कि आपको।
Speaker 2: पास
Speaker 1: जानकारी है कि आपको?
Speaker 2: गारंटी नहीं। है सर सही है सर सही है लेकिन सर मान लीजिए। कोई काम urgent आता है आदमी को तो जब आदमी urgently किस चीज़ को plan करेगा तो at a time बताएगा साहब, कि कोई काम पहले से urgent कोई कैसे plan कर सकता है।
Speaker 1: है बाबा? जो है कि plan है तो वह urgent नहीं है।
Speaker 2: नहीं। सर urgent urgent में ही नहीं। नहीं। सर वह planning ही ऐसा हुई। थी इसीलिए जैसे। वह तो plan ही नहीं हुई। थी इसीलिए जैसे। वह तो plan ही नहीं है। कि तुम्हारे यहाँ पर अभी कितनी सीएम हेल्पलाइन पेंडिंग है?
Speaker 2: सीएम हेल्पलाइन सर मेरे पर सिर्फ एक है।
Speaker 1: सिर्फ एक है चार?
Speaker 2: हां हां
Speaker 1: हां सिर्फ एक है। क्या? है वह किस चीज़ से related है?
Speaker 2: रोड रेस्टोरेशन से है सर थोड़ा सा काम है। वह लोग। यह थोड़ा सा डीबीएल वाले आजकल आज कल आज कल कर रहे हैं वह।
Speaker 1: क्लोज हो जाएंगे। सिर्फ एक ही पड़ी हुई। है। जो आपने अंग्रेजी में लग रही है वह कौन सा ब्लॉक आ रहे हैं।
Speaker 2: रीवा ब्लॉक पर, रीवा ब्लॉक सर।
Speaker 1: और जगह क्या? आ रही है विलेज?
Speaker 2: विलेज सर यह अपना आरईटी2।
Speaker 1: कौन है आसपास में इसको बोलू पर इसको फॉलो अप लेकर क्लोजर पहले में।
Speaker 2: सर विजय हादवेदी देखते हैं हम पहले फील्ड इंजीनियर हैं। मैं। ... बोल देता हूं सर। ठीक है। ठीक है। ओके।"
19,"हैलो। प्रोजेक्ट वाले क्या? थे ना सीईओ वाला? प्रोजेक्ट वाला सर क्या? है? रोहित ने, रोहित ने बोला तुम्हें। रोहित साहब ने बोला मुझे कि लेकिन उन्हें कुछ बताया नहीं। और साहब, प्रोजेक्ट बहुत आउटर में हैं। एकदम। पुखराज का नंबर है? पुखराज का नंबर है, हां। उसके साथ... चला जाऊँ, पुखराज आरी क्यूसी / क्वालिटी कंट्रोल है ना, उसको कॉल लगाओ वह जा रहे हैं। कि उसके साथ... चले जाऊँ, तो आप कोऑर्डिनेट करके उसको रिजॉल्व करवाओ। और साथ... में होगा इसके घर आ गया। सर। अगर मैं... कोऑर्डिनेट करके चले जाऊँ, अर्जेंट है।","Speaker 1: हैलो। प्रोजेक्ट के बारे में क्या हो रहा है? सीईओ से मिले थे ना? प्रोजेक्ट मैनेजर क्या कह रहे हैं?
Speaker 2: रोहित ने मुझे बताया था कि उन्होंने आपको कुछ कहा था, लेकिन उन्हें खुद कुछ नहीं बताया गया है। और साहब, प्रोजेक्ट साइट बहुत दूर है।
Speaker 1: पुखराज का नंबर है क्या? हां, उसके साथ चला जाऊँ। पुखराज क्वालिटी कंट्रोल है ना, उसको कॉल लगाओ वह जा रहे हैं।
Speaker 2: मैं कोऑर्डिनेट करके उसको रिजॉल्व करवा दूंगा। और साथ में चले जाऊँ, तो आपको कोई दिक्कत नहीं होगी। सर, अगर मैं कोऑर्डिनेट करके चले जाऊँ, तो यह अर्जेंट है।"
20,"स्पीकर १: नमस्ते। नमस्ते साहब, वहां पर कुछ डेढ़ सौ मीटर करीब पीसी रोड आइटम है। हां। तो उसमें वह कल शाम को वन लगवाएंगे साहब, फिर उसने काम शुरू कर दिया। अभी बात हुई।
स्पीकर २: शाम को एक बार कोऑर्डिनेट करके उसको कराकर फिनिश अप करना।
स्पीकर १: हां हां
स्पीकर २: मैं और जो माननीय हैं उनसे कोऑर्डिनेट करके उनको भी बता देना। मुझे।
स्पीकर १: जी जी सरपंच से शिकायत वैसे साहब, कौन किया था?
स्पीकर २: सरपंच और सीईओ।
स्पीकर १: सीईओ साहब, किए थे?
स्पीकर २: हां, सरपंच साहब से बात कर लेना ना सरपंच जी इसी बार कॉल नहीं कर लेना।
स्पीकर १: नहीं। सरपंच से मैंने अभी बात की मैं उसको कोशिश करता हूं करवा दूंगा। ठीक है।","Speaker 1: नमस्ते। नमस्ते साहब, वहां पर लगभग 150 मीटर के आसपास पीसी रोड का काम है।
Speaker 2: शाम को एक बार समन्वय करके काम पूरा कर लेंगे।
Speaker 1: हां हां
Speaker 2: मैं अधिकारियों से समन्वय करके उन्हें भी बता दूंगा।
Speaker 1: जी जी, सरपंच से शिकायत के बारे में साहब, किसने की थी?
Speaker 2: सरपंच और सीईओ ने
Speaker 1: सीईओ साहब ने की थी?
Speaker 2: हां, सरपंच साहब से बात कर लेना।
Speaker 1: नहीं, सरपंच से मैंने अभी बात की है, मैं कोशिश करता हूं कि समस्या का समाधान करवा दूं। ठीक है।"
21,"जल निगम में शिकायत दर्ज कराने के संबंध में बातचीत हो रही है। शिकायतकर्ता को बताया जा रहा है कि उनकी शिकायत सही विभाग में दर्ज नहीं हुई है, जिसके कारण उनकी समस्या का समाधान नहीं हो पा रहा है। शिकायतकर्ता से कहा जा रहा है कि वे अपनी शिकायत में सही जानकारी दर्ज कराएं, जिससे उनकी समस्या का समाधान हो सके। शिकायतकर्ता को आश्वस्त किया जा रहा है कि यदि वे सही जानकारी दर्ज कराएंगे, तो उनकी समस्या का समाधान जल्द से जल्द किया जाएगा।

शिकायतकर्ता ने बताया कि वे अपने क्षेत्र में पानी की समस्या से जूझ रहे हैं और उन्हें लगता है कि जल निगम द्वारा उनकी समस्या का समाधान नहीं किया जा रहा है। शिकायतकर्ता से कहा जा रहा है कि वे अपनी शिकायत में सही जानकारी दर्ज कराएं, जिससे उनकी समस्या का समाधान हो सके।

शिकायतकर्ता ने बताया कि वे अपनी शिकायत की जानकारी लिखित में चाहते हैं, जिससे वे अपनी समस्या का समाधान करा सकें। शिकायतकर्ता को बताया जा रहा है कि उनकी शिकायत की जानकारी लिखित में दी जाएगी, जिससे वे अपनी समस्या का समाधान करा सकें।

शिकायतकर्ता ने बताया कि वे अपनी समस्या का समाधान जल्द से जल्द चाहते हैं और उन्हें लगता है कि जल निगम द्वारा उनकी समस्या का समाधान नहीं किया जा रहा है। शिकायतकर्ता से कहा जा रहा है कि वे अपनी शिकायत में सही जानकारी दर्ज कराएं, जिससे उनकी समस्या का समाधान हो सके।

शिकायतकर्ता ने बताया कि वे अपनी शिकायत की जानकारी WhatsApp पर चाहते हैं, जिससे वे अपनी समस्या का समाधान करा सकें। शिकायतकर्ता को बताया जा रहा है कि उनकी शिकायत की जानकारी WhatsApp पर दी जाएगी, जिससे वे अपनी समस्या का समाधान करा सकें।","Speaker 1: जल निगम में आपकी शिकायत सही विभाग में दर्ज नहीं हुई है, जिसके कारण आपकी समस्या का समाधान नहीं हो पा रहा है।
Speaker 2: मैं अपने क्षेत्र में पानी की समस्या से जूझ रहा हूं और मुझे लगता है कि जल निगम द्वारा मेरी समस्या का समाधान नहीं किया जा रहा है।
Speaker 1: आपको अपनी शिकायत में सही जानकारी दर्ज करानी होगी, जिससे आपकी समस्या का समाधान हो सके।
Speaker 2: मैं अपनी शिकायत की जानकारी लिखित में चाहता हूं, जिससे मैं अपनी समस्या का समाधान करा सकूं।
Speaker 1: आपकी शिकायत की जानकारी लिखित में दी जाएगी, जिससे आप अपनी समस्या का समाधान करा सकें।
Speaker 2: मैं अपनी समस्या का समाधान जल्द से जल्द चाहता हूं और मुझे लगता है कि जल निगम द्वारा मेरी समस्या का समाधान नहीं किया जा रहा है।
Speaker 1: आपको अपनी शिकायत में सही जानकारी दर्ज करानी होगी, जिससे आपकी समस्या का समाधान हो सके।
Speaker 2: मैं अपनी शिकायत की जानकारी WhatsApp पर चाहता हूं, जिससे मैं अपनी समस्या का समाधान करा सकूं।
Speaker 1: आपकी शिकायत की जानकारी WhatsApp पर दी जाएगी, जिससे आप अपनी समस्या का समाधान करा सकें।"
22,"हैलो। भेज दिया मैंने व्हाट्सएप कर दिया है, चालू करो। आप व्हाट्सएप तो मैंने कहा व्हाट्सएप कर दिया है। जी। देख लो फोन करके एक बार। ओके।","Speaker 1: हैलो, मैंने व्हाट्सएप पर भेज दिया है, चालू करो।
Speaker 2: आप व्हाट्सएप पर क्या भेजना चाहते थे?
Speaker 1: मैंने व्हाट्सएप पर जो भेजना था, वह भेज दिया है।
Speaker 2: ठीक है, मैं देख लेता हूँ।
Speaker 1: फोन करके एक बार देख लो।
Speaker 2: ओके, मैं देखता हूँ।"
23,"नमस्ते","Speaker 1: नमस्ते"
24,"स्पीकर 1: हैलो। संतोष जी से बात हो रही है?
स्पीकर 2: क्या? बोल रहे हैं?
स्पीकर 1: संतोष जी से बात हो रही है ना? हां हां। मैं आलोक मिश्रा बात कर रहा था, मध्य प्रदेश, जल निगम यादव से。
स्पीकर 2: जल निगम से
स्पीकर 1: हां, जल निगम से
स्पीकर 2: हां,
स्पीकर 1: बताइए। आपने एक सीएम एम्प्लॉई की थी?
स्पीकर 2: हां, किए सर पानी वाली कुछ चल नहीं रहा, टंकी नहीं है। वन रही है सब कुछ हैरान एकदम बार-बार, भाई कोई कुछ काम व्यवस्था नहीं है। सब दम छत है।
स्पीकर 1: नहीं। तो यह आपका रामपुरवा गांव है ना?
स्पीकर 2: रामपुरवा नहीं। वह कुछ नहीं है। रामपुरवा गांव वह टंकी नहीं है। वन जाता गांव से।
स्पीकर 1: क्या? हो गया। है नहीं?
स्पीकर 2: टंकी नहीं है। वन जाता खुद में हां। टंकी नहीं है। में नहीं आता।
स्पीकर 1: पहले लोकेशन तो क्लियर करिए।
स्पीकर 2: क्या?
स्पीकर 1: यह रमपुरूबा इधर भी क्या? बोलते हैं पुरानी जो पुल है वह दस से जाने में पड़ता है ना? हां वही। पच्चीस माह से होते हैं वही।
स्पीकर 2: डोमा डोमा डोमा तरफ से हैं। डोमा तरफ से आता है यह।
स्पीकर 1: घूमा तरफ से आता है ना।
स्पीकर 2: यह लोग लड़ाई पंचायत है।
स्पीकर 1: लोग लड़ाई पंचायत। तो क्या? है वहां पर एक वैसी वाली टंकी बनी होगी ना आपके आसपास वहां में लोहे वाली?
स्पीकर 2: नहीं। बनी हुई। नज़र है ना। अच्छा। एकदम बंद है एकदम पांच महीने पहले
स्पीकर 1: चल रहा था? कुछ नहीं। चल रहे हैं। पांच महीना पहले चल रहा था
स्पीकर 2: था। हां नहीं। चल रहा, नहीं। चल रहा, नहीं। चल रहा, नहीं। चल रहा था।
स्पीकर 1: अरे अभी नहीं। चल रहा पांच महीना पहले चल रहा था कि वह तब भी नहीं। चल रहा था।
स्पीकर 2: कभी टंकी बनी तो कहाँ चल रहे हैं। कभी नहीं। चला
स्पीकर 1: पानी नहीं। चला आप यह कह
स्पीकर 2: रहे हो हां हां टंकी नहीं। बनी तो काम कहाँ चल रहे हैं। पाइपलाइन नहीं। पूरी है तो पानी कहाँ चल रहे हैं। अभी सबका अधूरा पड़ा है, जो कराइए आप।
स्पीकर 1: कितने साल पहले की आई शिकायत आज? यह अरे अभी
स्पीकर 2: उसकी से एक साल हो गया। यह, दो साल काम चल रहे हैं। एक दो साल।
स्पीकर 1: क्या? है अगली शिकायत हम पहले जल निगम में आ गई है। जी जी तो यह आपका काम आप एसी विभाग का है।
स्पीकर 2: एसी विभाग का है? हां। हां, तो केएफसी विभाग यह सतना, सतना का है ना यह।
स्पीकर 1: कैसे सतना का है? जिला कौन सा लगता है वहां का यह?
स्पीकर 2: जिला तो रीवा लगता है लेकिन सतना जिला इसमें हम पहले इसमें विधान सभा में।
स्पीकर 1: सतना विधान सभा लगता है।
स्पीकर 2: नहीं। मेरा तो रीवा लगता है लेकिन सतना सतना जिला काम हो रहे हैं। आपका, नर जल का ही।
स्पीकर 1: सतना मार सागर 2 का हो रहा था।
स्पीकर 2: हां, सतना मार सागर हां हां
स्पीकर 1: समझ गया। यह। सतना मार सागर
स्पीकर 2: कुछ कुछ काम ही नहीं। हो रहे हैं। इधर मान लीजिए। ठेकेदार खाकर कुछ काम ही नहीं। हो रहे हैं। ना तो बोले भाई साहब, टंकी लगा। देंगे। मार्च बाद कटाई हो गई यहाँ तक पता ही नहीं। है ना नहीं। नहीं। नहीं। है ना। नहीं। नहीं। नहीं। है ना। किधर खुदा उदास हो
स्पीकर 1: गया। अरे सुनिए तो यह कम्प्लेंट आपके हम पहले रीवा वाले उसमें आ गई है। जी इसको सत्ता बार से अगर 2 वाले में ट्रांसफर करना पड़ेगी। जी जी जी
स्पीकर 2: हां। और उनको बोले, मैडम को बोले थे कि यह सातवां वाले में कर ही है ना।
स्पीकर 1: हां नहीं। आपने रीवा वाले में उन्होंने किया।
स्पीकर 2: है। जी जी
स्पीकर 1: इसमें कहीं आपने लिखवाया नहीं। ना ऐसा जी इसमें आपने ऐसा कहीं लिखवाया नहीं। है ना कि सतनावां सागर तू स्कीम थी।
स्पीकर 2: तो बोले थे सतना तो बोले थे सतना की स्कीम है
स्पीकर 1: नहीं। नहीं। नहीं। लिखवाया है इसमें। चलिए, मैं। इसको इस सालान से करवाता हूं वहां के लिए। नहीं। नहीं। करवाए,
स्पीकर 2: ठीक ठीक है ठीक है सर करवाइए तो काम ठीक है ना।
स्पीकर 1: ओके","Speaker 1: हैलो। संतोष जी से बात हो रही है?
Speaker 2: क्या? बोल रहे हैं?
Speaker 1: संतोष जी से बात हो रही है ना? हां हां। मैं आलोक मिश्रा बात कर रहा था, मध्य प्रदेश, जल निगम यादव से।
Speaker 2: जल निगम से
Speaker 1: हां, जल निगम से
Speaker 2: हां,
Speaker 1: बताइए। आपने एक सीएम एम्प्लॉई की थी?
Speaker 2: हां, किए सर पानी वाली कुछ चल नहीं रहा, टंकी नहीं है। वन रही है सब कुछ हैरान एकदम बार-बार, भाई कोई कुछ काम व्यवस्था नहीं है। सब दम छत है।
Speaker 1: नहीं। तो यह आपका रामपुरवा गांव है ना?
Speaker 2: रामपुरवा नहीं। वह कुछ नहीं है। रामपुरवा गांव वह टंकी नहीं है। वन जाता गांव से।
Speaker 1: क्या? हो गया। है नहीं?
Speaker 2: टंकी नहीं है। वन जाता खुद में हां। टंकी नहीं है। में नहीं आता।
Speaker 1: पहले लोकेशन तो क्लियर करिए।
Speaker 2: क्या?
Speaker 1: यह रमपुरूबा इधर भी क्या? बोलते हैं पुरानी जो पुल है वह दस से जाने में पड़ता है ना? हां वही। पच्चीस माह से होते हैं वही।
Speaker 2: डोमा डोमा डोमा तरफ से हैं। डोमा तरफ से आता है यह।
Speaker 1: घूमा तरफ से आता है ना।
Speaker 2: यह लोग लड़ाई पंचायत है।
Speaker 1: लोग लड़ाई पंचायत। तो क्या? है वहां पर एक वैसी वाली टंकी बनी होगी ना आपके आसपास वहां में लोहे वाली?
Speaker 2: नहीं। बनी हुई। नज़र है ना। अच्छा। एकदम बंद है एकदम पांच महीने पहले
Speaker 1: चल रहा था? कुछ नहीं। चल रहे हैं। पांच महीना पहले चल रहा था कि वह तब भी नहीं। चल रहा था।
Speaker 2: था। हां नहीं। चल रहा, नहीं। चल रहा, नहीं। चल रहा था।
Speaker 1: अरे अभी नहीं। चल रहा पांच महीना पहले चल रहा था कि वह तब भी नहीं। चल रहा था।
Speaker 2: कभी टंकी बनी तो कहाँ चल रहे हैं। कभी नहीं। चला
Speaker 1: पानी नहीं। चला आप यह कह
Speaker 2: रहे हो हां हां टंकी नहीं। बनी तो काम कहाँ चल रहे हैं। पाइपलाइन नहीं। पूरी है तो पानी कहाँ चल रहे हैं। अभी सबका अधूरा पड़ा है, जो कराइए आप।
Speaker 1: कितने साल पहले की आई शिकायत आज? यह अरे अभी
Speaker 2: उसकी से एक साल हो गया। यह, दो साल काम चल रहे हैं। एक दो साल।
Speaker 1: क्या? है अगली शिकायत हम पहले जल निगम में आ गई है। जी जी तो यह आपका काम आप एसी विभाग का है।
Speaker 2: एसी विभाग का है? हां। हां, तो केएफसी विभाग यह सतना, सतना का है ना यह।
Speaker 1: कैसे सतना का है? जिला कौन सा लगता है वहां का यह?
Speaker 2: जिला तो रीवा लगता है लेकिन सतना जिला इसमें हम पहले इसमें विधान सभा में।
Speaker 1: सतना विधान सभा लगता है।
Speaker 2: नहीं। मेरा तो रीवा लगता है लेकिन सतना सतना जिला काम हो रहे हैं। आपका, नर जल का ही।
Speaker 1: सतना मार सागर 2 का हो रहा था।
Speaker 2: हां, सतना मार सागर हां हां
Speaker 1: समझ गया। यह। सतना मार सागर
Speaker 2: कुछ कुछ काम ही नहीं। हो रहे हैं। इधर मान लीजिए। ठेकेदार खाकर कुछ काम ही नहीं। हो रहे हैं। ना तो बोले भाई साहब, टंकी लगा। देंगे। मार्च बाद कटाई हो गई यहाँ तक पता ही नहीं। है ना नहीं। नहीं। नहीं। है ना। नहीं। नहीं। नहीं। है ना। किधर खुदा उदास हो
Speaker 1: गया। अरे सुनिए तो यह कम्प्लेंट आपके हम पहले रीवा वाले उसमें आ गई है। जी इसको सत्ता बार से अगर 2 वाले में ट्रांसफर करना पड़ेगी। जी जी जी
Speaker 2: हां। और उनको बोले, मैडम को बोले थे कि यह सातवां वाले में कर ही है ना।
Speaker 1: हां नहीं। आपने रीवा वाले में उन्होंने किया।"
25,"हां, पटेल जी आलोक मिश्रा बात कर रहे थे दिल्ली में से. जी लोकनाथ से बात करना है. हां हां लोकनाथ जी से बात करेगा. जी बोलिए. हां यह बात रहन या जो पाइप डैमेज हुई थी वह तो ठीक हो गई. रही ना? कौन सी पाइप? यह अपना वाली पीएसई वाली. कहाँ? फ़ातिमा. पांचवां कहाँ पर? यह कहती है जब मुझे आपके जो वह यह दिलीप बेरकाम वाले फॉल्ट था ना? हां हां हां. दिलीप बेरकाम वाला फॉल्ट तो सुधार हो गया था. हां. अब यह जो ठेकेदार वाली गड़बड़ी है, वह दुबे जी वाली.

हां हां नहीं, तो दुबे जी यह कह ही रहे हैं हमसे कि वह दिलीप बेल काम वाला भी शिमला बाकी है. अरे नहीं, दिलीप बिल्डिकान वाले बेचारे दो तीन बार बनार गए हैं. तो ठोक नहीं, लेना ना आप कहे जी हां एक बे हम लाइन वुमका ले ही थे द्विवेदी जी का हमारे ही कई देव काम से. हम बता देंगे, कि दिलीप बेलगाम के कर्मचारियों ने जो गलती की थी, जो फाड़ दिए थे.

अब जो यह ठेकेदार का माध्यम का है भाई यह घर उनकी पैसे ही नहीं गई दिलीप बेलगाम वाली. हां हां हां हां बस. तो उनका क्या? जवाबदारी है? सही बात, सही बात, पटेल जी बहुत अपना धर्म की बात कही है. तो तो हम ले ही रहे हैं दूरी का हमारे लिए. हां हां.

नाम उनका दिल्ली बिल्डिंग काम का लगा रहे है और गलती कहीं कहाँ से हो रही है. वह है बात, हां. भाई नाली बनवाए हैं पंचायत के माध्यम से. नाली वाले नाली वाले भी फोड़ रहे हैं वह भी तो देसी भी लगा के काम कराते थे ना. सही बात है, सही बात है.

तो भाई उसका पहले यहाँ से नक्शा खींच ले के हमारी पाइप कहाँ से गई है. दिल्ली बिल्ड काम का कितना काम है वह पहले उसका सर्वे कर ले के दिल्ली बिल्ड काम का इतने काम है. बाकी दिल्ली बिल्ड काम के अलावा जो पाइपलाइनें बिछी हैं और फॉल्ट हैं टूटी फूटी हैं तो वह दिल्ली बिल्ड काम की उसमें कोई जवाबदारी नहीं है.

बिल्कुल सही बात है, हमसे तो दिल्ली बिल्ड काम वाले बताएंगे हम सब बना जा रहे हैं. अरे द्विवेदी यह हम लोग. बना गए हैं बेचारे तीन बार आए तीन चार बार आए. हां हां हां. अब रही बात यह है कि जो ठेकेदार का की पाइपलाइन में है, उदय में जो है तो उनका सुधार दिल्ली बेल्ट का हम थोड़ी कराएंगे.

वही वही चीज़ है, तो दो. अच्छा ठीक है, हां ठीक है ठीक है पटेल जी तो हम ले ही उनका लाइन में कि यह देखो, कोनों बात, नहीं. दुबे जी के लाइन में ले कोई चले ले, कहाँ खाना दुबे जी के हैं राजकुमार. राजकुमार दुबे जी हां. हां राजकुमार दुबे जी के ले लाइन में तो हम बात कर ही.

एक मिनट. यह खा रहे हैं बड़े घंटे का है. हां. अरे द्विवेदी जी पटेल जी लाइन में हैं मैं. हां हां सिर बोलिए. पटेल जी बता दीजिए इनको दुबे जी को कि क्या? दिलीप बिल्डकान का कोई काम बाकी है वहां? दुबे जी हैं लाइन में? हां हां लाइन में हैं.

दुबे जी पाला जी. हां पुछ रहा हूं. यह कहें, दुबे जी. हां. पहले तो यह थे वह सुन ली, यह जो तीनों जो फार्मर अपना के रखे हैं पीएचई विभाग वाले हां. सर्जन के कनेक्शन काट दिए नहीं. आज छब्बीस तारीख से छब्बीस मार्च से.

हां. जेई यह समाधान योजना चल रहा था अठाईस को था लास्ट सीरीज का. हां. तो पूरे जितने ट्रांसफॉर्मर आपने लगवाए हैं हां सब ट्रांसफॉर्मर का जंपर काट दिए हैं. तो जो भी पानी की सप्लाई होती थी जो भी वो सब बंद है. दूसरी बात, जो बोले कि यह है हम एक कंप्लेन भी किए उन्होंने इस बारह में और छियासी ने कंप्लेन किए कहीं वो पीजीआई विभाग का नहीं जुड़ेगा जब तक.

हाँ, पैसे नहीं मिले वो सब ज़्यादा काटते हैं. हां, और रही बात, दिल्ली बेल्ट काम की जो पाइपलाइनें दिखी है तो वो सुधार कर चुके हैं. आप एक सर्वे कर लीजिए मौके में रखे कि.

ओका ओका यार जो ऊपर टंकी जाती है वो और दुकान नहीं बहाए. कहाँ पर? आगे जो वहाँ ऊपर पत्थर वाले में पानी जाता है. तो पत्थर वाले में जाता है तो कहाँ जहां जहां फॉल्ट था कहाँ तो सुधार कर दिए हैं वो. पानी नहीं जाए तो यह भाई जिधर आप विश्वाए हैं तो आबादी पाइपलाइन खराब है भाई नाली बनी पंचायत के माध्यम से उनको डैमेज कर रहे हैं.

अरे नहीं, नहीं, नहीं, नहीं, उसमें नाली नहीं बनी है राजिग मेल में नहीं बनी है नाली. हां, तो आके एक दिन मौका कर लीजिए आप. अरे हम मौका का मौका एक नहीं है कई दिन के एक दिन हम रुक के चल पाए.

तो जानकारी कैसे हो जब ट्रांसफर बने चालू नहीं है कोई चलाने वाला नहीं है. हां हां बार बार तो अभी बंद हुआ है. हां एक बार आप चलवाएं देखिए,. वह तो पोकलेन मैटर है पूरा मध्यप्रदेश का.

हो गया, ठीक है. द्विवेदी जी जानी था इतने निवेदन आ रहे हैं भाई. जो बस्ती में अटकी एकर आई है जो पट पर कही लाइन जाती है वह कर बात, हम कह रहे हैं विश्वकर्मा होगा जाना था विश्वकर्मा से वहाँ महीने बाद है तो कहे इसके अब खेत कट गए हैं तो पता लगा कि कहाँ पानी जाता है चला ही रहे हैं पानी जाता है नहीं रहता.

नहीं, नहीं, सुनील द्विवेदी जी हमारी निवेदन सुन रही कार हमारे टीम वो पंद्रह दिन पड़ी रही है अपना खाते अपना से हम बात भी रही जब ना. पंद्रह दिन पड़ी रही था बहन लाइन दो चार रोज़ में जुड़ी जाती हैं हां, तो पंद्रह दिन तक सुनील.

सुनीता द्विवेदी जी एक मिनट. जितना पानी चलावत गए हैं और जहां जहां डैमेज में लग गए हैं वह बेचारे बनाए ही नहीं थे हम का बताए ही नहीं. फिर हां अपन कि हम हमारे हम पहले लाइन के थ्रू जितना डैमेज रहा हमने सब बना दिया है.

दी है हम गए ठीक है द्विवेदी जी का हम बता दें. और कौन सा डैमेज रहा भाई नहीं रहे हैं. जो डैमेज रहा था हमारे के यहाँ से रहे हैं बाकी चलती योजना वन रहे हैं.

हम बचे तो चलवाई क्या? आए हैं ना. द्विवेदी जी हम उनके पास गए रहे. हैं उनका दिखाई नहीं चलाई कि कि हां. देखिए, साहब, यह अपना कहे इंसान सब बना दिए हैं.

नहीं, नहीं, कनेक्शन जुड़ गई, कनेक्शन तो चारों में जुड़ा जहां तक चलवा के रखवाए गई तो हम का क्या? दिक्कत है वह तो फिर ज़ाहिर ना की पानी ऊपर. हां तो ऐसा करिए अपना जब कनेक्शन अपना की जुड़ जाए तो एक दिन अपना हम पहले साथ... चल लीजिए.

हम पहले साथ... कनेक्शन. हां तो आप एक बार जवाब दीजिए. और एक दिन आकर दोनों प्रोजेक्ट आकर चेक कर लीजिए. बात. ख़त्म. बात. ख़त्म. ठीक है ना? यह दोनों प्रोजेक्ट है. ठेकेदार साहब, भी आएं और आप भी यह धोनी बेड काम के कर्मचारी आएं और ठेकेदार साहब, आएं, चेक कर लें. इसमें झगड़ा खाएंगे क्या? बात. है.

हम डीबीएल के इंजीनियरों को लाए हैं उनको देख लीजिए. प्रोजेक्ट से लेकर गुजारहा तक तीन बार सुधार किए हैं. हां. अब यहाँ से लेकर गुजारहा तब तो बिल्कुल कंप्लीट है. पहाड़ में कहाँ गड़बड़ पहाड़ तो मैं... नहीं गया. ठीक है ना तो यह दीदी. ठीक है ठीक है सर. ओके ओके ओके.","Speaker 1: पटेल जी आलोक मिश्रा बात कर रहे थे दिल्ली में से. जी लोकनाथ से बात करना है।
Speaker 2: हां हां लोकनाथ जी से बात करेगा. जी बोलिए।
Speaker 1: हां यह बात रहन या जो पाइप डैमेज हुई थी वह तो ठीक हो गई. रही ना?
Speaker 2: कौन सी पाइप? यह अपना वाली पीएसई वाली।
Speaker 1: कहाँ? फ़ातिमा. पांचवां कहाँ पर?
Speaker 2: यह कहती है जब मुझे आपके जो वह यह दिलीप बेरकाम वाले फॉल्ट था ना?
Speaker 1: हां हां हां. दिलीप बेरकाम वाला फॉल्ट तो सुधार हो गया था।
Speaker 2: हां. अब यह जो ठेकेदार वाली गड़बड़ी है, वह दुबे जी वाली।
Speaker 1: हां हां नहीं, तो दुबे जी यह कह ही रहे हैं हमसे कि वह दिलीप बेल काम वाला भी शिमला बाकी है।
Speaker 2: अरे नहीं, दिलीप बिल्डिकान वाले बेचारे दो तीन बार बनार गए हैं।
Speaker 1: तो ठोक नहीं, लेना ना आप कहे जी हां एक बे हम लाइन वुमका ले ही थे द्विवेदी जी का हमारे ही कई देव काम से।
Speaker 2: हम बता देंगे, कि दिलीप बेलगाम के कर्मचारियों ने जो गलती की थी, जो फाड़ दिए थे।
Speaker 1: अब जो यह ठेकेदार का माध्यम का है भाई यह घर उनकी पैसे ही नहीं गई दिलीप बेलगाम वाली।
Speaker 2: हां हां हां हां बस. तो उनका क्या? जवाबदारी ही?
Speaker 1: सही बात, सही बात, पटेल जी बहुत अपना धर्म की बात कही है।
Speaker 2: तो तो हम ले ही रहे हैं दूरी का हमारे लिए।
Speaker 1: हां हां. नाम उनका दिल्ली बिल्डिंग काम का लगा रहे है और गलती कहीं कहाँ से हो रही है।
Speaker 2: वह है बात, हां. भाई नाली बनवाए हैं पंचायत के माध्यम से।
Speaker 1: नाली वाले नाली वाले भी फोड़ रहे हैं वह भी तो देसी भी लगा के काम कराते थे ना।
Speaker 2: सही बात है, सही बात है।
Speaker 1: तो भाई उसका पहले यहाँ से नक्शा खींच ले के हमारी पाइप कहाँ से गई है।
Speaker 2: दिल्ली बिल्ड काम का कितना काम है वह पहले उसका सर्वे कर ले के दिल्ली बिल्ड काम का इतने काम है।
Speaker 1: बाकी दिल्ली बिल्ड काम के अलावा जो पाइपलाइनें बिछी हैं और फॉल्ट हैं टूटी फूटी हैं तो वह दिल्ली बिल्ड काम की उसमें कोई जवाबदारी नहीं है।
Speaker 2: बिल्कुल सही बात है, हमसे तो दिल्ली बिल्ड काम वाले बताएंगे हम सब बना जा रहे हैं।
Speaker 1: अरे द्विवेदी यह हम लोग. बना गए हैं बेचारे तीन बार आए तीन चार बार आए।
Speaker 2: हां हां हां. अब रही बात यह है कि जो ठेकेदार का की पाइपलाइन में है, उदय में जो है तो उनका सुधार दिल्ली बेल्ट का हम थोड़ी कराएंगे।
Speaker 1: वही वही चीज़ है, तो दो. अच्छा ठीक है, हां ठीक है ठीक है पटेल जी तो हम ले ही उनका लाइन में कि यह देखो, कोनों बात, नहीं।
Speaker 2: दुबे जी के लाइन में ले कोई चले ले, कहाँ खाना दुबे जी के हैं राजकुमार।
Speaker 1: राजकुमार दुबे जी हां. हां राजकुमार दुबे जी के ले लाइन में तो हम बात कर ही।
Speaker 2: एक मिनट. यह खा रहे हैं बड़े घंटे का है।
Speaker 1: हां. अरे द्विवेदी जी पटेल जी लाइन में हैं मैं।
Speaker 2: हां हां सिर बोलिए. पटेल जी बता दीजिए इनको दुबे जी को कि क्या?
Speaker 1: दिलीप बिल्डकान का कोई काम बाकी है वहां? दुबे जी हैं लाइन में?
Speaker 2: हां हां लाइन में हैं।
Speaker 1: दुबे जी पाला जी. हां पुछ रहा हूं।
Speaker 2: यह कहें, दुबे जी. हां।
Speaker 1: पहले तो यह थे वह सुन ली, यह जो तीनों जो फार्मर अपना के रखे हैं पीएचई विभाग वाले हां।
Speaker 2: सर्जन के कनेक्शन काट दिए नहीं. आज छब्बीस तारीख से छब्बीस मार्च से।"
26,"हां खेल आ गया। तुझे।
जी बोलिए। नमस्ते।
तो बताएं आपने फोन किया। था मुझे फिर पर्सनल नंबर पर।
हां फोन किया। था। जब मैं खाली था तो उस समय फोन किया। था। आपने फोन नहीं रिसीव किया।
क्या? था मैं थोड़ा एक दुनिया छुट्टी में था बताइए। छुट्टी में था एक दुनिया में।
हां हां नहीं। तो आप फोन कर रहे थे तो मुझे समय लगा। तो मैंने आपको बताया था कि मुझे जब समय रखे। मैं बात करूंगा तो बात करने के लिए लगाया था। आवाज़ समय
पर फोन कर रहे थे बताइए फिलहाल हैं कहाँ पर अभी आप?
भईया मैं ड्यूटी में हूं।
ड्यूटी आप कहाँ से करते हैं?
मेरी ड्यूटी जो है तो फील्ड की रहती है। हां। इंजीनियरिंग में।
काहे में इंजीनियरिंग में? यह क्या होता है?
रेलवे में।
अच्छा रेलवे में तो आपसे मुलाकात नहीं हो पाएगी?
मेरी मुलाकात आपके होगी वही समय जो मैं बताया हूं या कि सुबह आप छह से आठ के बीच और शाम को।
कल सुबह आदमी कहाँ उपलब्ध हो पाएगा और शाम को?
शाम को ही पांच से सात तक।
पांच से सात तक उस दिन मैंने फोन किया था आपको।
कॉल हो सकता है कॉल ऑफ रहे मेरा।
अच्छा सुनिए अभी आपका करना क्या है शिकायत में? क्योंकि शिकायत आपके मर्ज़ी से वैध नहीं है।
सुनिए आपसे वैध नहीं है मैं मानता हूं। यह जो कहीं हीरा गांव है और आपका यह और अन्य गांव जुड़े हुए गांव हैं यहाँ से तो यही जो योजना में का काम चल रहे हैं। आपके अंडर में। हां। इसी योजना की पाइपलाइन तो सारी इधर डाली गई है। मुझे पता चला।
रहा हूं। यह पाइपलाइन हम पहले अंडर पर है तो हमारी पाइप डाली गई
है। तो यह नहीं है आपके अंडर में?
नहीं। नहीं। यह हम पहले अंडर पर नहीं हुआ है।
तो फिर यह यहाँ किस उद्देश्य से जो है तो यह टंकी का निर्माण करवा रहे हैं?
अरे निर्माण कार्य वह सरकारी घूम के तहत किया गया। भूमि तो ठीक है,
सरकारी घूम के तहत किया गया। लेकिन उसका आवागमन कुछ होगा।
नहीं। तो आवागमन जिस टंकी के लिए होगा उसके लिए होगा ना?
यह टंकी के लिए। इसका रिमोन किया जा रहा है। अलग टंकी के लिए।
बिल्कुल बिल्कुल बिल्कुल। उससे टंकी में पानी जाएगा। वह खुद टंकी नहीं है। हां।
तो आप ऐसा करिए ना आप मेरी शिकायत पीएचई
को जिस जिस विभाग का उसको ट्रांसफर कर दीजिए। फॉरवर्ड करिए, फॉरवर्ड करके आप अपना काम दूसरा करिए। मैं कह रहा हूं कि मैं फॉरवर्ड करूंगा मुझे उसकी समस्या नहीं है, मैंने लगाया भी दिया है आपको पंद्रह दिन के लिए। फॉरवर्ड हो जाएगा। हां। आप जिस उद्देश्य के लिए शिकायत किए हो वह देश आपको पूरे होने का समय लगेगा।
अच्छा।
हां, नहीं। तो जब
समय लगेगा तो जब से मेरा काम हो जाएगा। तो मैं इसकी यह शिकायत वापस ले लूंगा। ठीक है, कोई बात नहीं। हां जब काम हो जाएगा तो शिकायत वापस ले लिया जाएगा। क्या? दिक्कत है?
नहीं। तो हम पहले तरफ से आपका काम होगा ही नहीं ना वही तो मैं कह रहा हूं वह। आप जिससे कंधे से जिससे पानी मांग रहे हो वह पानी देने के लिए बना ही नहीं है।
सुनिए श्रीमान जी मेरा कहना यह है कि जब हम पहले विभाग में कोई काम आता है जब मेरे अंदर का नहीं।
है तो मैं फॉरवर्ड कर देता हूं तो दूसरा विभाग जाने में तो जवाब दे दिया। बिल्कुल सही बात है।
और ट्रांसफर कर दिया वहां।
हां हां बिल्कुल, कोई बात नहीं।
तो आप ट्रांसफर कर
दीजिए। मैं ट्रांसफर कर दिया।
वह हमसे संपर्क करेंगे? जहां आप ट्रांसफर करेंगे? तो, वह लोग करेंगे? हमसे फिर। ठीक है।
हां, नहीं। करेंगे? तो मैं कार्यवाही के जवाब
मांगेंगे।
ठीक है।","Speaker 1: हां खेल आ गया। तुझे।
Speaker 2: जी बोलिए। नमस्ते।
Speaker 1: तो बताएं आपने फोन किया। था मुझे फिर पर्सनल नंबर पर।
Speaker 2: हां फोन किया। था। जब मैं खाली था तो उस समय फोन किया। था। आपने फोन नहीं रिसीव किया।
Speaker 1: क्या? था मैं थोड़ा एक दुनिया छुट्टी में था बताइए। छुट्टी में था एक दुनिया में।
Speaker 2: हां हां नहीं। तो आप फोन कर रहे थे तो मुझे समय लगा। तो मैंने आपको बताया था कि मुझे जब समय रखे। मैं बात करूंगा तो बात करने के लिए लगाया था। आवाज़ समय पर फोन कर रहे थे बताइए फिलहाल हैं कहाँ पर अभी आप?
Speaker 1: भईया मैं ड्यूटी में हूं।
Speaker 2: ड्यूटी आप कहाँ से करते हैं?
Speaker 1: मेरी ड्यूटी जो है तो फील्ड की रहती है। हां। इंजीनियरिंग में।
Speaker 2: काहे में इंजीनियरिंग में? यह क्या होता है?
Speaker 1: रेलवे में।
Speaker 2: अच्छा रेलवे में तो आपसे मुलाकात नहीं हो पाएगी?
Speaker 1: मेरी मुलाकात आपके होगी वही समय जो मैं बताया हूं या कि सुबह आप छह से आठ के बीच और शाम को।
Speaker 2: कल सुबह आदमी कहाँ उपलब्ध हो पाएगा और शाम को?
Speaker 1: शाम को ही पांच से सात तक।
Speaker 2: पांच से सात तक उस दिन मैंने फोन किया था आपको।
Speaker 1: कॉल हो सकता है कॉल ऑफ रहे मेरा।
Speaker 2: अच्छा सुनिए अभी आपका करना क्या है शिकायत में? क्योंकि शिकायत आपके मर्ज़ी से वैध नहीं है।
Speaker 1: सुनिए आपसे वैध नहीं है मैं मानता हूं। यह जो कहीं हीरा गांव है और आपका यह और अन्य गांव जुड़े हुए गांव हैं यहाँ से तो यही जो योजना में का काम चल रहे हैं। आपके अंडर में। हां। इसी योजना की पाइपलाइन तो सारी इधर डाली गई है। मुझे पता चला।
Speaker 2: रहा हूं। यह पाइपलाइन हम पहले अंडर पर है तो हमारी पाइप डाली गई है। तो यह नहीं है आपके अंडर में?
Speaker 1: नहीं। नहीं। यह हम पहले अंडर पर नहीं हुआ है।
Speaker 2: तो फिर यह यहाँ किस उद्देश्य से जो है तो यह टंकी का निर्माण करवा रहे हैं?
Speaker 1: अरे निर्माण कार्य वह सरकारी घूम के तहत किया गया। भूमि तो ठीक है, सरकारी घूम के तहत किया गया। लेकिन उसका आवागमन कुछ होगा।
Speaker 2: नहीं। तो आवागमन जिस टंकी के लिए होगा उसके लिए होगा ना?
Speaker 1: यह टंकी के लिए। इसका रिमोन किया जा रहा है। अलग टंकी के लिए।
Speaker 2: बिल्कुल बिल्कुल बिल्कुल। उससे टंकी में पानी जाएगा। वह खुद टंकी नहीं है। हां।
Speaker 1: तो आप ऐसा करिए ना आप मेरी शिकायत पीएचई को जिस जिस विभाग का उसको ट्रांसफर कर दीजिए। फॉरवर्ड करिए, फॉरवर्ड करके आप अपना काम दूसरा करिए।
Speaker 2: मैं कह रहा हूं कि मैं फॉरवर्ड करूंगा मुझे उसकी समस्या नहीं है, मैंने लगाया भी दिया है आपको पंद्रह दिन के लिए। फॉरवर्ड हो जाएगा। हां। आप जिस उद्देश्य के लिए शिकायत किए हो वह देश आपको पूरे होने का समय लगेगा।
Speaker 1: अच्छा।
Speaker 2: हां, नहीं। तो जब समय लगेगा तो जब से मेरा काम हो जाएगा। तो मैं इसकी यह शिकायत वापस ले लूंगा। ठीक है, कोई बात नहीं। हां जब काम हो जाएगा तो शिकायत वापस ले लिया जाएगा। क्या? दिक्कत ह?
Speaker 1: नहीं। तो हम पहले तरफ से आपका काम होगा ही नहीं ना वही तो मैं कह रहा हूं वह। आप जिससे कंधे से जिससे पानी मांग रहे हो वह पानी देने के लिए बना ही नहीं है।
Speaker 2: सुनिए श्रीमान जी मेरा कहना यह है कि जब हम पहले विभाग में कोई काम आता है जब मेरे अंदर का नहीं है तो मैं फॉरवर्ड कर देता हूं तो दूसरा विभाग जाने में तो जवाब दे दिया। बिल्कुल सही बात है।
Speaker 1: और ट्रांसफर कर दिया वहां।
Speaker 2: हां हां बिल्कुल, कोई बात नहीं।
Speaker 1: तो आप ट्रांसफर कर दीजिए। मैं ट्रांसफर कर दिया।
Speaker 2: वह हमसे संपर्क करेंगे? जहां आप ट्रांसफर करेंगे? तो, वह लोग करेंगे? हमसे फिर। ठीक है।
Speaker 1: हां, नहीं। करेंगे? तो मैं कार्यवाही के जवाब मांगेंगे।
Speaker 2: ठीक है।"
27,"हैलो. हैलो. जी, सर बंसल, आलोक मिश्रा बात कर रहा था से. जी जी सर. हां. यह कह रहा था कुछ आपके यहाँ कुछ रोड स्टेशन वगैरह पेंडिंग था क्या?? तो हां सर वह पाइपलाइन का काम हुआ था. हां. तो उसमें क्या? जो नई सीसी से बनी थी सर उसमें क्या? कुछ दिक्कत है पूरी. हां हां हां. नहीं। हां सर. यह कब से है बहुत समय से पहले से क्या?? यह सर अभी जब पाइपलाइन चली थी ना वह जो नहीं। मतलब मशीन वह म्यूटुअल से खंड के डाल रहा था. हां. वह वाले में सर हुआ है. अच्छा एचडीडी वाली जो मशीन नीचे नीचे पाइप डाली थी? हां हां हां हां हां सर उसी वाले पर सर. अच्छा अच्छा तो कितना डैमेज होगा? सर वह डैमेज है मतलब कुछ डेढ़ दो सौ मीटर करीब है सर. हां तो वह तो हो जाएगा। फिर उसमें तो कोई दिक्कत नहीं। है. है ना? मतलब मतलब साढ़े तीन सौ की रोड थी साढ़े तीन सौ मीटर की. अच्छा अच्छा अच्छा. बीच में कहीं तीन छूटा है बाकी आगे नीचे से डाल दिए हैं. तो कहीं कहीं बीच में होगा डैमेज बाकी नहीं। होगा. हां तो सर वह डैमेज हो गया। तो सर वह जो कोई केमिकल यदि कोई सीमेंट आती है ना, अपन उससे पैकिंग करवा देंगे।?,, कोई इश्यू नहीं। है आप थोड़ा दिखवा दीजिएगा हिन्दी के साथ... को भेजकर. मैं।..., मैं।... दिखवा दूंगा है ना? तो सर उसको दिखवा दीजिए।, बाकी जो पाइपलाइन बाकी हुई। है सर, है ना? उसमें क्या? है कि जब, चल रहे हैं। वह, तो मतलब इसको फटाफट करवा देंगे।?, जाकर भी, है ना? देख जाएंगे। अपन. ठीक ठीक. हो जाएगा। आपका यह सब. ठीक. ओके सर, ठीक.","Speaker 1: हैलो. हैलो. जी, सर बंसल, आलोक मिश्रा बात कर रहा था से।
Speaker 2: जी जी सर. हां. यह कह रहा था कुछ आपके यहाँ कुछ रोड स्टेशन वगैरह पेंडिंग था क्या??
Speaker 1: तो हां सर वह पाइपलाइन का काम हुआ था. हां. तो उसमें क्या? जो नई सीसी से बनी थी सर उसमें क्या? कुछ दिक्कत है पूरी।
Speaker 2: हां हां हां. नहीं। हां सर. यह कब से है बहुत समय से पहले से क्या??
Speaker 1: यह सर अभी जब पाइपलाइन चली थी ना वह जो नहीं। मतलब मशीन वह म्यूटुअल से खंड के डाल रहा था।
Speaker 2: हां. वह वाले में सर हुआ है. अच्छा एचडीडी वाली जो मशीन नीचे नीचे पाइप डाली थी?
Speaker 1: हां हां हां हां हां सर उसी वाले पर सर।
Speaker 2: अच्छा अच्छा तो कितना डैमेज होगा? सर वह डैमेज है मतलब कुछ डेढ़ दो सौ मीटर करीब है सर।
Speaker 1: हां तो वह तो हो जाएगा। फिर उसमें तो कोई दिक्कत नहीं। है. है ना? मतलब मतलब साढ़े तीन सौ की रोड थी साढ़े तीन सौ मीटर की।
Speaker 2: अच्छा अच्छा अच्छा. बीच में कहीं तीन छूटा है बाकी आगे नीचे से डाल दिए हैं. तो कहीं कहीं बीच में होगा डैमेज बाकी नहीं। होगा।
Speaker 1: हां तो सर वह डैमेज हो गया। तो सर वह जो कोई केमिकल यदि कोई सीमेंट आती है ना, अपन उससे पैकिंग करवा देंगे।?
Speaker 2: कोई इश्यू नहीं। है आप थोड़ा दिखवा दीजिएगा हिन्दी के साथ... को भेजकर।
Speaker 1: मैं।..., मैं।... दिखवा दूंगा है ना? तो सर उसको दिखवा दीजिए।
Speaker 2: बाकी जो पाइपलाइन बाकी हुई। है सर, है ना? उसमें क्या?
Speaker 1: है कि जब, चल रहे हैं। वह, तो मतलब इसको फटाफट करवा देंगे।?, जाकर भी, है ना? देख जाएंगे। अपन।
Speaker 2: ठीक ठीक. हो जाएगा। आपका यह सब. ठीक।
Speaker 1: ओके सर, ठीक।"
28,"स्पीकर 1: हैलो।
स्पीकर 2: कहाँ आ रहे हैं? मेरे? हां? राम मेरे फोन में आया है?
स्पीकर 1: नहीं। आई भईया ही फोन चला चली गई।
स्पीकर 2: तू कहाँ से आया था सारी बातें?
स्पीकर 1: और वो अच्छी लगी। तो पैसे दे गई।
स्पीकर 2: थी। अरे हम वहां लेकर कहीं कहीं क्या? मारू?
स्पीकर 1: नहीं। बग्गियां कहीं चली गई हैं। हम बहन के लालच थे तो हम यहाँ देख नहीं।
स्पीकर 2: थे। तो हम पहले तो कोई, कहानीकार है तो हम यहाँ पहुंच जाऊँ, पता नहीं। नहीं। है ना बग्गे चले गए हैं। हां बग्गे तो ही चले गए हैं। हां
स्पीकर 1: हां
स्पीकर 2: तूने।, कह दिया? लगा। कोई ताकत ले जाइए। हां,
स्पीकर 1: फिर लाई आई है, फिर लाई गयी है तो क्या? बात। है? अपना ड्यूटी लाई है इतने मैंने कहा यही था।
स्पीकर 2: हम वहां नहीं। आई ड्यूटी ना। हां, तो अच्छा हां।
स्पीकर 1: वह भी ठीक है। हां। तो बढ़िया सही है तो। क्या? चीज़? प्रज्ञा सही है तो बोल रहे हैं।
स्पीकर 2: ठीक।","Speaker 1: हैलो
Speaker 2: कहाँ आ रहे हैं?
Speaker 1: मैं फोन चला रहा था
Speaker 2: तुम कहाँ से आ रहे हो? क्या तुम्हारे पास सारी जानकारी है?
Speaker 1: हाँ, मुझे अच्छी जानकारी मिली है और मुझे पैसे भी मिल गए हैं
Speaker 2: क्या तुमने वहां का काम देखा था?
Speaker 1: नहीं, मैं वहां नहीं गया था क्योंकि मुझे लगा कि बग्गियां कहीं चली गई हैं
Speaker 2: तुम्हें पता है ना कि बग्गे चले गए हैं?
Speaker 1: हाँ, मुझे पता है
Speaker 2: क्या तुमने उन्हें कहा था कि वे अपना सामान ले जाएं?
Speaker 1: मैंने उन्हें कहा था कि वे अपना काम पूरा करें और अपनी ड्यूटी निभाएं
Speaker 2: मुझे लगता है कि वे अपनी ड्यूटी नहीं निभा रहे हैं
Speaker 1: मुझे लगता है कि वे अपनी ड्यूटी निभा रहे हैं और सब कुछ ठीक है
Speaker 2: ठीक है, मुझे लगता है कि सब कुछ ठीक है"
29,"सरपंच साहब, नमस्कार. जी नमस्कार. आलोक मिश्रा बात कर रहा था जल निगम से. जी आपने एक शिकायत की थी सरपंच साहब? हां की थी. तो यह काम अभी वहां चलेगा सर साहब, इतने जल्दी हो नहीं पाएगा. तो शिकायत को पेंडिंग में रखिए अभी जब हो जाएगा तो बताना, तो हटवा देंगे. सुनिए तो निवेदन है हमारे, बिल्कुल नहीं. सुनेंगे इसमें कोई समझौता नहीं होगा कार्य में. उस चोर ने आईडी डालकर पूरी रोड को दिया है और थोड़ा-थोड़ा करके बांट कर भाग गया. ऐसा काम करेंगे आप लोग? नहीं. काम तो है मिसाल कर दो नहीं कि दोनों एक्सीडेंट हो गए हैं बताइए जो बटवारा से आम निकलते वहां खोद दिया है और उसको पाटा नहीं है, ना तो कंक्रीट किया है. नहीं. नहीं. काम तो यह ग्राहक खराब करते ही हैं सही बात है. नहीं. नहीं. हम सारे के मरम्मत खरीद वह तो बच कर भाग जाएगा. मैं... ना यह काम करता हूं ना मैं... पसंद करता हूं. बिल्कुल बिल्कुल सही है. उसको सभी नियमों को शिथिल करते हुए दो लॉट मसाला भरवा के उसको पैक करवाइए. चलिए, ठीक. भाई यहाँ पब्लिक वेन्यू पर चढ़ती है यार? सब कुछ नहीं कर रहा है. नहीं. मैं... समझ सकता हूं आप. जी इसको करवा दीजिए. हां हां ठीक है.","Speaker 1: सरपंच साहब, नमस्कार।
Speaker 2: जी नमस्कार. आलोक मिश्रा बात कर रहा था जल निगम से।
Speaker 1: जी आपने एक शिकायत की थी सरपंच साहब?
Speaker 2: हां की थी।
Speaker 1: तो यह काम अभी वहां चलेगा सर साहब, इतने जल्दी हो नहीं पाएगा।
Speaker 2: तो शिकायत को पेंडिंग में रखिए अभी जब हो जाएगा तो बताना, तो हटवा देंगे।
Speaker 1: सुनिए तो निवेदन है हमारे, बिल्कुल नहीं।
Speaker 2: सुनेंगे इसमें कोई समझौता नहीं होगा कार्य में।
Speaker 1: उस चोर ने आईडी डालकर पूरी रोड को दिया है और थोड़ा-थोड़ा करके बांट कर भाग गया।
Speaker 2: ऐसा काम करेंगे आप लोग?
Speaker 1: नहीं. काम तो है मिसाल कर दो नहीं कि दोनों एक्सीडेंट हो गए हैं बताइए जो बटवारा से आम निकलते वहां खोद दिया है और उसको पाटा नहीं है, ना तो कंक्रीट किया है।
Speaker 2: नहीं. नहीं. काम तो यह ग्राहक खराब करते ही हैं सही बात है।
Speaker 1: नहीं. नहीं. हम सारे के मरम्मत खरीद वह तो बच कर भाग जाएगा।
Speaker 2: मैं... ना यह काम करता हूं ना मैं... पसंद करता हूं।
Speaker 1: बिल्कुल बिल्कुल सही है. उसको सभी नियमों को शिथिल करते हुए दो लॉट मसाला भरवा के उसको पैक करवाइए।
Speaker 2: चलिए, ठीक. भाई यहाँ पब्लिक वेन्यू पर चढ़ती है यार? सब कुछ नहीं कर रहा है।
Speaker 1: नहीं. मैं... समझ सकता हूं आप।
Speaker 2: जी इसको करवा दीजिए।
Speaker 1: हां हां ठीक है।"
30,"स्पीकर 1: नमस्ते।
स्पीकर 2: जी भैया।
स्पीकर 1: जी अजीत सिंह जी से बात हो रही है? जी भैया। आपने एक सीएम हेल्पलाइन की थी?
स्पीकर 2: जी भैया, सीएम हेल्पलाइन की है ना मैंने।
स्पीकर 1: काहे के लिए किया था?
स्पीकर 2: भैया, मेरे दुकान के सामने एक गड्ढा खुदा हुआ है और वह गड्ढा अभी तक भरा नहीं गया। पाइप लाइन का काम हुआ था वहां पर और वह सीवर लाइन खोद के और उसका काम करके चले गए थे और अभी तक वह गड्ढा खुदा हुआ है। दो-तीन घंटे वहां पर था।
स्पीकर 1: कहाँ पर है यह गड्ढा?
स्पीकर 2: ताला हाउस कैम्पस के सामने प्रसादम स्वीट्स है।
स्पीकर 1: ताला हाउस तो उधर है अपना ना घोड़ा चौक के पास ना।
स्पीकर 2: घोड़ा चौक के अंदर। कहाँ से है?
स्पीकर 1: रीवा के है रीवा।
स्पीकर 2: के है। रीवा के है तो आपको? ताला हाउस नहीं। पता बताइए। पता है आपका, आपका सेल्टी प्लाजा के पीछे है भैया।
स्पीकर 1: हां हां हां वही वही, थोड़ा सा चौराहा के पास ही तो एरिया हुआ है।
स्पीकर 2: कैम्पस के बाजू में चक्रधर सिटी सेंटर है। हां हां हां हां
स्पीकर 1: वहां पर
स्पीकर 2: है भैया, प्रसादम स्वीट्स करके। पानी का काम किया है। है ना भैया तो वह पाइप को कौन काम करेगा?
स्पीकर 1: नहीं। भैया वह नगर निगम के अंदर का, जल निगम जो करता है वह शहर के बाहर काम करता है।
स्पीकर 2: नगर निगम में पानी वाली पाइप कौन बनाता है भैया?
स्पीकर 1: डब्ल्यूआरडी कहलाया जाता है वह, तो शहरी के जल योजना का काम होता है। ऐसे होता है एक शहरी के जल योजना अलग काम करती है, ग्रामीण के जल योजना अलग काम करती है। जल निगम जो काम करता है वह ग्रामीण में करता है, नगर निगम जो करता है वह शहर में करता है। आपको? शिकायत नगर निगम में करनी चाहिए। आपने जल निगम में कर दिया। सही बात।
स्पीकर 2: है। ट्रांसफर कर दीजिए।
स्पीकर 1: बिल्कुल।
स्पीकर 2: है ना? ठीक है, ट्रांसफर कर दीजिए। आप भैया।
स्पीकर 1: ठीक है।","Speaker 1: नमस्ते।
Speaker 1: जी भैया।
Speaker 1: जी अजीत सिंह जी से बात हो रही है? जी भैया। आपने एक सीएम हेल्पलाइन की थी?
Speaker 1: जी भैया, सीएम हेल्पलाइन की है ना मैंने।
Speaker 1: काहे के लिए किया था?
Speaker 1: भैया, मेरे दुकान के सामने एक गड्ढा खुदा हुआ है और वह गड्ढा अभी तक भरा नहीं गया। पाइप लाइन का काम हुआ था वहां पर और वह सीवर लाइन खोद के और उसका काम करके चले गए थे और अभी तक वह गड्ढा खुदा हुआ है। दो-तीन घंटे वहां पर था।
Speaker 1: कहाँ पर है यह गड्ढा?
Speaker 1: ताला हाउस कैम्पस के सामने प्रसादम स्वीट्स है।
Speaker 1: ताला हाउस तो उधर है अपना ना घोड़ा चौक के पास ना।
Speaker 1: घोड़ा चौक के अंदर। कहाँ से है?
Speaker 1: रीवा के है रीवा।
Speaker 1: के है। रीवा के है तो आपको? ताला हाउस नहीं। पता बताइए। पता है आपका, आपका सेल्टी प्लाजा के पीछे है भैया।
Speaker 1: हां हां हां वही वही, थोड़ा सा चौराहा के पास ही तो एरिया हुआ है।
Speaker 1: कैम्पस के बाजू में चक्रधर सिटी सेंटर है। हां हां हां हां
Speaker 1: वहां पर
Speaker 1: है भैया, प्रसादम स्वीट्स करके। पानी का काम किया है। है ना भैया तो वह पाइप को कौन काम करेगा?
Speaker 1: नहीं। भैया वह नगर निगम के अंदर का, जल निगम जो करता है वह शहर के बाहर काम करता है।
Speaker 1: नगर निगम में पानी वाली पाइप कौन बनाता है भैया?
Speaker 1: डब्ल्यूआरडी कहलाया जाता है वह, तो शहरी के जल योजना का काम होता है। ऐसे होता है एक शहरी के जल योजना अलग काम करती है, ग्रामीण के जल योजना अलग काम करती है। जल निगम जो काम करता है वह ग्रामीण में करता है, नगर निगम जो करता है वह शहर में करता है। आपको? शिकायत नगर निगम में करनी चाहिए। आपने जल निगम में कर दिया। सही बात।
Speaker 1: है। ट्रांसफर कर दीजिए।
Speaker 1: बिल्कुल।
Speaker 1: है ना? ठीक है, ट्रांसफर कर दीजिए। आप भैया।
Speaker 1: ठीक है।"
31,"शिव कुमार से बात हो रही है। जी सिर। हेलो। 
जी हां। 
यह कह रहा था काम था पेंटिंग का। 
हां हां। 
एक हज़ार, यहीं रायपुर के पास एक हज़ार स्क्वायर मीटर का। 
किस चीज़ का? 
एक इशू टाइप से। 
है। तो उसमें क्या? करना है? 
पुताई करना है पुताई। 
पुताई नहीं। करवाते। 
नहीं। करवाते कोई आदमी है आपके पास? 
अभी तो फ़िलहाल नहीं। है राजकोट में। 
तो कहाँ कहाँ किस एरिया में आप काम कर सकते हैं? 
हम तो इधर कर रहा हूं नई घड़ी क्षेत्र में। 
नई घड़ी क्षेत्र में करते हैं? 
मैं। ... सिर मुंबई में हूं पर अभी इस समय जो है तुम्हारा काम इधर चल रहे हैं। नई घड़ी क्षेत्र में। 
तो इधर साइड में कोई होगा नहीं। आपका आदमी? बात। 
करना पड़ेगी। ... इशू की पुताई है काहे की? 
हां हां ऐसे इशू है लंबा एरिया है मतलब लंबी लंबी दीवारें हैं चार तो बस उनको पोताए हो गया। 
चलिए, देखिए, बात। करके कल बताऊंगा आपको? 
क्या? रेट से करते होंगे वैसे? 
स्क्वायर फीट में करवाएंगे? 
हां स्क्वायर फीट में मजदूरी में अच्छे से हो जाए। 
दो रुपए चलता है स्क्वायर फीट। 
में। दो रुपए चलता है ना? दो रुपए। 
दो रुपए। एक कोट कोतेंगे तो दो रुपए स्क्वायर फीट रहेगा। हां। दो बोट करवाएंगे तो तीन चार रुपए तो। 
उस हिसाब से तो यह बहुत अगर दस हज़ार स्क्वायर फीट अपना बैठेगा ना एक हज़ार स्क्वायर मीटर तो। जी। तो यह चालीस हज़ार में हो गया। 
चालीस तो। 
बस। भाई एक हज़ार स्क्वायर मीटर जैसे हमारे एरिया है। 
जी जी। उसको फिट। 
में करेंगे।? तो दस हज़ार स्क्वायर फीट आएगा। जी। आप जो रेट बता रहे हो वह फिर चालीस हज़ार का हो गया। जी। है ना? तो जी। ऐसा नहीं। चाहिए। हमको लेबर वाले वह मजदूरी वाले लेबर चाहिए। फिर। 
मजदूरी वाले लेबर चाहिए। ... हां। मजदूरी भी आठ सौ रुपए जाएंगे। 
तो आठ सौ जाएंगे। ठीक है नहीं। मैं। ... उनको रहना खाना भी करवा दूंगा। 
ठीक है बात। करता हूं फिर बताता हूं आपको? 
एक मिनट।","Speaker 1: शिव कुमार से बात हो रही है। जी सिर। हेलो।
Speaker 2: जी हां।
Speaker 1: यह कह रहा था काम था पेंटिंग का।
Speaker 2: हां हां।
Speaker 1: एक हज़ार, यहीं रायपुर के पास एक हज़ार स्क्वायर मीटर का।
Speaker 2: किस चीज़ का?
Speaker 1: एक इशू टाइप से।
Speaker 2: है। तो उसमें क्या? करना है?
Speaker 1: पुताई करना है पुताई।
Speaker 2: पुताई नहीं। करवाते।
Speaker 1: नहीं। करवाते कोई आदमी है आपके पास?
Speaker 2: अभी तो फ़िलहाल नहीं। है राजकोट में।
Speaker 1: तो कहाँ कहाँ किस एरिया में आप काम कर सकते हैं?
Speaker 2: हम तो इधर कर रहा हूं नई घड़ी क्षेत्र में।
Speaker 1: नई घड़ी क्षेत्र में करते हैं?
Speaker 2: मैं। ... सिर मुंबई में हूं पर अभी इस समय जो है तुम्हारा काम इधर चल रहे हैं। नई घड़ी क्षेत्र में।
Speaker 1: तो इधर साइड में कोई होगा नहीं। आपका आदमी? बात।
Speaker 2: करना पड़ेगी। ... इशू की पुताई है काहे की?
Speaker 1: हां हां ऐसे इशू है लंबा एरिया है मतलब लंबी लंबी दीवारें हैं चार तो बस उनको पोताए हो गया।
Speaker 2: चलिए, देखिए, बात। करके कल बताऊंगा आपको?
Speaker 1: क्या? रेट से करते होंगे वैसे?
Speaker 2: स्क्वायर फीट में करवाएंगे?
Speaker 1: हां स्क्वायर फीट में मजदूरी में अच्छे से हो जाए।
Speaker 2: दो रुपए चलता है स्क्वायर फीट।
Speaker 1: में। दो रुपए चलता है ना? दो रुपए।
Speaker 2: दो रुपए। एक कोट कोतेंगे तो दो रुपए स्क्वायर फीट रहेगा। हां। दो बोट करवाएंगे तो तीन चार रुपए तो।
Speaker 1: उस हिसाब से तो यह बहुत अगर दस हज़ार स्क्वायर फीट अपना बैठेगा ना एक हज़ार स्क्वायर मीटर तो। जी। तो यह चालीस हज़ार में हो गया।
Speaker 2: चालीस तो।
Speaker 1: बस। भाई एक हज़ार स्क्वायर मीटर जैसे हमारे एरिया है।
Speaker 2: जी जी। उसको फिट।
Speaker 1: में करेंगे।? तो दस हज़ार स्क्वायर फीट आएगा। जी। आप जो रेट बता रहे हो वह फिर चालीस हज़ार का हो गया। जी। है ना? तो जी। ऐसा नहीं। चाहिए। हमको लेबर वाले वह मजदूरी वाले लेबर चाहिए। फिर।
Speaker 2: मजदूरी वाले लेबर चाहिए। ... हां। मजदूरी भी आठ सौ रुपए जाएंगे।
Speaker 1: तो आठ सौ जाएंगे। ठीक है नहीं। मैं। ... उनको रहना खाना भी करवा दूंगा।
Speaker 2: ठीक है बात। करता हूं फिर बताता हूं आपको?
Speaker 1: एक मिनट।"
32,"स्पीकर 1: नमस्ते।
स्पीकर 2: नमस्ते। शैलेंद्र जी से बात हो रही है।
स्पीकर 1: है? नहीं। उनके भतीजे बात कर रहे हैं, बोलिए।
स्पीकर 2: आपने एक सीएम हेल्पलाइन की थी।
स्पीकर 1: सीएम हेल्पलाइन, कहाँ है मैं? 
स्पीकर 2: शैलेंद्र जी ने किया था कि ग्राम तौहीं में नर जल से पानी नहीं आ रहा है।
स्पीकर 1: अच्छा अच्छा, किए होंगे सर।
स्पीकर 2: थोड़ा सा बात करवा दीजिए।
स्पीकर 1: सर, अभी तो नहीं हो पाएगी। थोड़ी देर बाद मैं बता दूंगा, इस नंबर पर आप कॉल कर जाएंगे, थोड़ी देर बाद मैं बता दूंगा, तो आपसे इस नंबर पर बात कर जाएंगे।
स्पीकर 2: ठीक ठीक ठीक।
स्पीकर 1: ठीक है?","Speaker 1: नमस्ते।
Speaker 2: नमस्ते। शैलेंद्र जी से बात हो रही है।
Speaker 1: है? नहीं। उनके भतीजे बात कर रहे हैं, बोलिए।
Speaker 2: आपने एक सीएम हेल्पलाइन की थी।
Speaker 1: सीएम हेल्पलाइन, कहाँ है मैं?
Speaker 2: शैलेंद्र जी ने किया था कि ग्राम तौहीं में नर जल से पानी नहीं आ रहा है।
Speaker 1: अच्छा अच्छा, किए होंगे सर।
Speaker 2: थोड़ा सा बात करवा दीजिए।
Speaker 1: सर, अभी तो नहीं हो पाएगी। थोड़ी देर बाद मैं बता दूंगा, इस नंबर पर आप कॉल कर जाएंगे, थोड़ी देर बाद मैं बता दूंगा, तो आपसे इस नंबर पर बात कर जाएंगे।
Speaker 2: ठीक ठीक ठीक।
Speaker 1: ठीक है?"
33,"हां जी भैया, एक नंबर लगाना था ज्योति पांडे के नाम से, हैलो भैया मैडम बैठी हैं आवाज नहीं आ रही है। मैडम बैठी हैं हां, कितने बजे तक बैठी रहेंगी? दो बजे तक, तो चार बजे तक रहेंगे चार बजे तक ना। ठीक है मैं, तुरंत आ रहा हूं। हाय, चुप हैं? हाय।","Speaker 1: हां जी भैया, एक नंबर लगाना था ज्योति पांडे के नाम से
Speaker 2: हैलो भैया, मैडम बैठी हैं आवाज नहीं आ रही है
Speaker 1: मैडम बैठी हैं हां, कितने बजे तक बैठी रहेंगी?
Speaker 2: दो बजे तक
Speaker 1: तो चार बजे तक रहेंगे चार बजे तक ना
Speaker 2: ठीक है, मैं तुरंत आ रहा हूं
Speaker 1: हाय, चुप हैं?
Speaker 2: हाय"
34,"नमस्ते। सुबह अच्छी हो साहब। 
अभिषेक कहाँ हो?
अभी तो साहब ऑफिस से निकला था साहब।
अच्छा अच्छा। क्या? है आंचल, क्या? चल रहे हैं। काम धाम?
काम वही चल रहे हैं। साहब, वॉशिंग वाला चल रहे हैं। मतलब पुशिंग वाला नौ साढ़े नौ मीटर चला गया। भाई, बारह मीटर का
बचा है मान लीजिए। तीन मीटर बचा है।
और वह नाला क्रॉसिंग में ब्रेकिंग चल रहे हैं। उसको सफाई कर कर देखेंगे कवर डेप्थ कितना आ रहे हैं। क्योंकि उसका जो लेवल है ना चैनल वाले का।
चैनल का एचआरएस बनेगा ना उनका, चैनल का। हां।
चैनल का एचआरएस बनता है तो अरवाल भी खड़ी होती है।
तो वह बोल रहे हैं यहाँ पर मुझे डेप्थ मेरा ज़्यादा है। हां। तो वहां पर
हमारी पाइप, हमारी पाइप की डेप्थ क्या? रहेगी?
वहां पर अपनी पाइप की डेप्थ हो जाएगी। आठ नौ मीटर।
ओके। यह कैसे बनाओगे बैंड वाल लगाओगे? नहीं।
स्लो बनाकर थोड़ी थोड़ी से नीचे ले जा रहे हैं पूरे। थोड़ी एक आध बाइस डिग्री का जो भी है थोड़ा नए नए मैच होगा तो बैंड लगाना पड़ेगी।
तो फिर वह लेवल वगैरह वह देंगे?, ना वह लोग।?
वह दे दिया लेवल ना इसीलिए तो वहां और जा रहे हैं। नीचे। देखिएगा तो लगेगा कि छह मीटर हम आ गए पांच मीटर।
हां और वहां पर नीचे हमको दो तीन मीटर जाना है।
ठीक है। और क्या? है?
और वह वॉटजी जो अपना गैप था वह खत्म हो गया।
कहाँ वाला?
वह यादव का घर के पास याद है जहां पाइप निकाले थे।
पी 5 में ही
वह गैप क्लोज खत्म हो गया।
तो वहां भी तो वह बना रहे थे ना वह लोग।?
वह करवट अपना फेस जो उनका लेवल है ना हां। मतलब वह जीतेगा पीसीसी वह और आरसीसी दोनों कर चुका है और सरिया खड़ी कर रखा
हां। हमारी पाइप हमारी पाइप उसके नीचे
हां। हमारी पाइप वह जो बोला था तो साठ मीटर तो हम पचास मीटर बाहर करके ले लिए। सेंटर से चालीस मीटर तक। हमारे बाद में दिक्कत नहीं। होगा वहां पर
अब तो नहीं। फंसेगी
नहीं। आपने फंसेगी क्योंकि उसका वो कलवट बना है ना उसके नीचे है अपनापन उससे दूर हटकर 3 मीटर कलवट का जो आगे है ना
हां हां हां।
तो वह बोल रहे हैं यहाँ पर मुझे डेप्थ मेरा ज़्यादा है। हां। तो वहां पर
हमारी पाइप, हमारी पाइप की डेप्थ क्या? रहेगी?
वहां पर अपनी पाइप की डेप्थ हो जाएगी। आठ नौ मीटर।
ओके। यह कैसे बनाओगे बैंड वाल लगाओगे? नहीं।
स्लो बनाकर थोड़ी थोड़ी से नीचे ले जा रहे हैं पूरे। थोड़ी एक आध बाइस डिग्री का जो भी है थोड़ा नए नए मैच होगा तो बैंड लगाना पड़ेगी।
तो फिर वह लेवल वगैरह वह देंगे?, ना वह लोग।?
वह दे दिया लेवल ना इसीलिए तो वहां और जा रहे हैं। नीचे। देखिएगा तो लगेगा कि छह मीटर हम आ गए पांच मीटर।
हां और वहां पर नीचे हमको दो तीन मीटर जाना है।
ठीक है। और क्या? है?
और यही अपना गोविंद घर में वह वाला में भी जो जहां से एबव ग्राउंड के राउंड से ऊपर से पीएनबीआर उतर रहे हैं। हां तो डाउन में जाएगा। उसमें चल रही है अब लास्ट में उसका देख लेता हूं वो डेप्थ ए गया। होगा तो उसमें पार्ट फिर लगा। देंगे।?, टीम डालेगा ये पुशिंग हो जाएगा। तो इकट्ठे इकट्ठे डालकर निकल जाएंगे। क्या? हो जाएगा। खत्म
यह कौन से लिंक आईडी में आता है?
यह अपना पी5पी3 और पी 5।
यह बीच में है?
हां पी 3 का अड़तालीस मीटर बज रहे हैं।
हां।
उसके बाद पी 5 स्टार्ट हो जाना।
तो पी 5 में फिर पूरा ही बचा। कितना बचा है पी 5 में?
वहां पर पी 5 मान लीजिए। पी 3 का अड़तालीस में माइनस कर दीजिए। अस्सी मीटर में से। अस्सी पचास अस्सी नब्बे मीटर में से। तो पूरे पी5 में ए गया। पूरे मतलब दो पाइप का था तो पाइप इधर से घुमाए तो पंच पाइप हो जाएगा। जो की अपना शिफ्ट कर रहा हूं पी 7 के लिए।। जब तक यह दोनों ब्लास्टिंग करके क्लेंच क्लियर हो जाएगा।, तो तब तक सोच रहे हैं पी 7 का एक कैप खत्म कर देंगे।?,। क्योंकि आरई 90 में भी पानी देना। है ना बोल रहे हैं।। हां। इसीलिए।
ठीक है। और यह पी 7 पर पी 6 पर ही कुछ गैप है?
पी 6 में नहीं। है गैप। पी 7 में तीन गैप।
पी 7 में तीन गैप ना?
हां। पी 6 में एक भी गैप नहीं। है, कुछ नहीं।
है। हां। पी 7 में एक है ना यह वाला जो बता रहे हो?
पी 7 में तीन गैप है।
हां और पी 6 में?
एक भी नहीं। है। हां। पी 6 में गैप नहीं। है। वहां पार्ट को कटिंग कर कर हमारे को स्लू वॉल लगाना है।। हां। नहीं। कटिंग करेंगे।? तो जेडएमबीआर 1 में पानी अपना जा सकता है।
नहीं। है।
यह दोनों गैप खत्म हो जाएगा। ना वह भी तो और वाला रोड क्रॉसिंग जो पी 5 में आ रहे हैं।। वह नाला क्रॉसिंग तो जेडएमबीआर 1 आप थ्रू हो जाएंगे। पीएमबीआर से।
ठीक है। तो इस समय किधर रहते हो? उधर ही रहते हो?
हां, इधर ही रहता हूं मैं।....
अच्छा अच्छा। ठीक है, चलता हूं। मैं।... तो किसी दिन मिलता भी यहाँ।
ठीक
है, ठीक है। ओके।","Speaker 1: नमस्ते। सुबह अच्छी हो साहब।
Speaker 2: अभिषेक कहाँ हो?
Speaker 1: अभी तो साहब ऑफिस से निकला था साहब।
Speaker 2: अच्छा अच्छा। क्या? है आंचल, क्या? चल रहे हैं। काम धाम?
Speaker 1: काम वही चल रहे हैं। साहब, वॉशिंग वाला चल रहे हैं। मतलब पुशिंग वाला नौ साढ़े नौ मीटर चला गया। भाई, बारह मीटर का बचा है मान लीजिए। तीन मीटर बचा है।
Speaker 2: और वह नाला क्रॉसिंग में ब्रेकिंग चल रहे हैं। उसको सफाई कर कर देखेंगे कवर डेप्थ कितना आ रहे हैं। क्योंकि उसका जो लेवल है ना चैनल वाले का।
Speaker 1: चैनल का एचआरएस बनेगा ना उनका, चैनल का। हां। चैनल का एचआरएस बनता है तो अरवाल भी खड़ी होती है।
Speaker 2: तो वह बोल रहे हैं यहाँ पर मुझे डेप्थ मेरा ज़्यादा है। हां। तो वहां पर हमारी पाइप, हमारी पाइप की डेप्थ क्या? रहेगी?
Speaker 1: वहां पर अपनी पाइप की डेप्थ हो जाएगी। आठ नौ मीटर।
Speaker 2: ओके। यह कैसे बनाओगे बैंड वाल लगाओगे? नहीं।
Speaker 1: स्लो बनाकर थोड़ी थोड़ी से नीचे ले जा रहे हैं पूरे। थोड़ी एक आध बाइस डिग्री का जो भी है थोड़ा नए नए मैच होगा तो बैंड लगाना पड़ेगी।
Speaker 2: तो फिर वह लेवल वगैरह वह देंगे?, ना वह लोग।?
Speaker 1: वह दे दिया लेवल ना इसीलिए तो वहां और जा रहे हैं। नीचे। देखिएगा तो लगेगा कि छह मीटर हम आ गए पांच मीटर।
Speaker 2: हां और वहां पर नीचे हमको दो तीन मीटर जाना है।
Speaker 1: ठीक है। और क्या? ह?
Speaker 2: और वह वॉटजी जो अपना गैप था वह खत्म हो गया।
Speaker 1: कहाँ वाला?
Speaker 2: वह यादव का घर के पास याद है जहां पाइप निकाले थे। पी 5 में ही
Speaker 1: वह गैप क्लोज खत्म हो गया।
Speaker 2: तो वहां भी तो वह बना रहे थे ना वह लोग।?
Speaker 1: वह करवट अपना फेस जो उनका लेवल है ना हां। मतलब वह जीतेगा पीसीसी वह और आरसीसी दोनों कर चुका है और सरिया खड़ी कर रखा
Speaker 2: हां। हमारी पाइप हमारी पाइप उसके नीचे
Speaker 1: हां। हमारी पाइप वह जो बोला था तो साठ मीटर तो हम पचास मीटर बाहर करके ले लिए। सेंटर से चालीस मीटर तक। हमारे बाद में दिक्कत नहीं। होगा वहां पर
Speaker 2: अब तो नहीं। फंसेगी
Speaker 1: नहीं। आपने फंसेगी क्योंकि उसका वो कलवट बना है ना उसके नीचे है अपनापन उससे दूर हटकर 3 मीटर कलवट का जो आगे है ना
Speaker 2: हां हां हां।
Speaker 1: तो वह बोल रहे हैं यहाँ पर मुझे डेप्थ मेरा ज़्यादा है। हां। तो वहां पर हमारी पाइप, हमारी पाइप की डेप्थ क्या? रहेगी?
Speaker 2: वहां पर अपनी पाइप की डेप्थ हो जाएगी। आठ नौ मीटर।
Speaker 1: ओके। यह कैसे बनाओगे बैंड वाल लगाओगे? नहीं।
Speaker 2: स्लो बनाकर थोड़ी थोड़ी से नीचे ले जा रहे हैं पूरे। थोड़ी एक आध बाइस डिग्री का जो भी है थोड़ा नए नए मैच होगा तो बैंड लगाना पड़ेगी।
Speaker 1: तो फिर वह लेवल वगैरह वह देंगे?, ना वह लोग।?
Speaker 2: वह दे दिया लेवल ना इसीलिए तो वहां और जा रहे हैं। नीचे। देखिएगा तो लगेगा कि छह मीटर हम आ गए पांच मीटर।
Speaker 1: हां और वहां पर नीचे हमको दो तीन मीटर जाना है।
Speaker 2: ठीक है। और क्या? ह?
Speaker 1: और यही अपना गोविंद घर में वह वाला में भी जो जहां से एबव ग्राउंड के राउंड से ऊपर से पीएनबीआर उतर रहे हैं। हां तो डाउन में जाएगा। उसमें चल रही है अब लास्ट में उसका देख लेता हूं वो डेप्थ ए गया। होगा तो उसमें पार्ट फिर लगा। देंगे।?, टीम डालेगा ये पुशिंग हो जाएगा। तो इकट्ठे इकट्ठे डालकर निकल जाएंगे। क्या? हो जाएगा। खत्म
Speaker 2: यह कौन से लिंक आईडी में आता ह?
Speaker 1: यह अपना पी5पी3 और पी 5।
Speaker 2: यह बीच में ह?"
35,"स्पीकर 1: हां
स्पीकर 2: सर, गुड मॉर्निंग सर।
स्पीकर 1: कहाँ हो सेठ?
स्पीकर 2: गोविंद घर जा रहा था बोलन जी।
स्पीकर 1: यह बताओ अभी पी 6 में कितना गैप है?
स्पीकर 2: गेट भी नहीं है।
स्पीकर 1: वह दो तीन मीटर जो था हो गया। कैनाल वाला।
स्पीकर 2: पी 6 में कहाँ है कोई दिक्कत? पी 6 में कोई गैप नहीं है।
स्पीकर 1: कोई गैप नहीं है?
स्पीकर 2: टी 7 में, पी 6 का?
स्पीकर 1: पी 7 में कितना है?
स्पीकर 2: टी 7 में एक एक तीन था तो एक खत्म हो गया, दूसरा खत्म होने वाला है, तीसरा आप लगाएंगे।
स्पीकर 1: गैस के बाद। तो अभी कितना बचा है दो मिले करके?
स्पीकर 2: मतलब एक बचा है, एक अंडर प्रोग्रेस है।
स्पीकर 1: एक तो पूरा बचा है, तो एक जो बचा है वह कितने का है?
स्पीकर 2: पूरा कोई नहीं बचा है सर। कितना
स्पीकर 1: बचा है वही तो पूछ रहा हूं पीछे 1 में कोई कितना करता है?
स्पीकर 2: हां, रूम लीडर तो लिखना है आज तक यह वाला। 48 मीटर का होगा वह वाला डाल रहा था, डाल दिया था पाइप। हां। बाकी थोड़ा सा बचा तो छोड़कर चलो।
स्पीकर 1: दे दो, तो साठ तो
स्पीकर 2: यह एक बचा है एक अंडर प्रोग्रेस में है।
स्पीकर 1: साठ सत्तर मीटर लिख लिए। है
स्पीकर 2: ना? हां हां। खत्म हो जाएगा। लगभग सोच के।
स्पीकर 1: गैप, गैप और पी 6 में तो कुछ है नहीं। तुम, बता रहे हो, है ना?
स्पीकर 2: पी 6 में कुछ नहीं है। यह तो कुछ है अपनी है पी 5 में।
स्पीकर 1: पी 5 में कितना है?
स्पीकर 2: यह रोड क्रॉसिंग है, गोविंद नगर वाला
स्पीकर 1: हां।
स्पीकर 2: और वह कैनाल क्रॉसिंग
स्पीकर 1: है। कैनाल क्रॉसिंग होगी सौ मीटर के आसपास, है ना?
स्पीकर 2: नहीं। नहीं। सौ मीटर कोई नहीं है। रोड क्रॉसिंग आपको? साठ सत्तर मीटर होगी। हां। कैनाल क्रॉसिंग मतलब तीन पाइप का था तो टर्न करके वह अलाइनमेंट चेंज करके ले जाएंगे। तो वह भी हो जाएगी। साठ मीटर से। सीधा जाते हैं अलाइनमेंट के हिसाब से तो छत्तीस मीटर।
स्पीकर 1: तो वही साठ चालीस इसको मान लेते हैं, साठ उसको सौ मीटर मान लेते हैं, है ना? एक पी पांच में सौ मीटर।
स्पीकर 2: और क्या? कि पी 5 में और क्या? आपका क्लोज हो गया?
स्पीकर 1: ज़्यादा ही डल जाएगा। पी 5। है ना अभिषेक पी 5 में ज़्यादा ही लेंथ हो जाएगी। ना?
स्पीकर 2: ज़्यादा लेंथ ज़्यादा ही है सर। हां हां ज़्यादा ही है। पांच छह सौ मीटर लेंथ ज़्यादा ही है।
स्पीकर 1: अच्छा अच्छा।
स्पीकर 2: ड्राइंग से।
स्पीकर 1: हां और पी 3 बताओ?
स्पीकर 2: पी 3? हां? पी 3
स्पीकर 1: देखते हो?
स्पीकर 2: पी3पी3 से पी 5 आता है ऐसे।
स्पीकर 1: हां हां, पी 3, तो पी 3 नहीं। देखते, है ना? बी
स्पीकर 2: 3 अपना पीएनडीआर वाला था छोले फॉरेस्ट। हां हां
स्पीकर 1: दूसरा स्थान देखते हैं हम पहले देखने में।
स्पीकर 2: यह पी
स्पीकर 1: दो सौ अठानवे देखते हो क्या?? 90 वाला जो जा रहे हैं। डी डालनी थी यह तुम, नहीं। देख रहे हैं ना दीपक देख रहे हैं?
स्पीकर 2: नहीं। देखते। आज 90 तक कहीं तो क्लोज कर रहा हूं ना। अच्छा। खत्म करना है जल्दी।
स्पीकर 1: ठीक ठीक, समझ गया।","Speaker 1: हां
Speaker 2: सर, गुड मॉर्निंग सर।
Speaker 1: कहाँ हो सेठ?
Speaker 2: गोविंद घर जा रहा था बोलन जी।
Speaker 1: यह बताओ अभी पी 6 में कितना गैप है?
Speaker 2: गेट भी नहीं है।
Speaker 1: वह दो तीन मीटर जो था हो गया। कैनाल वाला।
Speaker 2: पी 6 में कहाँ है कोई दिक्कत? पी 6 में कोई गैप नहीं है।
Speaker 1: कोई गैप नहीं है?
Speaker 2: टी 7 में, पी 6 का?
Speaker 1: पी 7 में कितना है?
Speaker 2: टी 7 में एक एक तीन था तो एक खत्म हो गया, दूसरा खत्म होने वाला है, तीसरा आप लगाएंगे।
Speaker 1: गैस के बाद। तो अभी कितना बचा है दो मिले करके?
Speaker 2: मतलब एक बचा है, एक अंडर प्रोग्रेस है।
Speaker 1: एक तो पूरा बचा है, तो एक जो बचा है वह कितने का है?
Speaker 2: पूरा कोई नहीं बचा है सर। कितना
Speaker 1: बचा है वही तो पूछ रहा हूं पीछे 1 में कोई कितना करता है?
Speaker 2: हां, रूम लीडर तो लिखना है आज तक यह वाला। 48 मीटर का होगा वह वाला डाल रहा था, डाल दिया था पाइप। हां। बाकी थोड़ा सा बचा तो छोड़कर चलो।
Speaker 1: दे दो, तो साठ तो
Speaker 2: यह एक बचा है एक अंडर प्रोग्रेस में है।
Speaker 1: साठ सत्तर मीटर लिख लिए। है
Speaker 2: ना? हां हां। खत्म हो जाएगा। लगभग सोच के।
Speaker 1: गैप, गैप और पी 6 में तो कुछ है नहीं। तुम, बता रहे हो, है ना?
Speaker 2: पी 6 में कुछ नहीं है। यह तो कुछ है अपनी है पी 5 में।
Speaker 1: पी 5 में कितना है?
Speaker 2: यह रोड क्रॉसिंग है, गोविंद नगर वाला
Speaker 1: हां।
Speaker 2: और वह कैनाल क्रॉसिंग
Speaker 1: है। कैनाल क्रॉसिंग होगी सौ मीटर के आसपास, है ना?
Speaker 2: नहीं। नहीं। सौ मीटर कोई नहीं है। रोड क्रॉसिंग आपको? साठ सत्तर मीटर होगी। हां। कैनाल क्रॉसिंग मतलब तीन पाइप का था तो टर्न करके वह अलाइनमेंट चेंज करके ले जाएंगे। तो वह भी हो जाएगी। साठ मीटर से। सीधा जाते हैं अलाइनमेंट के हिसाब से तो छत्तीस मीटर।
Speaker 1: तो वही साठ चालीस इसको मान लेते हैं, साठ उसको सौ मीटर मान लेते हैं, है ना? एक पी पांच में सौ मीटर।
Speaker 2: और क्या? कि पी 5 में और क्या? आपका क्लोज हो गया?
Speaker 1: ज़्यादा ही डल जाएगा। पी 5। है ना अभिषेक पी 5 में ज़्यादा ही लेंथ हो जाएगी। ना?
Speaker 2: ज़्यादा लेंथ ज़्यादा ही है सर। हां हां ज़्यादा ही है। पांच छह सौ मीटर लेंथ ज़्यादा ही है।
Speaker 1: अच्छा अच्छा।
Speaker 2: ड्राइंग से।
Speaker 1: हां और पी 3 बताओ?
Speaker 2: पी 3? हां? पी 3
Speaker 1: देखते हो?
Speaker 2: पी3पी3 से पी 5 आता है ऐसे।
Speaker 1: हां हां, पी 3, तो पी 3 नहीं। देखते, है ना? बी
Speaker 2: 3 अपना पीएनडीआर वाला था छोले फॉरेस्ट। हां हां
Speaker 1: दूसरा स्थान देखते हैं हम पहले देखने में।
Speaker 2: यह पी
Speaker 1: दो सौ अठानवे देखते हो क्या?? 90 वाला जो जा रहे हैं। डी डालनी थी यह तुम, नहीं। देख रहे हैं ना दीपक देख रहे हैं?
Speaker 2: नहीं। देखते। आज 90 तक कहीं तो क्लोज कर रहा हूं ना। अच्छा। खत्म करना है जल्दी।
Speaker 1: ठीक ठीक, समझ गया।"
36,"कैसे गुरु क्या? हाल चाल? 
जेसा, जेसा. का है? ठीक है बिल देना। शाम तक पहुंच जाऊँ, 
का बताओ रे बिल 
पे? पता नहीं। भाई 
यार. करें।,? 
जैसे वह क्राइटेरिया रख रहे हो कि तो थोड़ा ध्यान तो नहीं। है बाहर बनकर मेहर वाली हद लगाए थे. हां. मतलब कुछ और लगता है कि लगाए सका थमा. 
हां. 
तो हमसे कहते कि 0 0 चाहिए।. 
हां. 
धीरे धीरे तो नहीं। 
हो पाएगा।. 
हां. हां. देखा है हम GPL का पता लगा। कि है जब दिल भेजी हूं हमको तब जाना तो लगा। इनके नहीं। लग रहे हैं।. 
हां. जो कम्युनिकेशन वर्क के हिसाब से नहीं। मिलेगा।? 
तो कम्युनिकेशन वर्क के हिसाब से नहीं। था काम. 
तो ग्रुप काम कैसा चली? अपन हुआ है सोच रहे 
हैं. कैसा 
काम? अपन वाला. संतलाल हूं परेशान है पैसे। पैसे। पैसे।. 
पैसे। वाला. हां बताएं आज भी और हम पी हैं बहन में सब लग जाए कभी उनकी रिक्वेस्ट करा उनसे नहीं। किया।. हां. पचास साठ हज़ार बना मतलब रोज़ जी काम करके तो हो ही जी. 
टाइम पचास साठ हज़ार दस साला तो वहां थोड़ी ना हुई।, तो वह भी तो वहां इनपुट लगा। हुई। ना. 
अरे, इनपुट लगा। हुई। थी जहां पहले मिली है या फिर आत्मा है कि अभी क्या? अगले महीना तुम, कंप्लीट करवाओ, कहाँ करें।,? तुम, तो बहुत बचा है बस सात आठ तारीख को. सात आठ 
का? सात आठ तारीख 
को अगले महीना का. 
मिलकर टाइम 
हुआ. मिलकर टाइम हुआ. हां. कहाँ कह रहे हैं संतला पैसे। पैसे। है? 
हां. 
कहाँ आवाज़ नहीं। भेजी ना मैंने. 
यार उनके लिए। भी नहीं। बिगाड़ सकते. गुरु यह हम आदमी बुलाए थे काम थोड़ी ना हो गई है. आदमी बुलाओ घर में थोड़ी ना हो जाता है उनका भी पैसे। दी है पड़ी फिर सौठे पंचायतो झेले पड़ी, फिर भी हमे कुछ संभव नहीं। है. चल रहा काम नाम बंद है. 
हैं? कहाँ का है? 
काम नाम चल रहे हैं। कि बंद है. 
कहाँ? 
नहीं। बढ़िया. 
चल रहे हैं। वह इकट्ठा खो जाए. 
हां, सही बात।. 
अब सबसे एक आ रहे हैं। दूसरा जो है खुद बाबा. हम कहे ना चले गए तो वहां खुद हींक गए उसके बाद में खुद हींक 
गए. हां. और 
बताओ बताऊं. 
हां वही कट रहा था नौकरी में बहुत राजनीति चल रही है वह. हां. कौरवों कई सब ऐसा ही चल रहा था. नौकरी में, विनोबाड़ी तक के दादी तक तुरंत बंद हुई। थी. कितना धुपे में बगल पर शो नहीं। है कोई? हैं? धोखे में 
नहीं। बगल पर 
है. 
तो फिर दृष्टि वाला मैटर सॉल्व हो? 
बात। की है ना एक जन से. हैं? बात। की है ना एक जन से. हेलो. एक जन से बात। की है ना बात। की है ना एक जन से. 
कहता हूं कहे परसेंट में कहीं नहीं। तीन परसेंट हुआ? 
चार परसेंट. 
चार परसेंट. अगर जो अट्ठारह परसेंट वहां से मिले है, वो तो चार परसेंट हुआ हो जी, बात। हो जी, है ना? 
हां, बाकी पांच सौ रुपया जीएसटी जमा कराई. 
हां? 
पांच सौ रुपया जीएसटी जमा कराई. 
हां हां जी. जी. एक लाख में चार हज़ार रुपया जीएसटी कहेगी. 
हां. और एक तो कह रहे 
हैं? 
कह ही रहा बनाई. हां? 
जीएसटी पहले वह भरे परी भी जोन खा रहे 
हैं. हां. जब भी हम तो पहले जीएसटी दें तभी जीएसटी हम का रिपोर्ट करेंगे।?. हां. गे भाई साहब,. गे भाई साहब, बहुत ज़्यादा. कहाँ कही कुछ वो अच्छी न्यूज़ है उतनी नहीं। है ना.","Speaker 1: कैसे गुरु क्या? हाल चाल?
Speaker 2: जेसा, जेसा। का है? ठीक है बिल देना। शाम तक पहुंच जाऊँ,
Speaker 1: का बताओ रे बिल पे? पता नहीं। भाई
Speaker 2: यार। करें।?
Speaker 1: जैसे वह क्राइटेरिया रख रहे हो कि तो थोड़ा ध्यान तो नहीं। है बाहर बनकर मेहर वाली हद लगाए थे। हां। मतलब कुछ और लगता है कि लगाए सका थमा।
Speaker 2: हां।
Speaker 1: तो हमसे कहते कि 0 0 चाहिए।
Speaker 2: हां।
Speaker 1: धीरे धीरे तो नहीं। हो पाएगा।
Speaker 2: हां। हां। देखा है हम GPL का पता लगा। कि है जब दिल भेजी हूं हमको तब जाना तो लगा। इनके नहीं। लग रहे हैं।
Speaker 1: हां। जो कम्युनिकेशन वर्क के हिसाब से नहीं। मिलेगा?
Speaker 2: तो कम्युनिकेशन वर्क के हिसाब से नहीं। था काम।
Speaker 1: तो ग्रुप काम कैसा चली? अपन हुआ है सोच रहे हैं।
Speaker 2: कैसा काम? अपन वाला। संतलाल हूं परेशान है पैसे। पैसे। पैसे।
Speaker 1: पैसे। वाला। हां बताएं आज भी और हम पी हैं बहन में सब लग जाए कभी उनकी रिक्वेस्ट करा उनसे नहीं। किया।
Speaker 2: हां। पचास साठ हज़ार बना मतलब रोज़ जी काम करके तो हो ही जी।
Speaker 1: टाइम पचास साठ हज़ार दस साला तो वहां थोड़ी ना हुई।, तो वह भी तो वहां इनपुट लगा। हुई। ना।
Speaker 2: अरे, इनपुट लगा। हुई। थी जहां पहले मिली है या फिर आत्मा है कि अभी क्या? अगले महीना तुम, कंप्लीट करवाओ, कहाँ करें।,?
Speaker 1: तुम, तो बहुत बचा है बस सात आठ तारीख को। सात आठ का? सात आठ तारीख को अगले महीना का।
Speaker 2: मिलकर टाइम हुआ। मिलकर टाइम हुआ। हां। कहाँ कह रहे हैं संतला पैसे। पैसे। ह?
Speaker 1: हां।
Speaker 2: कहाँ आवाज़ नहीं। भेजी ना मैंने।
Speaker 1: यार उनके लिए। भी नहीं। बिगाड़ सकते। गुरु यह हम आदमी बुलाए थे काम थोड़ी ना हो गई है। आदमी बुलाओ घर में थोड़ी ना हो जाता है उनका भी पैसे। दी है पड़ी फिर सौठे पंचायतो झेले पड़ी, फिर भी हमे कुछ संभव नहीं। है।
Speaker 2: चल रहा काम नाम बंद है।
Speaker 1: कहाँ का है? काम नाम चल रहे हैं। कि बंद है।
Speaker 2: कहाँ?
Speaker 1: नहीं। बढ़िया। चल रहे हैं। वह इकट्ठा खो जाए।
Speaker 2: हां, सही बात।
Speaker 1: अब सबसे एक आ रहे हैं। दूसरा जो है खुद बाबा। हम कहे ना चले गए तो वहां खुद हींक गए उसके बाद में खुद हींक गए। हां। और
Speaker 2: बताओ बताऊं।
Speaker 1: हां वही कट रहा था नौकरी में बहुत राजनीति चल रही है वह। हां। कौरवों कई सब ऐसा ही चल रहा था। नौकरी में, विनोबाड़ी तक के दादी तक तुरंत बंद हुई। थी। कितना धुपे में बगल पर शो नहीं। है कोई?
Speaker 2: धोखे में नहीं। बगल पर है।
Speaker 1: तो फिर दृष्टि वाला मैटर सॉल्व हो?
Speaker 2: बात। की है ना एक जन से। हैं? बात। की है ना एक जन से। हेलो। एक जन से बात। की है ना बात। की है ना एक जन से।
Speaker 1: कहता हूं कहे परसेंट में कहीं नहीं। तीन परसेंट हुआ?
Speaker 2: चार परसेंट।
Speaker 1: चार परसेंट। अगर जो अट्ठारह परसेंट वहां से मिले है, वो तो चार परसेंट हुआ हो जी, बात। हो जी, है ना?
Speaker 2: हां, बाकी पांच सौ रुपया जीएसटी जमा कराई।
Speaker 1: हां? पांच सौ रुपया जीएसटी जमा कराई।
Speaker 2: हां हां जी। जी। एक लाख में चार हज़ार रुपया जीएसटी कहेगी।
Speaker 1: हां। और एक तो कह रहे हैं?
Speaker 2: कह ही रहा बनाई। हां?
Speaker 1: जीएसटी पहले वह भरे परी भी जोन खा रहे हैं। हां। जब भी हम तो पहले जीएसटी दें तभी जीएसटी हम का रिपोर्ट करेंगे।?"
37,"मशीनरी और उपकरण के बारे में बातचीत हो रही है, लेकिन यह स्पष्ट नहीं है कि कौन सी मशीनरी का उपयोग किया जा रहा है। साइट एक्टिविटी के बारे में भी चर्चा हो रही है, जिसमें शटरिंग, कास्टिंग, और एक्सावेशन जैसे शब्दों का उपयोग किया जा रहा है। एडमिनिस्ट्रेटिव और सरकारी मामलों के बारे में भी चर्चा हो रही है, जिसमें जल निगम और डीबीएल जैसे शब्दों का उपयोग किया जा रहा है।

स्पीकर 1: कैसा कटेगा? बता रही है? कहे
स्पीकर 2: कहाँ पर न्यूज़ अच्छी होती नहीं। है? शंभु से बातचीत?
स्पीकर 3: मतलब कल भाई रही है।
स्पीकर 2: क्या? कहा थे?
स्पीकर 3: कहीं से ठीक है, दो तारीख का है
स्पीकर 1: वह। हां।
स्पीकर 3: समझे साहिबा। कहीं पर है यार।
स्पीकर 2: कब है बातचीत, शंभु से कई सब बातचीत चल रही है। हैं? शंभु से कई सब बातचीत चल रही है मतलब हेल्दी कम्युनिकेशन चल रहा कैसा चल रहा?
स्पीकर 3: चार पांच दिन नहीं। लगाए थे। बीस बीस लगाए थे। Until में हमने। ढाई लाख के पास चार पांच दिन रखे। जो उसमें दुकान है। एक दिन दो दिन बाद
स्पीकर 2: मतलब मजे से चलना।
स्पीकर 3: चलाए हम जो चक्कर चल रहे हैं।
स्पीकर 2: हां? ठीक हो कितना चल सक बस।
स्पीकर 3: हां। हां। पहले यहाँ, यह तो, यह बड़ी बड़ी समस्या है साला। हां। स्कूटी वाले मेहमान, ऐसा एडवांटेज नहीं। लिख रहे हैं। पहले काम नहीं। करें।,. अब तक काम कंप्लीट है फुर्ती वाले चलते काम एथलीट फ़सा। हां। तो वहां बीच में छोड़कर चले गए फिर।
स्पीकर 2: तो आपको? बुरा लगा। कि ग्रुप लेबर चलाएंगे नहीं। तो फिर सच तैयार है। हां लेबर / लेबर कैसे ऑपरेट करना है कि तुमको। आता ही नहीं। बस भागड़ ठेकेदार आते हैं। हैं? भागड़ जैसा रास्ता है कि हम कभी कुछ तो कहीं ना देख या पैसे। कहीं देख।
स्पीकर 3: कैसा नाम चेक करके बता रहे हैं।
स्पीकर 2: जैसा बता इस वजह से कहाँ करते हैं। अब जैसा हम अभी है बात। करके हैं, तुम, का संभोग के पीछे पड़ जाएगा। है। तू का पीछे पड़ रहे हैं। तू का बस फॉर्मली चला रहे हैं। इसमें मतलब नहीं। वह नहीं। चला होता है कि हां भैया चल रहे हैं। साथ... में वह चल रहे हैं।। तो फिर पीछे एकदम दूर भी नहीं। करते हैं ना गुरु। कोई भी चीज़ आपको? तभी मिलती है तो आप उसके पीछे पूरा समर्पण
स्पीकर 3: कर दो आपका समर्पण कीजिए। पांच बजे। फोन लगा। दो थोड़ा सा कैसा वेट कर रहा
स्पीकर 2: हूं। शायद परेशान हो जब।
स्पीकर 3: बस।
स्पीकर 2: लेकिन गुरु जब आदमी परेशान होते होते समय वह डिसीज़न होकर वह विवेक रहा था वह गड़बड़ रहा
स्पीकर 3: था।
स्पीकर 2: हैं? स्वस्थ दिमाग में आदमी कहाँ गलत डिसीज़न लेते। वह तो गलत डिसीज़न आदमी जब डिग्री का व्यवस्थित होते तो वही गलत
स्पीकर 3: है।
स्पीकर 2: तो स्वस्थ दिमाग से ऊपर जीते हैं शायद।
स्पीकर 3: ऐसे ही मैं।... कंटिन्यू फोन लगा। रहा हूं तो भाई तो पांच बजे। तक ऐसा लगा।। नींद है हम तो कल लगा।, कल परसों लगाने की जिदी
स्पीकर 2: हूं। कल रह
स्पीकर 3: कर अब अब तक आई ना बस शादी वाली बात। बता रहे हैं।
स्पीकर 2: कभी हो गई है शादी?
स्पीकर 3: एक तारीख का, आई जो है ना अब एक शादी नहीं। होती।
स्पीकर 2: वही हो तो यही कह रहे हैं। हां।
स्पीकर 3: बोला है। बोला?
स्पीकर 2: हो ही होगा तुमको। अभी तुम, बोले से कौन अर्थ नहीं। मिलता है अभी। मैं।... तुम्हारे ऊपर बहुत सारे सेना वह मुझे कोई मतलब नहीं। निकलता है अब तो। कि तुम्हारा वह अंतिम स्टेज आ जाती है कि ठीक है जाकर कहेगा अब कर ले बस बात।। जैसे मूल्य व्यर्थ है, कहाँ व्यर्थ है?
स्पीकर 3: बड़ी समस्याएं हमसे आपको? तुमको। क्या? बताएं? बड़ी समस्याएं हैं आपको? हमसे नहीं।,
स्पीकर 2: तुमको। तुमसे समस्याएं हमको नहीं।।
स्पीकर 3: समस्याएं आपसे है कि पहले आ सकती है?
स्पीकर 2: हमेशा से।
स्पीकर 3: तब तो क्या? वह कौन चीज़ की ज़रूरत नहीं। कर रहा?
स्पीकर 2: हमें। ऐसा क्यों? नहीं। करूं हम तो शीघ्र होली में रहे हैं। ऐसे शीघ्र होली में तुम, से विवाद हुई। है जब शीघ्र ही नहीं। हम सिंगरौली में नहीं। तो कहांऊ आऊर है। तो वहां पर यह है सेंटेंस आ जाते लास्ट में
स्पीकर 3: यही तो।
स्पीकर 2: ठीक है हां तो तो फंस जाकर के कई।
स्पीकर 3: कब आओगे कहना लोग। क्या? यह तो जबरदस्ती ना बतावा करा। यह भर कंटिन्यू वही चीज़ बता रहे हैं।। कब आओगे कहना। रेगार्डिंग हमा तो हमें। तो चालू रखवा खराब। ठीक है ना? हमें। बात। कही तो उसके रेगार्डिंग हम ऐसे चालू करवाते हैं।
स्पीकर 2: साहब,. हमको शौक लगी है हमको। मन पड़ा स्काई। चला। ठीक है तो चल रही है मौसी के दिन हम चले।
स्पीकर 3: चल रही है।
स्पीकर 2: काहे शायरें
स्पीकर 3: हो?
स्पीकर 2: लाइक से। हो ही गया। टेंशन ना हो। परेशान ना हो तो हम बिल्कुल हो गए करीबन ही कर ही। आराम से रहो परेशान होने से। ठीक है? टेंशन लेवल लेवल टूटूटूटूटूटूटूटूटूटू।
स्पीकर 3: एक तो कहानी बताई गुरु। बताओ? छह आदिवासी लोग। रह गए हैं। हां। तो जब एक पेड़ रहा, कौन वह पेड़ का तुमसे सार्थक नहीं। रहे। हां। जब पहुंच जाने का रोज़ गाली दे रहे हैं।। हां। और वह पेड़ धीरे धीरे तो सुखाया जाता है। हम लोगों की जब बात। होती तो खाली कोसा कोस चालू होता है फिर।
स्पीकर 2: यह मैंने तो मना किया। ना अभी तो बहुत ही कहानी टेंशन ना ले सब
स्पीकर 3: अच्छा। अच्छा नहीं। यार।
स्पीकर 2: तुम, वह चीज़ का भाग रहे है तो उसे कहाँ नहीं। तुम, सुना रहे। भाई जब आप जो अचीव नहीं। कर सकते हो तो। आप परिवर्तन नहीं। कर सकते हो तो उसे क्यों? कर लो दो ही चीज़ें होती हैं दुनिया। कब तक असंतोष से जीत गए हो?
स्पीकर 3: इतने कोसते हो तुम, गुरु क्या? बताएं यार।
स्पीकर 2: हम पहले जोती यहाँ तुम्हारे में एक से सिमिलरिटी लगी रहती हम वह फील कर देते हैं। अगर हम उसे चार पांच दिन से रेगुलर एक बार खिलाड़ी रहने में। काहेफ़ताई।
स्पीकर 3: बता दो।
स्पीकर 2: फिर तू सो गए उठेगा। आज हम उसे पहले दिन नहीं। लगाए ना, शायद पिछले चार दिन से इसको हम बहुत भी उसी लड़ चुके हैं। लास्ट में हम इसका इतने निकला तो पता है। कहाँ से कि हमको अपन ने किसी भी प्रकार की कोई भी परिवर्तन नहीं। करेगा। वह सात मिनट छोड़ देता है तो सातवें में छोड़ देता है तो वह कहेगा। अब साले अस्त्र शस्त्र लगा। डाल रहे है सब कहीं डाल रहे है। पर आहिल नहीं। चाहत रहे है हम या तुम्हारा अहित चाहिता है। भाई तुमको। गुरु हम याद करा अभी से दस दिन पहले कहा कहते है गुरु तू मुझे गलत साबित कर दो।
स्पीकर 3: हम पहले काम नहीं। रहता ना हम यह कभी नहीं। सोचते हैं, हम किसी को गलत करें।,. किसी
स्पीकर 2: को गलत करें।,. नहीं। गुरु तो हर चैलेंज की
स्पीकर 3: बात। कही चल
स्पीकर 2: रहे हैं।। हम तुम्हारे चैलेंज किए रहे हैं याद कर। काम सही गलत की बात। नहीं। थी गुरु। मैंने तुमको। चैलेंज किया। था तुम, बोला था गुरु हम यह काम प्रोसेस में निपटा देते। हम कह रहे हैं गुरु यह एक हफ्ता में सूची ना हुई।। ऐसे तो काम कॉल कई के दुबारा कहे। गुरु हम तो का कहना है कि हम पर ग़ज़ब शादी चाहिए।। अपनी इस अगली ताकत से उठी है हम थाओ कहना है। हैं?
स्पीकर 3: हम से कुछ नहीं। हो सकता है। हैं।? हम से कुछ नहीं। हो सकता है।
स्पीकर 2: कैसा नहीं। हो सकता है?
स्पीकर 3: तो तो हां वर्ड आई रिपीट करेलना है। ले।
स्पीकर 2: गलत साबित कर दो ना गुरु।
स्पीकर 3: नहीं। नहीं। नहीं। हमसे कुछ नहीं। हो सकता भाई। जो हो रहे हैं। तो हो रहे हैं।।
स्पीकर 2: तुम, तो ऐसे ही बात। करते हो गुरु बहन बताएं कि आगे रेत / सैंड लाइट है। तू जो रफ़्तार से जा रहे हैं। तू पार के ही जा रहे हो तू। तो कहीं कि आज हुआ भाई ऐसा है कि रेत / सैंड लाइट दिखा फाड़ ना किए हम बताए थे। तो रेत / सैंड लाइट से ही बढ़े जा रहे हैं, बढ़े जा रहे हैं, बढ़े जा रहे हैं। अरे यार एक रेत / सैंड लाइट में जो पार कर रही नहीं। तो कहाँ से हुआ हमसे तो हो ही ना पाई सब जाना चाहिए। कि हुआ कि पहले हम कह रही है। वह तो कम से कम चैलेंज किया। जा रहा ना पिछले वीडियो भी हम चैलेंज किए रहे हैं, गुरु ऐसा कर दो। हमको बहुत हम यह चीज़ कहे रहे हैं गुरु कि हमको बहुत खुशी हुई। नहीं। तो हमको गलत आ गई थी इधर।
स्पीकर 3: अभी। नहीं। तुम, सही है तुम, वगैरह कैसे साबित कर सकते हैं वह।
स्पीकर 2: उनका सही नहीं। है बोलकर, अहमदाबाद।
स्पीकर 3: सही हो जो तुम, करते हो वही होता।
स्पीकर 2: नहीं।, ऐसा ना हो चाहे तो हमसे याद रखना बहुत बहुत पेनल्टी को भी तो कहे कि तुम्हारे मन ना कहा ऐसा हम कहें। और ही मन मिलता है एक दो कि कौन सा गलत साबित है यह। तो नहीं। कैसे उसे। अब तो गलत साल में प्लान ही होता है तो फ्रस्ट्रेशन भी एक लेवल पर हो जाता है कि वो पेरेंट्स जुगाड़ जुगाड़ बता रहे हैं तो क्यों? पेरेंट्स चुराए। अरे भाई यार कोई आदमी काम दिख रहे है कि गलत रास्ता जा रहे हैं। वाली ड्यूटी वाली बात। वो काम दिख रहे है कि साठ दिन कोई चोट नहीं। है। बिटिया बेचारी हमारे खाए बावरे सौ चौदह रुपए रोबत रहा थी यह सीधे लोगेल आती कहाँ पर गुस्सा आदमी तो फ़र्क तुम्हारे दुश्मन आए हैं यह पकई के क्या? करे सरकारी उठी है तो सो गए पहले तो कुछ काम से लेना है गोली तैयार है एक काहे काहे काहे काहे काहे काहे काहे काहे काहे काहे काहे काहे काहे काहे काहे काहे काहे काहे काहे काहे काहे काहे काहे काहे काहे काहे काहे काहे काहे काहे काहे काहे काहे क","Speaker 1: कैसा कटेगा? बता रही है? कहे
Speaker 2: कहाँ पर न्यूज़ अच्छी होती नहीं। है? शंभु से बातचीत?
Speaker 1: मतलब कल भाई रही है।
Speaker 2: क्या? कहा थे?
Speaker 1: कहीं से ठीक है, दो तारीख का है
Speaker 1: वह। हां।
Speaker 1: समझे साहिब। कहीं पर है यार।
Speaker 2: कब है बातचीत, शंभु से कई सब बातचीत चल रही है। हैं? शंभु से कई सब बातचीत चल रही है मतलब हेल्दी कम्युनिकेशन चल रहा कैसा चल रहा?
Speaker 1: चार पांच दिन नहीं। लगाए थे। बीस बीस लगाए थे। Until में हमने। ढाई लाख के पास चार पांच दिन रखे। जो उसमें दुकान है। एक दिन दो दिन बाद
Speaker 2: मतलब मजे से चलना।
Speaker 1: चलाए हम जो चक्कर चल रहे हैं।
Speaker 2: हां? ठीक हो कितना चल सक बस।
Speaker 1: हां। हां। पहले यहाँ, यह तो, यह बड़ी बड़ी समस्या है साला। हां। स्कूटी वाले मेहमान, ऐसा एडवांटेज नहीं। लिख रहे हैं। पहले काम नहीं। करें।,. अब तक काम कंप्लीट है फुर्ती वाले चलते काम एथलीट फ़सा। हां। तो वहां बीच में छोड़कर चले गए फिर।
Speaker 2: तो आपको? बुरा लगा। कि ग्रुप लेबर चलाएंगे नहीं। तो फिर सच तैयार है। हां लेबर / लेबर कैसे ऑपरेट करना है कि तुमको। आता ही नहीं। बस भागड़ ठेकेदार आते हैं। हैं? भागड़ जैसा रास्ता है कि हम कभी कुछ तो कहीं ना देख या पैसे। कहीं देख।
Speaker 1: कैसा नाम चेक करके बता रहे हैं।
Speaker 2: जैसा बता इस वजह से कहाँ करते हैं। अब जैसा हम अभी है बात। करके हैं, तुम, का संभोग के पीछे पड़ जाएगा। है। तू का पीछे पड़ रहे हैं। तू का बस फॉर्मली चला रहे हैं। इसमें मतलब नहीं। वह नहीं। चला होता है कि हां भैया चल रहे हैं। साथ... में वह चल रहे हैं।। तो फिर पीछे एकदम दूर भी नहीं। करते हैं ना गुरु। कोई भी चीज़ आपको? तभी मिलती है तो आप उसके पीछे पूरा समर्पण
Speaker 1: कर दो आपका समर्पण कीजिए। पांच बजे। फोन लगा। दो थोड़ा सा कैसा वेट कर रहा
Speaker 2: हूं। शायद परेशान हो जब।
Speaker 1: बस।
Speaker 2: लेकिन गुरु जब आदमी परेशान होते होते समय वह डिसीज़न होकर वह विवेक रहा था वह गड़बड़ रहा
Speaker 1: था।
Speaker 2: हैं? स्वस्थ दिमाग में आदमी कहाँ गलत डिसीज़न लेते। वह तो गलत डिसीज़न आदमी जब डिग्री का व्यवस्थित होते तो वही गलत
Speaker 1: है।
Speaker 2: तो स्वस्थ दिमाग से ऊपर जीते हैं शायद।
Speaker 1: ऐसे ही मैं।... कंटिन्यू फोन लगा। रहा हूं तो भाई तो पांच बजे। तक ऐसा लगा।। नींद है हम तो कल लगा।, कल परसों लगाने की जिदी
Speaker 2: हूं। कल रह
Speaker 1: कर अब अब तक आई ना बस शादी वाली बात। बता रहे हैं।
Speaker 2: कभी हो गई है शादी?
Speaker 1: एक तारीख का, आई जो है ना अब एक शादी नहीं। होती।
Speaker 2: वही हो तो यही कह रहे हैं। हां।
Speaker 1: बोला है। बोला?
Speaker 2: हो ही होगा तुमको। अभी तुम, बोले से कौन अर्थ नहीं। मिलता है अभी। मैं।... तुम्हारे ऊपर बहुत सारे सेना वह मुझे कोई मतलब नहीं। निकलता है अब तो। कि तुम्हारा वह अंतिम स्टेज आ जाती है कि ठीक है जाकर कहेगा अब कर ले बस बात।। जैसे मूल्य व्यर्थ है, कहाँ व्यर्थ ह?
Speaker 1: बड़ी समस्याएं हमसे आपको? तुमको। क्या? बताएं? बड़ी समस्याएं हैं आपको? हमसे नहीं।,
Speaker 2: तुमको। तुमसे समस्याएं हमको नहीं।।
Speaker 1: समस्याएं आपसे है कि पहले आ सकती ह?
Speaker 2: हमेशा से।
Speaker 1: तब तो क्या? वह कौन चीज़ की ज़रूरत नहीं। कर रहा?"
38,"स्पीकर 1: हैलो
स्पीकर 2: हैलो हैलो। हां गुरु कहाँ पहुंचे?
स्पीकर 1: अरे हो गया। पहुंचे वाले ने हां क्या? नाम है धूप रात रुके रह गया। नेहा खान कहाँ कहाँ कहाँ कहाँ? मैं।... तो बाहरी के आगे। है। बाहरी? यार संतलाल के बाद भरी तो हूं आज। नहीं। और यह एक बार तो यह समय निकल के भी ना बताया कोरोना का।
स्पीकर 2: भाग गए हैं? हां।
स्पीकर 1: हम फोन लगाएं ना अब अब फोन लगाएं सुबह काम पर दे रहे हैं। अब फोन लगाएं ना कहीं ना कहीं रूम में हैं। फिर पिताजी, पिताजी फोन लगाएं तो उनसे बताया ना कि हम पंचायत पंचायत हम फोन लगाएं कहीं तो रूम में हैं। हां। तो वह वहां के मास्टर हम वहां देकर रूम में आ रहे हैं उनसे हम बात कर रहे हैं। हां। तब बताएं इनको निकाल लें।
स्पीकर 2: ले। पैसे निकाल ले। हां। आज क्या? तारीख है? सत्रह।
स्पीकर 1: सत्रह तारीख है। जो कल। राइट। दुबारा पैसे तो नहीं। भेज देता है।
स्पीकर 2: नहीं। नहीं। भेज रहा।
स्पीकर 1: पर बार बता पर तब रखिए हां। हां।
स्पीकर 2: रोका लगा। आई किसान से लाओ। क्या? बताई? अरे भाई तू वहां जा रहे हैं। तो आज लेबरे हां
स्पीकर 1: आज लेबरे चले गए। यहाँ
स्पीकर 2: हम प्लान के रहने के लिए। हम पहले गुरु पहुंची तो काम कीजिए। चला लगा। आई सुशांतलाल।
स्पीकर 1: लगा। लगा। ठोक है।","Speaker 1: हैलो
Speaker 2: हैलो हैलो। क्या गुरु पहुंच गए?
Speaker 1: हां, पहुंच गए। लेकिन धूप और रात की वजह से रुके रह गए। निर्माण स्थल के बाहरी हिस्से में काम हो रहा है। संतलाल के बाद का काम आज भरना है। और यह समय निकलकर भी बताया नहीं गया कोरोना की वजह से।
Speaker 2: क्या वे भाग गए हैं?
Speaker 1: हां, हमें फोन लगाना चाहिए। सुबह काम पर दे रहे हैं। कहीं रूम में होंगे। फिर पिताजी से बात करेंगे और उनसे बताएंगे कि हम पंचायत में हैं और फोन लगाएं।
Speaker 2: हां, पैसे निकाल लें। आज क्या तारीख है?
Speaker 1: सत्रह तारीख है। जो कल थी।
Speaker 2: दुबारा पैसे तो नहीं। भेज देता है।
Speaker 1: पर बता दो कि तब रखिए।
Speaker 2: रोका लगा। आई किसान से लाओ। क्या बताई? अरे भाई तू वहां जा रहे हैं। तो आज लेबरे हां
Speaker 1: आज लेबरे चले गए। यहाँ
Speaker 2: हम प्लान के रहने के लिए। हम पहले गुरु पहुंची तो काम कीजिए। चला लगा। आई सुशांतलाल।
Speaker 1: लगा। लगा। ठोक है।"
39,"खास गाड़ी नहीं है, लेबर चले गए। हम उनसे पूछेंगे और संतलाल को बताएंगे कि हमें बता कर में गया हूं। तो कहता है हमको नहीं जानकारी है, हमको पता करो लेबर कहाँ है फिर नहीं है जानकारी तो। कहीं इतने सब पता करके बताता हूं और। आपका है वही। वह वाली कहाँ पर, सुने हैं। कहाँ हो? किस्मत हो बांडु तू क्या करेगा? लेगा पांडु? हां। गए? सुने तो है अनुभव, चल ऐसे औरत। हो कि संसलाल का भी तो मन ही कितना कितना पैसे दे तीन हज़ार पहले भी है। तीन हज़ार ठीक है। फिर पैंतीस सौ भी हैं। तीन हज़ार पैंतीस सौ तो थोड़ा साड़े चार हज़ार। छह अड़सठ सौ पर भी हैं। पैसे साढ़े छह हज़ार तो छह छह बारह। अड़सठ छह आठ जुड़े ठीक है ना। एक मिनट एक मिनट बारह हज़ार यह हो गया, पांच तेरह सात हज़ार तीन सौ। यह टोटल जोड़ना था ना जो आंसर तो ही। सॉरी सात हज़ार कह सौ। तीन हज़ार प्लस पैंतीस तो है ना, फिर उसके बाद संसलाल को और पैसे दिए गए हैं और कहाँ दिए गए हैं? फिर दिए तुम, दो हज़ार दिए एक बार ना। फिर संसलाल को दो हज़ार और दिया गया। ना, फिर एक बार राशन के। और फिर दिया गया, कैसे हम जानते हैं? राशन के लिए, दो हज़ार एक बार और दिए हैं शायद। अब इतने हमरे में इतने दिखा रहा होगा नहीं, याद जा रहा कहाँ ट्रांसेक्शन के हैं। हां इतने दे हैं ना कौन दे। सत्रह हज़ार तीन सौ रुपया दिया होगा ना। योगेश का है पंद्रह हज़ार। पंद्रह कितना वन रहे हैं? दो ही दो ही दो ही हज़ार दो बार की दिया है। यह चौदह तारीख का दिया है। दो दो हज़ार रुपया दो बार के दिन का है शायद, हां तो। दो दो बार दिहन का, हां। दो हज़ार रुपया दो बार दिहन का। चार हज़ार की है है क्या? चार हज़ार। रुपया, नहीं। नहीं। एक हज़ार रुपया हुआ है एक और दो हज़ार है ना सत्रह तीन सौ में। अब बताओ काम वह कितना की है इसके? काम करे है या चौबीस सौ साठ मीटर तक है तो पांच मिनट हां बात करो। कहाँ हो सुनील? हेलो। हां सर, कहाँ हो? गांव जा रहा हूं सर। गांव जा रहे हो तो किसी को बताए हो? नहीं सर, तो बता तो नहीं हो, किसी को सर बाकी हमारे थोड़ा एमरजेंसी अरेंज फोन आ गया, बहुत एमरजेंसी इसीलिए मैं चल दिया जा रहा हूं ना। और बाकी लेबर? बाल्टी लेबर बाकी लेबर सब जा रहे हैं इसीलिए ना एक ही घर में सब प्रोब्लम फंस गया है ना इसलिए सब जा रहे हैं। क्या? हो गया, है घर में सब कुछ? अरे कुछ थोड़ा मतलब परेशानी हो गया है ना इसलिए जा रहे हैं थोड़ा यह मतलब यह बहुत अर्जेंट है ना इसलिए। फिर तो लौट, कब आओगे लौट? के? फिर बस यह बीस पच्चीस तीस तारीख को वापस लौटेंगे, बीस तारीख को। बीस पच्चीस कि तीस? पच्चीस तारीख को, पच्चीस को आओगे? हां सर। फिर हम। अभी अभी तो हमसे बोल रहे थे कि अगले महीने आऐंगे। आऐंगे, यह बोला था सर, हम थोड़ी बोले शाम को पहुंचा रहा हूं तो सुनील बोल रहा हूं ना। तुम्हारे ग्रुप में कोई बोल रहा था, तुम्हारे नंबर से बात हुई थी। सर बोल रहा हूं तो सर हम तो सोच रहे हैं आप लोग। अरे। यह बताओ। सर हम लोग, तुम, मास्टर साहब, से पैसे लिए हो कि किसी से बताया कि पैसे लिए हो? सर पैसे किसी से नहीं लिया हूं, सामान मतलब खाए पिए हैं मतलब पैसे देखो, किसी से नहीं लिया हूं। वही बात है, वह बोल रहे थे कि हमारे दुकान से सामान लिए हैं और हमसे कैश भी लिए हैं। नहीं सर, बात कराइए कैश लिया होता तो फिर हम बताओ कैश देते हैं तब तो दुकान का। दुकान का कितना पैसा था? दुकान का कितना पैसा? साढ़े एक हज़ार रुपया रहा था। साढ़े एक हज़ार? हां, एक हज़ार रुपया है मतलब एक हज़ार पचास रुपये? हां हां मतलब एक हज़ार पचास रुपये है मतलब कि नौ सामान है, हम कहा भी कि हम जा रहा हूं गांव तो तुमको पैसे हम में डलवा दूंगा नंबर तो तो कह रहे हैं नई विश्वास नहीं है। हम कहे ठीक है भाई नई विश्वास है तो सामान रख लो भाई तो रख लो भाई तो फिर हम पैसे डलवाएंगे तो दे देने का सामान है मेरे ठेकेदार को भाई। कौन सा सामान रखा है? फरसी गई थी मतलब फरसी वह। तुम्हारे उससे कटेगा। हम पहले में से कटेगा तो हो रहे हैं ठीक है भाई तो हम भरेंगे तो भाई वहां तो फिर मतलब बाय मैं... अंकल जी उसको फोन कर दूंगा तो अंकल जी हमारे घर भय जाएंगे सामान को और क्या?? फिर हमारे काम कर। रहा हूं। चलो, ठीक है तो फिर। कोई बात नहीं। लौटकर कब आओगे? बस यह बीस तारीख भरे में पच्चीस पच्चीस तारीख को मैं... चलाऊंगा यह तेईस तारीख या चौबीस तारीख तो मेरा बरात है। अच्छा दुबारा शादी करने हो? दुबारा शादी नहीं मतलब दूसरा के मतलब गांव घर के हो मतलब। क्या? दुबारा शादी वादी नहीं करना बहुत बार पड़ती है। अरे अरे अरे दुबारा मेरा अभी पहले ही नहीं हुआ है तो हम दुबारा कहाँ पर करूंगा, अच्छा अच्छा तो दूसरे का कर रहे हो क्या? वही तो नहीं कर रहा हूँ अभी पहली बात तो हुई नहीं कहाँ समय दूसरा करूँगा। यह सब नहीं करना है बहुत मार पड़ती है बताय दे रहा हूँ पे नहीं करना मुझको। पता है हमको भी पता है सर पता है। ठीक है तो मैं... कब मानूं पच्चीस को आओगे आप उससे? हां हां हां। चलो, ठीक है। ठीक है, ठीक है।","Speaker 1: खास गाड़ी नहीं है, लेबर चले गए। हम उनसे पूछेंगे और संतलाल को बताएंगे कि हमें बता कर में गया हूं।
Speaker 2: तो कहता है हमको नहीं जानकारी है, हमको पता करो लेबर कहाँ है फिर नहीं है जानकारी तो।
Speaker 1: कहीं इतने सब पता करके बताता हूं और। आपका है वही।
Speaker 2: वह वाली कहाँ पर, सुने हैं। कहाँ हो?
Speaker 1: किस्मत हो बांडु तू क्या करेगा? लेगा पांडु?
Speaker 2: हां। गए? सुने तो है अनुभव, चल ऐसे औरत।
Speaker 1: हो कि संसलाल का भी तो मन ही कितना कितना पैसे दे तीन हज़ार पहले भी है।
Speaker 2: तीन हज़ार ठीक है। फिर पैंतीस सौ भी हैं।
Speaker 1: तीन हज़ार पैंतीस सौ तो थोड़ा साड़े चार हज़ार।
Speaker 2: छह अड़सठ सौ पर भी हैं। पैसे साढ़े छह हज़ार तो छह छह बारह।
Speaker 1: अड़सठ छह आठ जुड़े ठीक है ना। एक मिनट एक मिनट बारह हज़ार यह हो गया, पांच तेरह सात हज़ार तीन सौ।
Speaker 2: यह टोटल जोड़ना था ना जो आंसर तो ही।
Speaker 1: सॉरी सात हज़ार कह सौ। तीन हज़ार प्लस पैंतीस तो है ना, फिर उसके बाद संसलाल को और पैसे दिए गए हैं और कहाँ दिए गए हैं?
Speaker 2: फिर दिए तुम, दो हज़ार दिए एक बार ना।
Speaker 1: फिर संसलाल को दो हज़ार और दिया गया। ना, फिर एक बार राशन के।
Speaker 2: और फिर दिया गया, कैसे हम जानते हैं? राशन के लिए, दो हज़ार एक बार और दिए हैं शायद।
Speaker 1: अब इतने हमरे में इतने दिखा रहा होगा नहीं, याद जा रहा कहाँ ट्रांसेक्शन के हैं।
Speaker 2: हां इतने दे हैं ना कौन दे। सत्रह हज़ार तीन सौ रुपया दिया होगा ना।
Speaker 1: योगेश का है पंद्रह हज़ार। पंद्रह कितना वन रहे हैं?
Speaker 2: दो ही दो ही दो ही हज़ार दो बार की दिया है। यह चौदह तारीख का दिया है।
Speaker 1: दो दो हज़ार रुपया दो बार दिहन का, हां। दो हज़ार रुपया दो बार दिहन का।
Speaker 2: चार हज़ार की है है क्या? चार हज़ार।
Speaker 1: रुपया, नहीं। नहीं। एक हज़ार रुपया हुआ है एक और दो हज़ार है ना सत्रह तीन सौ में।
Speaker 2: अब बताओ काम वह कितना की है इसके? काम करे है या चौबीस सौ साठ मीटर तक है तो पांच मिनट हां बात करो।
Speaker 1: कहाँ हो सुनील? हेलो।
Speaker 2: हां सर, कहाँ हो? गांव जा रहा हूं सर।
Speaker 1: गांव जा रहे हो तो किसी को बताए हो?
Speaker 2: नहीं सर, तो बता तो नहीं हो, किसी को सर बाकी हमारे थोड़ा एमरजेंसी अरेंज फोन आ गया, बहुत एमरजेंसी इसीलिए मैं चल दिया जा रहा हूं ना।
Speaker 1: और बाकी लेबर? बाल्टी लेबर बाकी लेबर सब जा रहे हैं इसीलिए ना एक ही घर में सब प्रोब्लम फंस गया है ना इसलिए सब जा रहे हैं।
Speaker 2: क्या? हो गया, है घर में सब कुछ? अरे कुछ थोड़ा मतलब परेशानी हो गया है ना इसलिए जा रहे हैं थोड़ा यह मतलब यह बहुत अर्जेंट है ना इसलिए।
Speaker 1: फिर तो लौट, कब आओगे लौट? के? फिर बस यह बीस पच्चीस तीस तारीख को वापस लौटेंगे, बीस तारीख को।
Speaker 2: बीस पच्चीस कि तीस? पच्चीस तारीख को, पच्चीस को आओगे? हां सर।
Speaker 1: फिर हम। अभी अभी तो हमसे बोल रहे थे कि अगले महीने आऐंगे। आऐंगे, यह बोला था सर, हम थोड़ी बोले शाम को पहुंचा रहा हूं तो सुनील बोल रहा हूं ना।
Speaker 2: तुम्हारे ग्रुप में कोई बोल रहा था, तुम्हारे नंबर से बात हुई थी। सर बोल रहा हूं तो सर हम तो सोच रहे हैं आप लोग।
Speaker 1: अरे। यह बताओ। सर हम लोग, तुम, मास्टर साहब, से पैसे लिए हो कि किसी से बताया कि पैसे लिए हो?
Speaker 2: सर पैसे किसी से नहीं लिया हूं, सामान मतलब खाए पिए हैं मतलब पैसे देखो, किसी से नहीं लिया हूं।
Speaker 1: वही बात है, वह बोल रहे थे कि हमारे दुकान से सामान लिए हैं और हमसे कैश भी लिए हैं।
Speaker 2: नहीं सर, बात कराइए कैश लिया होता तो फिर हम बताओ कैश देते हैं तब तो दुकान का।
Speaker 1: दुकान का कितना पैसा था? दुकान का कितना पैसा?"
40,"स्पीकर १: हां चल तो लाल जो दूसरा आदमी ना
स्पीकर २: भेजी। हां बात। कर ही थी। कहाँ लोग। किस्मत से खराब।
स्पीकर १: जोड़ा काम जोड़ा था थोड़ा सा।
स्पीकर २: हां काम जोड़ा था हम नहीं। है ना।
स्पीकर १: हां एक सौ चौबीस।
स्पीकर २: एक मिनट एक मिनट एक मिनट।
स्पीकर १: हां। प्लस साठ प्लस नब्बे
स्पीकर २: और?
स्पीकर १: इतने पाइप दिल्ली हैं अब आगे गड्ढा कितना खुदा हैं वह के बारे में जानकारी नहीं। हैं। दस मीटर दस मीटर और खुदा हुई। गड्ढा मैक्सिमम।
स्पीकर २: दो सौ चौरासी दो
स्पीकर १: सौ चौरासी
स्पीकर २: गुणा पचास पचास चौदह दो एक सौ
स्पीकर १: चौदह दो
स्पीकर २: एक सौ सत्रह तीन सौ का दे चुका है। सत्रह तीन सौ में धोने वाले तीन हज़ार हुआ माइनस वही है ना।
स्पीकर १: तीन कह गए पंद्रह सौ ना?
स्पीकर २: अभी तीन हज़ार हुआ लेबर के बुलाए
स्पीकर १: वाला? लेबर ही वाला ना तो दस आदमी कहाँ आए रहे हम?
स्पीकर २: सात आदमी को हमसे तीन हज़ार ले रहा।
स्पीकर १: सात ले रहा तुम्हारे लिए। तो सात नहीं। रहता पांच रहे हैं।
स्पीकर २: हो यह तो अगर वह तीन हज़ार माइनस के देखिए, सौ रुपया हुआ हम पहले लिए।। हां। एक हज़ार यह लगेगा तो इस वक्त और वह लगेगा।
स्पीकर १: कल एक हज़ार अच्छा
स्पीकर २: यह। दो सौ बोला गया। एक हज़ार बताई तो एक हज़ार पचास हुआ।
स्पीकर १: एक हज़ार पचास
स्पीकर २: सौ नहीं।।
स्पीकर १: और सामान रखिए मां होकर दिक्कत नहीं। है आप। हां। सामान तो हो यह कहती परवाह रहे हैं। तो चार सौ कहती है आवती डेढ़ सौ का फरुवा आवत है। हां। साढ़े साढ़े पांच सौ रुपए के आवत है मान लो पांच सत्रह सात पांच सत्रह
स्पीकर २: तो है यार समझ में आवा काहे काहे काहे काहे काहे काहे काहे काहे काहे काहे काहे काहे काहे काहे काहे काहे काहे काहे काहे काहे काहे काहे काहे काहे काहे काहे काहे काहे काहे काहे काहे काहे काहे काहे काहे काहे काहे काहे काहे काहे काहे काहे काहे काहे काहे काहे काहे काहे काहे काहे काहे काहे काहे काहे काहे काहे काहे काहे काहे काहे काहे काहे काहे काहे काहे काहे काहे काहे काहे काहे काहे काहे काहे काहे काहे काहे काहे काहे काहे काहे काहे काहे काहे काहे काहे काहे काहे काहे काहे काहे काहे काहे काहे काहे काहे काहे काहे काहे काहे काहे काहे काहे काहे काहे काहे काहे काहे काहे काहे काहे काहे काहे काहे काहे काहे काहे काहे काहे काहे काहे काहे काहे काहे काहे काहे काहे काहे काहे काहे काहे काहे काहे काहे काहे काहे काहे काहे काहे काहे काहे काहे काहे काहे काहे काहे काहे काहे काहे काहे काहे काहे काहे काहे काहे काहे काहे काहे काहे काहे काहे काहे काहे काहे काहे काहे काहे काहे काहे काहे काहे काहे काहे काहे काहे काहे काहे काहे काहे काहे काहे काहे काहे काहे काहे काहे काहे काहे काहे काहे काहे काहे काहे काहे काहे काहे काहे काहे काहे काहे काहे काहे काहे काहे काहे काहे काहे काहे काहे काहे काहे काहे काहे काहे काहे काहे काहे काहे काहे काहे काहे काहे काहे काहे काहे काहे काहे काहे काहे काहे काहे काहे काहे काहे काहे काहे काहे काहे काहे काहे काहे काहे काहे काहे काहे काहे काहे काहे काहे काहे काहे काहे काहे काहे काहे काहे काहे काहे काहे काहे काहे काहे काहे काहे काहे काहे काहे काहे काहे काहे काहे काहे काहे काहे काहे काहे काहे काहे काहे काहे काहे काहे काहे काहे काहे काहे काहे काहे काहे काहे काहे काहे काहे काहे काहे काहे काहे काहे काहे काहे काहे काहे काहे काहे काहे काहे काहे काहे काहे काहे काहे काहे काहे काहे काहे काहे काहे काहे काहे काहे काहे काहे काहे काहे काहे काहे काहे काहे काहे काहे काहे काहे काहे काहे काहे काहे काहे काहे काहे काहे काहे काहे काहे काहे काहे काहे काहे काहे काहे काहे काहे काहे काहे काहे काहे काहे काहे काहे काहे काहे काहे काहे काहे काहे काहे काहे काहे काहे काहे काहे काहे काहे काहे काहे काहे काहे काहे काहे काहे काहे काहे काहे काहे काहे काहे काहे काहे काहे काहे काहे काहे काहे काहे काहे काहे काहे काहे काहे काहे काहे काहे काहे काहे काहे काहे काहे काहे काहे काहे काहे काहे काहे काहे काहे काहे काहे काहे काहे काहे काहे काहे काहे काहे काहे काहे काहे काहे काहे काहे काहे काहे काहे काहे काहे काहे काहे काहे काहे काहे काहे काहे काहे काहे काहे काहे काहे काहे काहे काहे काहे काहे काहे काहे काहे काहे काहे काहे काहे काहे काहे काहे काहे काहे काहे काहे काहे काहे काहे काहे काहे काहे काहे काहे काहे काहे काहे काहे काहे काहे काहे काहे काहे काहे काहे काहे काहे काहे काहे काहे काहे काहे काहे काहे काहे काहे काहे काहे काहे काहे काहे काहे काहे काहे काहे काहे काहे काहे काहे काहे काहे काहे काहे काहे काहे काहे काहे काहे काहे काहे काहे काहे काहे काहे काहे काहे काहे काहे काहे काहे काहे काहे काहे काहे काहे काहे काहे काहे काहे काहे काहे काहे काहे काहे काहे काहे काहे काहे काहे काहे काहे काहे काहे काहे काहे काहे काहे काहे काहे काहे काहे काहे काहे काहे काहे काहे काहे काहे काहे काहे काहे काहे काहे काहे काहे काहे काहे काहे काहे काहे काहे काहे काहे काहे काहे काहे काहे काहे काहे काहे काहे काहे काहे काहे काहे काहे काहे काहे काहे काहे काहे काहे काहे काहे काहे काहे काहे काहे काहे काहे काहे काहे काहे काहे काहे काहे काहे काहे काहे काहे काहे काहे काहे काहे काहे काहे काहे काहे काहे काहे काहे काहे काहे काहे काहे काहे काहे काहे काहे काहे काहे काहे काहे काहे काहे काहे काहे काहे काहे काहे काहे काहे काहे काहे काहे काहे काहे काहे काहे काहे काहे काहे काहे काहे काहे काहे काहे काहे काहे काहे काहे काहे काहे काहे काहे काहे काहे काहे काहे काहे काहे काहे काहे काहे काहे काहे काहे काहे काहे काहे काहे काहे काहे काहे काहे काहे काहे काहे काहे काहे काहे काहे काहे काहे काहे काहे काहे काहे काहे काहे काहे काहे काहे काहे काहे काहे काहे काहे काहे काहे काहे काहे काहे काहे काहे काहे काहे काहे काहे काहे काहे काहे काहे काहे काहे काहे काहे काहे काहे काहे काहे काहे काहे काहे काहे काहे काहे काहे काहे काहे काहे काहे काहे काहे काहे काहे काहे काहे काहे काहे काहे काहे काहे काहे काहे काहे काहे काहे काहे काहे काहे काहे काहे काहे काहे काहे काहे काहे काहे काहे काहे काहे काहे काहे काहे काहे काहे काहे काहे काहे काहे काहे काहे काहे काहे काहे काहे काहे काहे काहे काहे काहे काहे काहे काहे काहे काहे काहे काहे काहे काहे काहे काहे काहे काहे काहे काहे काहे काहे काहे काहे काहे काहे काहे काहे काहे काहे काहे काहे काहे काहे काहे काहे काहे काहे काहे काहे काहे काहे काहे काहे काहे काहे काहे काहे काहे काहे काहे काहे काहे काहे काहे काहे काहे काहे काहे काहे काहे काहे काहे काहे काहे काहे काहे काहे काहे काहे काहे काहे काहे काहे काहे काहे काहे काहे काहे काहे काहे काहे काहे काहे काहे काहे काहे काहे काहे काहे काहे काहे काहे काहे काहे काहे काहे काहे काहे काहे काहे काहे काहे काहे काहे काहे काहे काहे काहे काहे काहे काहे काहे काहे काहे काहे काहे काहे काहे काहे काहे काहे काहे काहे काहे काहे काहे काहे काहे काहे काहे काहे काहे काहे काहे काहे काहे काहे काहे काहे काहे काहे काहे काहे काहे काहे काहे काहे काहे काहे काहे काहे काहे काहे काहे काहे काहे काहे काहे काहे काहे काहे काहे काहे काहे काहे काहे काहे काहे काहे काहे काहे काहे काहे काहे काहे काहे काहे काहे काहे काहे काहे काहे काहे काहे काहे काहे काहे काहे काहे काहे काहे काहे काहे काहे काहे काहे काहे काहे काहे काहे काहे काहे काहे काहे काहे काहे काहे काहे काहे काहे काहे काहे काहे काहे काहे काहे काहे काहे काहे काहे काहे काहे काहे काहे काहे काहे काहे काहे काहे काहे काहे काहे काहे काहे काहे काहे काहे काहे काहे काहे काहे काहे काहे काहे काहे काहे काहे काहे काहे काहे काहे काहे काहे काहे काहे काहे काहे काहे काहे काहे काहे काहे काहे काहे काहे काहे काहे काहे काहे काहे काहे काहे काहे काहे काहे काहे काहे काहे काहे काहे काहे काहे काहे काहे काहे काहे काहे काहे काहे काहे काहे काहे काहे काहे काहे काहे काहे काहे काहे काहे काहे काहे काहे काहे काहे काहे काहे काहे काहे काहे","Speaker 1: हां चल तो लाल जो दूसरा आदमी ना
Speaker 2: भेजी। हां बात। कर ही थी। कहाँ लोग। किस्मत से खराब।
Speaker 1: जोड़ा काम जोड़ा था थोड़ा सा।
Speaker 2: हां काम जोड़ा था हम नहीं। है ना।
Speaker 1: हां एक सौ चौबीस।
Speaker 2: एक मिनट एक मिनट एक मिनट।
Speaker 1: हां। प्लस साठ प्लस नब्बे
Speaker 2: और?
Speaker 1: इतने पाइप दिल्ली हैं अब आगे गड्ढा कितना खुदा हैं वह के बारे में जानकारी नहीं। हैं। दस मीटर दस मीटर और खुदा हुई। गड्ढा मैक्सिमम।
Speaker 2: दो सौ चौरासी दो
Speaker 1: सौ चौरासी
Speaker 2: गुणा पचास पचास चौदह दो एक सौ
Speaker 1: चौदह दो
Speaker 2: एक सौ सत्रह तीन सौ का दे चुका है। सत्रह तीन सौ में धोने वाले तीन हज़ार हुआ माइनस वही है ना।
Speaker 1: तीन कह गए पंद्रह सौ ना?
Speaker 2: अभी तीन हज़ार हुआ लेबर के बुलाए
Speaker 1: वाला? लेबर ही वाला ना तो दस आदमी कहाँ आए रहे हम?
Speaker 2: सात आदमी को हमसे तीन हज़ार ले रहा।
Speaker 1: सात ले रहा तुम्हारे लिए। तो सात नहीं। रहता पांच रहे हैं।
Speaker 2: हो यह तो अगर वह तीन हज़ार माइनस के देखिए, सौ रुपया हुआ हम पहले लिए।। हां। एक हज़ार यह लगेगा तो इस वक्त और वह लगेगा।
Speaker 1: कल एक हज़ार अच्छा
Speaker 2: यह। दो सौ बोला गया। एक हज़ार बताई तो एक हज़ार पचास हुआ।
Speaker 1: एक हज़ार पचास
Speaker 2: सौ नहीं।।
Speaker 1: और सामान रखिए मां होकर दिक्कत नहीं। है आप। हां। सामान तो हो यह कहती परवाह रहे हैं। तो चार सौ कहती है आवती डेढ़ सौ का फरुवा आवत है। हां। साढ़े साढ़े पांच सौ रुपए के आवत है मान लो पांच सत्रह सात पांच सत्रह"
41,"हां गुरुजी जी बताओ, यह कहे फिर फ्री होकर लगाया था, फिर फ्री है कहाँ रहा। अब यह कहे बात, थी यार? फोन की ही तो उठा जाएंगे, मतलब फ्री ही ना हो, फ्री होए तो निश्चय ही बोली कि फ्री नहीं। आयान, क्या? करें, क्या? यह तो करेगा बाहर, अब आगे क्या? करें, क्या? बताओ? साइट वैसे ही देख के मैनुअली टाइप से कि जो ट्यूशन रहे हैं, जैसे भी ट्रेन चल रहे हैं, एक तो वह साइड देखे वह सब, तू सब देखा, हां? तो सब देखा तुम, मंथन करा, थोड़ा मेहनत लगेंगी। आपका तीन दिन जब भी तुम्हारे पास लेबर नहीं है तो घर में मरते हैं, थोड़ा हवा खाने के बारे में सोचो, टाइम भी कर दो।
और दौड़ दौड़ के डेटा कलेक्ट करो, कि तुम, अगर तुमको टिन्चर मिल जाए तो तुम, कितना काम कर सकते हो? मैनुअली कितना काम कर सकते हो, है ना? पूरा एक मतलब जितना डेटा तुम्हारे ऊपर लगी ना हो एक का घात है, अभिषेक, उससे ज़्यादा डेटा तो होने रखे, हो जाइए। इससे या संतलाल से तो मैं अपडेट? संतलाल से भी कोई अपडेट नहीं है, संतलाल का पहुंच गई ड्यूटी मत फिर लगाई, नहीं, नहीं, अगर कौन सा भेजी सुजीत कहाँ करीब? कुछ नहीं, की सभी, कुछ नहीं, की ऐसा है, ना ही वह हमको कोई ना अपडेट दी ऐसा है।
शंभु अभी शिकारी ज़रूर लगावत रहा था, नहीं, बात कर पाना है, शंभु कल कॉलबैक कर ही थी देखे देखा है, शंभु हैं? शंभु कहाँ लगाए थे एक बार फिर, शंभु से तू बात कर ले, देखा तो हां बात, वन सके, तो बेहतर है, है ना? ठीक है? और कुछ हो तो बताओ नहीं, रहा हैं या जाए कि थोड़ा पहले एट लीस्ट यह क्लियर कर ले कि थोड़ा काम कितनी नहीं करवा रहे हैं, सबसे ज़रूरी चीज़ है, है ना? फिर वही बताओ आपसे बताई क्या?? परेशान ना हो होगा है ही वह दूसरे तरीके से हुई, बस यह है, है ना? ठीक।
हां प्रणाम, अरे कहाँ, हल्ला बढ़ा दिया है, घर में कुछ एमबीबीएस है, कुछ कुछ कानून से, ओके सिर, चलिए, ग्राउंड में मेहनत करे पड़ी ना वह तो इनका कहे कि जहां मेहनत करें, बैठाए ना घरे, मां, खूब मेहनत कहीं मैं, कहाँ जाऊं ना मैं, आएं? कहाँ से भाई उधर में यहाँ तो इनका मेहनते करके भाई ना आएं वहां।
हां तो जाएँ, दौड़े फील्ड में घूमें से अगली जानकारी लें, फिर बताओ मैं, तो उन्हीं हिसाब से आगे की प्लानिंग बता ही, थे हां, हां, यह यहाँ है कि बरसात के पहले कई इतने काम खींच देते थे खींच गई बरसात में ठप्पा ही पूरा, किसान साहब, जो हैं दो है ले के, तो ऐसे बरसात में तो टोटल बंदे रही, दो महीने के बीच में टाइम है दो महीने में।
जितना कहीं से खत्म हो सही है? जी तो ना हां कर दो, ठीक है।","Speaker 1: हां गुरुजी जी बताओ, यह कहे फिर फ्री होकर लगाया था, फिर फ्री है कहाँ रहा।
Speaker 2: अब यह कहे बात, थी यार? फोन की ही तो उठा जाएंगे, मतलब फ्री ही ना हो, फ्री होए तो निश्चय ही बोली कि फ्री नहीं।
Speaker 1: आयान, क्या? करें, क्या? यह तो करेगा बाहर, अब आगे क्या? करें, क्या? बताओ?
Speaker 2: साइट वैसे ही देख के मैनुअली टाइप से कि जो ट्यूशन रहे हैं, जैसे भी ट्रेन चल रहे हैं, एक तो वह साइड देखे वह सब, तू सब देखा, हां?
Speaker 1: तो सब देखा तुम, मंथन करा, थोड़ा मेहनत लगेंगी। आपका तीन दिन जब भी तुम्हारे पास लेबर नहीं है तो घर में मरते हैं, थोड़ा हवा खाने के बारे में सोचो, टाइम भी कर दो।
Speaker 2: और दौड़ दौड़ के डेटा कलेक्ट करो, कि तुम, अगर तुमको टिन्चर मिल जाए तो तुम, कितना काम कर सकते हो? मैनुअली कितना काम कर सकते हो, है ना?
Speaker 1: पूरा एक मतलब जितना डेटा तुम्हारे ऊपर लगी ना हो एक का घात है, अभिषेक, उससे ज़्यादा डेटा तो होने रखे, हो जाइए। इससे या संतलाल से तो मैं अपडेट?
Speaker 2: संतलाल से भी कोई अपडेट नहीं है, संतलाल का पहुंच गई ड्यूटी मत फिर लगाई, नहीं, नहीं, अगर कौन सा भेजी सुजीत कहाँ करीब?
Speaker 1: कुछ नहीं, की सभी, कुछ नहीं, की ऐसा है, ना ही वह हमको कोई ना अपडेट दी ऐसा है।
Speaker 2: शंभु अभी शिकारी ज़रूर लगावत रहा था, नहीं, बात कर पाना है, शंभु कल कॉलबैक कर ही थी देखे देखा है, शंभु हैं?
Speaker 1: शंभु कल कॉलबैक कर ही थी देखे देखा है, शंभु से तू बात कर ले, देखा तो हां बात, वन सके, तो बेहतर है, है ना?
Speaker 2: ठीक है? और कुछ हो तो बताओ नहीं, रहा हैं या जाए कि थोड़ा पहले एट लीस्ट यह क्लियर कर ले कि थोड़ा काम कितनी नहीं करवा रहे हैं, सबसे ज़रूरी चीज़ है, है ना?
Speaker 1: फिर वही बताओ आपसे बताई क्या?? परेशान ना हो होगा है ही वह दूसरे तरीके से हुई, बस यह है, है ना? ठीक।
Speaker 2: हां प्रणाम, अरे कहाँ, हल्ला बढ़ा दिया है, घर में कुछ एमबीबीएस है, कुछ कुछ कानून से, ओके सिर, चलिए, ग्राउंड में मेहनत करे पड़ी ना वह तो इनका कहे कि जहां मेहनत करें, बैठाए ना घरे, मां, खूब मेहनत कहीं मैं, कहाँ जाऊं ना मैं, आएं?
Speaker 1: कहाँ से भाई उधर में यहाँ तो इनका मेहनते करके भाई ना आएं वहां।
Speaker 2: हां तो जाएँ, दौड़े फील्ड में घूमें से अगली जानकारी लें, फिर बताओ मैं, तो उन्हीं हिसाब से आगे की प्लानिंग बता ही, थे हां, हां, यह यहाँ है कि बरसात के पहले कई इतने काम खींच देते थे खींच गई बरसात में ठप्पा ही पूरा, किसान साहब, जो हैं दो है ले के, तो ऐसे बरसात में तो टोटल बंदे रही, दो महीने के बीच में टाइम है दो महीने में।
Speaker 1: जितना कहीं से खत्म हो सही है? जी तो ना हां कर दो, ठीक है।"
42,"स्पीकर 1: कहाँ आया भाई?
स्पीकर 2: हम तो घर हैं में।
स्पीकर 1: बोलो, कहाँ है हाल-चाल?
स्पीकर 2: अभिषेक को फोन लगाया रहा।
स्पीकर 1: बह, हां, एक बार।
स्पीकर 2: जमा करवा ली कि हमको बीसरू करना जाए। हां, हम कहे, हम कहे न जमा करवा दे, जमा करवा दे। हमको पैसे। बह नहीं। है। बीमार करवा दी पैसे जब हुई। तो फिर दे जब सीमेंट वगैरह ही था।
स्पीकर 1: हां।
स्पीकर 2: कैसे हो ही गए तो नहीं। तो हम हम छह सौ हम लिखवाए दे लाए।
स्पीकर 3: हां तो
स्पीकर 1: ही तो आइए इससे हां। छह तो है ही नहीं। है कहाँ से लिखवा दी?
स्पीकर 2: 5 के ऊपर?
स्पीकर 1: आई के ऊपर छह तो नहीं। है तो कहाँ से लिखवा दी? 5 के ऊपर तो साढ़े सात सौ हुआ ना?
स्पीकर 2: साढ़े सात सौ कहाँ मिल रहे हैं? कहे तो बता रहे हैं हमें। कहाँ नहीं। मिले रहा प्रॉपर हुआ।
स्पीकर 1: अरे तो एक आध जगह नहीं। मिले दस पांच मीटर में वहां तो आप पूरे में लिखवा दीजिए। ऐसे ही जगह। भाई का ही मीटर मत वहां ऐसा रहा जहां नहीं। मिले।
स्पीकर 2: और पिता जी से पूछा तो पिता जी कहने के सात सौ तक मिले हैं। हां
स्पीकर 1: पाइप तो सात सौ मिले हैं ना? हां। तो बस बहुत है पाइप को सात सौ लिख के ना क्या? दिक्कत है भई?
स्पीकर 2: 5 में सात सौ तक है ना?
स्पीकर 1: हां पाइप को सात साढ़े सात सौ तो लिखवाओ ना कोई दिक्कत नहीं। है।
स्पीकर 2: अच्छा सन का दिक्कत है
स्पीकर 1: जी। छसन का सीमेंट होगी। सीमेंट
स्पीकर 2: पर ना है ना रख देंगे।?
स्पीकर 1: सीमेंट के लिए। कम से कम सात साढ़े सात सौ चाहिए। तो बड़ी राजनीति है आज। अंदर सिस्टम के अंदर जितना भी गुस्सा चल रहे हैं। मुझसे पता चल रहे हैं। कि हर आदमी सिस्टम है गुस्सा।
स्पीकर 2: केक का पता चला?
स्पीकर 3: हां।
स्पीकर 2: बैकअप सब बना
स्पीकर 1: हुआ था।
स्पीकर 2: एक मिनट गुरु यार। फोन
स्पीकर 3: लगाते हैं ना। हेलो?
स्पीकर 2: बोलो
स्पीकर 1: बोलो। तो, हारमोनियम बजा रहे हैं। बढ़िया? घूम फिर लेते हैं। अरे हो भैया अंदर अरे हो
स्पीकर 2: भैया अंदर अरे
स्पीकर 1: हो भैया तुम, तो यह समझ ले तुम, तो मेहनत करे पड़ी गुरु या मैं। काम कर दे दस बजे।, नौ बजे। घर ही रुक, कागज़ अब बड़ा कठिन हो ही गुरु। यह सोच तुम, समझ लो।
स्पीकर 2: ठीक है ना, थोड़ा सा हेल्प करवा देना। निकाल। करवा दो।
स्पीकर 1: यार चीज़ को समझा कि नहीं। ग्रुप करना पड़ता है भाई भैया। उसको कोई दिक्कत नहीं। है।
स्पीकर 2: ठीक है ना।
स्पीकर 1: मतलब ऐसा नहीं। कि तुम, का खुश करे के लिए। नहीं। वह हमारे नेचर में ले आप। नहीं। तो हो पाएगा।
स्पीकर 2: खुश करे तो क्या? करा हम?
स्पीकर 1: हां, कि हमसे झूठ बोल दे कि नहीं। कहोगे, साइड में है नहीं। आएगा वहां, तो वहां स्वभाव ले आओ। नहीं। तू कल कहे कि बोलता है खेलते थे ऐसे हम सब बोल दी है ये सब कोई ये गलत बात। आंटी तक मेहनत कर के तब सच बोल गया। ऐसा कुछ। वो तो नहीं। सब बोली क्या?, सही है। सब ठीक ठाक।
स्पीकर 2: और अब वेबसाइट पहुंचकर बताओ फिर। जो भी मिलता हूं। ठीक है ना। एक पहुंच के बताए थे। यह बताए कि ना पिताजी वह छह सौ इक्क़ी मीटर तक आबरा लगभग? कितने सात सौ में रहा लगभग यह? हां। गांव सोनल से। गांव सोनल से नापल रहा जाने के कहने के खेत रहे हैं। कैसे लापता डाउन सोलर से ना पढ़ रहे हैं, मतलब दोनों के बराबर से ना पंचायत? हेलो,
स्पीकर 1: चोखा हम काहे डाउन शोल्डर लापे देख रहे हैं?
स्पीकर 2: ऐसे डाउनस ऑर्डर्स से नापे थे। ऐसा जगह लेता हूं
स्पीकर 1: मैं। नहीं। लेता हूं तो काहे नापे भाई तुम, क्या? बताओ? कभी भी एक साइड की लेवल ली जा सकती है। लेवल जब लींगी तो दोनों को कहीं ना ले जाएगी।
स्पीकर 2: कब ना तू
स्पीकर 1: एवरेज ले लेगा। कैसा ले लेगा? नहीं।
स्पीकर 2: नहीं। समझते। मान लो एक एक युवा है रास्ता हवा समझ रहे है ना लेडी है बल्कि रास्ता पकड़ रही रास्ता ऊपर रहती है ना। जो इधर हम खेत की साइड से करे है अब। तवा जैसे यह वाला साइड ऊपर उठा हवा।
स्पीकर 1: साइड नीचे है?
स्पीकर 2: साइड नीचे
स्पीकर 1: है। तो तू नीचे वाले का काहे लैब है, ऊपर वाले का काहे ना लैब है? कोई कारण है बॉम्बे के साथ...?
स्पीकर 2: कारण तो देखा जो नियम तो देखे कि खोजीन तो किए थे ना ना मुझे तो खोजीन नहीं। है।
स्पीकर 1: हम समझ ही गए हैं लेकिन एक लेवल तो हमको लेने पड़ी ना। हां। हमको वह बताओ? अम्मा और ले गए हैं ना?
स्पीकर 2: एक एक लेवल ऐसे ली थी ना खाली खेत एरिया वाला बाप।
स्पीकर 4: खेत एरिया वाला बात।
स्पीकर 1: हां या कहीं
स्पीकर 2: से नीचे देख लूं।
स्पीकर 1: एक से नाली खाने शुरू करते हैं। हां। मान लीजिए। मीन अबर खावर यह बराबर नहीं। है। हां। जस्ट ए
स्पीकर 2: मिनट।
स्पीकर 1: एक तेज़ से एक ट्रेन नीचे है तो काकू नीचे वाला लेवल है।
स्पीकर 2: नहीं। तो नाली उसे नहीं। है ना। समझते नहीं। लगा। बात। कि हम लोग। कहाँ से चिल्ला गए।
स्पीकर 3: काकूर से
स्पीकर 1: फोटो नहीं। होने लगी।
स्पीकर 2: बगल से रास्ता निकली है। फोटो नहीं। है अब साइट दिखे रहना है। तब ऐसा हल्ला है। हां। साइट से रास्ता क्या? जो ऑन रोड है जो उन पगडंडी रास्तों से सटा के खेत में खुद ही नहीं। पहुंचे। डाउन रोड बंदी हुई। है जो। पगडंडी हुई। जो रास्ता है हां। उसे खटाई एकदम खेती में नीचे खोद ही नहीं। पाए। हां। तो वह वाला वह नीति के खेत के हिसाब से ना पड़ रहे हैं। कि जो खुदाई वही है तो खेती के लेवल से वही है वह इंसान। आई पंचे ना पड़ रहे हैं तो ठे डंडी पगडंडी में रख रहे हैं, नीचे के खेतों में रख रहे हैं हम। वह के हिसाब से ना पड़ रहे हैं।
स्पीकर 1: तो क्या? समझा बेचा। रहे हैं हम समझ नहीं। पा रहे
स्पीकर 2: हैं। मैं। समझ ही पा रहा हूं। पगडंडी रास्ता है, ओके बगल में खेत है वह। वह। पगडंडी रास्ता के एकदम सटा की पंचे खोदी नहीं। एकदम पगडंडी रास्ता से सटा के खेतें खोदी नहीं। गए, ठीक है।
स्पीकर 1: खोदीन कहाँ खेतें खोदी नहीं। कि पगडंडी खोदी?
स्पीकर 2: पगडंडी से एकदम सटा के खेतें खोदी नहीं। खेत
स्पीकर 1: कहाँ लेवल देगा?
स्पीकर 2: हां।
स्पीकर 1: हां सब?
स्पीकर 2: भाई खेत लेवल है यह पंजे नापन रहे हैं बीच में लकड़ी रख के पकड़ंडी में रख के खेत मर के नापत रहे हैं।
स्पीकर 1: सही है फिर।
स्पीकर 2: तो फिर जब वह खेत में नापते हैं तो ओ गई जेल का पकड़ंडी उठी है भाई तो ओ के साथ... लेवल आठ सौ साढ़े आठ सौ मिलत रहे हैं। टोटल।
स्पीकर 1: हां।
स्पीकर 2: अब यह जो अभिषेक आबर साइड की पूरी मिट्टी हटवाकर एक एक खाली खेत के लेवल लेकर नहाती थी।
स्पीकर 1: वहां
स्पीकर 2: कहते कहीं घास नहीं। था वह दो बार रहा गेम वगैरह। अब सब पटाखे गया। कट गया।
स्पीकर 1: हां। गेम का एक
स्पीकर 2: लेवल होगा।
स्पीकर 1: हां। जो इधर पगडंडी जा रही होगी।
स्पीकर 2: हां
स्पीकर 1: हां। उसका एक लेवल होगा।
स्पीकर 2: हां हां।
स्पीकर 1: दोनों जो इधर खेत का जो लेवल है और जो इधर पगडंडी का जो लेवल है।
स्पीकर 3: ओ हो।
स्पीकर 1: उन दोनों के बीच में मिले कर क्या? तूने।, नापा?
स्पीकर 2: हां, ऐसा ना पीने। हां। दोनों खेत के लेवल में रखा देखा खेत के लेवल में तो ऐसा ना हो जा रहे हैं। जैसे पंजे खोदा रहे तो मिट्टी कैसे रखा जैसे खोद के रखत गए मिट्टी एक ऐसा रखत गए हां। ठीक है ना? हां। मिट्टी जो रख्खत गए तो एक जो जो घास का आता है जो खेत कटक जोनुमा हो ही वह वह क्या? बोलते मिट्टी आ ही गया।
स्पीकर 1: हां। उनके सामने मिट्टी एक
स्पीकर 2: एक एक
स्पीकर 3: साल का ही था। और एक एक साल का
स्पीकर 1: ही था। अब वापस वह खेत के लेवल ले आओ।
स्पीकर 2: हां
स्पीकर 1: हां। हां, अब वह खेत के जब लेवल मिल जाए तो एक एक एक डंडी के जो लेवल है
स्पीकर 2: हां।
स्पीकर 1: वह लेवल ले। वह दोनों के बीच में डंडी लगा। हुआ और नापा के साथ....
स्पीकर 2: ठीक है। तब तो तब तो मिल जाता है। सात सौ तब मिली आराम से पाइप पेपर।
स्पीकर 1: तो फिर गलत कहाँ है तू?
स्पीकर 2: गलत, वही बात। कह रहे हैं। कि पाइप के का नाम है वह खाली डाउनस्ट्रीम बस मतलब ले ले ले ले ले ले ले
स्पीकर 1: ले ले ले ले ले ले ले ले
स्पीकर 3: ले ले ले ले ले ले ले ले
स्पीकर 2: ले ले ले ले ले ले ले ले ले ले ले ले ले ले ले खेत के लेवल से ले जा।
स्पीकर 1: भाई कैसा खेत लेवल, तू तो कह रहे ना कि इतनी पगडंडी भी से सटा के खोदे है अपनी।
स्पीकर 2: तो सटा के खोदे, पगडंडी नहीं। खोदे, कटाई खोदा गए
स्पीकर 1: मात्र। लेवल जो दूसरे का है। ओरिजिनल लेवल का है दूसरे के पगडंडी लेवल है कि खेत के लेवल है दूसरे के ही।
स्पीकर 2: खेत खेत के लेवल में खोदा कहाँ है?
स्पीकर 1: दोनों कहीं?
स्पीकर 2: हां हां दोनों के खोदा कहाँ है ना भाई खोदा टोटल खेता में कहाँ है और जहां से एकदम सफाई की है एकदम से ओके जहां से खुदाई खत्म होती है और उससे पगडंडी चालू हो जाती है। जितना वीडियो कॉल में दिख रहे हैं। ना सामने जाकर देख के तो","Speaker 1: कहाँ आया भाई?
Speaker 2: हम तो घर हैं में।
Speaker 1: बोलो, कहाँ है हाल-चाल?
Speaker 2: अभिषेक को फोन लगाया रहा।
Speaker 1: बह, हां, एक बार।
Speaker 2: जमा करवा ली कि हमको बीसरू करना जाए। हां, हम कहे, हम कहे न जमा करवा दे, जमा करवा दे। हमको पैसे। बह नहीं। है। बीमार करवा दी पैसे जब हुई। तो फिर दे जब सीमेंट वगैरह ही था।
Speaker 1: हां।
Speaker 2: कैसे हो ही गए तो नहीं। तो हम हम छह सौ हम लिखवाए दे लाए।
Speaker 1: ही तो आइए इससे हां। छह तो है ही नहीं। है तो कहाँ से लिखवा दी?
Speaker 2: 5 के ऊपर?
Speaker 1: आई के ऊपर छह तो नहीं। है तो कहाँ से लिखवा दी? 5 के ऊपर तो साढ़े सात सौ हुआ ना?
Speaker 2: साढ़े सात सौ कहाँ मिल रहे हैं? कहे तो बता रहे हैं हमें। कहाँ नहीं। मिले रहा प्रॉपर हुआ।
Speaker 1: अरे तो एक आध जगह नहीं। मिले दस पांच मीटर में वहां तो आप पूरे में लिखवा दीजिए। ऐसे ही जगह। भाई का ही मीटर मत वहां ऐसा रहा जहां नहीं। मिले।
Speaker 2: और पिता जी से पूछा तो पिता जी कहने के सात सौ तक मिले हैं। हां
Speaker 1: पाइप तो सात सौ मिले हैं ना? हां। तो बस बहुत है पाइप को सात सौ लिख के ना क्या? दिक्कत है भई?
Speaker 2: 5 में सात सौ तक है ना?
Speaker 1: हां पाइप को सात साढ़े सात सौ तो लिखवाओ ना कोई दिक्कत नहीं। है।
Speaker 2: अच्छा सन का दिक्कत है
Speaker 1: जी। छसन का सीमेंट होगी। सीमेंट
Speaker 2: पर ना है ना रख देंगे।?
Speaker 1: सीमेंट के लिए। कम से कम सात साढ़े सात सौ चाहिए। तो बड़ी राजनीति है आज। अंदर सिस्टम के अंदर जितना भी गुस्सा चल रहे हैं। मुझसे पता चल रहे हैं। कि हर आदमी सिस्टम है गुस्सा।
Speaker 2: केक का पता चला?
Speaker 1: हां।
Speaker 2: बैकअप सब बना
Speaker 1: हुआ था।
Speaker 2: एक मिनट गुरु यार। फोन
Speaker 1: लगाते हैं ना। हेलो?
Speaker 2: बोलो
Speaker 1: बोलो। तो, हारमोनियम बजा रहे हैं। बढ़िया? घूम फिर लेते हैं। अरे हो भैया अंदर अरे हो
Speaker 2: भैया अंदर अरे
Speaker 1: हो भैया तुम, तो यह समझ ले तुम, तो मेहनत करे पड़ी गुरु या में। काम कर दे दस बजे।, नौ बजे। घर ही रुक, कागज़ अब बड़ा कठिन हो ही गुरु। यह सोच तुम, समझ लो।
Speaker 2: ठीक है ना, थोड़ा सा हेल्प करवा देना। निकाल। करवा दो।
Speaker 1: यार चीज़ को समझा कि नहीं। ग्रुप करना पड़ता है भाई भैया। उसको कोई दिक्कत नहीं। है।
Speaker 2: ठीक है ना।
Speaker 1: मतलब ऐसा नहीं। कि तुम, का खुश करे के लिए। नहीं। वह हमारे नेचर में ले आप। नहीं। तो हो पाएगा।
Speaker 2: खुश करे तो क्या? करा हम?
Speaker 1: हां, कि हमसे झूठ बोल दे कि नहीं। कहोगे, साइड में है नहीं। आएगा वहां, तो वहां स्वभाव ले आओ। नहीं। तू कल कहे कि बोलता है खेलते थे ऐसे हम सब बोल दी है ये सब कोई ये गलत बात। आंटी तक मेहनत कर के तब सच बोल गया। ऐसा कुछ। वो तो नहीं। सब बोली क्या?, सही है। सब ठीक ठाक।
Speaker 2: और अब वेबसाइट पहुंचकर बताओ फिर। जो भी मिलता हूं। ठीक है ना। एक पहुंच के बताए थे। यह बताए कि ना पिताजी वह छह सौ इक्क़ी मीटर तक आबरा लगभग? कितने सात सौ में रहा लगभग यह? हां। गांव सोनल से। गांव सोनल से नापल रहा जाने के कहने के खेत रहे हैं। कैसे लापता डाउन सोलर से ना पढ़ रहे हैं, मतलब दोनों के बराबर से ना पंचायत?
Speaker 1: चोखा हम काहे डाउन शोल्डर लापे देख रहे हैं?"
43,"हेलो। हेलो, जय शिव। जय शिव गुरु लगाई तो जय थोड़ा सा बिजी हैं ना। चलो। बोलो।","Speaker 1: हेलो, जय शिव। जय शिव गुरु लगाई तो जय थोड़ा सा बिजी हैं ना। चलो, बोलो।"
44,"बताओ.
गाड़ी चलाए थे पहुंच कर बहुत बताए थे.
धीरे धीरे चला चला बता ले.
हां? धीरे
धीरे चला चला बता ले.
Earphone नहीं। लेनी है कहे ना बहन है यार वहां. हां. Gap वगैरह वहां सब रखे। तब तक वगैरह उठा ले गया। ना पाइप के हिसाब से नापना है तो तीन सौ चौवन में रेट टोटल पाइप डालिए. सॉरी दो सौ चौवन मीटर. जहां है पांच मीटर पाइप बाहर ही है टोटल पाइप ढकी वाली।
और ढाई सौ मीटर ही है काम टोटल में?
हां हां. ढाई सौ मीटर. अंडे तो पहल नहीं। आया है और यह तो ठीक कर रहे हैं। एक जगह पाइप हुआ है तो ऊपर से दिखा रहे हैं।
कैसे करोगी वैभव? हां हां. हैं?
तो कैसे कि संत कुमार से टोटल पांच गायत्री है चार चार गायत्री है मां और पांच फरवरी है मां जहां है मैं। से दूध दूर पहले से रही है मां हेलो. तू ही तूई कहती तीन फरवरी रखी गई है वहां.
अच्छा वह वहां पर खेलने वाला रहा?
आप बात। आई है यहाँ
पर. ठीक.
मतलब जब उन जितना यहाँ सामान लिए। रहना वह सामान जो खरीदी, यहाँ खरीदी नहीं। भाई हां. चार गैरती पांच फरवरी रहा
है. हां.
एक तो कहते थे कि तो बाद में खरीद के रहे हैं वहां दोबारा चला गया। वहां. अच्छा. जब स्टार्टिंग के दिन ही जैसे देखा दी गई थी फिर फिर वापस पहले से रहा।
हालत बड़ी खराब हैं. तो क्या? काम धाम की चाल गोल दिखे हैं?
हां.
काम धाम की चाल गोल दिखे हैं?
हां चाल हॉल दिखे रहे हैं। राहुल. चाल धाम वहां मतलब टोटल मैनुअली लगभग है मैनुअली हिसाब से देखा जाए था हमारे पास चार सौ मीटर आस पास चार ही है लगभग देखा तीन सौ से साढ़े तीन सौ मीटर के मीटर के आस पास कोई सा ना मैनुअली टोटल वही चार सौ साढ़े चार सौ मीटर बाद चार सौ मीटर बाद चार सौ मीटर के आसपास मैनुअली आदमी को तक आता है।
वहां चरेंचर
जैसी भी कुछ नहीं। लक्ष खतिया चदेह वाली साइड में ओनली मैनुअली आदमी को ऐसा करता है. हां. यह हाल
चाल है. संतलाल का हिसाब बनाओ ना किसका जाता है भाई यह तुम्हारे हिसाब से?
कहाँ गए?
संतलाल का हिसाब बनाओ तुम्हारे हिसाब से कितना ज़्यादा ले गया।?
संतलाल में लगभग चार हज़ार आठ सौ रुपए के आसपास पैसे देगा चालीस रुपए को. ज़्यादा? लाइन पर रहो. ठीक है वह का रेट पचपन के हिसाब से तो वह के हिसाब से, पचास के हिसाब
से. पहले पचास के हिसाब से.
पचास के हिसाब से तो बारह हज़ार चार सौ पचास रुपया होना है।
ठीक है हम पुछ रहे हैं सत्तर हज़ार?
तीन सौ. मतलब सत्रह हज़ार तीन सौ. चार हज़ार आठ सौ पचास.
चार हज़ार तीन हज़ार रुपए वाला सीमेंट है. यह पचास रुपया महीना
है. चार सौ पचास रुपया।
हां एक हज़ार रुपया उन्होंने मुझे चलेगा है? हां
मुझे लगेगा एक हज़ार रुपया हूं. उनके घर गए हैं तो उनका लड़का है लड़का कैसे हम पर भी लोन क्लीन नहीं। है. एक हज़ार
पचास
अब दोस्तों उनका दो सौ उनका तेरह हज़ार छह सौ पंचानवे, हमने। सत्रह तो यह सही है. हैं? सत्रह के अंदर माइनस के अंदर तीन हज़ार छह सौ पांच माइनस तीन हज़ार छह छह सौ पांच रूपया
हैं. मतलब छह छह सौ
पांच रूपए में उनके पास जो है ना वह बीस हज़ार रुपए जोड़ जाएंगे।. बीस हज़ार रुपए जोड़ जाएंगे। हमने। कहा आपके सामान माइनस बारह सौ के हैं. लगभग चौदह सौ क्या?
थोड़ा सा एक मिनट लगाई थी","Speaker 1: मैंने गाड़ी चलाकर वहां पहुंचकर बहुत कुछ बताया था। धीरे-धीरे चलकर बता ले।
Speaker 2: हां, धीरे-धीरे चलकर बता ले।
Speaker 1: मैंने कहा था कि Earphone नहीं लेनी है, ना ही बहन है यार वहां। हां, गैप वगैरह वहां सब रखे हैं। तब तक वगैरह उठा ले गया।
Speaker 2: ना पाइप के हिसाब से नापना है तो तीन सौ चौवन मीटर में रेट टोटल पाइप डालिए। सॉरी, दो सौ चौवन मीटर। जहां है पांच मीटर पाइप बाहर ही है टोटल पाइप ढकी वाली।
Speaker 1: और ढाई सौ मीटर ही है काम टोटल में?
Speaker 2: हां हां, ढाई सौ मीटर। अंडे तो पहले नहीं। आया है और यह तो ठीक कर रहे हैं। एक जगह पाइप हुआ है तो ऊपर से दिखा रहे हैं।
Speaker 1: कैसे करोगे वैभव? हां हां, हैं?
Speaker 2: तो कैसे कि संत कुमार से टोटल पांच गायत्री है चार चार गायत्री है मां और पांच फरवरी है मां जहां है मैं। से दूध दूर पहले से रही है मां हेलो। तू ही तूई कहती तीन फरवरी रखी गई है वहां।
Speaker 1: अच्छा, वह वहां पर खेलने वाला रहा?
Speaker 2: आप बात। आई है यहाँ पर।
Speaker 1: मतलब जब उन जितना यहाँ सामान लिए। रहना वह सामान जो खरीदी, यहाँ खरीदी नहीं। भाई हां, चार गैरती पांच फरवरी रहा।
Speaker 2: हां।
Speaker 1: एक तो कहते थे कि तो बाद में खरीद के रहे हैं वहां दोबारा चला गया। वहां। अच्छा, जब स्टार्टिंग के दिन ही जैसे देखा दी गई थी फिर फिर वापस पहले से रहा।
Speaker 2: हालत बड़ी खराब हैं। तो क्या? काम धाम की चाल गोल दिखे हैं?
Speaker 1: हां।
Speaker 2: काम धाम की चाल गोल दिखे हैं?
Speaker 1: हां चाल हॉल दिखे रहे हैं। राहुल। चाल धाम वहां मतलब टोटल मैनुअली लगभग है मैनुअली हिसाब से देखा जाए था हमारे पास चार सौ मीटर आस पास चार ही है लगभग देखा तीन सौ से साढ़े तीन सौ मीटर के मीटर के आस पास कोई सा ना मैनुअली टोटल वही चार सौ साढ़े चार सौ मीटर बाद चार सौ मीटर बाद चार सौ मीटर के आसपास मैनुअली आदमी को तक आता है।
Speaker 2: वहां चरेंचर जैसी भी कुछ नहीं। लक्ष खतिया चदेह वाली साइड में ओनली मैनुअली आदमी को ऐसा करता है। हां, यह हाल चाल है।
Speaker 1: संतलाल का हिसाब बनाओ ना किसका जाता है भाई यह तुम्हारे हिसाब से?
Speaker 2: कहाँ गए?
Speaker 1: संतलाल का हिसाब बनाओ तुम्हारे हिसाब से कितना ज़्यादा ले गया।
Speaker 2: संतलाल में लगभग चार हज़ार आठ सौ रुपए के आसपास पैसे देगा चालीस रुपए को। ज़्यादा? लाइन पर रहो। ठीक है वह का रेट पचपन के हिसाब से तो वह के हिसाब से, पचास के हिसाब से।
Speaker 1: पचास के हिसाब से तो बारह हज़ार चार सौ पचास रुपया होना है।
Speaker 2: ठीक है हम पुछ रहे हैं सत्तर हज़ार?
Speaker 1: तीन सौ। मतलब सत्रह हज़ार तीन सौ। चार हज़ार आठ सौ पचास।
Speaker 2: चार हज़ार तीन हज़ार रुपए वाला सीमेंट है। यह पचास रुपया महीना है। चार सौ पचास रुपया।
Speaker 1: हां एक हज़ार रुपया उन्होंने मुझे चलेगा है? हां मुझे लगेगा एक हज़ार रुपया हूं। उनके घर गए हैं तो उनका लड़का है लड़का कैसे हम पर भी लोन क्लीन नहीं। है। एक हज़ार पचास।
Speaker 2: अब दोस्तों उनका दो सौ उनका तेरह हज़ार छह सौ पंचानवे, हमने। सत्रह तो यह सही है। हैं? सत्रह के अंदर माइनस के अंदर तीन हज़ार छह सौ पांच माइनस तीन हज़ार छह छह सौ पांच रूपया हैं।
Speaker 1: मतलब छह छह सौ पांच रूपए में उनके पास जो है ना वह बीस हज़ार रुपए जोड़ जाएंगे। हमने। कहा आपके सामान माइनस बारह सौ के हैं। लगभग चौदह सौ क्या?
Speaker 2: थोड़ा सा एक मिनट लगाई थी।"
45,"अच्छा दिन सर। हम्बिल एन्हाज विजय से बात हुई थी हां।","Speaker 1: अच्छा दिन सर। हम्बिल एन्हाज विजय से बात हुई थी हां।"
46,"हां. हेलो. वह फाइनल है नाटक का. से पहले पैसे भेजी उसके बारे में लोग आऐंगे. मतलब हम चल रहे हैं. 
स्पीकर 2: कैसा पैसे भेजें?
स्पीकर 1: कभी बात पहले बस स्टैंड आ जा ग्यारह बजे तक. तो वहां जाकर रेडी कर रखा आदमी लेकर ही थे. वह तो ठीक है वह लोग. बस इस टाइम पर पचास किलोमीटर उनका दूर घर है. तो पहले पहले उनको बुलाना होगा. अब तीन हज़ार रुपये पहले डाल दीजिए. फिर जब मुझे पूरा जाएगा, तो फिर दो हज़ार दो वह भी डाल दीजिएगा. हम कहें. ठीक है पहले में... आ रहा हूं लेबरों को वहां से बुलाओ ना पचास रुपये में कैसे उसके बाद में... वहां आकर में... सीमेंट करता हूं. वह बोला साला कि नहीं. नहीं. आपको? आदमी से लेना है कि नहीं. लेना हो तो पैसे डाली ही ले जाएंगे. फिर. दलाली करना है वह. तो हर हाल में पैसे चाह रहे हैं. हां. यह दिन नाटक करा था क्योंकि हम घर पहुंच सके थे. घर पहुंचे थोड़ा सा दिक्कत हुई. है उनका. हां. है कि आज यह वहां मुजफ्फरपुर में जन को रहा था हम पहले रिश्तेदार में. तो वहां जानकारी पिताजी कहाँ पर है. पिताजी जाल ना एक जगह. लेकिन वह राम नगर के यहाँ पर जो. जानकारी मिली है. राम नगर में कहाँ क्या? है? उनके साथ... गई तो बोलकर दबंगा याद नहीं. आई. हां. उनका लेकर यही जो ज़्यादा नाटक करते थे सालात अल्लाह लगभग वह कर ही थी. हां. ऐसे तो खैर नहीं. आराम से. हां. तो कुछ देर से कॉन्टैक्ट करा एक बार की हमारे से अटैक के लिए. शायद अठारह फोन कहाँ करा था.
स्पीकर 2: उनको डीलिंग दे दी है. है. हेलो.
स्पीकर 1: डील हां हां.
स्पीकर 2: तो उनको मतलब कोई ना कोई डीलिंग दे दी
स्पीकर 1: है इसने? हां. हो रहा था. अब रिवाज तो तुम, यह सब दिन लायक है नहीं. गुरु यार. अच्छा. रिवाज तो नहीं. गिर जाएंगे. हां. हां. हम
स्पीकर 2: लोग. साथ... सही नहीं. भरोसा
स्पीकर 1: के लिए. हां हां. अभी हम रोज़ साथ... गए हैं ना
स्पीकर 2: क्योंकि ऊपर भरोसा के लिए. वह है थोड़ी बात. ना.
स्पीकर 1: कहाँ कहे नहीं. पहुंच पा रहे हैं?
स्पीकर 2: हां मनोज साथ... सही कहाँ गए हैं, भरोसा के लिए.?
स्पीकर 1: वह वही बात. है ना. ऐसा देव विकसित नहीं. है थोड़ा
स्पीकर 2: सा.
स्पीकर 1: अब कहाँ से पचास किलोमीटर दूर है वहां से?
स्पीकर 2: तो पचास किलोमीटर तक तीन हज़ार रुपया होता
स्पीकर 1: है? हां?
स्पीकर 2: पचास किलोमीटर तक तीन हज़ार रुपया होता है.
स्पीकर 1: हर बात. हम कह रहे हैं ना. हम कहें. कि पचास किलोमीटर का कितना किराया हुए? सत्तर सत्तर साठ साठ रुपया हुए माल रहे हैं. हम कहें. तो उस तक आ रहा था थोड़ा पैसे. हम डाल दे ही. उसके बाद बाकी आदमी अब लेता हूं. ऑफिस का आदमी आपको? लेना है कि नहीं. लेना है. पैसे नहीं. भेजेंगे, बाद में नहीं. मिल पाएगा. रहने रखे. अपन के कुछ कुछ करेंगे. सब पहले भर की तरह. है. हां? राम को रहने रखे. सब कुछ कुछ. सोचा थोड़ी भी कुछ कुछ कर आगे पहले भी लड़की. हां. अब से के बच्चे का फोन लगाया रहा. हेलो. हां अब सुन रहे हैं. दो दिन काम लगाओगे, दो दिन काम बंद रखे मेरा काम. अब कुछ काम में काम ना चल पाई. आइए अपना काम पूरी साइड और दिखाई दे रहे थे मशीन वेकिन ले कर ही.
स्पीकर 2: नहीं. तो कह रहे हैं अच्छे से कहीं से मशीन ले ली. हमकह दो चार किलोमीटर तो
स्पीकर 1: दिखाई. हां. अच्छा. मशीन वाले जॉइंट के लिए. कर ना. हां. अच्छा जॉइंट में का याद नहीं.
स्पीकर 2: लगा. तुम्हें. चाचा पानी
स्पीकर 1: कहाँ देकर? चाचा पानी कहाँ देकर? पानी तो मिल गया. अच्छा पानी जाएंगे. साथ... में.
स्पीकर 2: चला कोई बात. नहीं. पिताजी वाला विकल्प तलाश है. हैं? पिताजी वाला विकल्प तलाश ले.
स्पीकर 1: जी जान है जी. हां. तो वह वाली का इलाज संभव नहीं. है. आज जान एक्टुअली वह प्रोजेक्ट जान रहे हैं. गाय का हम का रहा. हां. हम का मेरेपुर वाला प्रोग्राम करे तो पोस्टपोनेड कार्यक्रम की तैयारी में भेजा है. तो साथ... चले जाऊं. अब तो वहां कॉल आ रहा था कि पैसे डाला कुछ थक नहीं.
स्पीकर 2: नहीं. है. यह हम पहले साथ... सही नहीं. कही कहा ना? अब अगर यह सोचा कि जब आओ ज़्यादा खराब बात. हो यह तो यह तूख़ई अब पता चल जाएगी. ना कि दोनों जने का यहाँ हैं?
स्पीकर 1: हां हां. समझ रहे हो? ठीक. पैसे निकल अब तक काम ज़रूरी ना हमें. हैं? पैसे निकल अब तक आना ज़रूरी है कहाँ तो ज़रूरी है माना? खाना. इधर अगर एडवेंचरस से रही तो. भरा है क्योंकि तू आदमी चाहे ना दो से तीन आदमी कम से
स्पीकर 2: कम. तो उनको आप रूम नौ बजे तक लगा.
स्पीकर 1: रहे हो? हां ठीक है ओके ओके ठीक है.","Speaker 1: हां, हम चल रहे हैं। पहले पैसे भेजने के बारे में लोग आएंगे।
Speaker 2: कैसे पैसे भेजें?
Speaker 1: मैंने पहले बस स्टैंड पर ग्यारह बजे तक पहुंचने के लिए कहा था। वहां जाकर रेडी रखा आदमी लेकर ही थे। वह लोग ठीक हैं। बस इस टाइम पर पचास किलोमीटर उनका दूर घर है। तो पहले पहले उनको बुलाना होगा। अब तीन हज़ार रुपये पहले डाल दीजिए। फिर जब मुझे पूरा जाएगा, तो फिर दो हज़ार दो वह भी डाल दीजिएगा।
Speaker 2: उनको डीलिंग दे दी है।
Speaker 1: डील हां हां। उनको मतलब कोई ना कोई डीलिंग दे दी है।
Speaker 2: तो उनको मतलब कोई ना कोई डीलिंग दे दी है।
Speaker 1: हां, इसने? हां। हो रहा था। अब रिवाज तो तुम, यह सब दिन लायक है नहीं। गुरु यार। अच्छा। रिवाज तो नहीं। गिर जाएंगे। हां। हां। हम लोग साथ... सही नहीं। भरोसा के लिए।
Speaker 2: क्योंकि ऊपर भरोसा के लिए। वह है थोड़ी बात। ना।
Speaker 1: कहाँ कहे नहीं। पहुंच पा रहे हैं? मनोज साथ... सही कहाँ गए हैं, भरोसा के लिए?
Speaker 2: हां, मनोज साथ... सही कहाँ गए हैं, भरोसा के लिए?
Speaker 1: वह वही बात। है ना। ऐसा देव विकसित नहीं। है थोड़ा सा।
Speaker 2: सा।
Speaker 1: अब कहाँ से पचास किलोमीटर दूर है वहां से?
Speaker 2: तो पचास किलोमीटर तक तीन हज़ार रुपया होता
Speaker 1: है? हां? पचास किलोमीटर तक तीन हज़ार रुपया होता है।
Speaker 2: पचास किलोमीटर तक तीन हज़ार रुपया होता है।
Speaker 1: हर बात। हम कह रहे हैं ना। हम कहें कि पचास किलोमीटर का कितना किराया हुए? सत्तर सत्तर साठ साठ रुपया हुए माल रहे हैं। हम कहें तो उस तक आ रहा था थोड़ा पैसे। हम डाल दे ही। उसके बाद बाकी आदमी अब लेता हूं। ऑफिस का आदमी आपको? लेना है कि नहीं। लेना है। पैसे नहीं। भेजेंगे, बाद में नहीं। मिल पाएगा। रहने रखे। अपन के कुछ कुछ करेंगे। सब पहले भर की तरह। है। हां?
Speaker 2: नहीं। तो कह रहे हैं अच्छे से कहीं से मशीन ले ली। हम कह दो चार किलोमीटर तो
Speaker 1: दिखाई। हां। अच्छा। मशीन वाले जॉइंट के लिए। कर ना। हां। अच्छा जॉइंट में का याद नहीं।
Speaker 2: लगा। तुम्हें। चाचा पानी
Speaker 1: कहाँ देकर? चाचा पानी कहाँ देकर? पानी तो मिल गया। अच्छा पानी जाएंगे। साथ... में।
Speaker 2: चला कोई बात। नहीं। पिताजी वाला विकल्प तलाश है। हैं? पिताजी वाला विकल्प तलाश ले।
Speaker 1: जी जान है जी। हां। तो वह वाली का इलाज संभव नहीं। है। आज जान एक्टुअली वह प्रोजेक्ट जान रहे हैं। गाय का हम का रहा। हां। हम का मेरेपुर वाला प्रोग्राम करे तो पोस्टपोनेड कार्यक्रम की तैयारी में भेजा है। तो साथ... चले जाऊं। अब तो वहां कॉल आ रहा था कि पैसे डाला कुछ थक नहीं।
Speaker 2: नहीं। है। यह हम पहले साथ... सही नहीं। कही कहा ना? अब अगर यह सोचा कि जब आओ ज़्यादा खराब बात। हो यह तो यह तूख़ई अब पता चल जाएगी। ना कि दोनों जने का यहाँ हैं?
Speaker 1: हां हां। समझ रहे हो? ठीक। पैसे निकल अब तक काम ज़रूरी ना हमें। हैं? पैसे निकल अब तक आना ज़रूरी है कहाँ तो ज़रूरी है माना? खाना। इधर अगर एडवेंचरस से रही तो। भरा है क्योंकि तू आदमी चाहे ना दो से तीन आदमी कम से
Speaker 2: कम। तो उनको आप रूम नौ बजे तक लगा।
Speaker 1: रहे हो? हां ठीक है ओके ओके ठीक है।"
File Index,Raw Input (ASR),Processed Output (AI)
1,"हां सर, चल रहे हैं। दीपक का नाम? हां लगवाया है सर। अरे आ ही रहा था यार, छोटा सा एक एक्सीडेंट हो गया। किसका? मेरा, थोड़ा सामने की लाइट टूट गई है। हां। फ्रेम बनवाकर जरा तो। ठीक है","Speaker 1: हां सर, चल रहे हैं। दीपक का नाम? हां लगवाया है सर।
Speaker 2: अरे आ ही रहा था यार, छोटा सा एक एक्सीडेंट हो गया।
Speaker 1: किसका?
Speaker 2: मेरा, थोड़ा सामने की लाइट टूट गई है।
Speaker 1: हां।
Speaker 2: फ्रेम बनवाकर जरा।
Speaker 1: ठीक है"
2,"हां सर. अरे दीपक भाई फोन वोन तो उठा लिया करो। यार. अरे उसका हां सर बताइए.
क्या? चल रहे हैं। मिल गया। है लेबर सेवर?
हां लेबर लेकर ही आ रहा हूं.
और वह क्या? आ
गया। ना वही ठीक है. कंक्रीट? कंक्रीट का ऑर्डर लगा। दिया है. लगा। लूंगा जैसे ही जड़े जाएगा। ना साफ हो जाएगा। वैसे ही कंक्रीट का ऑर्डर लगा। दिया.
तो अब करवा ले कुछ काम शुरू करवा भाई थी अब काम कहाँ कहाँ लगाया है आज? वही
मडवा में लगा। है मडवा में लगा। है कैसे.
लिंक आईडी वाइज बताओ मडवा मेंकौनी लिंक आईडी में लगाया है.
यह तो यह है तूने।, यह बैंक लगाना था ना एनबीडीडी का. हां हां हां हां हां था ना.
और कहाँ मडवा हो गया। कहेरा में कहाँ?
गहेरा में किट्टहा तरफ.
गहेरा तरफ को कौन सी लिंक आईडी में कर रहे हो?
हैं? एचडीपी, एचटीपी, एचटी कनेक्शन. और? बस सर आधी बहत्तर में गया। क्लोजिंग एचटीपी और एचटी.
यह क्लोजिंग एचएसई है ना. अच्छा आरएफआई तुम, कह रहे हो ना यार.
हां आ रही 80 आ रही 86 में एचएसई हो रहे हैं।
अरे 86 में भी एचएसई हो रहे हैं।. हां. तुम, कहते हो आरएफआई डाल रहे हो यार आरएफआई सारी तुम, डाल कहाँ रहे हो? नहीं।. ना तुम, एचएसई की आरएफआई डाल रहे हो पूरी.
एसएससी की डल ही नहीं। रही है.
नए एचएसई की पूरी डाल रहे हो ना पूरी गैप क्लोजिंग की डाल रहे हो. पैसे नहीं। डाल रहे हैं. नहीं। डाल रहे हो भाई मैं।... तो अभी डेटा ही देख
रहा हूं. लिंक, वार्निंग की डाली है ना सब.
अब यह बताओ सुनो डाले होते तो कहाँ गई ना त्रिदेव के पास है ना पोर्टल भी पड़ी तो गई कहाँ? अब यह बताओ जैसे तुम, आज वहां पर 90 डिग्री क्लोज कर रहे हो उसकी कोई आरएफआई नहीं। है.
कोई तेरह की है तो सर.
पी तेरह की है एक मान लिया और उधर गहिरा वीरा की कहाँ है? हो सकता है
कि आप. गहिरा भी कहाँ है?
गहिरा में जो काम कर रहे हो ना यह वाला.
हां एसएससी का.
एचएससी का उसकी आरएफआई होनी चाहिए। ना हिरा की. आरएफआई इतने
ही डाल रहे हो या हां दो और जीएसटीआई के डाली नहीं। रहेगी मैं।... डलवाता हूं फिर.
हां जी, दो में से एक काम करो। या तो उसको उस इन्फॉर्म में ले चलते हो तो फिर उसी इन्फॉर्म में ले चलो। आरएफआई ही डालो एकदम प्रॉपर काम करो। और नहीं। तो मैनुअल वाले में आ जाऊँ,.
ठीक है ना, फिर तो.
है ना. दो में से एक काम करो। कुछ भी करो।. ठीक
है, ओके.","Speaker 1: हां सर. अरे दीपक भाई फोन तो उठा लिया करो। यार. अरे उसका हां सर बताइए।
Speaker 2: क्या? चल रहे हैं। मिल गया। है लेबर सेवर?
Speaker 1: हां लेबर लेकर ही आ रहा हूं।
Speaker 2: और वह क्या? आ गया। ना वही ठीक है। कंक्रीट? कंक्रीट का ऑर्डर लगा। दिया है।
Speaker 1: लगा। लूंगा जैसे ही जड़े जाएगा। ना साफ हो जाएगा। वैसे ही कंक्रीट का ऑर्डर लगा। दिया।
Speaker 2: तो अब करवा ले कुछ काम शुरू करवा भाई थी अब काम कहाँ कहाँ लगाया है आज?
Speaker 1: वही मडवा में लगा। है मडवा में लगा। है कैसे।
Speaker 2: लिंक आईडी वाइज बताओ मडवा मेंकौनी लिंक आईडी में लगाया है।
Speaker 1: यह तो यह है तूने।, यह बैंक लगाना था ना एनबीडीडी का। हां हां हां हां हां था ना।
Speaker 2: और कहाँ मडवा हो गया। कहेरा में कहाँ?
Speaker 1: गहेरा में किट्टहा तरफ।
Speaker 2: गहेरा तरफ को कौन सी लिंक आईडी में कर रहे हो?
Speaker 1: हैं? एचडीपी, एचटीपी, एचटी कनेक्शन। और? बस सर आधी बहत्तर में गया। क्लोजिंग एचटीपी और एचटी।
Speaker 2: यह क्लोजिंग एचएसई है ना। अच्छा आरएफआई तुम, कह रहे हो ना यार।
Speaker 1: हां आ रही 80 आ रही 86 में एचएसई हो रहे हैं।
Speaker 2: अरे 86 में भी एचएसई हो रहे हैं।. हां। तुम, कहते हो आरएफआई डाल रहे हो यार आरएफआई सारी तुम, डाल कहाँ रहे हो?
Speaker 1: नहीं।. ना तुम, एचएसई की आरएफआई डाल रहे हो पूरी।
Speaker 2: एसएससी की डल ही नहीं। रही है।
Speaker 1: नए एचएसई की पूरी डाल रहे हो ना पूरी गैप क्लोजिंग की डाल रहे हो। पैसे नहीं। डाल रहे हैं। नहीं। डाल रहे हो भाई मैं।... तो अभी डेटा ही देख रहा हूं। लिंक, वार्निंग की डाली है ना सब।
Speaker 2: अब यह बताओ सुनो डाले होते तो कहाँ गई ना त्रिदेव के पास है ना पोर्टल भी पड़ी तो गई कहाँ?
Speaker 1: अब यह बताओ जैसे तुम, आज वहां पर 90 डिग्री क्लोज कर रहे हो उसकी कोई आरएफआई नहीं। है।
Speaker 2: कोई तेरह की है तो सर।
Speaker 1: पी तेरह की है एक मान लिया और उधर गहिरा वीरा की कहाँ है? हो सकता है कि आप। गहिरा भी कहाँ है?
Speaker 2: गहिरा में जो काम कर रहे हो ना यह वाला।
Speaker 1: हां एसएससी का।
Speaker 2: एचएससी का उसकी आरएफआई होनी चाहिए। ना हिरा की। आरएफआई इतने ही डाल रहे हो या हां दो और जीएसटीआई के डाली नहीं। रहेगी मैं।... डलवाता हूं फिर।
Speaker 1: हां जी, दो में से एक काम करो। या तो उसको उस इन्फॉर्म में ले चलते हो तो फिर उसी इन्फॉर्म में ले चलो। आरएफआई ही डालो एकदम प्रॉपर काम करो। और नहीं। तो मैनुअल वाले में आ जाऊँ,।
Speaker 2: ठीक है ना, फिर तो।
Speaker 1: है ना। दो में से एक काम करो। कुछ भी करो।. ठीक है, ओके।"
3,"हां साहब, बताएं? दीपक लेवल लेकर जा रहे हैं। हां हां। तो उसको देख लो कितना क्या? हो पाता है शाम तक जितना भी काम हो तो उसमें मतलब ऐसा देख लेना कि अगर वह वह संतोषजनक रूप से काम पूरा कर दें तो ठीक है। है तो जैसे इतने मतलब इतने मोटरयाबिल तक मतलब ऐसा कुछ काम हो जाए कि हां कि भाई इतने इसमें मतलब चल सकता है तो उसका में मना कर देना। फिर। तो पोस्ट क्लोजर लेकर दे दो। लास्ट विकल्प है। पोस्ट क्लोजर लेकर दे रहे हैं क्या?? मतलब उसमें इतने मोटरयाबिल टाइप का ऐसा कर दे अगर कि हाँ, भाई ठीक है जो समस्या हो रहे हैं। जैसे फेवर ब्लॉक जो निकाला है तो उसकी जगह पर जो कुछ ऐसा मतलब क्या? अभी तो यह प्लान यह पूछा नहीं। मैंने कि तुम, क्या? करने का प्लान है मैंने तो अभी उसको यही बोला कि भाई तुम, पूरा काम कम्प्लीट करो। है ना पर अगर जैसे यह अभी तो एक बार पता कर लेना कि लेबर लेकर कितनी लेबर लेकर जा रहे हैं। और क्या? कर रहे हैं। क्या? प्लान है पेमेंट लेकर जा रहे हैं। अभी तो मेरी मैंने एक ही सिम से बात की। केशव बोल रहे हैं, भाई लेबर ढूंढ रहे हैं जी सबको बोला मैंने तो बोला था काम में लेबर ही ढूंढने आया हूं। नहीं। अभी जस्ट मेरी बात हुई। है लेबर लेकर जा रहे हैं। वो यह कह रहे हैं। मिल गया। है उस समय पर देख बात। है ना। हां तो लेबर मिल गई है तो उसमें देख लो जितना मैक्सिमम काम हो सकता है और मतलब कोशिश यह रहे कि संतोषजनक रूप से काम पूरा हो जाए। जब ना हो तो फिर लास्ट में हमें फोरक्लोजर देना है। मतलब बता रहा हूं वहां ट्रेवल टाइप का तो करवा ही लेना कि मतलब उसको आपने पंचनामा में फोटो लगाएं, वह सही रहे अपनी। ठीक है। है ना? ठीक है। ठीक।","Speaker 1: हां साहब, बताएं? दीपक लेवल लेकर जा रहे हैं।
Speaker 2: हां हां। तो उसको देख लो कितना क्या? हो पाता है शाम तक जितना भी काम हो तो उसमें मतलब ऐसा देख लेना कि अगर वह वह संतोषजनक रूप से काम पूरा कर दें तो ठीक है।
Speaker 1: है तो जैसे इतने मतलब इतने मोटरयाबिल तक मतलब ऐसा कुछ काम हो जाए कि हां कि भाई इतने इसमें मतलब चल सकता है तो उसका में मना कर देना।
Speaker 2: फिर। तो पोस्ट क्लोजर लेकर दे दो। लास्ट विकल्प है। पोस्ट क्लोजर लेकर दे रहे हैं क्या??
Speaker 1: मतलब उसमें इतने मोटरयाबिल टाइप का ऐसा कर दे अगर कि हाँ, भाई ठीक है जो समस्या हो रहे हैं। जैसे फेवर ब्लॉक जो निकाला है तो उसकी जगह पर जो कुछ ऐसा मतलब क्या?
Speaker 2: अभी तो यह प्लान यह पूछा नहीं। मैंने कि तुम, क्या? करने का प्लान है मैंने तो अभी उसको यही बोला कि भाई तुम, पूरा काम कम्प्लीट करो।
Speaker 1: है ना पर अगर जैसे यह अभी तो एक बार पता कर लेना कि लेबर लेकर कितनी लेबर लेकर जा रहे हैं। और क्या? कर रहे हैं। क्या? प्लान है पेमेंट लेकर जा रहे हैं।
Speaker 2: अभी तो मेरी मैंने एक ही सिम से बात की। केशव बोल रहे हैं, भाई लेबर ढूंढ रहे हैं जी सबको बोला मैंने तो बोला था काम में लेबर ही ढूंढने आया हूं।
Speaker 1: नहीं। अभी जस्ट मेरी बात हुई। है लेबर लेकर जा रहे हैं। वो यह कह रहे हैं। मिल गया। है उस समय पर देख बात।
Speaker 2: है ना। हां तो लेबर मिल गई है तो उसमें देख लो जितना मैक्सिमम काम हो सकता है और मतलब कोशिश यह रहे कि संतोषजनक रूप से काम पूरा हो जाए।
Speaker 1: जब ना हो तो फिर लास्ट में हमें फोरक्लोजर देना है। मतलब बता रहा हूं वहां ट्रेवल टाइप का तो करवा ही लेना कि मतलब उसको आपने पंचनामा में फोटो लगाएं, वह सही रहे अपनी।
Speaker 2: ठीक है। है ना? ठीक है। ठीक।"
4,"ऐसिंबू, बताओ क्या? हाल चाल
है? ठीक है, यह फोन लगा। रहे हैं। हां। पिछले भाई हैं तो उनका एंट्रेंस शिफ्ट सर्टिफिकेट चेक रहे हैं। कंस्ट्रक्शन के।
ऐसे दस
पंद्रह बीस दिन
के। तो
हमारे बारे में दे सकता था ना हमारे फॉर्म।
हम थे?
हां हां।
अगर दे सके। कि साइट पता है मुझे तुरंत नहीं। थे वह सब।
वह कहाँ रहा हम पूछने के पहले तो कहा नहीं। कि लिमिटेड कंपनी चाहिए।
हां।
फिर वह क्यों? हम कल लिमिटेड तो नहीं। है हम कहें। कि पता कहाँ है लेकिन कोई भी लिमिटेड नहीं। है कल लोकेशन है मतलब
हां। बच्चे प्रोप्राइटर आए हैं ना।
हां हां।
तो प्राइवेट लिमिटेड भी ना हो वैसे। हैं? बच्चे तो प्राइवेट लिमिटेड दोनों, बस तुम, ही दे सकते हैं ना?
हां हां, माने कि लेटर पैड नहीं। बहाना
है। लेटर पैड बहुत बड़ी बात। है। हां। तो कहाँ से डिज़ाइन लेकर प्रिंट मान जाएगा। ना वहां पर।
है ना? जैसे पीडब्ल्यूडी तुम्हारा
रजिस्ट्रेशन है ना? हैं? हां। लेकिन उसको उसको कोई लेना देना। था। वह तो उद्यम रजिस्टर नहीं। होता ना। अच्छा। उद्यम बहुत बहुत गलत है। मतलब। हैं?
वह क्या? मतलब मैं उद्यम से होते हैं ना? हां उद्यम से होते हैं और सबसे वैसे ही
हम पीडब्ल्यूडी में काम होते हैं अच्छा। काम हां हां हां।
तो हम ऐसा है
कुछ। तो
हम तो समझो।
हां? अपन
से करवा कर भय सकी थे।
देख ली है पहले थोड़ा पढ़ ली है उसको समझ ली है कि गांव है भाई। मैं। ... सरकार से बहुत उससे भी देखने गया। है।
कहाँ का है
भाई?
अभी है हमको समझ में नहीं। आ रहा नाम के साथ... इसी के एक रजिस्ट्रेशन हुआ सब सुनो सर जैसे मतलब ना करने के लिए। पीडब्ल्यूडी जिसे अपन तो खाली दो ही चीज़ रहा जीएसटी और उद्यम, है ना?
हां माल लिया है उस ज़माने का माल नहीं। है लेकिन कार तो उसी लिए। भी होते हैं फीवर है मतलब पढ़ ही ले उसके बारे में। अच्छा। पूछ ले यहाँ काम सुरक्षित
है। है ना? चलो। हम देखे थे पता चला।","Speaker 1: हाल चाल कैसे है?
Speaker 2: ठीक है, यह फोन लगा रहे हैं। पिछले भाई हैं तो उनका एंट्रेंस शिफ्ट सर्टिफिकेट चेक रहे हैं। कंस्ट्रक्शन के लिए।
Speaker 1: ऐसे दस पंद्रह बीस दिन के लिए। हमारे बारे में दे सकता था ना हमारे फॉर्म।
Speaker 2: हां हां, अगर दे सके तो कि साइट पता है मुझे तुरंत नहीं।
Speaker 1: वह कहाँ रहा हम पूछने के पहले तो कहा नहीं कि लिमिटेड कंपनी चाहिए।
Speaker 2: हां, फिर वह क्यों? हम कल लिमिटेड तो नहीं हैं।
Speaker 1: है हम कहें, कि पता कहाँ है लेकिन कोई भी लिमिटेड नहीं है। है कल लोकेशन है मतलब।
Speaker 2: हां, बच्चे प्रोप्राइटर आए हैं ना।
Speaker 1: हां हां, तो प्राइवेट लिमिटेड भी ना हो वैसे। हैं? बच्चे तो प्राइवेट लिमिटेड दोनों, बस तुम ही दे सकते हैं ना?
Speaker 2: हां हां, माने कि लेटर पैड नहीं है। बहाना है। लेटर पैड बहुत बड़ी बात है।
Speaker 1: हां, तो कहाँ से डिज़ाइन लेकर प्रिंट मान जाएगा ना वहां पर।
Speaker 2: जैसे पीडब्ल्यूडी तुम्हारा रजिस्ट्रेशन है ना? हैं? हां। लेकिन उसको उसको कोई लेना देना नहीं था।
Speaker 1: वह तो उद्यम रजिस्टर नहीं होता ना। अच्छा, उद्यम बहुत बहुत गलत है। मतलब।
Speaker 2: वह क्या? मतलब मैं उद्यम से होते हैं ना? हां उद्यम से होते हैं और सबसे वैसे ही।
Speaker 1: हम पीडब्ल्यूडी में काम होते हैं अच्छा। काम हां हां हां।
Speaker 2: तो हम ऐसा है कुछ। तो हम तो समझो।
Speaker 1: हां? अपन से करवा कर भय सकी थे।
Speaker 2: देख ली है पहले थोड़ा पढ़ ली है उसको समझ ली है कि गांव है भाई। मैं।
Speaker 1: सरकार से बहुत उससे भी देखने गया। है।
Speaker 2: कहाँ का है भाई?
Speaker 1: अभी है हमको समझ में नहीं। आ रहा नाम के साथ... इसी के एक रजिस्ट्रेशन हुआ सब सुनो सर जैसे मतलब ना करने के लिए।
Speaker 2: पीडब्ल्यूडी जिसे अपन तो खाली दो ही चीज़ रहा जीएसटी और उद्यम, है ना?
Speaker 1: हां माल लिया है उस ज़माने का माल नहीं। है लेकिन कार तो उसी लिए। भी होते हैं फीवर है मतलब पढ़ ही ले उसके बारे में।
Speaker 2: अच्छा, पूछ ले यहाँ काम सुरक्षित है। है ना? चलो। हम देखे थे पता चला।"
5,"हां भाई.
हाल चाल ठीक है. बता ना तू बता.
बस ऐसे लगा। हाल चाल का. हाल चाल है यह सही.
शंभु कौन लगाया
था ना? हैं? शंभु? हां, कहाँ गए
इस? यही से आ गई हम कह रहे हैं
ना आ
जाऊँ,. हां. उनके मुंह से लेकर कहेंगे. यही तो वही किसी से शादी कह रहे हैं. तो उनसे मगर पैसे। भी पांच हज़ार दे दे. तो कुछ भी बोलो हुए नहीं। फिर.
इतने दिन हम और लगा। रहे हैं फोन अभी इस बार
कहीं से हम दादा हमको दस तीन दिन में ही फोन नहीं। लगाए. हैं? बात। कही दस कई दसन दिन में ही के दादा ने फोन लगाई ना पूछो पैसे। देखो।, तो
देती है. हां.
ना देखो।, ना देती है तो दुख बता रहा था.
अब आप बीच में हम तीन चार दिन पहले लगा। रहे हैं फोन दो ही तारीख का. देते हैं या फिर एक का?
अरे भैया ऐसे. चल रहे हैं।. कहाँ कह रहे हैं?
हम एक तारीख का है फिर दूसरे से फोन लगाया रहे हैं ना कि शंभु हां भाई कह रहे हैं तुम,. तो बताइए यह बात। यह है कि इसका पैसे। हम आगे रहना था कुछ अपना भाई ने पैसे। नहीं। दिया. हम. हम बताएं कहाँ समय पैसे व्यवस्था नहीं। हो पाई रही है. हां. तो अब तू कहा अगर तला, तला दो तारीख का बे कह रहे
हैं. हां.
इसका बहाना नहीं। हिला कर. यह बात। कह रहा हूं दिन. और
मैं।... सब बता
तो भरोसा ले हमारे साइड
में? हां. हां शायद कर ही थोड़ी बहुत जो काम हो यह. अब हम काम
बचा है. से फोन नहीं। चालू हुआ.
होता ही नहीं। है ऐसा. सूखा हर रोज़ दवाई थी बेचारे.
हम सुनील का गया। है हम फोन. हां. सुनील का ही इसके हम घर में काम चालू करवा दें ध्यान है. कहीं इसके अलावा अब हम घर में काम कंप्यूटर जितना भैया ही हां. और तो ठीक होने पास नहीं। था और आदमी का भेद
है. हां.
बोले कि और आदमी को फोन नहीं। उठा हुआ ला गई सबने उतना बड़ा आदमी पड़े हैं हम. हां. वही है बता
रहा हूं.
अब ठीक
है. तो कल निकले टाइप कर लो बजावे को.
कल
निकले कहाँ?
और बता बता हम पहले पास सब होता. हां हां
वही सब काट लो.","Speaker 1: हां भाई, हाल चाल ठीक है। बता ना तू बता।
Speaker 2: बस ऐसे लगा, हाल चाल का। हाल चाल है यह सही।
Speaker 1: शंभु कौन लगाया था न? हैं? शंभु? हां, कहाँ गए इस?
Speaker 2: यही से आ गई हम कह रहे हैं ना।
Speaker 1: जाऊँ, हां। उनके मुंह से लेकर कहेंगे। यही तो वही किसी से शादी कह रहे हैं। तो उनसे मगर पैसे भी पांच हज़ार दे दे। तो कुछ भी बोलो हुए नहीं। फिर।
Speaker 2: इतने दिन हम और लगा रहे हैं फोन अभी इस बार कहीं से हम दादा हमको दस तीन दिन में ही फोन नहीं लगाए हैं।
Speaker 1: बात कही दस कई दसन दिन में ही के दादा ने फोन लगाई ना पूछो पैसे। देखो, तो देती है। हां।
Speaker 2: ना देखो, ना देती है तो दुख बता रहा था।
Speaker 1: अब आप बीच में हम तीन चार दिन पहले लगा रहे हैं फोन दो ही तारीख का देते हैं या फिर एक का?
Speaker 2: अरे भैया ऐसे चल रहे हैं। कहाँ कह रहे हैं?
Speaker 1: हम एक तारीख का है फिर दूसरे से फोन लगाया रहे हैं ना कि शंभु हां भाई कह रहे हैं तुम, तो बताइए यह बात। यह है कि इसका पैसे। हम आगे रहना था कुछ अपना भाई ने पैसे नहीं दिया। हम बताएं कहाँ समय पैसे व्यवस्था नहीं हो पाई रही है। हां।
Speaker 2: तो अब तू कहा अगर तला, तला दो तारीख का बे कह रहे हैं। हां। इसका बहाना नहीं हिला कर। यह बात कह रहा हूं दिन। और मैं। सब बता तो भरोसा ले हमारे साइड में? हां।
Speaker 1: हां शायद कर ही थोड़ी बहुत जो काम हो यह। अब हम काम बचा है से फोन नहीं चालू हुआ। होता ही नहीं। है ऐसा। सूखा हर रोज़ दवाई थी बेचारे।
Speaker 2: हम सुनील का गया है। हम फोन हां। सुनील का ही इसके हम घर में काम चालू करवा दें ध्यान है। कहीं इसके अलावा अब हम घर में काम कंप्यूटर जितना भैया ही हां। और तो ठीक होने पास नहीं था और आदमी का भेद है। हां।
Speaker 1: बोले कि और आदमी को फोन नहीं उठा हुआ ला गई सबने उतना बड़ा आदमी पड़े हैं हम। हां। वही है बता रहा हूं।
Speaker 2: अब ठीक है। तो कल निकले टाइप कर लो बजावे को।
Speaker 1: कल निकले कहाँ?
Speaker 2: और बता बता हम पहले पास सब होता हां हां वही सब काट लो।"
6,"स्पीकर 1: हां संधू.
स्पीकर 2: बात हुई है कहाँ कहाँ ले रुकी हैं?
स्पीकर 1: अभी तो नहीं रुकी है, लेकिन बात हुई है। पहले हुआ कब हो गए पंचायत?
स्पीकर 2: कल का प्लान है, इलाज है।
स्पीकर 1: कल का?
स्पीकर 2: जी हां, सर कंफर्म कर लीजिए। जो हैं राय का कहाँ जाएंगे, फिर।
स्पीकर 1: क्या? जाने जा।
स्पीकर 2: उधर आप ज़्यादा नहीं, आज तीन चार जने हैं।
स्पीकर 1: चार जने हैं।
स्पीकर 2: हां, रहे तो वह कहाँ।
स्पीकर 1: पर तो पहले तुम्हारे वाली बाइक खत्म करेगा है ना पक्का? तो वह शिफ्ट कराई गई थी। हां, हां आज आज शिफ्ट कही हैं? हां, फिर वही हूं, काम करे जा।
स्पीकर 2: हां।","Speaker 1: हां संधू।
Speaker 2: बात हुई है कहाँ कहाँ ले रुकी हैं?
Speaker 1: अभी तो नहीं रुकी है, लेकिन बात हुई है। पहले हुआ कब हो गए पंचायत?
Speaker 2: कल का प्लान है, इलाज है।
Speaker 1: कल का?
Speaker 2: जी हां, सर कंफर्म कर लीजिए। जो हैं राय का कहाँ जाएंगे, फिर।
Speaker 1: क्या? जाने जा।
Speaker 2: उधर आप ज़्यादा नहीं, आज तीन चार जने हैं।
Speaker 1: चार जने हैं।
Speaker 2: हां, रहे तो वह कहाँ।
Speaker 1: पर तो पहले तुम्हारे वाली बाइक खत्म करेगा है ना पक्का? तो वह शिफ्ट कराई गई थी। हां, हां आज आज शिफ्ट कही हैं? हां, फिर वही हूं, काम करे जा।
Speaker 2: हां।"
7,"स्पीकर 1: नमस्ते।
स्पीकर 2: टिकट आया था साहब, दीपक को लेकर के।
स्पीकर 1: कहाँ आए हो?
स्पीकर 2: टिकट, टिकर वही झांसी हैं मिल्ट लाइन की अपनी।
स्पीकर 1: अच्छा।
स्पीकर 2: दीपक कह रहे हैं, कल
स्पीकर 1: कर ही नहीं। यह।
स्पीकर 2: सूफिया सूफिया कल तो। रुपया जाएगा।? हैलो?
स्पीकर 1: तो आज क्यों? नहीं। करेंगे।?? आज
स्पीकर 2: लेबर नहीं। इनके पास में। स्टार लेबर नहीं। है।
स्पीकर 1: कल तो फिर क्या? है? कल तुम, ही नहीं। देंगे।?, यह। कल अब फिलहाल ही होने के बाद करे क्या? मतलब?
स्पीकर 2: वर्किंग ग्रुप में।
स्पीकर 1: बात। करा हूं दीपक
स्पीकर 2: से? कहीं पर?
स्पीकर 1: अरे आज ही भाई थोड़ा बहुत मतलब दो यह कात लीवर इनके लिए। जाकर मशीन नशीन रख दिया तो करो। ना वहां पर शिकायत तो कुछ करा लो भाई।
स्पीकर 2: पता नहीं। आज आ ही नहीं। रहे हैं।
स्पीकर 1: अरे समस्या यह है ना कल मीटिंग में जवाब देना। वह देखो।, तुम, जानते हो डीएम सर की तैयारी हो गई तो वह यहाँ पर क्या? पता हम लोग। को क्या? करेंगे।??
स्पीकर 2: इस कंपनी में तो काम इन प्रोग्रेस
स्पीकर 1: करते हैं ना सरकार से चल। नहीं। ऐसा नहीं। होता है ना। अब वह तो साफ इंस्ट्रक्शन में है कि भाई शाम मई अप्रैल की शिकायत हमें। अगर सात तारीख को मीटिंग में जाने के पहले अगर मिली तो वह आप लोग। अपना स्वयं जवाब बनाकर तैयार कर लेना।
स्पीकर 2: तो अभी दस दिन में है ना
स्पीकर 1: इसको आए? अरे बात। दस दिन की नहीं। है ना वह अब है तो हमारे मतलब हमारे पास अभी आई है दस दिन पहले लेकिन वह जो मैं। ... अपडेट दे आपको? तो तुम, तो यार यह क्यूसी / क्वालिटी कंट्रोल के ही व्यक्ति हो तुम्हें क्या? समझाए हम मतलब सारी चीज़ें समझो प्रियंका ने साफ बोला है मीटिंग आने के पहले में। ... मुझे अप्रैल माह की कोई शिकायत दिखनी नहीं। चाहिए। वह सीधा है। नहीं। तो जो जिसके हाथ बचे तो हमारे आप मेरे मतलब जवाब आप लोग। तैयार कर लेना और हमें। भेज देना।। अब यह बोला है अब बाकी अब क्या? बोलूं में। ... जैसा बताना। चाहूंगा। अच्छा अच्छा। तेरे को कुछ भी ऐसा हो कि कालदेवर ले खड़ी करके हो जाए और थोड़ा सा बंद करके और
स्पीकर 2: मानेगा साहब, मैंने आपको? सुबह बताया कि चार शिकायत आ चुकी है। यह पश्चिमी है। मैं। ... आपको? सुबह ही बताया है मैंने। ऐसे नहीं। होगा काम करना पड़ेगी।।।
स्पीकर 1: काम करना पड़ेगी।। वह है बिना काम के नहीं। होगा लेकिन बात। यह है कि अभी जैसे यह है ना कि आप जैसे कल से बोल रहे कल से काम लगेगा। हां। तो ऐसे कुछ हो गए बाकी चार ऐसा ही ने कराई ना। अब तो ऐसा है ना कि अभी तक जैसे में। ... मतलब मेरी बात। ऐसे नहीं। हुई। थी कि हां भाई ठीक है काम करना है क्या? है यूं? अभी तो वह काम करेंगे।? ना कम्प्लीट करेंगे।? उसको।
स्पीकर 2: हां। नहीं। तो अब यही बात। है ना अभी कम्प्लीट करेंगे।? तो क्या? पहले कितनी शिकायतें ला ही चुके हैं, आदमी बार-बार नहीं। हो पाएगा।। वह मतलब उसमें पड़ा हुआ है कि नहीं। भाई आपने जितना बोला हमें। हर बार आपके बात। मानी इस बार हम नहीं। मानेंगे।
स्पीकर 1: चलो।, तो फिर रहने दो फिर और क्या? है? फिर जवाब, कहीं नहीं। सब लोग। क्या? है और क्या? है?
स्पीकर 2: देखिए, अपन कोशिश करते हैं, हार नहीं। मानना है।
स्पीकर 1: ठीक है।
स्पीकर 2: हां, रखे। रहना है।
स्पीकर 1: रखे। रहना अब यहाँ जानते तो हो कहानी से में। ... नहीं। सुननी है, रिजल्ट चाहिए।
स्पीकर 2: साहब, में। ... वही चीज़ बोलता हूं साहब, देखिए, क्या? है दबाव आप हम पहले ऊपर बना लोगे उससे आपका काम नहीं। होगा। आपको? भी दबाव जहां बनानी है आप वहां दबाव बनाओ वहां काम होगा आपका।
अब जैसे मैम यह डेली में। ... मीटिंग में बोल रहा हूं सर, ग्रुप में डाल रहा हूं, सब कर रहा हूं तो वहां अगर एटी ए टाइम या आप रिप्लाई कर देते हैं
स्पीकर 1: कि आप बताओ सही जगह जो है आज यह बताओ कि वह शिकायत ऐसा है कल सीट में कल सीट में जो जो शिकायत है वह दिखी थी यह वाली शिकायत में। ... मतलब शिवेंद्र मतलब यह इसमें मेरी नज़र नहीं। पड़ पाई यह बोल सकता हूं।
स्पीकर 2: बाकी
स्पीकर 1: और जैसे ही यह आज जब देखा तो तुरंत उसमें जब मतलब एक्टिव वह लोग। हुए ना और दबाव बनाए तब तो वह एक्टिव हुए। अगर दबाव नहीं। बनाया हो तो क्या? एक्टिव होते होंगे?
स्पीकर 2: यही चीज़ यही चीज़ जैसे साहब, में। ... बताता हूं देखिए, में। ... मेरा भी काम करने का फंडा रहे हैं।। में। ... भी मतलब बहुत अच्छे जगह से काम किया। हूं। आप जैसे पहले दिन इनकी शिकायत आई थी ना साहब, पहले दिन में। ... यह चीज़ समझा कि काम करना है। पहले दिन मैंने ग्रुप पर डाल दिया। अब आप समझिएगा। पहले दिन मैंने ग्रुप में डाला पहले दिन आप इतने दबाव बना देते जो जो आज आप आज आपने दबाव बनाया क्योंकि में। ... पहले दिन जान गया। था इसमें काम करना इसीलिए मैंने
स्पीकर 1: कुछ भी
स्पीकर 2: किया। था।
स्पीकर 1: अरे वह दबाव ऐसा कर वह कौन बनाएगा दबाव? एक चीज़ बताओ। वह तो भैया यही जो रहते हैं ना यह एसडीओ रहेंगे इनके आदमी रहते हैं। उनको हमारे ज़ोन क्षेत्र में काम कराने के लिए। अगर हमें। यहाँ आना पड़े तो मतलब क्या? यह मतलब अरे
स्पीकर 2: सुनिए साहब,. है ना? एक चेन होती है। यह जो बोल
स्पीकर 1: रहे थे कि सर हमने। डाल दिया ग्रुप में डालने से अपना काम नहीं। खत्म होता है।
स्पीकर 2: में। ... वही तो हमको थोड़ा
स्पीकर 1: सा ना बोलें
स्पीकर 2: एक एफई होता है साहब, वह अगर सब कुछ होता तो उसके ऊपर ए ही नहीं। रखा जाता।
स्पीकर 1: अनिवार्य है वह।
स्पीकर 2: ए ही सब कुछ होता तो उसके ऊपर आ रही नहीं। रखा जाता। आ रही सब कुछ होता तो डिटेल नहीं। रखा जाता उसके ऊपर।
स्पीकर 1: बात। होता है कि लेकिन
स्पीकर 2: वह है वह है वह है वह है वह है वह है वह है वह है वह है वह है वह है वह है वह है वह है वह
स्पीकर 1: है वह है वह है वह है
स्पीकर 2: वह है यह सब कुछ चेन है साहब, अब हर चीज़े चेन है। एक साथ... यह।
स्पीकर 1: चेन है लेकिन ऐसे समझो कि जैसे मुख्यमंत्री होता है ना वह उसको ही हमारे हिसाब से चलाना भले ही वह केंद्र में में। ... वह प्रधानमंत्री से पूछता रहे हैं। यह है वह है फलाना ढिमका सब ठीक है।
स्पीकर 2: नहीं। नहीं। नहीं।
स्पीकर 1: नहीं। नहीं। नहीं। नहीं। नहीं। नहीं। साहब, में तो। सारी चीज़ें जो है ना मुख्यमंत्री को ही हैंडल करना नहीं। है। यह चीज़ आपने
स्पीकर 2: बहुत अच्छी चीज़ बोली थी एक दिन मीटिंग में मैंने सुनी सुन कर। उन्होंने बोला था कि यार यह नहीं। ऐसा है कि अगर आप चार लोग। हो मतलब एफआई आर डीसीएल है ना? चालू उन्होंने बोले तो टीएल नहीं। थे उस टाइम। तो अगले आप चार लोग। अगर एक लाइन पर चलो। ना तो हिम्मत है उसकी कि वह काम नहीं। करेगा।
स्पीकर 1: लेकिन हम
स्पीकर 2: हम चार लोग। हैं साहब, एफई है यही है आरी है बीटीएल है लेकिन हम चार एक सूत्र में नहीं। बंधे हैं।
स्पीकर 1: सूत्र में बिल्कुल बंधे हैं। कहाँ समस्या आती और यह क्या? होता है ना वह अब ठीक है तुमसे हम करेंगे।? डिटेल में बात। वह क्या? है तुमसे जब बात। करते तो थोड़ी लंबी बातें होती हैं।
स्पीकर 2: हां।
स्पीकर 1: है ना? तो अब वह पहले तो यह इसमें शिकायत करो। और बहुत सारे काम हैं तो फिर डिटेल में ज़रूर जो सूत्र है ना होता क्या? है ना बंदे भारत और भारत माता की जय बोलना है और फिर वाली चीज़ रहती है ना।
स्पीकर 2: नहीं। नहीं। नहीं। यही मैंने कहा ना जैसे हमने। पहले दिन में। ... उस चीज़ की गंभीरता को समझ गया।। आप उसको एक्सीलरेट कर देते ना तो पहले दिन यह काम हो जाता। आपने पहले दिन उसमें एक्सीलरेट किया। नहीं। आज आप एक्सीलरेट कर रहे हो। तो
स्पीकर 1: भाई साहब, क्या? है यहीं यहीं से आ गई है। हां। ठीक है।
स्पीकर 2: ठीक,
स्पीकर 1: ओके। मिले कि नहीं। मिले।","Speaker 1: नमस्ते।
Speaker 2: टिकट आया था साहब, दीपक को लेकर के।
Speaker 1: कहाँ आए हो?
Speaker 2: टिकट, टिकर वही झांसी हैं मिल्ट लाइन की अपनी।
Speaker 1: अच्छा।
Speaker 2: दीपक कह रहे हैं, कल
Speaker 1: कर ही नहीं। यह।
Speaker 2: सूफिया सूफिया कल तो। रुपया जाएगा।?
Speaker 1: तो आज क्यों? नहीं। करेंगे।?
Speaker 2: लेबर नहीं। इनके पास में। स्टार लेबर नहीं। है।
Speaker 1: कल तो फिर क्या? है? कल तुम, ही नहीं। देंगे।?, यह। कल अब फिलहाल ही होने के बाद करे क्या? मतलब?
Speaker 2: वर्किंग ग्रुप में।
Speaker 1: बात। करा हूं दीपक
Speaker 2: से? कहीं पर?
Speaker 1: अरे आज ही भाई थोड़ा बहुत मतलब दो यह कात लीवर इनके लिए। जाकर मशीन नशीन रख दिया तो करो। ना वहां पर शिकायत तो कुछ करा लो भाई।
Speaker 2: पता नहीं। आज आ ही नहीं। रहे हैं।
Speaker 1: अरे समस्या यह है ना कल मीटिंग में जवाब देना। वह देखो।, तुम, जानते हो डीएम सर की तैयारी हो गई तो वह यहाँ पर क्या? पता हम लोग। को क्या? करेंगे।??
Speaker 2: इस कंपनी में तो काम इन प्रोग्रेस
Speaker 1: करते हैं ना सरकार से चल। नहीं। ऐसा नहीं। होता है ना। अब वह तो साफ इंस्ट्रक्शन में है कि भाई शाम मई अप्रैल की शिकायत हमें। अगर सात तारीख को मीटिंग में जाने के पहले अगर मिली तो वह आप लोग। अपना स्वयं जवाब बनाकर तैयार कर लेना।
Speaker 2: तो अभी दस दिन में है ना
Speaker 1: इसको आए? अरे बात। दस दिन की नहीं। है ना वह अब है तो हमारे मतलब हमारे पास अभी आई है दस दिन पहले लेकिन वह जो मैं। ... अपडेट दे आपको? तो तुम, तो यार यह क्यूसी / क्वालिटी कंट्रोल के ही व्यक्ति हो तुम्हें क्या? समझाए हम मतलब सारी चीज़ें समझो प्रियंका ने साफ बोला है मीटिंग आने के पहले में। ... मुझे अप्रैल माह की कोई शिकायत दिखनी नहीं। चाहिए। वह सीधा है। नहीं। तो जो जिसके हाथ बचे तो हमारे आप मेरे मतलब जवाब आप लोग। तैयार कर लेना और हमें। भेज देना।। अब यह बोला है अब बाकी अब क्या? बोलूं में। ... जैसा बताना। चाहूंगा। अच्छा अच्छा। तेरे को कुछ भी ऐसा हो कि कालदेवर ले खड़ी करके हो जाए और थोड़ा सा बंद करके और
Speaker 2: मानेगा साहब, मैंने आपको? सुबह बताया कि चार शिकायत आ चुकी है। यह पश्चिमी है। मैं। ... आपको? सुबह ही बताया है मैंने। ऐसे नहीं। होगा काम करना पड़ेगी।।।
Speaker 1: काम करना पड़ेगी।। वह है बिना काम के नहीं। होगा लेकिन बात। यह है कि अभी जैसे यह है ना कि आप जैसे कल से बोल रहे कल से काम लगेगा। हां। तो ऐसे कुछ हो गए बाकी चार ऐसा ही ने कराई ना। अब तो ऐसा है ना कि अभी तक जैसे में। ... मतलब मेरी बात। ऐसे नहीं। हुई। थी कि हां भाई ठीक है काम करना है क्या? है यूं? अभी तो वह काम करेंगे।? ना कम्प्लीट करेंगे।? उसको।
Speaker 2: हां। नहीं। तो अब यही बात। है ना अभी कम्प्लीट करेंगे।? तो क्या? पहले कितनी शिकायतें ला ही चुके हैं, आदमी बार-बार नहीं। हो पाएगा।। वह मतलब उसमें पड़ा हुआ है कि नहीं। भाई आपने जितना बोला हमें। हर बार आपके बात। मानी इस बार हम नहीं। मानेंगे।
Speaker 1: चलो।, तो फिर रहने दो फिर और क्या? है? फिर जवाब, कहीं नहीं। सब लोग। क्या? है और क्या? ह?
Speaker 2: देखिए, अपन कोशिश करते हैं, हार नहीं। मानना है।
Speaker 1: ठीक है।
Speaker 2: हां, रखे। रहना है।
Speaker 1: रखे। रहना अब यहाँ जानते तो हो कहानी से में। ... नहीं। सुननी है, रिजल्ट चाहिए।
Speaker 2: साहब, में। ... वही चीज़ बोलता हूं साहब, देखिए, क्या? है दबाव आप हम पहले ऊपर बना लोगे उससे आपका काम नहीं। होगा। आपको? भी दबाव जहां बनानी है आप वहां दबाव बनाओ वहां काम होगा आपका।
Speaker 1: कि आप बताओ सही जगह जो है आज यह बताओ कि वह शिकायत ऐसा है कल सीट में कल सीट में जो जो शिकायत है वह दिखी थी यह वाली शिकायत में। ... मतलब शिवेंद्र मतलब यह इसमें मेरी नज़र नहीं। पड़ पाई यह बोल सकता हूं।"
8,"हां, कहाँ सर? यहीं हैं पीकर। पीकर में कहाँ? पीकर में जो सरपंच के थोड़ा आगे बैठा हूं एक जगह पर। सरपंच के आगे? सरपंच के जहां घर हैं ना दुकान उसकी। उसके थोड़े ही आगे बैठा हूं, लेवल लेकर। नहीं। आई हैं अभी कहाँ पर करना हैं यह तो बताइए? अरे बहुत काम हैं यहाँ पर, आओ तो।","Speaker 1: हां, कहाँ सर? यहीं हैं पीकर।
Speaker 2: पीकर में कहाँ?
Speaker 1: पीकर में जो सरपंच के थोड़ा आगे बैठा हूं एक जगह पर।
Speaker 2: सरपंच के आगे?
Speaker 1: सरपंच के जहां घर हैं ना दुकान उसकी। उसके थोड़े ही आगे बैठा हूं, लेवल लेकर।
Speaker 2: नहीं।
Speaker 1: आई हैं अभी कहाँ पर करना हैं यह तो बताइए?
Speaker 2: अरे बहुत काम हैं यहाँ पर, आओ तो।"
9,"हैलो. जय श्री, जय श्री. हां हाल चाले जी. ठीक है. मोबाइल अंकुश लगी रहे हैं. तो. हैं? हाल चाल सब बेकार हैं. तबियत के हालात खराब भी है ना कि तबियत खराब ही है. हां. हां. हां? वहां बिटिया आज से दस है सुबह कहाँ है? कहाँ है यह? उनकी दस बुखार. ऐसे जा नहीं। पाने. यार अब सोचा उनका दिखावा का एक जिला है. कल ही चला.","Speaker 1: हैलो. जय श्री, जय श्री. हां हाल चाले जी. ठीक है. मोबाइल अंकुश लगी रहे हैं. तो. हैं? हाल चाले सब बेकार हैं. तबियत के हालात खराब भी है ना कि तबियत खराब ही है।
Speaker 2: हां. हां. हां? वहां बिटिया आज से दस है सुबह कहाँ है? कहाँ है यह? उनकी दस बुखार. ऐसे जा नहीं। पाने. यार अब सोचा उनका दिखावा का एक जिला है. कल ही चला।"
10,"चलो। दीपक यार। 
अरे रुकिए सर, लेवल ले लें। अकेले चलकर क्या करेंगे? 
हां लेकिन खड़ा है वहां पर अपना स्तर या लेवल।
ठीक है ना सर।
आओ फिर मैं भाई।
जी सर।","Speaker 1: चलो। दीपक यार।
Speaker 2: अरे रुकिए सर, लेवल ले लें। अकेले चलकर क्या करेंगे?
Speaker 1: हां लेकिन खड़ा है वहां पर अपना स्तर या लेवल।
Speaker 2: ठीक है ना सर।
Speaker 1: आओ फिर मैं भाई।
Speaker 2: जी सर।"
11,"हां बोलो। बोलो, क्या? बोल रहे हो? 
कहाँ में कहाँ में गुरु कहाँ है सही समय पर इतने जितना बस लोड है कि बहुत ज़्यादा राजनीति इतने बड़ा काम नहीं है। 
काम इतने दें कि हालत कॉफी जैसी है। 
बता बे, तू बता। 
हां, अभिषेक वाला इश्यू पहले बता दो उसका। 
अभिषेक वाला इश्यू आज का तो कुछ नहीं था। अमेज़न कल वाला बताया रहे हैं। 
वह चेस्ट वाला इश्यू क्रिएट करा तो रहा है, वह तब भर्तियों का है। एक हफ्ता जो होएगा तो मेरी ठीक है। 
आगे, यह मैं... के मालिक क्लोज़ हो गई थी। यह मार्क साइन हो भाई कर ही है। 
फिर क्या? वह ठेकेदार चेक करे जाते हैं उनको पैसे दें। मतलब क्योंकि हम काम गलत कर हैं। 
वह काम गलत कर हैं। 
ऐसे हम तो हर आदमी का पैसा देंगे। कभी आई सब चीज़ ऐसा आई पैसे के एक हटोराते के एक आए त्राहि कटोरी की संतोष कटोरी की एक कटोरी मत आओ। नहीं। 
जा नहीं। कि हां हुआ अच्छे के दाएं देरान देरान रात है। वह कह दे कि अभय दे बगैर दे। कहीं गोवा हां शंभु आज हम लोग। 
आ गए। हां। ए। शंभु से हम कहेंगे शंभू को हमें। टीम भेजा अबा। हां। तो वह तो हम पहले शादी एक आध टीम भेजा फिलहाल अबा। हां। इसकी वजह से बीस तारीख को शादी है। वह कहे कि हम बाइस को इसको देखकर भेज दिए थे ग्रेस टीम। हां। वह भी आ गया। है। 
मान लो शंभू आता है। 
है। शंभु से तूफान नहीं करवा दोगे? पहले 
फिलहाल लेकर हम छह सौ टोटल लेता हूं बीच में। 
हां, शंभू से तूफान ना ले लोगे। शंभू के कारण यहाँ आदत खराब कर ही है। 
लेकिन फिर यह हम चाहे तो शंभू रहे हैं। यदि 
फिर ऐसा कुछ कर रहे हैं। ना जिस गुरु कोई भी माम का वर्मा लगा। रखा, देवर। 
रखा। हैं? 
इसलिए यह काम यह फोटो देख सकते है वह सब सही है काम सही करे यह नहीं। किए हो कर ही। हां। 
यह तो 
पता है कि यह जो माल है मिट्टी वाला एक मैनुअल वाला खुदाई हो हां। तो मतलब प्रॉपर डिसीज़न बात। हो ना ही आठ सौ, पचास का। 
आठ सौ सिर्फ एक बात। तो नहीं। है आठ सौ। हैं? 
सिर्फ एक बात। 
तो नहीं। है गुरु आठ सौ। आठ सौ। हम पाइप के ऊपर सात सौ सौ तक के बाद भी रहे हैं गुरु के थ्रू मतलब साढ़े सात सौ को दोबारा। गुरु मतलब आठ सौ फैक्टर ऑफ सेफ्टी आय लेगी चल रहे हैं। तो साढ़े सात सौ को दोबारा है पाइप के ऊपर सात हो ही रहे हैं। है। तब वह हम चला लें। 
थोड़ा सा कठिन है देख रहे हैं मिट्टी देखा रहे हैं। ना मिट्टी रात का। आ रहे हैं। मिट्टी हार्ड गर्मी के समय में मिट्टी हार्ड रहे हैं। 
वह तो हो गए करीब। 
हां हां। मतलब कहाँ कहाँ पर बढ़ी रही है। 
ऐसा कुछ किया। नहीं। है। हम तो वह सेटिंग कल कई ना दिए रहे हैं। 
उनसे बात। कर 
रहा था ढाई रुकिए तो हम तो काट जा फिर। वह सब 
एक नंबर थोड़ी करा हुआ सब बहुत सही हुई। करा हुआ सब। 
यह कि यह खाली लेबर है भाग गए हैं। 
यह सेटिंग एक नंबर थोड़ी गई थी यह दोस्त। 
भाई हम तो यह चाह रहे थे कि। 
चलो। कॉन्टैक्ट। हैं? 
नहीं। सर फिलहाल के फोन ठीक ठाक है। 
हम लगाए ही फोन उठा। हां। हमारे फोन ऑन उठाए। हम पहले नंबर से वह शायद हमारे नंबर से होता था। 
जी जी साहबे की बात। तब आई ना जब रिंग दे रही है। 
काम बंद ना क्लीन जाए भाई। 
करे के लिए। गुरु उनका बड़ा सुविधाएं समझ में आ रही है गुरु। 
हर तरह। 
के दबाव है गुरु हर तरह। के। 
मैं। ... फिर यह बता रहा हूं या फिर थर्ड सेकेंड थर्ड ऑप्शन मान ले सुनो। जब सिलेबस नहीं। आता है यह। 
तब तक यह 
सीबीएसई। कुछ काम जैसे कुछ कर जाएंगे। है। 
अरे दिक्कत नहीं। है गुरु जैसे कोई फ़ायदा नहीं। है भाई यह। 
नहीं। रेट मैनुअल भरा लगा। है। कैसा 
लगा। है बताओ अब? वह अभिषेक एकदम सोचते हैं, हो 
ही जाए। एकदम आप अपनी सोच लेना। ले। पहले सोचा रहना है। वह चीज़ का थोड़ा सा साइड किंग है। ऐसे तो कहा रहे हैं। ना कि पूरा बिल नहीं। लग सका था कि मैनुअली टोटल जितना काम करे लाए तीन सौ साढ़े तीन सौ। 
तो हाउ वह कह रहा कि अगर तीस प्रतिशत लगेगा लोग। भैया तो उसमें फिर लड़कों को देखना पड़ेगी। मान लो एक किलोमीटर की है तो तीन सौ मीटर लगेंगे मैनुअल फिर तो काल है। 
ठीक है हम भाई केरला एक किलोमीटर। 
करीब थे। 
तीन सौ मीटर हम जैसे भी करेला मान लें। तो होकर हम अब अर्जुन तब से आदमी खोज रहे आदमी पटाखे कंटिन्यू। संतलाल मान नहीं। ले पच्चीस तक आ जाता वहां। ऐसे उनके अलावा दूसरा आदमी हो गई तो संतलाल। तब तक तो कुछ काम हो जाए कल। 
अच्छा सर। 
यह 
सुनते हैं ना आप गुरु राजनीति और गहरी है। क्या? हम ही पंछी इतने इंगेज कह रहे हैं इतने इंगेज कह रहे हैं। मतलब समय के नाम के जैसा चीज़ें नहीं। छोड़ रहे हैं। क्या? 
हो? बहुत राजनीति है। 
बताओ क्या? करूं? 
हम यह कही थे। करे काम धंधा में। 
हो। तू जेसीबी से करे काट तुमको। एक अलग रास्ता बताइए। जेसीबी को तू बायो मीटर माहिर करा। 
बाय नेचर में जेसीबी यह पिछली बार बात। कर रहा था जेसीबी बाय नेचर में यह कहा था कि धमका लंबी चाल रहे हैं। एकदम दो तीन किलोमीटर के। 
वह चाल तो हम आज सरकारें कहाँ कहे गुरु। हैं। वह चार। 
तो हम आज सरकारें 
का कहेन दूदु। हम आज सरकारें हैं ना बात। पर कि वह गुरु ढूंढ ढूंढ के चार ढूंढ रहे हैं। इतनी चार ढूंढ रहे हैं जितना कि पाव दो तीन किलोमीटर के चार बूंदोंगे लगेंगी। है तो जेसीबी सुरभिन का। 
हां। दूसरी वाले का रखा कंटिन्यू चाहिए। एकदम सीधी चाल रहे हैं। 
एकदम सीधी ना मिल पाई थी। हां। एकदम सीधी मिल सक रहती है ऐसा नहीं। आया ख़ास के लिए। भी करके तो एट लीस्ट बिना इंजीनियर या बिना माहोल अभिषेक के ना मिले। अभिषेक को लास्ट लास्ट में लास्ट हमको अब उसको देनी पड़ी है। क्या? करूं बताओ? 
देसी आवाज़ में चालीस है। एक सौ मीटर की चाल है। सीधी चाल है। 
अच्छा तुमको। मीटर वाले में कह रही हूं बात। मेरी? 
वह शायद तीस जैसे चालीस रुपये में कुछ नहीं। है चालीस रुपये बचा सकते 
हैं। मतलब तीन टन के पैंतीस में जा सकते हैं लेकिन 5 डायरेक्टली तो हमको लेबर चाहिए। 
ना। फाइबर लेबर चाहिए। जो सर ने बात। हुई। थी ना। एक्चुअली जो हमारे पहले जैसे सिटीजन दे रहे थे यह वाला। वह पहले यह वाला काम करत रहे हैं हम। डीके मैकेनिक की जैसी पाइप नहीं। मिल पावर रे टाइम से, कूपलर नहीं। मिल पावर बाहर आए और क्योंकि जैसे हम काम बंद कर दें। 
हां। 
यह बात। यह चीज़ बता रहे हैं, हम पहले काम कराते रहना है मीटर एवं काम कराना है। 
अब तो इसमें तो शायद अब मैं। ... 
पहले भी तो आदमी जनेऊ रामा फिर चर्चा कीम जी। 
देखा तीन पैंतीस रुपये में अगर बात। वन जाए ना तो जीएसटी से तो की है आदत है। मतलब सुना फिर तो अच्छा है कि कुछ काम है। 
नहीं। तो अच्छा है। यह कौन सा अच्छा बायज़ोन के लिए। 
कहा है तो वहां टीम ही कुछ। 
सुनो, यह जैसे स्विगी वाला भी लगाते हैं अभी, समझो एक घंटे में पच्चीस मिनट मीटर वाला खोद रहे हैं। 
एक घंटे की कॉस्ट लगाओ। 
एक घंटे में चौदह सौ रुपया। 
चौदह सौ रुपया प्रति घंटा। काम का रुपया जवाब अच्छा लेबर भी लगेंगे उसमें। 
लेबर भी लगेंगे। रुको बताया था तो पहले वह पहले तू लगाया माल है, टोटल माल है जेसीबी चार लीटर का यह ऐसे लगाए थे ठीक है ना। हैं। चार घंटा जेसीबी। 
जेसीबी चली। हां। 
दस चौदह सौ के छप्पन सौ रुपये। 
चौदह सौ रुपये चौदह चौबीस सौ रुपये हां। 
हां चौदह सौ छप्पन रुपये 
हैं। अच्छा चौदह सौ रुपये जितनी उसकी बारह तेरह सौ उन्होंने मिली। हां हां हां। हां। हां। फिर चलो। 
छप्पन पर यह हो गया। प्लस क्या? बोलते हैं वह लेबर माल हम दूध लेबर खेल रहे हैं। है ना? हां हां। तो दुगुनी चार दूध ही तो मान ले मतलब चार घंटे का इतनी बीस सौ हो गई मान लो चार सौ दो सात सौ। चार सौ ले। छह हज़ार हो गए ठीक है हम चार घंटे में। 
काहे लेबर दूध ही तो मिल गई तो कहाँ? 
हम पूरा मान ले एक एक एक टाइम पर दे लेना है ना मान एक टाइम पर निकाल लेना है ना चार घंटे से दुकान लगाना है। 
हां। 
या फिर तुम, चलो। पूरा लगा। लो या आठ सौ लगा। ले। 
हां। छह 
हज़ार आठ सौ वन। 
गया। छप्पन आठ चौंसठ सौ। चौसठ सौ चौसठ सौ। 
चौसठ सौ जी। 
हां। आप बताओ आठ घंटे में तुम, सौ सौ रुपये काम किए। 
अच्छा सौ सौ रुपये है ना? 
हैं? 
संता सत्तावन सौ रुपया। 
मात्र। हां चार घंटे सौ मीटर मत सत्तावन सत्तावन सौ का है। चौदह सौ को छप्पन है वही कराओ भाई। हां तुम्हारा सौ जोड़ लिया था चौसठ सौ। 
चौसठ सौ या काम के बाद तो मिलना है। मान लो पच्चीस मीटर के हिसाब से काम हो रहे हैं। 
हां तो चार घंटा चली तब पच्चीस सौ को समय ना बाबू। 
तो तुम, ना संताई में से बोलना है मात्र। 
हैं? 
संताई में से बोलना है। 
काहे? 
संताई में से बोलना है मात्र ना। 
हां रेट अपना उधर पैसे। जो बच रहे हैं। वह छप्पन सत्तावन सौ रुपया मिलेगा। जबकि लगी इधर अड़सठ चौंसठ रुपये। 
जाएगा। वह बात। वह सीमेंट लग जाता है जी। 
हां। अगर ज़्यादा लग गई तो हम कर ही पाए। 
अभी यह माल ना लग जाता हूं वहां। यह आ जाता है वह तो है मैनुअल उसे रेट लग जा रहे हैं। तब तो ठीक रहेगा। पर उसका मतलब कम चांस। 
है। हम यह है इससे डिलीवरी शुरू क्योंकि मान ले हम अभी चेक से कहे किसी लगवा रहे हैं। अच्छा वह भी नहीं। क्यों? चला गया। फिर। 
तो फिर फोन लगाते हैं फिर। हैं? आपको? लग गया। हेलो हेलो","Speaker 1: हां बोलो, क्या हुआ?
Speaker 2: काम की बात कर रहे थे, लेकिन लगता है कि बहुत राजनीति हो रही है।
Speaker 1: क्या मतलब? कौन सी राजनीति?
Speaker 2: बस, इतने बड़े काम में इतनी राजनीति नहीं होनी चाहिए।
Speaker 1: अभिषेक वाला इश्यू क्या हुआ?
Speaker 2: अभिषेक वाला इश्यू आज का नहीं है, अमेज़न कल वाला बताया था।
Speaker 1: चेस्ट वाला इश्यू क्रिएट करा तो रहा है, लेकिन भर्तियों का है।
Speaker 2: एक हफ्ता हो जाएगा तो मेरी ठीक हो जाएगी।
Speaker 1: आगे, यह मैं... के मालिक क्लोज़ हो गई थी। यह मार्क साइन हो भाई कर ही है।
Speaker 2: फिर क्या? वह ठेकेदार चेक करे जाते हैं उनको पैसे दें।
Speaker 1: काम गलत कर हैं।
Speaker 2: वह काम गलत कर हैं।
Speaker 1: ऐसे हम तो हर आदमी का पैसा देंगे।
Speaker 2: कभी आई सब चीज़ ऐसा आई पैसे के एक हटोराते के एक आए त्राहि कटोरी की संतोष कटोरी की एक कटोरी मत आओ।
Speaker 1: जा नहीं। कि हां हुआ अच्छे के दाएं देरान देरान रात है।
Speaker 2: वह कह दे कि अभय दे बगैर दे।
Speaker 1: कहीं गोवा हां शंभु आज हम लोग।
Speaker 2: आ गए। हां। ए। शंभु से हम कहेंगे शंभू को हमें।
Speaker 1: टीम भेजा अब। हां। तो वह तो हम पहले शादी एक आध टीम भेजा फिलहाल अब।
Speaker 2: हां। इसकी वजह से बीस तारीख को शादी है।
Speaker 1: वह कहे कि हम बाइस को इसको देखकर भेज दिए थे ग्रेस टीम।
Speaker 2: हां। वह भी आ गया। है।
Speaker 1: मान लो शंभू आता है।
Speaker 2: है। शंभु से तूफान नहीं करवा दोगे?
Speaker 1: पहले फिलहाल लेकर हम छह सौ टोटल लेता हूं बीच में।
Speaker 2: हां, शंभू से तूफान ना ले लोगे।
Speaker 1: शंभू के कारण यहाँ आदत खराब कर ही है।
Speaker 2: लेकिन फिर यह हम चाहे तो शंभू रहे हैं।
Speaker 1: यदि फिर ऐसा कुछ कर रहे हैं।
Speaker 2: ना जिस गुरु कोई भी माम का वर्मा लगा।
Speaker 1: रखा। हैं?
Speaker 2: इसलिए यह काम यह फोटो देख सकते है वह सब सही है काम सही करे यह नहीं।
Speaker 1: किए हो कर ही। हां।
Speaker 2: यह तो पता है कि यह जो माल है मिट्टी वाला एक मैनुअल वाला खुदाई हो हां।
Speaker 1: तो मतलब प्रॉपर डिसीज़न बात। हो ना ही आठ सौ, पचास का।
Speaker 2: आठ सौ सिर्फ एक बात। तो नहीं। है आठ सौ। हैं?
Speaker 1: सिर्फ एक बात।
Speaker 2: तो नहीं। है गुरु आठ सौ। आठ सौ।
Speaker 1: हम पाइप के ऊपर सात सौ सौ तक के बाद भी रहे हैं गुरु के थ्रू मतलब साढ़े सात सौ को दोबारा।
Speaker 2: गुरु मतलब आठ सौ फैक्टर ऑफ सेफ्टी आय लेगी चल रहे हैं।
Speaker 1: तो साढ़े सात सौ को दोबारा है पाइप के ऊपर सात हो ही रहे हैं। है।
Speaker 2: तब वह हम चला लें।
Speaker 1: थोड़ा सा कठिन है देख रहे हैं मिट्टी देखा रहे हैं।
Speaker 2: ना मिट्टी रात का। आ रहे हैं। मिट्टी हार्ड गर्मी के समय में मिट्टी हार्ड रहे हैं।
Speaker 1: वह तो हो गए करीब।
Speaker 2: हां हां। मतलब कहाँ कहाँ पर बढ़ी रही है।
Speaker 1: ऐसा कुछ किया। नहीं। है।
Speaker 2: हम तो वह सेटिंग कल कई ना दिए रहे हैं।
Speaker 1: उनसे बात। कर रहा था ढाई रुकिए तो हम तो काट जा फिर।"
12,"अरे, बड़ी लंबी समस्या है। हमेशा हम तोरण देखें थे साले काटे, फोन ना काटे या फिर खुद ही काटे।

फोन ऐसे नहीं। कहें, पूरी बात। समझ में कर रहा हूँ। फोन ऐसे नहीं। कहने लगा। था यह तो होल्ड करके बात। कहीं ली। तुम, फोन वह हो तो उनका फोन है कट गया। पिता जी का टांके आया मैं। ... वहां तो वाले पिता जी जैसे मैंने साइकिल लेकर निकाली गई है।

तो भैया, हमेशा तू काहे से रहा? तो हो

गया। है।

हमेशा ऐसे कहते हैं।

हां हमें। तो है ना कि होल्ड में बात। हुई। जिनको फोन नहीं। काट दिया हम। काट के लगा। है परा।

काहे काट के रहे हैं। पड़ा एड कॉल नहीं। करे

हां?

हेड कॉल पर ही ले जाइए, डेड कॉल नहीं। करे पड़े ज़रा।

अरे अब गुरु भूत को मान ले यार। छोटी छोटी बात। को जान। नहीं। हमेशा

ही ऐसा करते हैं गुरु ते। ऐसा

छोटी बात। को जान कहाँ देती है हो ही गया। नहीं।

ना अरे ना अरे ना गुरु। तू कांटे इंसान डिस्टेंस बोलते गुरु ते कहते है कि भाई गुरु को कॉल पर रहे यार।

ठीक है उधर फोन काटे, फोन

ना काटे। ठीक है मुद्दे की

बात। करो।। हां। डायरेक्ट हो गया।। तो क्या? किंग ऐप पर? सिस्टम कैसे बना हुआ जाए? हां,

हां हम जो बात। है मेरा जो डर है वह डर इस बात। का है कि कल के दिन माल ले कहाँ क्यों? होने से चला गया।। हां हां डर है। तो अभिषेक अभिषेक हां, अभिषेक डिफेंड नहीं। कर पाएगा।। मेरे लिए।। सुबह हम आप मेजर लॉस कीजिए।

मेजर लॉस हुई। सही बात।

है। हैं? हम मेजर लॉस पूरी ना झेलेगा भाई बहन। हां। अरे तू महीना भर में जीएसवी सही है वहीं से मार दिया एक किलोमीटर दस किलोमीटर। हां टोटल लॉस निकल जाते हैं दस बीस हज़ार रुपया। हम बाप रे। इतने लॉस फिट हो गई इतने लॉस।

नहीं। हो पाएगा। नहीं। करेगा मैं। ... चेक पकड़ी थी एक लंबी साइड देखी। हम से एक बार करे अब वह कुछ लंबी साइड दिखाया

मैंने कहा

कहती है। मैंने कहा की थी। मैंने उससे बात। कर ही क्या? हो रही है? हैलो?

देख ही ले हैं। है ना? हम्म। मतलब करीम ना पावता। मतलब मार्केट में बंद ही ना रह पावता। ठेकेदारी लाइनएं ना रही आपका ऐसा कुछ नहीं। होती। लगता है। भाई लोग। लोग। कैसा गायब हुई। जाती है इसे गायब हुई। जाती है। हैं? हां।

इरिगेशन वाली?

इरिगेशन लो ही तीन चार दिन पहले। हैं? उसकी सीमेंट / सीमेंट थ्रू है तीन चार महीने देता है पैसे।।

एजुकेशन ना मैक्सिमम होकर खाना मामा कम से कम सबसे कम एक एक मिनट है कि पाइप

है। ऐसा नहीं। है। हां? नहीं।, ऐसा नहीं।।

तो के लिए। तो हार्ड ड्राइव जैसे भी कम्पलसरी रखे थे हमको।

नहीं। ऐसा कुछ नहीं। है ऐसा गलत वाला। है सबको बात। आ रही है क्योंकि सर्वाइवल इसके गिरा, सर्वाइवल इसके द्वारा। बताओ।

क्या? होता

है? कैसे होगा, कैसे पढ़ो इसे? संतलाल से कॉन्टैक्ट करें।,

खाते हैं

वह? संतलाल से कॉन्टैक्ट करें।, इससे पहले संतलाल के लिए। हमारे मन में कितना जहर भर ली इसने। हैं? इतने जहर भरे एक संतलाल इतने पैसे। लेकर चला भाई इतने लेकर चला

यह दिक्कत यह है कि फिर से पैसे। मांगिए में। ...

और जैसे कहा कि हां लेबर / लेबर भेजो तो फिर से पैसे। मांगिए सब। वह हम दोस्त नहीं। दे रहे हैं, हमें। तो यह माने, हम लोग। उसे क्या? ही रह के गुरु लेबर / लेबर

ख्याल रहनी है लेबर / लेबर हां यह

विवरण के मनमास के साथ... बता रहे हैं जेके आर पर रहना है। कंपनी का आप सिलेबस खाए भाई जो उनके पास थाए के लिए। पैसे। नहीं। मिले बराबर बराबर। हां। यह ऐसे बराबर और खाई यह पैसे कि हमारे उनके पास बिल धोने के पास थाए तो नहीं। मिले हैं। इनके पास खाने के लिए। पहले संतलाल नहीं। भेजे रहा।

वाह बताएं संतलाल का हम तो पैसे। तो बराबर रहते हैं। पैसे नहीं। भेजा था पता नहीं।

देखा लेबर हमको जो कह रहे हैं मार्केट अपना पैसे। हमको दे दें। कहाँ

से दे दी? कहाँ से दे दी? कैसा संतलाल का बायपास के लिए।?

संतलाल का कोई डेट नहीं। रहा या फिर यदि यह जब देश था कम से कम खाना की व्यवस्था करते ना।

हैं।?

हैं।? कम से कम खाना की व्यवस्था करते हैं ना तो कम फिलहाल पैसे। दे। हम ना भले ही हम लोग। करते तो कम से कम होने की व्यवस्था करते हैं।

अरे संतलालो, यह सब जैसा दुखी संतलाल के कारण संतलालो बता रहे। रहे। संथाल एक भी दुकान का इशू साहब, उनको डेली दो दो सौ रुपये दारू पीने के लिए। चाहिए।। दिन भर में काम ही करते हैं तीन सौ चार सौ रुपये का। हां। अब बताइए साहब, दो सौ रुपये दारू पी लिए। दे दें तो खाने के लिए। कहाँ से मिले आप पैसे दे नहीं। रहे हैं। वह काम कर नहीं। रहे हैं तब तो। अब हम कहाँ से दे देंगे।?, हम बात। पर? भाई उनका काम की बीस सौ की दारू चाहिए।। आई एस्टिमेट लगा। हुआ बुज़ुर्ग वह। हां। तो आप पचास रुपये के हिसाब से वह रोज़ का ही रुपया काम करते हैं।

हो क्या? मतलब साढ़े तीन सौ काम करते हैं आदमी। हैं।? साढ़े तीन मिनट और एवरेज जन हूं साढ़े सात मीटर एक आदमी काम करा था अभी जॉब लगाया है हमने।।

साढ़े सात मीटर? हां हां। तो आप पांच सौ से पैंतीस साढ़े तीन सौ के काम का ही रहा।

साढ़े तीन सौ का काम का ही

रहे हैं।। दो सौ के दारु पीए का है।

हां मुझे डेढ़।

अब डेढ़ सौ में उन पर कितना चल जाता है अभी मुझे बता सकते हैं? बताओ। अगर उनका यह है तो मतलब उनका तो चारों पांच सौ रुपया नहीं। वन रहा ना विनोद उसके। गलत आता है। मैं। ... लेबर / लेबर और मरे लेकिन शंभु बोले रहे हैं तो तीन हज़ार हज़ार रुपया कमा रहे हैं।

अच्छा शंभुर एक बार टोटल छह सौ दे रहे हैं, पांच छह सौ दे रहे

हैं। टोटल छह सौ। अरे होंगे यहाँ पर गुरु ऐसा रहे हैं। कि त्रिदेव रहे हैं। अभी हम रह नहीं।। जैसे हम उदय कहिए। थे। उदय शेख करे वाले, उदय काल। यह सब उदय करे वाले।

उनको होटल देखी गई है शादी भी आसान नहीं। है उनको। एक छोर अभी उनसे बात। करूं तो उनकी फ्लाइट में तो शादी

में। शंभू कहाँ करा आज मुंह लगाया जा कहीं अपना साइट क्लियर कर ही। हां। हां पलक लेकर आओ। साइड बताई, अपना काम बताई।

अभी तक ले।

हैं हां। हां। हम चाहे थे या तू नैनिश पर ले जाना। भैया जो मामले लग गया। आगे परेशान हैं। भैया बहु जाए तो उनकोंते लगी चला। आ जाऊँ, उसके बाद से हम का ऐसा कुछ भी नहीं। लाते वह तुम्हारे बाद से कुछ है या तुम्हारे कि वह जा हम मतलब सही बताई भाई गुरु यार यह तो खर्चा बुरा लग जाए, चाहे चार ला गए, हमको नहीं। ला गए तो शंभु बुला। पाओगे। देखा चाहे अब ए चैलेंज मुसलमान चाहे जा मान। वह लक्षण ही नहीं। दिखाई देते हैं यहाँ पर। तो आ जाऊँ, हमसे बात। कर के वह है कह रहा कि नहीं। वर्ना साहब, और

साइड निकाली काम बताई खराब अपना दिमाग। मतलब इतने दिन से क्या? डील पर रहे वह आ जाऊँ, हमको उठाए बात। करे थे और जब उन्हें दिन पहले दिन छोड़े रहे हैं तो गुरु कहे रहे हैं,

एक बार उनका अब तू पटा ले जा, तू कहे ले जा। चाहे लालच नहीं। दे, चाहे साम, नाम दंड कर दे, जान लगा। दे पहले लगा। दे। बताओ गुरु। हाथ से आई चेंज करके जो बहुत बहुत बहुत लाभ दिलवाएं हैं। वह लेबर / लेबर जाने नहीं। चाहिए।। हम यहीं से उनका छह सौ में कल वह की एमपी हुई। कहीं छह सौ में ही ताऊ जिनका परेशान नहीं। कर ही

बोलो।

क्या? बोली आप? बोलो। क्या? बोले? उतर नहीं। हैं।

हैं।?

कौन उतर नहीं। हैं क्या? बोले?

पहुंच जाए गुरु तो बड़ी भाव देता है। बहुत, बहुत कठिन। अति अगाध, दुखता सब घाटी वाला हाउस। सुंदर कांड पढ़ते हैं तो खड़े हुए हैं। हां हां। और जब विभीषण राम जी के दोस्त रह जाते हैं। राम जी कहा था विभीषण है कि कहने का खरबूजा। मकर उड़द जनजाति अति अगाध गुप्ता सब भांति। मतलब यह कि जलेबी बहुत गंभीर है। कैसे करें।, उपहार कैसे जाएँ,? कहीं मकर उधर धंस जाती है, हर तरह। के राजीव जन तो है ना आती है घाट। हर तरह। से सुनो कट कीजिए।

चुनाव कट

गई। ठीक है। बताओ?

संतला से ऐसे कॉन्टैक्ट बनावे काद के। नहीं। तो अभी तो नंबर भेजा। हमने। बात। कर ही थी।

भी ए फोन कहाँ से गाड़ी आपके

हां। चलो। ठीक है। देख लेते हैं अभी बात। कर ही तो। नंबर तो हम कहाँ नहीं। जाने आएगा? काम कर रहा हूं

अच्छा जेसीवी में गुरु। कमाल भाई आदमी सरकार से जेसीवी में गुरु। बाकी,

हां। हां क्या? बताएं? रहे? तो वहां वाला का बेडरूम वाला काम चलाते कि बंद है? सब। कैसे पढ़ रहे हैं? सब समझ रहे हैं वहां। संभव रहे हैं? जो रेवा वाली रहा था मतलब कह रहे हैं। दो सौ रुपया वाली। नहीं।, हमें। रखे। नहीं। थी श्रीदेवी की। हां? हमें। लगी नहीं। रही है अच्छी डेट में. देख। बट यहाँ रीवा में तो इस बीच में लोग। मिल जाते हैं। तो नहीं। है मिल जाए मन का भाई फिर क्या? मैं। ... क्या? भाड़ा जी तू नाता सामान ले हम। ना नहीं। हमने। बाकी लोगों से बात। की गई। हां। पांच बैठने वाले? चलो। ठीक है देखी थे फिर कोई सोच बताए थे फिर।","Speaker 1: हमें यहां तोड़-फोड़ करवानी है और निर्माण कार्य शुरू करना है।
Speaker 2: ठीक है, लेकिन पहले हमें यहां का लेआउट देखना होगा और योजना बनानी होगी।
Speaker 1: हां, बिल्कुल। हमें यहां का लेआउट देखना होगा और फिर काम शुरू करना होगा।
Speaker 2: और हमें यहां के आसपास के क्षेत्र को भी देखना होगा, ताकि हमें पता चले कि यहां कैसे काम करना है।
Speaker 1: बिल्कुल, हमें यहां के आसपास के क्षेत्र को भी देखना होगा और फिर काम शुरू करना होगा।
Speaker 2: मैंने सुना है कि यहां के पास में एक रेलवे क्रॉसिंग है, जिसके कारण यहां काम करना मुश्किल हो सकता है।
Speaker 1: हां, यह सच है। हमें यहां के पास में रेलवे क्रॉसिंग के कारण काम करना मुश्किल हो सकता है, लेकिन हमें इसका समाधान निकालना होगा।
Speaker 2: हमें यहां 80 मीटर के पास एक निर्माण कार्य शुरू करना है, लेकिन हमें यहां के आसपास के क्षेत्र को भी देखना होगा।
Speaker 1: बिल्कुल, हमें यहां 80 मीटर के पास एक निर्माण कार्य शुरू करना है और फिर यहां के आसपास के क्षेत्र को भी देखना होगा।
Speaker 2: मैंने सुना है कि यहां के पास में एक इरिगेशन प्रणाली है, जिसके कारण यहां काम करना मुश्किल हो सकता है।
Speaker 1: हां, यह सच है। हमें यहां के पास में इरिगेशन प्रणाली के कारण काम करना मुश्किल हो सकता है, लेकिन हमें इसका समाधान निकालना होगा।
Speaker 2: हमें यहां के आसपास के क्षेत्र को भी देखना होगा और फिर काम शुरू करना होगा।
Speaker 1: बिल्कुल, हमें यहां के आसपास के क्षेत्र को भी देखना होगा और फिर काम शुरू करना होगा।
Speaker 2: मैंने सुना है कि यहां के पास में एक संतलाल नाम का व्यक्ति है, जो यहां के काम को देख रहा है।
Speaker 1: हां, यह सच है। हमें संतलाल से संपर्क करना होगा और फिर काम शुरू करना होगा।
Speaker 2: मैंने सुना है कि संतलाल को दो सौ रुपये दारू पीने के लिए चाहिए, लेकिन हमें इसका समाधान निकालना होगा।
Speaker 1: हां, यह सच है। हमें संतलाल को दो सौ रुपये दारू पीने के लिए देने होंगे, लेकिन हमें इसका समाधान निकालना होगा।
Speaker 2: मैंने सुना है कि यहां के पास में एक जेसीवी मशीन है, जिसका उपयोग हम यहां के काम में कर सकते हैं।
Speaker 1: हां, यह सच है। हमें यहां के पास में जेसीवी मशीन का उपयोग करना होगा और फिर काम शुरू करना होगा।"
13,"नहीं। बात। 
स्पीकर 2: नहीं। बात। किधर नहीं। है लोगों का मन कहे रहे हैं। कहाँ कह रहे 
स्पीकर 1: हैं? लोगों का व्हाट्सएप मैसेज भेजे हैं अलग भेज 
स्पीकर 2: रहे हैं। यह तो बोल रहे हैं यार। 
स्पीकर 1: नहीं। दिखे ना मैसेज एक मोबाइल तक कितने ना सब तो टाइम लग गया। था यह बात। मज़ा आई थी कर ही थी बस मैसेज अबे देख ही ला गया। 
स्पीकर 2: हम यह सोच सकते हैं। क्या यह संभव है कि हम लोग संतलाल से अलग बात करें? 
स्पीकर 1: अलग-अलग। 
स्पीकर 2: हां संतलाल से मैक्स आउटपुट लेकर लिए। तो पास कहाँ बाहर आएगी। हमारे भी नंबर्स के पास है। तुम्हारा नंबर है तो तुम, एक सेपरेट आइडेंटिटी हो। हां हां हां। मैं। एक सेपरेट आइडेंटिटी हूं। मतलब उसके दिमाग में मेरी एक अलग छवि बनी। है। तुम्हारी अभी छवि एकदम दूसरी है। 
स्पीकर 1: मैं। सही है। यह सोचा था उन्होंने एक बार कि कि यदि 
स्पीकर 2: हम तुम, सोच रहे हैं बहुत सोचा 
स्पीकर 1: कि हम बात करें, प्रकोप, अरे ट्रस्ट नहीं। दे सोचा था ना। 
स्पीकर 2: हैं? बाकी जो लेबर आवास मत मुझे फिर बाद में 
स्पीकर 1: तो पता हो ही ना। 
स्पीकर 2: बात। तो पता चल रही है दूसरा विषय है। बात। तो पता हो कैसे चल रही है लेबर आज तक कौन से मिलेंगे? नहीं। मिलने आएंगे। 
स्पीकर 1: वह लेबर हमसे नहीं। मिले आएंगे। हां 
स्पीकर 2: तो थे। अन्ना को लेबर प्रॉपर मिल जाएंगे। ना वह हमको नहीं। ले आएंगे। हम हो चाहे तो उनसे दूसरे नंबर से बात कर लेते हैं ना दूसरे नंबर से बात कर लेते हैं। सही है। 
स्पीकर 1: ठीक है, ठीक है। हैं? ठीक है। 
स्पीकर 2: रेट वही बोलूं, रेट नहीं। तोड़ना है। पचास रुपये माने पचास रुपये। हां हां हां। हां, अगर बाउंस हुई। तो एक भी रुपया के बाद चाहिए। ही है, रेट तोड़ रहे हैं ना। हां। 
स्पीकर 1: ठीक है। 
स्पीकर 2: ठीक है ना? और 
स्पीकर 1: यही वह लोकेशन रखा था कि उनका पहले पैसे। चाहिए। एडवांस फैमिली वर्मा, कई बार हमा 
स्पीकर 2: नवंबर से। बताओ यह बात। है कि नहीं।? तो पांच तारीख का आए रहे हैं। कल गई कल क्या? तारीख गई? 
स्पीकर 1: कल गई सोलह तारीख। 
स्पीकर 2: सोलह तारीख मतलब सत्रह सत्रह ग्यारह बारह दिन में हम वह चीज़ नहीं। दिल भरते हैं। लेकिन हम कहे तो रह रहे हैं ना। भैया हमारे उसी मन से यह सब निकाल दें कि यार हमारी। यह बाथरूम, नहीं। गुरु हम कहाँ बैठे हम ठेकेदार आए हैं। हम झूठ बोला हम कहाँ वहां आए? झूठ कैसे बोला हम तुमको। हमेशा ही यह सिखाए थे। लिवरांस से बोला फील्ड हुआ बोला घर परिवार में दोस्तों वरना बोला समझ रहे हैं? तो जहां रूम बोले ज़रूरत ही हुआ है तो मैं। नहीं। जाता है क्योंकि अगर हम सोचे उससे जो हुआ बात। रही, हम तो पहले भी नहीं। तू फंस जीतना अगर जो वहां उससे बात। रहेगी संतरा तुम्हारे आदमी गाड़ी में बैठेंगे कि मैं। दो हज़ार रुपये प्रति लेबर के हिसाब से डाल दूंगा। ओह हो हो। उसके बाद वहां फ़र्स्ट डेट पर कम चौदह हज़ार पहले दिन डाल दिया इतने अभी तक काम ऐसे ही तो ऐसे ही हो जाएगा। था। हम लोग। नहीं। डिलीवर किए हैं ना वह लोग। वही ठीक है तो ऐसे ही तुमको। भी करना है। तुमको। यह नहीं। कहना कि नहीं। मैं। नहीं। दे पाऊंगा, यह नहीं। करूंगा, वह नहीं। करूंगा। तुमको। खुश आना है। जब तुम्हारे गिर अप तुम्हें फ़ंस जाए। तब ही उनसे फेंका हुआ करेगा। या वह सही जगह जहां न्यूज़ झूठ बोलेगा या कौशल दिखाना है। हां। ठीक है। समझ रहे हैं? मान ले तुमको। ऐसा पता होगा कि नहीं। दस हज़ार दस आदमी है सर, बीस हज़ार आप दे दीजिए। तो तो मैं। बैठा देता हूं देवर अभी। हां मूल्य का है मगर दे का नहीं। है। समझ रहे हैं? 
स्पीकर 1: समझ रहे हैं। पिछले बार तो अनजान पिछली बार कंडीशन में है। यह कंडीशन रही होकर वह यह कह रहे हैं। कि हम कब पैसे। डालिए बीस हज़ार रुपये 
स्पीकर 2: तो हम लेवल यहाँ से बैठा दें। पिछले बार 
स्पीकर 1: वह यही शर्त लेकर ही 
स्पीकर 2: बात। है। वही है शर्त गुरु, हम हूं फिर अखिलेश। 
स्पीकर 1: बाद में तो सुबह बोल दी वह हमारे इसके ठीक है किराया बस 
स्पीकर 2: नहीं। नहीं। नहीं। हम यह कहे कि संकल्प मेरे से पैसे है नहीं। मेरे पैसे फ़ंसे हैं एक जगह में बोल रहा कल दे देगा। तो संगलाल अभी ऐसा कर दो कि लेबर बैठा दो, बैठते ही देखो।, एडजस्ट होता है तो मैं। कुछ कर देता हूं। सही ठीक है बाप, अब मैं। शराब बोल रहे हैं तो लेबर बैठा देता हूं। जैसे ही बैठा रहे थे कि सामने है संगलाल अभी पैसे हो नहीं। पाए हैं। तुमको। आज मान लो कितने का। संजय, उन रिवाज जो आता ही है तब हमने। रखे। पैसे। नहीं। हुई। बाबा। मतलब समझ रहे हैं। 
स्पीकर 1: ठीक है समझ रहे हैं। 
स्पीकर 2: मतलब उसे हम हर कदम कदम से उसे हम झूठ बोल रहे हैं। तो ओके दिमाग में हुआ था हमारी। छवि बनी। हुई। थी यह काला झूठ बोल रहे थे। लास्ट तक जैसा पैसे। नहीं। दे पाया। अबे तो हां छवि एकदम अच्छी वाली हुई।, है ना? यह मैं। चाय पर हुई। कि नहीं। भाई, जाऊं आजकल कहीं नहीं। लेकिन मतलब कुछ भाव ही नहीं। बट वहां लेकिन एक बहुत दुख का छवि हुई।, है ना? तो अपन मत बह ही सकते हैं कुछ अच्छे ऑप्शन कभी कभी मिल जाते हैं तो बता सकते हैं, क्या? मत यह एंट्री या कहीं दे, काउ वेस्ट कर लिया है। 
स्पीकर 1: नहीं।, ठीक है। हैं? हम एक बार बात। 
स्पीकर 2: करेंगे। यह तो मेरा मत हुआ ना तुम्हारा इसमें क्या? है? तुम्हारे हिसाब से क्या? है? तुम्हारे हिसाब से दे चाहे ना दे चाहे कहाँ? वहां पर राय दे सकते हैं। 
स्पीकर 1: देखो।, हमारे हिसाब यही है कि मत अब एक्सपीरियंस क्यों? ना कि उनका पैसे तो खाली हुआ है, किराया बस 
स्पीकर 2: जुड़े दे। हां। 
स्पीकर 1: बट हम आता है कि अब यह मत नहीं। ला रहे। हम कहते हैं। इलाके वहां जाकर ले अवेलेबल। थोड़ा सा एक्स्ट्रा काम बढ़ी जी। 
स्पीकर 2: उसको ना बढ़ी जी गुरु। फिर तो वहां किराया लगी ना भैया। आओ कहावत जी। वह तो आओ ज़्यादा सिक्योरिटी हो गया। ना गुरु के साथ.... जैसा हमारे कहाँ कहा बात। करेगी। बात। तो सही है रही कि भाई अब मेरा आदमी आएगा बैठाकर लेकर चला आए। जब तू कहेगी पिता जी का भेजा। हम क्या? नहीं। गुरु। पिताजी का ना भेजा हम रिस्क लेट हैं। यह तो बात। हुई। ना जिस तरह। मुह का तो यही हुआ था ना। अगर तू चले जाऊँ, 
स्पीकर 1: चले गए थे हम बाइक के चले जा। हां 
स्पीकर 2: उनका गाड़ी में बैठा है क्या?? तो वहां पर चले आप। या फिर ऐसा कुछ हो अगर 
स्पीकर 1: कल तो कल तक। जाने थोड़ा सा केस यह और हो सकता है। यदि बोल देना। कि हम जैसे हम यह माल बात। आदमी रखा था। जैसे आदमी को बाहर वही का पैसे। डाल दे, है ना? तो बोली क्या? आपका आपका हमारे सामने आदमी ले जाए ले। पैसे। दे ही दे। यह बात। आपके 
स्पीकर 2: बात। है ना। यह अब तो, यह अब तो प्रेजेंट ऑफ माइंड है ना गुरु। तू अगला पहले पुछ लिया था कि ऐसा कह सकोगे। 
स्पीकर 1: नहीं।, हम देखो।, पॉसिबिलिटी देखा यह चीज़ मतलब पहले वह कहे थे कि जो इन चीज़े पॉसिबिलिटी होती है उन थोड़ा सा प्रिपेयर राय चाहे थे कि देख सकते हैं ना 
स्पीकर 2: हम। हम समझ गए हैं हम समझ गए हैं हम ग्रुप। 
स्पीकर 1: हमारे थोड़ा सा एक समय वीकनेस हुआ है कि हम आज तत्कालिक कोरोना जल्दी। से हम डिसीजन नहीं। ले पाए तो इतनी देर हम हर बार आए जी थे। यही वजह से हम तोहों का शायद कॉल कर ही थी बार-बार या कर ही थे। हम ही थोड़ा सा उन चीज़ों से प्रिपेयर रहते थे जैसे ना पता तो हमको कहाँ के ले जाए। 
स्पीकर 2: अरे तो गुरु क्या? तुम, सारी संभावनाएं कैलकुलेट कर सकते हो? 
स्पीकर 1: विज़न हमारे यह रहा था मेन पर सर। 
स्पीकर 2: मैं। वही कह रहा हूं। तुमको। चीज़ें वर्तमान छोड़नी नहीं। है। अब यह बताओ कहें। वहां? क्या? यह सब पहले सोच ही रहे हैं, हम संतलाल हमसे या कहें। तब हम या खा गए। एट ए टाइम डिसीजन हुआ। हम पहले दिमाग को शुरू से चतुराई रही कि साले को पैसे नहीं। दूंगा। सही से है बस मतलब हम बहुत पहले हम का एक जगह भैया कहे रहे थे। ज़्यादा प्लान कैसे आदमी नर्वस हो जाता है। मेमोरी लोड बढ़ जाता है। कैसे कैसे मेमोरी लोड बढ़ जाता है। सर तो मान ले दस सिचुएशन रट ली है। अब वह तो जब कहूं तुम, बात। कह रहे हैं तो वह दसों चीज़ का तो मिशन के दिमाग में रिमाइंड कर ही रहे हैं। साथ... ही क्या? सवाल पूछे, यह वाला पूछे, यह वाला पूछे। दिमाग पर हमारे लोड बढ़ा रहे हैं ना वह। ऐसा हर चीज़ को सिम्युलेट करे कहे कि। जबकि किसी चीज़ को सिम्युलेट नहीं। दे रहे हैं तब तो एकदम फ्रेश है एकदम खाली है। मतलब ऐसा हमारे पुछा गए। मुझे पता है सोनी साहब, है काम करे तो।","Speaker 1: हमने पहले ही सोचा था कि हमें संतलाल से अलग बात करनी चाहिए।
Speaker 2: हां, हमें संतलाल से मैक्स आउटपुट लेकर बात करनी चाहिए।
Speaker 1: लेकिन हमें यह सुनिश्चित करना होगा कि हमारी बातचीत संतलाल के साथ स्पष्ट और पारदर्शी हो।
Speaker 2: बिल्कुल, हमें संतलाल को यह बताना होगा कि हमारी बातचीत का उद्देश्य क्या है और हम क्या हासिल करना चाहते हैं।
Speaker 1: हां, और हमें यह भी सुनिश्चित करना होगा कि हमारी बातचीत के दौरान कोई गलतफहमी न हो।
Speaker 2: बिल्कुल, हमें संतलाल के साथ खुलकर और ईमानदारी से बात करनी होगी।
Speaker 1: लेबर के मुद्दे पर हमें संतलाल से बात करनी होगी।
Speaker 2: हां, हमें संतलाल को यह बताना होगा कि हम लेबर के मुद्दे पर क्या सोचते हैं और हम क्या हासिल करना चाहते हैं।
Speaker 1: हमें संतलाल के साथ मिलकर लेबर के मुद्दे का समाधान निकालना होगा।
Speaker 2: बिल्कुल, हमें संतलाल के साथ मिलकर लेबर के मुद्दे का समाधान निकालने के लिए काम करना होगा।"
14,"राहुल.
ओम बंदा है बंदा है
ना. हम लोग। लगाए थे दोपहर भी लगान दो तीन दिन का. ऐसे गुरु ऐसा हम आपको? चल रहे हैं। फिर उसी वजह से तो मुझे साथ... में।... काम कर रहा था गुरु but ऐसा हम यह चीज़ feel करे थे ज़्यादा खुश planning कहते हैं विनोद बढ़िया थे. अरे यार
कि अचानक उन्हें चीज़ आएगा तो mumma जल्दी। break नहीं। कर पाए थे. हम होती जाए जल्दी। भड़ा या क्या? कर ही, क्या? करिए quick जो quick decision हो था वह हम नहीं। ले पाए थे यार.
नहीं। यार मतलब थोड़ी ना एक चीज़ तू सारी चीज़ें simulate करना पड़ेगी।। फिर. इसका मतलब यह थोड़ी ना पूरी इतनी सारी चीज़ें simulate ही करते पड़े होंगे.
तो मेरा weakness है यार.
हाल नहीं। है weakness है तब देखा नहीं। है मतलब थोड़ी ना है कि तो सब वाली चाहिए। दिन भर calculate है खतरावे की मिक्सर हम दिख रहे हैं. वह मकान हत रहा कि वह कोई minute भविष्य देख लेते रहा. आगे दो minute का हो ही वाला है उसका पता चल जाता है. तो मतलब वह calculate के लिए। था. या हो ही तो फिर या हो ही तो फिर क्या? हो ही तो फिर क्या? हो ही तो फिर. है ना?
नहीं। यह चीज़ जो इनके बाद का transplant nervousness बहुत ज़्यादा बढ़ जाते हैं. अब हम कलियों के बाद बताएं, हरिहर सिंह का हमें। खाली इतने बतावैक रहे हैं। कि काम complete नहीं। होता. हम तो वही तो यही कहना है कि हम यह कहा आप तो कहें।, यह ना कहा कि हम यह सब कहा आप तो ना कहीं. हमको उनका इतने message भेजें हम कहा आधा घंटा लग गए. सोच सोच सोच सोच सोच कर. फिर direct भी भेजें तो कोई कुछ reply नहीं। आया हुआ. हैं? फिर reply कुछ नहीं। आया हुआ भेज दें यह चीज़ message का.
कहाँ मतलब अब हम यह कहीं तक मान लेते हैं उनका बिना तो सोचे ही है message किए थे sir हमारे काम नहीं। हो पाया है. करवा दीजिए। बिना सोचे. में।... तुम्हारा आधा घंटा तो बच ही गया। ना. हम कल आ रहे थे तो होने के लिए। सही करें।, कि बहुत ज़्यादा अच्छे हुआ है चूल delay कि गलत ना हो जाए वह.
हां हां बहुत सही बात। है गलत same इतने बचे थे उत्तर उत्तर हम पहले साथ... गलत होता है. हम हमारे हिसाब से इतने फूंक फूंक के कदम रखा जाए कि यह वैसा नहक गलत हो जाए, यह नहक गलत हो जाए. यह शायद बिल्कुल perfect बात। करते हैं ना आज. पहले
सोच रहे
थे? पहले सोच रहे थे. अब शायद यहीं पर जाकर.
ऐसे sir वहां पर phone, वहां पर phone काट देते हैं लेकिन भी कहीं. जब तय काट देते हैं इससे हम पहले काट देते हैं. जब में।... कह ही रहा था कि तय hold कर दे ना कि काटे ना group को, अभी खुद है काटे. नहीं। नहीं। यह गलत है. पहले phone दो.
यह गलत है ऐसा नहीं। है. और तेरा बता
ना अरे, अरे गुरु उतनी देर भर की बात। नहीं। है पहले हो गई. पहले
पहले ऐसा condition हो रहे हैं। ना. मान लिया रहा कि hold मत हो कर बात। हुई। जी. हम बता दें इतने में hold में रहे हैं। तो phone cut जा रहा. नहीं। बात। बता रहा. हम ad contact ना कहिए। तो उस दिन काटकर तो उनको बता दे उसके बाद. बात। दे रहे हैं। फिर. ऐसा बात। होगा तो.
नहीं। सच में।... यहाँ आज का आज तक वहां दिमाग के तुमको। बताओगे नहीं। ना कि head call की जा सके।. सही उम्मीद है यह रहा कि वहां दिमाग का आज से तोंक बताओगे नहीं। ना कि hand call किया। जा सकता है options पर.
हां, यह अब सही बात। है ऐसे कहते हैं. नहीं। यह दिमाग की है, जानकारी तो रही है. परंतु जो चीज़ रहा था ना कि तुरंत पहले काट के बगैर दिन जो मतलब हाइवा type से जो दिमाग हमेशा accept करे जो ना आसानी से वह कह लेता है, वह चीज़ का तुरंत apply कर देता है.
मेहनत नहीं। करे चाहे हम खुद वहां पर. दोपहर हम पहले दिन से हम लोगस यह बात। कहता है कि pictureओं पर download करें।, खुद ही चुप मेहनत नहीं। करे जा रहे. हम सोचे हमेशा मेहनत करा देते हैं यह. Always आज सरकारें हम तोंसाई phone के अंदर गए कहे, वह खुद दौड़ो भागो मेहनत करो।, बैठे मत रहो घर. तोंसा बस दुख शाही मज़ा चाहेगी. फटता ही नहीं। खा रहा था. में।... लड़ाई हुई। थी. तीन चार दिन regular समझाओ. मेरे पक्ष में नहीं। लड़ाई हुई। थी. फिर कह रहा था अब बात। नहीं। हुई।
है. Wife is all vegवास. यह सत्य वेद
शब्द का. हैं? Wife
is all vegवास.
Ok साहब, तो बस यह है वह सब. तुम्हारे साथ... में क्या? है तो हम जैसा साथ... कोशिश कर रहे थे कि तू पीछे जाएंगे।. चलो।. सिर्फ बड़ा कठिन है गुरु को, शंभु को हमारे रखे। बुला। लिया बहुत कठिन है.
शंभु कहीं नहीं। आवे चाहे कितनी.
अब पता है गुरु पता है नहीं। आवेचा है उनको जो बात। हुई। उसे उनका लाभ, अब तू उठा है नहीं। कह पा रहे है गुरु, मतलब हमारे साथ... भूल मिल नहीं। पा रहे है तो कुछ और समस्या हुई। पता नहीं।.
घुलमिल तो खैर आदमी अच्छे से बात। कर रहे हैं। तो लोग। बनाओ ऐसे ज़्यादा पसंद नहीं। कह रहे हैं but ऐसे तो रहा नहीं। जगह और time पैसे वाली इलाज भाई तो इन भेजा था हमको भेज जान कानून यह नहीं। रहा कि वह नहीं। कराएंगे.
वह पैसे। फिर रहेगा संभव.
बताए फिर भी.","Speaker 1: राहुल, हम लोग दोपहर में काम शुरू करेंगे और दो-तीन दिन में पूरा करेंगे।
Speaker 2: ओम बंदा है, हमें गुरु की जरूरत है जो हमें सही दिशा में ले जा सके।
Speaker 1: हमने पहले से ही प्लानिंग कर ली है और विनोद के साथ मिलकर काम कर रहे हैं।
Speaker 2: लेकिन अचानक से मम्मा को कुछ हो गया और हमें ब्रेक लेना पड़ा।
Speaker 1: हमें जल्दी से काम पूरा करना होगा और भड़ा या क्या करेंगे?
Speaker 2: हमें सारी चीजें simulate करनी होंगी और फिर देखेंगे कि क्या होता है।
Speaker 1: मेरी कमजोरी है कि मैं जल्दी से फैसले नहीं ले पाता।
Speaker 2: लेकिन हमें खतरों का अंदाजा लगाना होगा और मिक्सर का उपयोग करना होगा।
Speaker 1: हमें भविष्य की भविष्यवाणी करनी होगी और दो मिनट का समय देना होगा।
Speaker 2: हमें निर्णय लेने के लिए समय देना होगा और फिर देखेंगे कि क्या होता है।
Speaker 1: हमें कलियों के बाद बताना होगा और हरिहर सिंह को हमारी बात सुननी होगी।
Speaker 2: हमें काम पूरा करना होगा और फिर देखेंगे कि क्या होता है।
Speaker 1: हमें सोच-सोच कर काम करना होगा और फिर देखेंगे कि क्या होता है।
Speaker 2: हमें जल्दी से काम पूरा करना होगा और फिर देखेंगे कि क्या होता है।
Speaker 1: हमें पहले से ही सोच लेना होगा और फिर देखेंगे कि क्या होता है।
Speaker 2: हमें फैसले लेने के लिए समय देना होगा और फिर देखेंगे कि क्या होता है।
Speaker 1: हमें पहले से ही सोच लेना होगा और फिर देखेंगे कि क्या होता है।
Speaker 2: हमें फैसले लेने के लिए समय देना होगा और फिर देखेंगे कि क्या होता है।
Speaker 1: हमें पहले से ही सोच लेना होगा और फिर देखेंगे कि क्या होता है।
Speaker 2: हमें फैसले लेने के लिए समय देना होगा और फिर देखेंगे कि क्या होता है।
Speaker 1: हमें पहले से ही सोच लेना होगा और फिर देखेंगे कि क्या होता है।
Speaker 2: हमें फैसले लेने के लिए समय देना होगा और फिर देखेंगे कि क्या होता है।
Speaker 1: हमें पहले से ही सोच लेना होगा और फिर देखेंगे कि क्या होता है।
Speaker 2: हमें फैसले लेने के लिए समय देना होगा और फिर देखेंगे कि क्या होता है।
Speaker 1: हमें पहले से ही सोच लेना होगा और फिर देखेंगे कि क्या होता है।
Speaker 2: हमें फैसले लेने के लिए समय देना होगा और फिर देखेंगे कि क्या होता है।
Speaker 1: हमें पहले से ही सोच लेना होगा और फिर देखेंगे कि क्या होता है।
Speaker 2: हमें फैसले लेने के लिए समय देना होगा और फिर देखेंगे कि क्या होता है।
Speaker 1: हमें पहले से ही सोच लेना होगा और फिर देखेंगे कि क्या होता है।
Speaker 2: हमें फैसले लेने के लिए समय देना होगा और फिर देखेंगे कि क्या होता है।
Speaker 1: हमें पहले से ही सोच लेना होगा और फिर देखेंगे कि क्या होता है।
Speaker 2: हमें फैसले लेने के लिए समय देना होगा और फिर देखेंगे कि क्या होता है।
Speaker 1: हमें पहले से ही सोच लेना होगा और फिर देखेंगे कि क्या होता है।
Speaker 2: हमें फैसले लेने के लिए समय देना होगा और फिर देखेंगे कि क्या होता है।
Speaker 1: हमें पहले से ही सोच लेना होगा और फिर देखेंगे कि क्या होता है।
Speaker 2: हमें फैसले लेने के लिए समय देना होगा और फिर देखेंगे कि क्या होता है।
Speaker 1: हमें पहले से ही सोच लेना होगा और फिर देखेंगे कि क्या होता है।
Speaker 2: हमें फैसले लेने के लिए समय देना होगा और फिर देखेंगे कि क्या होता है।"
15,"हां. जय श्री.
जय श्री जय श्री.
हेलो सुनतलाल से बात हुई है आज.
कहाँ कही?
सुनतलाल कही, इसके वह बात। कुछ आदमी भेजे रहने हैं जिनको पहाड़ गया। ही, नए गरीब से इतने. हां.
कहीं
पर सबसे पहले बात। भाई नहीं। देखी थी. हां. लोगों का मामा नंबर सेव करे हैं.
हां, सेव दुख होता है इस वहां मतलब है.
हां, दुख होता है. और इससे पहले वह पहले वह कह रहे हैं, हम पैसे। भेज दे. पहले पहले फिर वह खाली लेबर के बाद बस भेजें किराया बस भेजें. तो फोड़ छोड़कर के पैसे। विहीन. यह जब जितना काम करें।, उतना पैसे। दे ही रहे हैं. तो जब बात। भरी तो उन पैसे। नहीं। दीनता. तो कहने के कहने के जितना सामान वमान खरीदीन, उतना सब मिले कर उतना पैसे। तय दिए नहीं।. बाकी उस दिन पैसे। नहीं। दिए मतलब समझे वही एक आ रहा कि सामान वमान के अलावा जो नेक्स्ट टाइम एडवांस जो बीस हज़ार के बाद रह गई वह क्या? बात। है कराना है वह?
हां क्यों? वह पैसे। हमको नहीं। जाएंगे।, हम कहाँ
चाहिए।? पैसे।? नहीं। नहीं। दिन हम कहाँ, लेबर यहीं से चले आए हैं मां, हम कहेंगे कहाँ आ रहे हैं लेबर, कहीं ना कहीं ना कहीं गाड़ी साइड में आ रहे हैं हम. तो वह कहेंगे ठीक है, तो हम पहले लिए। लेबर ना हम पहले काम खराबे थे यहाँ पर. तो वह बोली कि ठीक है, हम बनाकर भेज दें लेबर. तो अब आप अपना पैसे। डाल दे, हम कत्तबरी डाले परी. क्या? नहीं। तो हम कहेंगे ठीक है तुम, का किराया बसाऊं डाल दे तू लेबर भेज दे यहाँ लेबर आज यह काम करने लगेंगे फिर तुम, का पैसे यहाँ दे दे रहे हम. तो कहीं इसके
या नहीं। खाएगा आता उनको. हम्म फिर ठीक है फिर आगे.
तो यह बोले कि ठीक है वही क्या? लेबर हम थे, ठीक है अपना पैसे। डाली हुई। क्या? ना? जी. लेबर भेजी थी हम कहे लेबर रेडी हैं कहीं साथ... लेबर मिल जाएंगे। अपना काबा. तो हम कहें। कि कब भेजबा है? इनके पैसे। डाली, ताज़ा लेबर भेज दे हमने। तो कल लेबर निकाल लफे. यह बोला था मैं।.... किराया तक के लिए। कहा तेरा मतलब.
तो ठीक है ना भाई तुम, मंगा ले क्या? दिक्कत है? चल ले कोई दिक्कत नहीं। है.
तो जा के लिए। ही क्या? है?
ठीक है ना तो कोई बात। नहीं। जा के लिए। और जैसा तुम, को उचित रखे।. चले जाओगे तो वह तुम्हारे तीन हज़ार की भी सिक्योरिटी हो जाएगी। तुम्हारे पास. भाई जो तुम, दोगी किराया भाड़ा भाई दोहरे हिसाब से दूं इसको लागत रहा, जिसे तू हमको बताया उसी हिसाब से साढ़े तीन सौ लागत रहा. वहां तो वहां पैसे। बच गई हुई। है हम तो सातवें महीने हम तो खुद ही दे रहे हैं किराया भाड़ा. तो वहां पांच सौ हर ला गई. कितने की तेल लग गई.
अब कितने की तरह। से मुझे कुछ किलोमीटर मेजर तो
नहीं। इससे कोई ज़्यादा ना कोई तो नहीं। इससे. सौ किलोमीटर ज़्यादा से ज़्यादा.
थोड़ा सा ठीक है issue है यार वह मज़ाक ही तो.
हां. वैसे तो अभी के परसों तिलक है ना. तो थोड़ा साब है भाई उनका आज कह देंगे।?, तलाश होकर दी भाई कुछ सामान वमान उनका रब है.
आलू का कहाँ
से? हैं? आलू का जब नहीं। उतने ही दिन पहले कहे. ले तो पिताजी बात। कर रहा था.
हां हां.
क्या? हो
हल्ला? प्रणाम। प्रणाम। होगा जी बताइए.
अरे प्रणाम। प्रणाम। लिया
है यहाँ के,
पढ़ो संतोष भले ही नहीं। उतारे हिंदी
में आए. हां.
हम बात।, हम बात। मान इल्ला है.
हां हो भाई. कभी कोई दिक्कत नहीं। है हम बिल्कुल कब आए कायदे.
जब वह सर का पत्ता रहा था जब तक तब तक वह हम पहले सबके अधिकार रहा था.
सही बात। है, सही बात। है.
जब पांच हो याद है तो फिर अलग अलग हो याद है.
अबे सभी एक वहीं तो सब किए हैं सही बात। है.
अभी मान ले कि गुजरा नहीं। हुकर अल्लाह नहीं। तो आ ही जा रहा हूं. हां वह बात। है. आज हो जाता है जब. अब तोह का साइड दिखाई देगी, देखो।, जबड़ा काम कराए हैं ना उतना जहां काम हो क्या? है रूह.
ठीक ठीक.
भाई मालिकां हैं?
अरे अपना पशु मालिकां हैं, हम हैं.
ठीक है भाई.
हम समय लगा। कर आज है इक्कीस तारीख का.
तो देख गुरु काम से ध्यान दो यार भाई मैं।... तो वही बोलूंगा. नहीं।
अभी सही है. पता होगा.
तो हम का देख गुरु हम का तो वैसा मतलब अनायास नहीं। किरण हमारे तो देख खुशबू नहीं। है तो नौकरी कई सौमी सौम खींचतान के चलाएं बहन. बात। संडे आया आज हम ड्यूटी में खड़े हैं. अच्छा. सारे साढ़े आठ से मीटिंग की है ना अभी
तक अभी
एक मीटिंग खत्म हुई।.
अच्छा.
हां तो सोच ले साढ़े आठ बजे। आज हम साढ़े आठ बजे।.
थोड़ा सा थोड़ा सा बता रहे हैं ना और थोड़ा सा यही इक्कीस तक थोड़ा सा अब हमने। ना जी बल्कि इनका कहा था ऐसे डाल दिन जाए तो आ जाए या तो इक्कीस के बाद हम चले जाऊँ, बाइस तारीख का.
समझ सकता हूं हां काम तो खुद दो ही दिन बंद रखे हैं. मतलब वह अपना काम खुद दो दिन बंद रखते हैं.
हमारे हफ्ते यहाँ तक देखा है वकील है मैंने यह, वकील से जी उसे जाकर सुना कर लाया. एक विषय अब तक नहीं। गया। मैं।... लेट आया तो तू कौन आटा था.
क्या? बोलते हैं? हम कहाँ के हम पहले हिसाब से तो गुरु पोकर चले जाते क्योंकि तिला काहे कि हम लोग। शादी तो है नहीं।.
तो मेन तो तिल के ही होते ना भाई हम पहले लड़के पक्ष वाले के. उनका मन फ़ैल फ़ैल खराबत है ना बात। यह आया. हां. अरे चीज़ ना बस थोड़ा सा. हमें। ही कहीं लाना है. बहुत हमें। बाकी यहाँ रात में नहीं। यहाँ की जाए तो आदमी यहाँ मेंटेन करे रे एक आध घंटा बीच में जाए एक आध घंटा.
अरे वह है भईया मैं।... ना काम करूं यह इसमें. हां? ना काम करूं पाओगे गुरु. अगर यह सोच रहे हैं, हम एक आध घंटा जाकर मतलब टाइम पास के
कर के. मैं।... गुरु, हम यह बात।.
देखो।, का समय दिखे पड़ी गुरु. हम यह चीज़,
हम यह इक्कीस तक के बीच की बात। करे अल्लाह है. इक्कीस तक के बीच में हम साइड जाकर. तो कंटिन्यू तो मालवा इक्कीस तक कंटिन्यू साइड पर ना रहा बाकियों के बाद आदमी कंटिन्यू रही.
तो उनका यह समझ में आया कम से कम जो हमारे अनुभव है वह बताए थे. पांच छह घंटे तक उनका लिवर काम उनसे इंटरैक्शन भी होगा ना तुम्हारा गुरु. उसका दूसरा इफेक्ट होता है. तुम, लिवर के बाद बैठोगे. रहे.
हां. अगर उसको थोड़ा सा यह किसके बाद है थोड़ा सा. बाकी अब आदमी रही गई हुई। साइड पर, समझ रहे हैं ना. हां.
अब देख ले आप कहाँ बताइए.
कपिल इंदौर वाला पूरा काम करा रखा
है. हम तो तुम्हारे जगह में हुई। तब अभी तक अगर ऐसा बात। हुई। गई थी हम क्लास के तब यह तो गाड़ी स्टार्ट कीजिए. दस पूछिए भी क्या? रे इतने एक वर्ड ना करें।,. क्या?
बताएं यार थोड़ा सा वही वाली बात। है. ज़रा देखती थे, आई थी. अच्छा ठीक.","Speaker 1: हां. जय श्री।
Speaker 2: जय श्री जय श्री।
Speaker 1: हेलो सुनतलाल से बात हुई है आज।
Speaker 2: कहाँ कही?
Speaker 1: सुनतलाल कही, इसके वह बात। कुछ आदमी भेजे रहने हैं जिनको पहाड़ गया।
Speaker 2: हां, सेव दुख होता है इस वहां मतलब ह।
Speaker 1: हां, दुख होता है। और इससे पहले वह पहले वह कह रहे हैं, हम पैसे। भेज दे. पहले पहले फिर वह खाली लेबर के बाद बस भेजें किराया बस भेजें।
Speaker 2: तो फोड़ छोड़कर के पैसे। विहीन. यह जब जितना काम करें।, उतना पैसे। दे ही रहे हैं।
Speaker 1: तो जब बात। भरी तो उन पैसे। नहीं। दीनता. तो कहने के कहने के जितना सामान वमान खरीदीन, उतना सब मिले कर उतना पैसे। तय दिए नहीं।
Speaker 2: बाकी उस दिन पैसे। नहीं। दिए मतलब समझे वही एक आ रहा कि सामान वमान के अलावा जो नेक्स्ट टाइम एडवांस जो बीस हज़ार के बाद रह गई वह क्या? बात। है कराना है वह?
Speaker 1: हां क्यों? वह पैसे। हमको नहीं। जाएंगे।, हम कहाँ चाहिए।? पैसे।? नहीं। नहीं। दिन हम कहाँ, लेबर यहीं से चले आए हैं मां, हम कहेंगे कहाँ आ रहे हैं लेबर, कहीं ना कहीं ना कहीं गाड़ी साइड में आ रहे हैं हम।
Speaker 2: तो वह कहेंगे ठीक है, तो हम पहले लिए। लेबर ना हम पहले काम खराबे थे यहाँ पर. तो वह बोली कि ठीक है, हम बनाकर भेज दें लेबर।
Speaker 1: तो अब आप अपना पैसे। डाल दे, हम कत्तबरी डाले परी।
Speaker 2: क्या? नहीं। तो हम कहेंगे ठीक है तुम, का किराया बसाऊं डाल दे तू लेबर भेज दे यहाँ लेबर आज यह काम करने लगेंगे फिर तुम, का पैसे यहाँ दे दे रहे हम।
Speaker 1: तो कहीं इसके या नहीं। खाएगा आता उनको. हम्म फिर ठीक है फिर आगे।
Speaker 2: तो यह बोले कि ठीक है वही क्या? लेबर हम थे, ठीक है अपना पैसे। डाली हुई। क्या? ना? जी. लेबर भेजी थी हम कहे लेबर रेडी हैं कहीं साथ... लेबर मिल जाएंगे। अपना काबा।
Speaker 1: तो हम कहें। कि कब भेजबा है? इनके पैसे। डाली, ताज़ा लेबर भेज दे हमने। तो कल लेबर निकाल लफे. यह बोला था मैं।.... किराया तक के लिए।
Speaker 2: कहा तेरा मतलब।
Speaker 1: तो ठीक है ना भाई तुम, मंगा ले क्या? दिक्कत ह? चल ले कोई दिक्कत नहीं। ह।
Speaker 2: तो जा के लिए। ही क्या? ह?
Speaker 1: ठीक है ना तो कोई बात। नहीं। जा के लिए। और जैसा तुम, को उचित रखे।. चले जाओगे तो वह तुम्हारे तीन हज़ार की भी सिक्योरिटी हो जाएगी। तुम्हारे पास।
Speaker 2: भाई जो तुम, दोगी किराया भाड़ा भाई दोहरे हिसाब से दूं इसको लागत रहा, जिसे तू हमको बताया उसी हिसाब से साढ़े तीन सौ लागत रहा।
Speaker 1: वहां तो वहां पैसे। बच गई हुई। है हम तो सातवें महीने हम तो खुद ही दे रहे हैं किराया भाड़ा. तो वहां पांच सौ हर ला गई. कितने की तेल लग गई।
Speaker 2: अब कितने की तरह। से मुझे कुछ किलोमीटर मेजर तो नहीं। इससे कोई ज़्यादा ना कोई तो नहीं। इससे. सौ किलोमीटर ज़्यादा से ज़्यादा।
Speaker 1: थोड़ा सा ठीक है issue है यार वह मज़ाक ही तो।
Speaker 2: हां. वैसे तो अभी के परसों तिलक है ना. तो थोड़ा साब है भाई उनका आज कह देंगे।?, तलाश होकर दी भाई कुछ सामान वमान उनका रब ह।
Speaker 1: आलू का कहाँ से? हैं? आलू का जब नहीं। उतने ही दिन पहले कहे. ले तो पिताजी बात। कर रहा था।
Speaker 2: हां हां।
Speaker 1: क्या? हो हल्ला? प्रणाम। प्रणाम। होगा जी बताइए।
Speaker 2: अरे प्रणाम। प्रणाम। लिया है यहाँ के, पढ़ो संतोष भले ही नहीं। उतारे हिंदी में आए. हां।
Speaker 1: हम बात।, हम बात। मान इल्ला ह।
Speaker 2: हां हो भाई. कभी कोई दिक्कत नहीं। है हम बिल्कुल कब आए कायदे।
Speaker 1: जब वह सर का पत्ता रहा था जब तक तब तक वह हम पहले सबके अधिकार रहा था।
Speaker 2: सही बात। है, सही बात। ह।
Speaker 1: जब पांच हो याद है तो फिर अलग अलग हो याद ह।
Speaker 2: अबे सभी एक वहीं तो सब किए हैं सही बात। ह।"
16,"हां गुरु, बताओ। हां, कहाँ गए हैं? मुझे बात कहनी है। अब थोड़ा सा, मजाक हो गया। कोई बात नहीं। एक मिनट, एक मिनट।
आप जिस व्यक्ति से बात कर रहे हैं उन्होंने आपके कॉल को होल्ड पर रखा है, कृपया लाइन पर बने रहें।
हां, कहाँ? ऐसी जगह फोन लगाया वह शायद दिखावे के लिए ही लगाया गया है। संतलाल का फोन तो स्विच ऑफ है ना। हां, नहीं। हमें तो बात करनी है। नहीं, सुबह। हम सभी ने लगाया। हूँ, तुझे तुझे स्विच ऑफ रखना है। थोड़ा सा बाजार, थोड़ा सा दिक्कत है फिर से गुरु। नहीं, ठीक है, कोई बात नहीं।","Speaker 1: हां गुरु, बताओ। हां, कहाँ गए हैं? मुझे बात कहनी है। अब थोड़ा सा, मजाक हो गया। कोई बात नहीं। एक मिनट, एक मिनट।
Speaker 2: आप जिस व्यक्ति से बात कर रहे हैं उन्होंने आपके कॉल को होल्ड पर रखा है, कृपया लाइन पर बने रहें।
Speaker 1: हां, कहाँ? ऐसी जगह फोन लगाया वह शायद दिखावे के लिए ही लगाया गया है। संतलाल का फोन तो स्विच ऑफ है ना।
Speaker 2: हां, नहीं। हमें तो बात करनी है। नहीं, सुबह। हम सभी ने लगाया।
Speaker 1: हूँ, तुझे तुझे स्विच ऑफ रखना है। थोड़ा सा बाजार, थोड़ा सा दिक्कत है फिर से गुरु।
Speaker 2: नहीं, ठीक है, कोई बात नहीं।"
17,"क्या हाल चाल है ब्रो? जैसे ही। क्या? है गेहूं? खुदाई करवा रहे हैं। ना सारे कटवाहान। 
हाँ। 
खुदाई करवा रहे हैं। आज गए रहने वहां से दे मैं। ... साढ़े पांच सौ मीटर साइड दिखाई थी। हां। अनूप और आज राज। हां। यह अनूप के साइड अलग था। भैया। तो भई अनूप यह दिखा रहे हैं कि हम नहीं। जाने का दावा मतलब अभिषेक के सामने। सोचा कहाँ किया। है, कहाँ कहाँ काम कर रहे हैं।, कहाँ करते रहे हैं।, यह सब में पहुंचा रहा। अभिषेक कहाँ रहा कि जैसे ही अभी से काम करा यहाँ, तो कोरोना मतलब यह नहीं। कहा है कि जेसीबी से काम वह लगाओगे, यह बात। नहीं। हुई। थी। तो वह अनुभव तहिसकी वह करा का नाम है इनका इकट्ठा चार पांच किलोमीटर साइड दिखाया था तो पीजीसी भी कहाँ पर हार कहलाए। करके दिखाया दे वही का साढ़े पांच सौ मीटर दिखाया इसी कैसे कल परसों कहिए। वह तो आओ दिखा देता साइड। 
तब ठीक है यार मतलब यह सब चार किलोमीटर चाल हो तो जेसीबी से कूद आ जाए। 
हां हां वही हम सोच रहे हैं ना कि चार पांच किलोमीटर जो चाल मिल जाए महीना वही जैसे भी नहीं। पंक्चर हार केन जाए। 
पंक्चर हार केही के? यह समझा गुरु कि चार किलोमीटर पंक्चर की अगर तीसो के रेट से काम की हैं ना गुरु तो। तो लाख बीस हज़ार हुई। याद है। अब ऐसा रेंज से ले ले अभी कम से कम बहुत सारा आ रही है। 
तो हम सोचे तो हैं ना कि डीजल वगैरह जिसे हमारे पास ना रहे मान ले। डीजल वगैरह। 
डीबीएल दे दी। 
डीबीएल ले, हां, डीजल डीबीएल से ले ले। डीबीएल से, हां। पैसे। काट ली बाद में। हां हां पैसे। काट ले ली। बाद में पैसे। जो भाड़ा हुई।, तो भाड़ा फिर मैंने एक सीमेंट के समय में पे कर देखो।, ही। 
बिल्कुल। 
सोच तो रहे हैं। ना। बेकार पटिया। यह हो गया। हम कल केस होकर पीछे पड़ी थी तो हम वह क्लियर करे डिसाइड। जब कम से कम तीन से चार किलोमीटर क्लियर हो जाए। 
तो उनका चाहे तो पूरा दिन उनके साथ... होगा। 
वहां पर कहाँ जात रहा वालों के साथ.... ऐसे करके इसको हम कहाँ जेल लाकर दूसरी जगह। जैसे फिर हम के फेस के ऊपर जाइए अपना ही लाजवाब। जैसे फिर हम चले यार। फिर इसका फोन लगाओ आपका लड़का जैसे भी दिखाऊँ, शायद। कल तो दिखाई दिए। 
ठीक? ठीक है, कोई दिक्कत ना है। 
और बताओ। अब गुरु वैसा ना करें।, कोई भी। पेंटर से काम करवाए कोई। हां। आप ऊपर कुछ सेटिंग बना कुछ का मैनुअली डलवाए जाए। ढाई सौ तीन सौ मैनुअली डल जाए। और बाकी ट्रिंटा जैसी कुछ जोन रहे हैं।। उस दहेज़ पर हज़ार दो हज़ार जोन हुए। 
नहीं।, हज़ार दो हज़ार नहीं। है। जो एडिशनल करेंगे।? शायद जो मुख्य आधा जाएंगे।। 
अच्छा। तो एडिशनल ना कराना, माल है। यही में जैसे हम एक किलोमीटर माल हम, क्या? नाम है चार किलोमीटर काम कर बाय द वे तो साढ़े तीन किलोमीटर ट्रेनर्स से डाल दें, तीन का नाम है, पांच सौ मीटर डाल रहा हूं उसे। मैंने ली या फिर साढ़े तीन सौ मीटर। ऐसे ही बच गई। 
तो पांच सौ मीटर अभिषेक लिख के दे ही कि मैनुअली है? अभिषेक 
यह कहाँ रोल रही है? अभिषेक दे दी ना। अभिषेक मान ली दिक्कत है मान ली ऊपर से आएगी टीम तो। अभिषेक तो लालची ही होता ही थी। हां। अभिषेक लालची अभिषेक कर दी। लेकिन रेट 
में लॉस ना हुई।। चेंजर के रेट में लॉस ना हुई।। 
फिर भी ठीक है। अगर यह सब कुछ बना है अभिषेक बायपास कई दिन जाए। 
अरे यार तो फिर, अभी तुम्हें रखे। पैसों नहीं। हैं ना, मतलब ढाई लाख रुपया हो तो होने रखे।, तो वह बाद में सुनिए इस तरीके का। अब फिर तुम, का दे दे।","Speaker 1: क्या हाल चाल है ब्रो? जैसे ही। क्या? है गेहूं? खुदाई करवा रहे हैं। ना सारे कटवाहान।
Speaker 2: हाँ। खुदाई करवा रहे हैं। आज गए रहने वहां से दे मैं। ... साढ़े पांच सौ मीटर साइड दिखाई थी। हां। अनूप और आज राज। हां। यह अनूप के साइड अलग था। भैया।
Speaker 1: तो भई अनूप यह दिखा रहे हैं कि हम नहीं। जाने का दावा मतलब अभिषेक के सामने। सोचा कहाँ किया। है, कहाँ कहाँ काम कर रहे हैं।, कहाँ करते रहे हैं।, यह सब में पहुंचा रहा।
Speaker 2: अभिषेक कहाँ रहा कि जैसे ही अभी से काम करा यहाँ, तो कोरोना मतलब यह नहीं। कहा है कि जेसीबी से काम वह लगाओगे, यह बात। नहीं। हुई। थी।
Speaker 1: तो वह अनुभव तहिसकी वह करा का नाम है इनका इकट्ठा चार पांच किलोमीटर साइड दिखाया था तो पीजीसी भी कहाँ पर हार कहलाए। करके दिखाया दे वही का साढ़े पांच सौ मीटर दिखाया इसी कैसे कल परसों कहिए।
Speaker 2: वह तो आओ दिखा देता साइड। तब ठीक है यार मतलब यह सब चार किलोमीटर चाल हो तो जेसीबी से कूद आ जाए।
Speaker 1: हां हां वही हम सोच रहे हैं ना कि चार पांच किलोमीटर जो चाल मिल जाए महीना वही जैसे भी नहीं। पंक्चर हार केन जाए।
Speaker 2: पंक्चर हार केही के? यह समझा गुरु कि चार किलोमीटर पंक्चर की अगर तीसो के रेट से काम की हैं ना गुरु तो। तो लाख बीस हज़ार हुई। याद है।
Speaker 1: अब ऐसा रेंज से ले ले अभी कम से कम बहुत सारा आ रही है। तो हम सोचे तो हैं ना कि डीजल वगैरह जिसे हमारे पास ना रहे मान ले। डीजल वगैरह।
Speaker 2: डीबीएल दे दी। डीबीएल ले, हां, डीजल डीबीएल से ले ले। डीबीएल से, हां। पैसे। काट ली बाद में। हां हां पैसे। काट ले ली। बाद में पैसे। जो भाड़ा हुई।, तो भाड़ा फिर मैंने एक सीमेंट के समय में पे कर देखो।, ही।
Speaker 1: बिल्कुल। सोच तो रहे हैं। ना। बेकार पटिया। यह हो गया। हम कल केस होकर पीछे पड़ी थी तो हम वह क्लियर करे डिसाइड। जब कम से कम तीन से चार किलोमीटर क्लियर हो जाए।
Speaker 2: तो उनका चाहे तो पूरा दिन उनके साथ... होगा। वहां पर कहाँ जात रहा वालों के साथ.... ऐसे करके इसको हम कहाँ जेल लाकर दूसरी जगह।
Speaker 1: जैसे फिर हम के फेस के ऊपर जाइए अपना ही लाजवाब। जैसे फिर हम चले यार। फिर इसका फोन लगाओ आपका लड़का जैसे भी दिखाऊँ, शायद। कल तो दिखाई दिए।
Speaker 2: ठीक? ठीक है, कोई दिक्कत ना है। और बताओ। अब गुरु वैसा ना करें।, कोई भी। पेंटर से काम करवाए कोई। हां। आप ऊपर कुछ सेटिंग बना कुछ का मैनुअली डलवाए जाए।
Speaker 1: ढाई सौ तीन सौ मैनुअली डल जाए। और बाकी ट्रिंटा जैसी कुछ जोन रहे हैं।। उस दहेज़ पर हज़ार दो हज़ार जोन हुए।
Speaker 2: नहीं।, हज़ार दो हज़ार नहीं। है। जो एडिशनल करेंगे।? शायद जो मुख्य आधा जाएंगे।।
Speaker 1: अच्छा। तो एडिशनल ना कराना, माल है। यही में जैसे हम एक किलोमीटर माल हम, क्या? नाम है चार किलोमीटर काम कर बाय द वे तो साढ़े तीन किलोमीटर ट्रेनर्स से डाल दें, तीन का नाम है, पांच सौ मीटर डाल रहा हूं उसे। मैंने ली या फिर साढ़े तीन सौ मीटर। ऐसे ही बच गई।
Speaker 2: तो पांच सौ मीटर अभिषेक लिख के दे ही कि मैनुअली ह? अभिषेक यह कहाँ रोल रही है? अभिषेक दे दी ना।
Speaker 1: अभिषेक मान ली दिक्कत है मान ली ऊपर से आएगी टीम तो। अभिषेक तो लालची ही होता ही थी। हां। अभिषेक लालची अभिषेक कर दी। लेकिन रेट में लॉस ना हुई।। चेंजर के रेट में लॉस ना हुई।।
Speaker 2: फिर भी ठीक है। अगर यह सब कुछ बना है अभिषेक बायपास कई दिन जाए। अरे यार तो फिर, अभी तुम्हें रखे। पैसों नहीं। हैं ना, मतलब ढाई लाख रुपया हो तो होने रखे।, तो वह बाद में सुनिए इस तरीके का। अब फिर तुम, का दे दे।"
18,"अरे सर, पता नहीं, पैसे तो नहीं हैं। यार, बुजुर्ग पैसे तो बिल्कुल नहीं हैं। वह उतना बजट बनाओ क्या? करना? तो फिर मैं। नहीं, एकदम वैसा कूदकर काम कर रख दो, वह वाली, हाथी वाली? हां हाथी वाली। वह तो वैसा जगह हम खुश हूं, अच्छा काम कर रहे हो। तो दिक्कत तो है ना, साननवाला ही चाहिए। अभी ना हम पहले कार्ड बिल हो यों के बाद छोड़ के जा जाऊँ, उसके बरसात लगी है। बाबू? एकदम जून आ जाएगी, फिर भी बारिश हो जाएगी। बारिश में ज्यादा आउटपुट है ही ना। हां बारिश और तो कहाँ है यह? वह सब चीज है। भाई इसमें मैनुअल वाला काम, मैनुअल वाला काम सरल हो यह। सरल सब हो जाता है मैनुअल में। देखो, पानी बरसे से मतलब मिट्टी हल्की हुई। है। तो वह हर चीज महालूक है, ऐसा नहीं। है। अगर वह आए है कि थोड़ा सा इश्यू तो है ही। बना आओ सेटअप, कोनों दिक्कत नहीं। है। हां, सेटअप बनाओ तुम, ठीक है ना। कहाँ है चल रहे हैं? यह वाला। मुझे साइड ढूंढ ले चार पांच किलोमीटर। फिर ट्रेन चल लेकर कूद पड़ी थी। हां हां, ठीक है ना। ट्रिंचर्स संपर्क सारणचर भी वही है संपर्क, ट्रिंचर के संपर्क के परेशान ना हो तो। ट्रिंचर उनका ही ले व्यवस्था। ठीक है। हेलो। हां कहे ठीक है।","Speaker 1: अरे सर, पता नहीं, पैसे तो नहीं हैं।
Speaker 2: यार, बुजुर्ग पैसे तो बिल्कुल नहीं हैं।
Speaker 1: वह उतना बजट बनाओ क्या? करना?
Speaker 2: तो फिर मैं। नहीं, एकदम वैसा कूदकर काम कर रख दो, वह वाली, हाथी वाली?
Speaker 1: हां हाथी वाली। वह तो वैसा जगह हम खुश हूं, अच्छा काम कर रहे हो।
Speaker 2: तो दिक्कत तो है ना, साननवाला ही चाहिए।
Speaker 1: अभी ना हम पहले कार्ड बिल हो यों के बाद छोड़ के जा जाऊँ, उसके बरसात लगी है।
Speaker 2: बाबू? एकदम जून आ जाएगी, फिर भी बारिश हो जाएगी।
Speaker 1: बारिश में ज्यादा आउटपुट है ही ना।
Speaker 2: हां बारिश और तो कहाँ है यह? वह सब चीज है।
Speaker 1: भाई इसमें मैनुअल वाला काम, मैनुअल वाला काम सरल हो यह।
Speaker 2: सरल सब हो जाता है मैनुअल में।
Speaker 1: देखो, पानी बरसे से मतलब मिट्टी हल्की हुई।
Speaker 2: है। तो वह हर चीज महालूक है, ऐसा नहीं।
Speaker 1: है। अगर वह आए है कि थोड़ा सा इश्यू तो है ही।
Speaker 2: बना आओ सेटअप, कोनों दिक्कत नहीं।
Speaker 1: हां, सेटअप बनाओ तुम, ठीक है ना।
Speaker 2: कहाँ है चल रहे हैं? यह वाला।
Speaker 1: मुझे साइड ढूंढ ले चार पांच किलोमीटर।
Speaker 2: फिर ट्रेन चल लेकर कूद पड़ी थी।
Speaker 1: हां हां, ठीक है ना।
Speaker 2: ट्रिंचर्स संपर्क सारणचर भी वही है संपर्क, ट्रिंचर के संपर्क के परेशान ना हो तो।
Speaker 1: ट्रिंचर उनका ही ले व्यवस्था।
Speaker 2: ठीक है।
Speaker 1: हेलो।
Speaker 2: हां कहे ठीक है।"
19,"कहाँ से हैं? हां बाकी आठ-नौ आदमी ले रही हैं साहब, आपको चाहिए। बताओ बताओ। हां कहाँ-कहाँ से? आठ-नौ आदमी उठे नहीं हैं। भेजा जा रहा है? आवाज़ नहीं। आ रहा हैं लॉकडाउन। हां कब भेजा जा रहा हैं? आ जाए आज हैं पैसे। मांगा था। अभी हमको मना कर दिया हम। हां तब कब तक कहा था? तो तू हैं उपलब्ध तो भेज दीजिए। ऐसा कहा। आज-कल तो शायद मुश्किल हैं उनका पिकअप। मान लो कह सके। थे पर वह कल सुबह के लिए। परसों से फ्री हो जाए आप। चलो। ठीक है।","Speaker 1: कहाँ से हैं?
Speaker 2: हां बाकी आठ-नौ आदमी ले रही हैं साहब, आपको चाहिए।
Speaker 1: बताओ बताओ। हां कहाँ-कहाँ से?
Speaker 2: आठ-नौ आदमी उठे नहीं हैं। भेजा जा रहा है?
Speaker 1: आवाज़ नहीं। आ रहा हैं लॉकडाउन।
Speaker 2: हां कब भेजा जा रहा हैं?
Speaker 1: आ जाए आज हैं पैसे। मांगा था।
Speaker 2: अभी हमको मना कर दिया हम।
Speaker 1: हां तब कब तक कहा था?
Speaker 2: तो तू हैं उपलब्ध तो भेज दीजिए। ऐसा कहा।
Speaker 1: आज-कल तो शायद मुश्किल हैं उनका पिकअप।
Speaker 2: मान लो कह सके।
Speaker 1: थे पर वह कल सुबह के लिए।
Speaker 2: परसों से फ्री हो जाए आप।
Speaker 1: चलो।
Speaker 2: ठीक है।"
20,"हां गुरु बताओ जय श्री","Speaker 1: हां गुरु बताओ जय श्री"
21,"स्पीकर 1: क्या? हाल चाल है?
स्पीकर 2: बढ़िया बढ़िया बताओ।
स्पीकर 1: अबे अबे आज।
स्पीकर 2: नहीं। नहीं।
स्पीकर 1: छूटे से कहे तरह। के
स्पीकर 2: रहो। अरे,
स्पीकर 1: फोन। शंभु लगा। रहे हैं। फोन। पहले लगा। रहे हैं। हमको बता दें कि एक्टुअली भूल गया। था ऐसे। हां। कई दम से, रेवा है का नाम है। हमें। किसी की शादी होती है।
स्पीकर 2: हां। हम
स्पीकर 1: तो किस पैसे से मदद कर ही।
स्पीकर 2: तो
स्पीकर 1: हम कह रहे हैं, थोड़ा सा हम देख ही रहे हैं, उनके पास बजट हुआ नहीं। है। मतलब बजट तो नहीं। क्या? है ना हम कैसे बता ही थे थोक बता रहे थे पापा बता
स्पीकर 2: कर के।
स्पीकर 1: फिर मतलब थोक व्यवस्था कर के बता रहे थे क्या? कहना है? फिर फिर उसके बाद आज से भी फोन लगाया था मुझे। क्या? है वो आते हैं हम बताएं की हम जो है मेरा प्रोग्राम हो रहा
स्पीकर 2: है कि
स्पीकर 1: हम यह समझ दो कल को उनसे बात। हुई। थी कहाँ कि शंभु था। यह है शंभु। पहले से पैसे। मांगा था। हेलो? हां। आवाज़ नहीं। आ
स्पीकर 2: रहे हैं। बोल ही नहीं। रहा था कहाँ से आवाज़? तो
स्पीकर 1: बोला।
स्पीकर 2: नहीं। देना। नहीं। देना। नहीं। देना।
स्पीकर 1: नहीं। देना। नहीं। क्या? बोल दे? ऐसे कुछ बहाना बता दे रहे थे कि अब मेरा था भाई इस तरह। से कुछ है।
स्पीकर 2: कारण जान लो में। क्यों? मना कर रहा हूं? क्योंकि हमको काम में खराब हो गए होंगे। क्योंकि काम में ज़रूरत ही वह। हेलो। हां हां
स्पीकर 1: आवाज़ बिल्कुल नहीं। आ रही है
स्पीकर 2: यार। जैसा काम के पापा ज़रूरत ही वह। हेलो। हां हां
स्पीकर 1: बोल बोलो अब लाइन बोल।
स्पीकर 2: वैसा काम तुम, शंभू से नहीं। करा पाओगे।
स्पीकर 1: अच्छा।
स्पीकर 2: अब इसलिए तुम्हारा पैसे। फंस जाएगा। तो अपन राय नहीं। सकते।
स्पीकर 1: नहीं। नहीं।, ठीक है ना। हां। यह हम वह चार रह गया। हूं सोचा। हम पैसे। का नहीं। है मुझसे। सोचा तो रहे हैं। ना कि यदि शंभू ऐसा बोला ना स्ट्रिक्टली पहले से कि हम कैसे सुपर हम बिल्कुल ना भेजता हूं। अभिषेक अभिषेक आज अभिषेक को फोन लगाया रहा। कहीं सुबह वह राम को पीछे पड़ा है पैसे। इकट्ठा करना। कहीं इसके वहां जमा करवा दे ही पैसे। फला दे दी हमको। हम जमा करवा दे, कैंपेन जमा करवाईए, मना कर दे।
स्पीकर 2: कहे दें कि हम ग्रामीण तरीके बनाते। हम पहले लेकिन नहीं। है पैसे। आ गई तो हम कहे दें अपना जमा करवा दें। हम से भी हो कर करवा दें।
स्पीकर 1: वही बात। हम कहे, हम कहे तो कहे कि अपना जैसे भी ले आ रहा था कि तैयार हो हो इलाके ऐसा नहीं। हम कहीं
स्पीकर 2: कहे ना कहीं दे कि हम नहीं। ले आ रहे हैं। हम आप बड़े वही हैं एक्टुअली में काम रहे हैं। हम सब काम देख रहे हैं तरक्की की। हां हम बता दें कि हम का बताएं हैं बड़े भईया का। वह कहीं नहीं। कि हमने। रखे। जब पैसे। आ गई तो हम दे ही दें।
स्पीकर 1: यह बात। सही बोलिए।
स्पीकर 2: हैं।
स्पीकर 1: यह सही है। ठीक
स्पीकर 2: है। ठीक है? ठीक।
स्पीकर 1: और हेलो हेलो साइट दिखा रहे हैं। हम कहे कि साइट चला और दिखा रहे हैं। जी अभी तो नहीं। पहले तो ना आप साढ़े पांच मिनट अपना करवाई अब किसी ने के जेसीबी के लिए। चाल अब काफ़ी रहे। हम कहे नहीं। ऐसा ना करिए हमको अपना दिखा दे पहले। कुत्ते बोल रहे हैं।
स्पीकर 2: पहले ऐसे नहीं। खाते हैं जेसीबी नहीं। मिल जाती है।
स्पीकर 1: हां हां तो चाह चाह तक चाल मिलता है जी चाल की कमी ना होए।
स्पीकर 2: नहीं। वह भैया कहा कि हम का चाल आस पास चाहिए।
स्पीकर 1: हां हां वाह वाह बस बस उससे बोले ना हम का अपना हम का एक लोकेशन ना मिल जाए ताकि जैसे कि बहुत ज़्यादा मार चमका ना करे पड़े कि सौ मीटर हम पेंट दिखाइए अपना। फिर पांच किलो मीटर बाद सौ मीटर वह दिखाई कि उनका करा क्या? है। ऐसा ना ना कर ही मुझे जैसे कि मार्चें कर्म बहुत टाइम लग गई है हम का।
स्पीकर 2: टाइम नहीं। पैसे। लग गए।
स्पीकर 1: टाइम रखे। तो पैसे। लगवाए कर ही देकर भाग लीजिए। ठीक है। वह आप यह कहीं फिर से कहीं फिर दिखाऊँ, उनके पीछे कल आ गई थी सुबह से लेकर शाम तक ये बताओ ये जो मान लो करा था
स्पीकर 2: भाई हाँ,
स्पीकर 1: कि अब आज नहीं। पहले तक कर ही थी अनूप से कहा था ले सके। इतने के अनूप बोल दिया कि 3 से कहा कि भाई दिखावे साइड हम का।
स्पीकर 2: आज तो ले लो
स्पीकर 1: ना। अनूप से लेकर वह हमारे से चलेगी।
स्पीकर 2: अनूप से। अनूप
स्पीकर 1: चला? कि ऐसा नहीं। चला, तो बोला कि दिखा में। पहाड़ हुआ। नहीं। अनूप थोड़ा सा संकरा तो रहे हैं। उनके। हां। अब वह बल नहीं। समझा रहे हैं। उन्होंने अनुपैनिक नहीं। जिस दिन भी महीना के हिसाब से हार कर नहीं। थे इनका चार पांच किलो मीटर दिखाया जाए पहले।
स्पीकर 2: सही बात। है। तब वह काम का है फिर। हां
स्पीकर 1: ऑर्थरवाइज तो वही ठीक है। हम कल से एक एकदम पीछे ला गए थे सुबह से लेकर
स्पीकर 2: शाम तक। इसी वजह से सुबह नौ बजे। से निकल जाऊँ, आप आराम। हां हां हां। शाम तक के लिए। गुरु किचन से तीन लाइक इट। हां
स्पीकर 1: हां हां हां।
स्पीकर 2: हां, थोड़ा संघर्ष यही है जी।
स्पीकर 1: नहीं। वह करेंगे?
स्पीकर 2: हैं? अब
स्पीकर 1: देखो।, अभी यही है कि मान लो हम पीछे रखे। रहेंगे। अब थोड़ा बहुत मान लो वह बोलता है कि अब अब हम बिजी हैं ना उसके घर मिली थी।
स्पीकर 2: बहुत उनका वेट करें।, मेरी। पंखा बहुत गरीब जी। फिर तुम, का प्लान करेगा है ना जब वह बिजी है तो हम का अपन प्रोडक्टिव की बढ़ावा का है। खाली थोड़ी ना बैठे का
स्पीकर 1: है। प्रोडक्टिविटी कैसे मना करके देखता है।
स्पीकर 2: अरे काम देखा है जैसे मान ले संतलाल नौ से लेबर देखा तैयार है अब वह हमको लेबर एक तो नहीं। यहाँ तक कहता है नहीं। तू उनका मना कर दी है। हां। भाई तुम, हम पहले लिए। अवेलेबल खुली नहीं। आया ना, अब तू अवेलेबल है नहीं। अब वह संतलाल नौ से लेबर हम का देख लेते हैं यार हम नहीं। लाए पाए हैं। अब बात। यह है कि अंकल के दिन बुलाओ। तू का वेट करत भाई ट्रैप है। तो आपस काम दिख रहे हैं। ना वह समय पर।
स्पीकर 1: हां हां।
स्पीकर 2: हैं? हां हां।
स्पीकर 1: हेलो?
स्पीकर 2: सुन रहे हैं?
स्पीकर 1: हेलो? हां। संतलाल का कल बोल देना। कि कल लेबर भेज दिए नंदलाल कि हम बोले। हमारे बाप को।
स्पीकर 2: तुमसे बात। सही बात। है।
स्पीकर 1: हां। हमसे बात। भेज रही है। कल हम फोन लगाया था।
स्पीकर 2: का कह
स्पीकर 1: रहा। वह है क्या? सिलेबस भेजी थी।
स्पीकर 2: सर तुम लेबर मंगा रहे हैं? तुम मंगा ले।
स्पीकर 1: हां मंगा ले भाई।
स्पीकर 2: नौ आदमियों के लिए। कर तैयार है ना। वह तुम नौ आदमी तुम मंगा ले।
स्पीकर 1: हां हां हां।
स्पीकर 2: ठीक है? हां।
स्पीकर 1: ठीक है जी नमस्ते कल बोली थी कि तुम, कल आदमी भेज दें।
स्पीकर 2: नहीं। आज बोलो कि कल भेज दो। आज
स्पीकर 1: भेजूं कल भेज दें।
स्पीकर 2: हां। जाकर
स्पीकर 1: चले जी वहां।
स्पीकर 2: चले जाता हूं
स्पीकर 1: मान लो सौ रुपए की तरफ चल रही है। हैं? मतलब तीन हज़ार रुपया माल ओवर में भेज दिए पर यह है ना?
स्पीकर 2: किराया भाड़ा तुझे तो देना। ही पड़ेगी। हां।
स्पीकर 1: अच्छा किराया भाड़ा यह हर घर की थी परी।
स्पीकर 2: नहीं। नहीं। नहीं। सिर्फ एक बार।
स्पीकर 1: एक घर की लेबर आई फिर चले गई दुबारा आपको? कुल दूसरा लेबर भेजूंगी।
स्पीकर 2: नहीं। यार यार तो हमारे काम आए ना क्योंकि हम लेबर कहीं हमें। पकड़ ले ही ना यह तो हमारे टैलेंट है ना दूसरा का है। तो कहाँ काम है ना कि हम उनका यह हमें। बात। ले कि भाई वह हम पहले नहीं। लगी हमें। बेबी का हूं घूमने
स्पीकर 1: जाएँ, गाड़ी का यह पता नहीं।
स्पीकर 2: हां यह।
स्पीकर 1: गाड़ी तो क्या? रखने
स्पीकर 2: वाली? नहीं। जानकारी किसी और से पूछ
स्पीकर 1: लीजिए। ठीक है चला होगा जैसा मैं। मुझसे शाम को बात। कर ही थी आज। हां। इसलिए मैं। 
स्पीकर 2: बोल
स्पीकर 1: दी थी।
स्पीकर 2: ऐसे जाकर उनको हम
स्पीकर 1: ले ही थे। ठीक है? ठीक। ठीक। नहीं। भैया क्या? है? हां। आ जाना? हां? नहीं। गुरु ना आए। ना आएगा अभी। हां।","Speaker 1: क्या हाल है?
Speaker 2: बढ़िया है, बताओ
Speaker 1: आज का क्या प्लान है?
Speaker 2: कोई प्लान नहीं है
Speaker 1: कल की तरह के ही काम होंगे
Speaker 2: रुको, अरे
Speaker 1: मैंने शंभु से फोन पर बात की थी, वे कह रहे थे कि उनके पास बजट नहीं है
Speaker 2: हां, हमें पता है
Speaker 1: तो हम कैसे मदद कर सकते हैं?
Speaker 2: तो हमें क्या करना चाहिए?
Speaker 1: हम कह रहे हैं कि थोड़ा सा हम देख ही रहे हैं, उनके पास बजट हुआ नहीं है
Speaker 2: कर के
Speaker 1: फिर मतलब थोक व्यवस्था कर के बता रहे थे क्या? कहना है?
Speaker 2: है कि
Speaker 1: हम यह समझ दो कल को उनसे बात हुई थी कि शंभु था
Speaker 2: रहे हैं बोल ही नहीं रहा था कहाँ से आवाज़? तो
Speaker 1: बोला
Speaker 2: नहीं देना नहीं देना नहीं देना
Speaker 1: नहीं देना नहीं क्या? बोल दे? ऐसे कुछ बहाना बता दे रहे थे कि अब मेरा था भाई इस तरह से कुछ है
Speaker 2: कारण जान लो में क्योंकि हमको काम में खराब हो गए होंगे क्योंकि काम में ज़रूरत ही वह
Speaker 1: आवाज़ बिल्कुल नहीं आ रही है
Speaker 2: यार जैसा काम के पापा ज़रूरत ही वह
Speaker 1: बोल बोलो अब लाइन बोल
Speaker 2: वैसा काम तुम शंभू से नहीं करा पाओगे
Speaker 1: अच्छा
Speaker 2: अब इसलिए तुम्हारा पैसे फंस जाएगा तो अपन राय नहीं सकते
Speaker 1: नहीं नहीं ठीक है ना हां यह हम वह चार रह गया हूं सोचा
Speaker 2: कहे दें कि हम ग्रामीण तरीके बनाते हम पहले लेकिन नहीं है पैसे आ गई तो हम कहे दें अपना जमा करवा दें
Speaker 1: वही बात हम कहे तो कहे कि अपना जैसे भी ले आ रहा था कि तैयार हो हो इलाके ऐसा नहीं
Speaker 2: कहे ना कहीं दे कि हम नहीं ले आ रहे हैं हम आप बड़े वही हैं एक्टुअली में काम रहे हैं
Speaker 1: यह बात सही बोलिए
Speaker 2: हैं
Speaker 1: यह सही है ठीक
Speaker 2: है ठीक है? ठीक
Speaker 1: और हेलो हेलो साइट दिखा रहे हैं हम कहे कि साइट चला और दिखा रहे हैं
Speaker 2: पहले ऐसे नहीं खाते हैं जेसीबी नहीं मिल जाती है
Speaker 1: हां हां तो चाह चाह तक चाल मिलता है जी चाल की कमी ना होए
Speaker 2: नहीं वह भैया कहा कि हम का चाल आस पास चाहिए
Speaker 1: हां हां वाह वाह बस बस उससे बोले ना हम का अपना हम का एक लोकेशन ना मिल जाए ताकि जैसे कि बहुत ज़्यादा मार चमका ना करे पड़े कि सौ मीटर हम पेंट दिखाइए अपना
Speaker 2: टाइम नहीं पैसे लग गए
Speaker 1: टाइम रखे तो पैसे लगवाए कर ही देकर भाग लीजिए ठीक है
Speaker 2: भाई हाँ
Speaker 1: कि अब आज नहीं पहले तक कर ही थी अनूप से कहा था ले सके
Speaker 2: आज तो ले लो
Speaker 1: ना अनूप से लेकर वह हमारे से चलेगी
Speaker 2: अनूप से अनूप
Speaker 1: चला? कि ऐसा नहीं चला तो बोला कि दिखा में
Speaker 2: नहीं देना नहीं देना नहीं देना
Speaker 1: नहीं देना नहीं क्या? बोल दे? ऐसे कुछ बहाना बता दे रहे थे कि अब मेरा था भाई इस तरह से कुछ है
Speaker 2: कारण जान लो में क्योंकि हमको काम में खराब हो गए होंगे क्योंकि काम में ज़रूरत ही वह
Speaker 1: आवाज़ बिल्कुल नहीं आ रही है
Speaker 2: यार जैसा काम के पापा ज़रूरत ही वह
Speaker 1: बोल बोलो अब लाइन बोल
Speaker 2: वैसा काम तुम शंभू से नहीं करा पाओगे
Speaker 1: अच्छा
Speaker 2: अब इसलिए तुम्हारा पैसे फंस जाएगा तो अपन राय नहीं सकते
Speaker 1: नहीं नहीं ठीक है ना हां यह हम वह चार रह गया हूं सोचा
Speaker 2: कहे दें कि हम ग्रामीण तरीके बनाते हम पहले लेकिन नहीं है पैसे आ गई तो हम कहे दें अपना जमा करवा दें"
22,"हां.
संग फ़िलहाल कहाँ से कि सर आज ही आदमी जाएंगे। कल से आदमी खड़े हैं यहाँ पर. हां. तो वो लोग। चले जाएंगे। वहां आपका आदमी कोई हो तो बस उनको रहने का दिखा दो.
तो रहे हैं। कि हम दिखा सके। थे समय निकाल के। क्या? है?
रहे हैं। कि
तो दिखा सके। कि समय लगा। ही लिया है कि बाबा आज बस के लिए। कल से तो उनका कह रहे हैं।
हां कल से उनका काम लगा। दिया।
हां हां।
लेकिन एक चीज़ और उनका कहाँ से हैं। चार हज़ार रुपया हम आ गए थे। चार हज़ार रुपया हम आ गए थे।
चार हज़ार रुपया, कहाँ कहेंगे?
हम तो कहेंगे कि कल में। ... आदमी भेज देता हूं। हां हां। भेज के नहीं।? हां अभी काहे भेज रहे हैं, में। ... भेज देता हूं ना आदमी।
हम्म हम्म हम्म हम्म हम्म हम्म हम्म हम्म हम्म हम्म हम्म हम्म हम्म हम्म हम्म हम्म
हम्म तो कैसे मंगालें? हां? हम तो कैसे मंगाले?
मंगाले तो आज पैसे। तीन हज़ार था।
तीन हज़ार दी? हां उसे हम कहेंगे। हम कहेंगे संतलाल बस का किराया दो सौ रुपए लगता है मऊबनी का। कहीं सर हम पहले घर से जहां यह बस स्टैंड जाते हैं वहां का भी किराया लगता है। वह सब पूरा मिलाकर छह सौ तीस रुपए लगता है महूबंन तक
का। फिर महूबंन
से जाऊं, मौबंरे के यहाँ वह सब बहुलात यह सब खर्चा सब बता रहा।
क्या? आदमी फिसल रहे हैं। क्या?? नौ आदमी। नौ आदमी। डेप्थ के लिए। बात। करे डेप्थ वेक कहाँ पर चाहिए। हम कह से।
डेप्थ के लिए। तो बात। पहले से
ही ना? हां?
गिफ्ट्स के लिए। तो पहले से बात। हुई। ना? हां हां। बोला क्या? करें।? पता नहीं। नहीं। पैसे।
पैसे की जगह तीन हज़ार रुपया अभी हमारे पास है। अभी तुरंत आज। तो देखिए, हम तीन हज़ार भेज रहे हैं अभी। मैं से ज़्यादा ना रह रहे हैं।
तू कुछ दे रहे पैसे?
पैसे। वैसा ना देता हूं। गुरु उनका पैसे। नहीं। तो हमको कुछ पैसे। दे ज़रूर हम। तय है मतलब दो तीन दिन के अंदर कुछ पैसे। दे रहे हो। ठीक है ना। जितना हो जी मैक्सिमम प्रयास कर ही मिल जाए पैसे। मुझे भी हम कहीं नहीं। देगा आपका बेस और भी। यह सब
हाल ही रहे तो यह सब खंशय आए गुरु। हां। हां।
यही तो और चाहिए। उनका क्या? कहा था? कैसे थोड़ा सा यह नव आदमी है तो फिर कैसे भरोसा चाहिए। और।
देखिए, फिर से देख करो। उनको कुछ पैसे। वैसा दिखे पड़ी कहती है कि नहीं। उनका कर। तो देख लो।
चलो। याद नहीं। आ जी तो काम वह पहले मैंने अकेले सोचा है कि उनका, टिकट का पैसे, काम पहुंचा दे, वेतन बात। नहीं। है। कल से कोई काम तो निकलवा दे। जी। ठीक है? ठीक। ऐसा तो कम दे गुरु दो तीन दिन दो तीन दिन के अंदर। ठीक। ठीक है? ठीक।","Speaker 1: सर, आज ही आदमी जाएंगे। कल से आदमी खड़े हैं यहाँ पर।
Speaker 2: हां, तो वो लोग चले जाएंगे। वहां आपका आदमी कोई हो तो बस उनको रहने का दिखा दो।
Speaker 1: तो रहे हैं कि हम दिखा सके। थे समय निकाल के।
Speaker 2: रहे हैं कि तो दिखा सके। कि समय लगा। ही लिया है कि बाबा आज बस के लिए। कल से तो उनका कह रहे हैं।
Speaker 1: हां कल से उनका काम लगा। दिया।
Speaker 2: हां हां। लेकिन एक चीज़ और उनका कहाँ से हैं। चार हज़ार रुपया हम आ गए थे। चार हज़ार रुपया हम आ गए थे।
Speaker 1: चार हज़ार रुपया, कहाँ कहेंगे? हम तो कहेंगे कि कल में। ... आदमी भेज देता हूं।
Speaker 2: हां हां। भेज के नहीं।? हां अभी काहे भेज रहे हैं, में। ... भेज देता हूं ना आदमी।
Speaker 1: हम्म तो कैसे मंगालें? हां? हम तो कैसे मंगाले?
Speaker 2: मंगाले तो आज पैसे। तीन हज़ार था।
Speaker 1: तीन हज़ार दी? हां उसे हम कहेंगे। हम कहेंगे संतलाल बस का किराया दो सौ रुपए लगता है मऊबनी का।
Speaker 2: कहीं सर हम पहले घर से जहां यह बस स्टैंड जाते हैं वहां का भी किराया लगता है। वह सब पूरा मिलाकर छह सौ तीस रुपए लगता है महूबंन तक का।
Speaker 1: फिर महूबंन से जाऊं, मौबंरे के यहाँ वह सब बहुलात यह सब खर्चा सब बता रहा।
Speaker 2: क्या? आदमी फिसल रहे हैं। क्या?? नौ आदमी। नौ आदमी। डेप्थ के लिए। बात। करे डेप्थ वेक कहाँ पर चाहिए। हम कह से।
Speaker 1: डेप्थ के लिए। तो बात। पहले से ही ना? हां?
Speaker 2: गिफ्ट्स के लिए। तो पहले से बात। हुई। ना? हां हां। बोला क्या? करें।? पता नहीं। नहीं। पैसे।
Speaker 1: पैसे की जगह तीन हज़ार रुपया अभी हमारे पास है। अभी तुरंत आज। तो देखिए, हम तीन हज़ार भेज रहे हैं अभी। मैं से ज़्यादा ना रह रहे हैं।
Speaker 2: तू कुछ दे रहे पैसे? पैसे। वैसा ना देता हूं। गुरु उनका पैसे। नहीं। तो हमको कुछ पैसे। दे ज़रूर हम। तय है मतलब दो तीन दिन के अंदर कुछ पैसे। दे रहे हो।
Speaker 1: ठीक है ना। जितना हो जी मैक्सिमम प्रयास कर ही मिल जाए पैसे। मुझे भी हम कहीं नहीं। देगा आपका बेस और भी। यह सब हाल ही रहे तो यह सब खंशय आए गुरु। हां। हां।
Speaker 2: यही तो और चाहिए। उनका क्या? कहा था? कैसे थोड़ा सा यह नव आदमी है तो फिर कैसे भरोसा चाहिए। और।
Speaker 1: देखिए, फिर से देख करो। उनको कुछ पैसे। वैसा दिखे पड़ी कहती है कि नहीं। उनका कर। तो देख लो।
Speaker 2: चलो। याद नहीं। आ जी तो काम वह पहले मैंने अकेले सोचा है कि उनका, टिकट का पैसे, काम पहुंचा दे, वेतन बात। नहीं। है। कल से कोई काम तो निकलवा दे। जी। ठीक ह?
Speaker 1: ठीक। ऐसा तो कम दे गुरु दो तीन दिन दो तीन दिन के अंदर। ठीक। ठीक ह?
Speaker 2: ठीक। ठीक ह?"
23,"करता. उनका कॉन्टैक्ट नंबर शेयर कर दिया. ठीक है.","Speaker 1: मैंने उनका संपर्क नंबर शेयर कर दिया है, ठीक है।"
24,"स्पीकर 1: हां बोलो। सुनो अपडेट।
स्पीकर 2: तुम, अपडेट नहीं। आ रहा हूं कब, दर्शन भी फोन लगाना था ना तो फोन उठाई इसने तो रिप्लाई की लिस्ट।
स्पीकर 1: मैं।... चलो प्लान। हां।
स्पीकर 2: नहीं।
स्पीकर 1: लगा। रहे हैं। वह
स्पीकर 2: फोन के लिए। वह रेडियो के लिए।
स्पीकर 1: हमको नहीं। लगा। रहे हैं। प्रोग्राम रहा एक घंटे क्या? है, हम लोगों को पैसे डाला तो क्लास में भेज जैसी यह बात। टाइट नहीं।
स्पीकर 2: है। तो धो बात। करो। बात। करो।, देखो कहाँ कहाँ से?
स्पीकर 1: तो बोली कि अब तो पैसे डाला।
स्पीकर 2: अरे बात। तो कर भी सही है पैसे पहले जा रहे हैं। चलो। पैसे बात की है बताया नहीं। कुछ उपाय। हां। ठीक।","Speaker 1: हां बोलो। सुनो अपडेट।
Speaker 2: तुम, अपडेट नहीं। आ रहा हूं कब, दर्शन भी फोन लगाना था ना तो फोन उठाई इसने तो रिप्लाई की लिस्ट।
Speaker 1: मैं समझता हूं। चलो प्लान बनाते हैं। हां।
Speaker 2: नहीं।
Speaker 1: काम लगा रहे हैं। वह साइट पर।
Speaker 2: फोन के लिए। वह रेडियो के लिए।
Speaker 1: हमको नहीं। काम लगा रहे हैं। प्रोग्राम रहा एक घंटे क्या? है, हम लोगों को पैसे डाला तो क्लास में भेज जैसी यह बात। टाइट नहीं।
Speaker 2: है। तो बात करो। बात करो।, देखो कहाँ कहाँ से?
Speaker 1: तो बोली कि अब तो पैसे डाला।
Speaker 2: अरे बात तो कर भी सही है पैसे पहले जा रहे हैं। चलो। पैसे बात की है बताया नहीं। कुछ उपाय। हां। ठीक।"
25,"हां तो भाई फोन यार, कहाँ पर? भाई तो ठीक है, आदमी भेज दे हम, कल सात आदमी भेजकर तैयार हुआ","Speaker 1: हां तो भाई फोन यार, कहाँ पर?
Speaker 2: भाई तो ठीक है, आदमी भेज दे हम, कल सात आदमी भेजकर तैयार हुआ"
26,"नहीं, खाबे ग्रुप। अब जनता है क्या? करें। तुम, हां। चले जाएँ, अब। कल हम जाना पैसे के बारे में। दे कितने महीने के घर पर साल पैसे दे। यह हां कल तो चले जाए या फिर या हुई। तो ज़रूरी हुई। तो नहीं। तो ओपन हुई। थी कल। है ना। ठीक है। ठीक है। ओपन हॉल करिए अब। ओपन होएल पर ही भाई पैसे। इतने थोड़ी ना हमारे भी अच्छा लगा। अपना। हां हां। ठीक है ना। पैसे। पहले पैसे। पहले को होकर पैसे रहे हैं। है ना? इसलिए पैसे। शायद अपना पंद्रह सौ के आसपास बता रहे हैं। ना। हां पंद्रह सौ का रहा पैंतीस रुपया है। हां हज़ार रुपये का लगाया। यही ना कहाँ हो पैसे। पैसे। तो डरते नहीं। है। होका मैंने ही का टाइटल करे पड़ी ना। हां। हो ही गया। ज़रूरी है तो यह होए पड़ी है अभी तक यह रणनीति चलत रही। यह ना चली थी यह वाली चली। ठीक है ना। ठीक है।","Speaker 1: अब जनता है क्या? हमें यह तय करना है कि कल हम पैसे के बारे में बात करेंगे।
Speaker 2: हां, चले जाएँ, अब। हमें यह देखना है कि घर पर साल पैसे देने के लिए कितने महीने का समय लगेगा।
Speaker 1: कल तो चले जाए या फिर कुछ और हुआ। तो ज़रूरी हुई।
Speaker 2: तो नहीं। तो ओपन हुई। थी कल। है ना।
Speaker 1: ठीक है। ठीक है। ओपन हॉल करिए अब। ओपन होएल पर ही भाई पैसे।
Speaker 2: इतने थोड़ी ना हमारे भी अच्छा लगा। अपना।
Speaker 1: हां हां। ठीक है ना। पैसे। पहले पैसे। पहले को होकर पैसे रहे हैं। है ना?
Speaker 2: इसलिए पैसे। शायद अपना पंद्रह सौ के आसपास बता रहे हैं। ना।
Speaker 1: हां पंद्रह सौ का रहा पैंतीस रुपया है। हां हज़ार रुपये का लगाया।
Speaker 2: यही ना कहाँ हो पैसे। पैसे। तो डरते नहीं। है।
Speaker 1: होका मैंने ही का टाइटल करे पड़ी ना। हां। हो ही गया।
Speaker 2: ज़रूरी है तो यह होए पड़ी है अभी तक यह रणनीति चलत रही। यह ना चली थी यह वाली चली।
Speaker 1: ठीक है ना। ठीक है।"
27,"संत लाला को मैसेज कीजिए। क्या इशू हुआ? किससे बात हुई दोस्त? लेबर का फोन नहीं उठा रहे हैं, इसलिए वे हमारी बात नहीं सुन रहे हैं। अरे सर, हां। अभिषेक का फोन आया था। अभिषेक का कहना है कि कल जॉइंट करवाना है, बाहर हाल में मत जाना। हां, कल बीमार था, इसलिए बताया नहीं। कह रहे हैं कि देखकर चले जाएं बाहर हाल में ना ले जाएं। हम कल करवा देंगे। गणेश इंजीनियर है, हां, वही ना भाई। गणेश वगैरह का कल शायद बिजी था, बस। तो विजिट में केस का लेबर थोड़ा सा ज्यादा रहा साइड में। पर कह रहे हैं लेबर तुम्हारा ज्यादा रहा है। मतलब जो चार लेबर नहीं रहे, हम कह रहे हैं लेबर तो लेबर नहीं है, साइड से है। हां, तो इसके हम सुनिश्चित हैं। हम कह रहे हैं ना बिल्कुल, एकदम हमारे कोई अस्योरेंस नहीं है। यानी जब वे लोग आ रहे हैं, आ जाएंगे, तो मतलब हम बोले अस्सी प्रतिशत हैं ऐसे और अभी बीस प्रतिशत आपको बताएंगे तो शाम को कंफर्म कर देंगे। ठीक है गुरु, कल मैं... क्यों? करने जा रहे हैं? यही बात थी। चलो, ठीक है हम कल जाते हैं मेरे घर पर। ठीक है ना? चलो, ठीक है थोड़ा सा काम रखें। संतों भैया।","Speaker 1: संत लाला को मैसेज कीजिए। क्या इशू हुआ? किससे बात हुई दोस्त? लेबर का फोन नहीं उठा रहे हैं, इसलिए वे हमारी बात नहीं सुन रहे हैं।
Speaker 2: अरे सर, हां। अभिषेक का फोन आया था। अभिषेक का कहना है कि कल जॉइंट करवाना है, बाहर हाल में मत जाना। हां, कल बीमार था, इसलिए बताया नहीं।
Speaker 1: कह रहे हैं कि देखकर चले जाएं बाहर हाल में ना ले जाएं। हम कल करवा देंगे। गणेश इंजीनियर है, हां, वही ना भाई।
Speaker 2: गणेश वगैरह का कल शायद बिजी था, बस। तो विजिट में केस का लेबर थोड़ा सा ज्यादा रहा साइड में। पर कह रहे हैं लेबर तुम्हारा ज्यादा रहा है।
Speaker 1: मतलब जो चार लेबर नहीं रहे, हम कह रहे हैं लेबर तो लेबर नहीं है, साइड से है। हां, तो इसके हम सुनिश्चित हैं। हम कह रहे हैं ना बिल्कुल, एकदम हमारे कोई अस्योरेंस नहीं है।
Speaker 2: यानी जब वे लोग आ रहे हैं, आ जाएंगे, तो मतलब हम बोले अस्सी प्रतिशत हैं ऐसे और अभी बीस प्रतिशत आपको बताएंगे तो शाम को कंफर्म कर देंगे।
Speaker 1: ठीक है गुरु, कल मैं... क्यों? करने जा रहे हैं? यही बात थी। चलो, ठीक है हम कल जाते हैं मेरे घर पर।
Speaker 2: ठीक है ना? चलो, ठीक है थोड़ा सा काम रखें। संतों भैया।"
28,"हां गुरु, संतलाल को दो ही फोन लगानी है कौन है काट दी हिस्सा? ले नहीं। शिवांगी। 
इसका मतलब चलो। उसके मन में खोट है अभी गुरु।
उसके मन में खोट?
अब यह तो बात। कर लो पहले बच्चे और हो गई है।
हां। जी। मतलब तो चलो। हम वही विकल्प है तो।
घर जाएंगे। साले क्या?? हां। हम अब तो ज़्यादा नहीं। वन ही फ़ेंक सकें ज़्यादा। हां? आदमी ज़्यादा मछली जाल नहीं। फ़ेंक सकें।
मतलब है
कि और ज़्यादा रिस्क फंसता जाए ऐसा।
नहीं। नहीं। नहीं। नहीं। और तो साइन आया था वह।
पिता जी क्या? है?
पिता जी तो वह
आए हैं ना वर्क रोज़ अजय भाई तू मरने
में। हां
भाई बोल,
चलो।। तुम्हारा वाला काम वह कैसे हो? यह बताओ? यहाँ पर
गुरु, जब वहां जाए वहीं तो फिर जब वहां आदमी लेकर जाऊँ, हो
के चक्कर
पैसे। ले जाया करना। तो उनका वह आदमी गई हुई। सब।
फिर पास जाते हैं पक्का थोड़ी ना भूलेंगे।
तो फिर हम हमारे एक आदमी ले गए चले अब माल लाए। तब यह वाला पैसे। अरे
वही बात। नहीं। इतने लेकर आ जाए आज ऐसे लोग। उसके साथ... ले। ऐसा यह है कि हां तुम, यह बता रहे हो कि देखा ऐसा है कि हम सब आए ना आए। तो यह तो तुम, कर पैसे। दे दे जिसे यह संदूक के साथ... काम। एडवांस तू अभी दे देते हैं। हां भलाई तो हम ली है ना। समझा उस चीज़।
ठीक है,
तो मतलब है कंडीशन तुम्हारे साथ... रिवर्स हुई। थी।
उनका हम लाइक किराया भाड़ा
माला देख लेते हुए हैं सब, ठीक है? हां हां।
लेबर यहाँ ही, तो तुरंत पैसे। कह रहे हैं, राशन के लिए। पैसे। क्या? है कि सुबह तक तारीख को, राशन के
लिए। पैसे। चाहिए।। राशन के लिए। जब यह पैसे। राशन के लिए। घूम रहे हुए। जब यह गांव में सर खेल अब। हां। इसलिए भी गांव या राशनलाल से डील कर अब। जब यह गेम चेंज हो रही है बेचारे नेबर से डील हो गई।
हां हां। तो अब फिर से कहलाएगी से कह रहे हैं। कि हमको वह जो बात। कह रही है।
नहीं। नहीं। नहीं। तो बात। तो बह रही मगर लेबर यहाँ कहाँ से कि हम कर दे। वह तो सब पहले से न्यू फिल्म बना जाएंगे। ना रस्ते में।
हां हां यह कह रहे हो कि लेबर लेबर यहाँ जब पहुंच गई उसके बाद जो लेबर वाला पैसे। मांगा ना है।
वो तो नहीं। देना। है ना हमारे को।
देना। नहीं। है पर वहां के एक ठुकानी बनाया पढ़ने के वहां है सर भेजिए। जैसे आज उन बच्चों को।
आप वो बनाना वो तो फिर तो लास्ट टाइम से बोलना पड़ेगी।। ग्रुप।
नहीं। नहीं। ठीक है। वो तो जैसे आधे ज़ोन कहत रहे हैं। कि यह आप लेबर यहाँ आप आपको? खुद ले बनाएंगे लेवल लेने के लिए। तो आपको? पैसे। आपको? देना। पड़ेगी।।। हां। मतलब यह जो वाला दो हज़ार का ढाई हज़ार वाला है। हां। हम वह बात। कह रहे हैं, कि अब हम पहले, लेबर को लेकर गए थे हम। जो किराया भरा हुई। लेबर को सब सीमेंट करा। यहाँ आज यहीं तो फिर देव। अच्छा। हां। जो हम वह दो हज़ार रुपया पेर हेड के बात। करा रहे
हैं। वह नहीं। दे पाए हुए हैं।
हम वही बात। कह रहे हैं। अब बस कोशिश को पैसे। नॉमिनी दम का तीन हज़ार रुपया महीने दे दें। तीन हज़ार पर हम से वाले लेह पर किराया भाड़ा का नाटक करा यह हुआ। कह लो दूसरे नंबर से फोन नहीं। लगाया तो?
दूसरा नंबर हमने। नहीं। कहा है।
दूसरा नंबर नहीं। है कल के साइड में फेक नंबर से।
हैं? चेक नंबर से। यहाँ फिर हम कौन नंबर से लगा। के कॉन्फ्रेंस
करिए हो करता हूं आप लेकर। हम ना बोला ठीक है ना?","Speaker 1: हां गुरु, संतलाल को दो ही फोन लगानी है कौन है काट दी हिस्सा? ले नहीं। शिवांगी।
Speaker 2: इसका मतलब चलो। उसके मन में खोट है अभी गुरु।
Speaker 1: उसके मन में खोट?
Speaker 2: अब यह तो बात। कर लो पहले बच्चे और हो गई है।
Speaker 1: हां। जी। मतलब तो चलो। हम वही विकल्प है तो।
Speaker 2: घर जाएंगे। साले क्या?? हां। हम अब तो ज़्यादा नहीं। वन ही फ़ेंक सकें ज़्यादा। हां? आदमी ज़्यादा मछली जाल नहीं। फ़ेंक सकें।
Speaker 1: मतलब है कि और ज़्यादा रिस्क फंसता जाए ऐसा।
Speaker 2: नहीं। नहीं। नहीं। नहीं। और तो साइन आया था वह।
Speaker 1: पिता जी क्या? ह?
Speaker 2: पिता जी तो वह आए हैं ना वर्क रोज़ अजय भाई तू मरने में। हां
Speaker 1: भाई बोल, चलो।। तुम्हारा वाला काम वह कैसे हो? यह बताओ? यहाँ पर
Speaker 2: गुरु, जब वहां जाए वहीं तो फिर जब वहां आदमी लेकर जाऊँ, हो के चक्कर पैसे। ले जाया करना। तो उनका वह आदमी गई हुई। सब।
Speaker 1: फिर पास जाते हैं पक्का थोड़ी ना भूलेंगे।
Speaker 2: तो फिर हम हमारे एक आदमी ले गए चले अब माल लाए। तब यह वाला पैसे। अरे वही बात। नहीं। इतने लेकर आ जाए आज ऐसे लोग। उसके साथ... ले। ऐसा यह है कि हां तुम, यह बता रहे हो कि देखा ऐसा है कि हम सब आए ना आए। तो यह तो तुम, कर पैसे। दे दे जिसे यह संदूक के साथ... काम। एडवांस तू अभी दे देते हैं। हां भलाई तो हम ली है ना। समझा उस चीज़।
Speaker 1: ठीक है, तो मतलब है कंडीशन तुम्हारे साथ... रिवर्स हुई। थी।
Speaker 2: उनका हम लाइक किराया भाड़ा माला देख लेते हुए हैं सब, ठीक है? हां हां।
Speaker 1: लेबर यहाँ ही, तो तुरंत पैसे। कह रहे हैं, राशन के लिए। पैसे। क्या? है कि सुबह तक तारीख को, राशन के लिए। पैसे। चाहिए।। राशन के लिए। जब यह पैसे। राशन के लिए। घूम रहे हुए। जब यह गांव में सर खेल अब। हां। इसलिए भी गांव या राशनलाल से डील कर अब। जब यह गेम चेंज हो रही है बेचारे नेबर से डील हो गई।
Speaker 2: हां हां। तो अब फिर से कहलाएगी से कह रहे हैं। कि हमको वह जो बात। कह रही है।
Speaker 1: नहीं। नहीं। नहीं। तो बात। तो बह रही मगर लेबर यहाँ कहाँ से कि हम कर दे। वह तो सब पहले से न्यू फिल्म बना जाएंगे। ना रस्ते में।
Speaker 2: हां हां यह कह रहे हो कि लेबर लेबर यहाँ जब पहुंच गई उसके बाद जो लेबर वाला पैसे। मांगा ना है।
Speaker 1: वो तो नहीं। देना। है ना हमारे को।
Speaker 2: देना। नहीं। है पर वहां के एक ठुकानी बनाया पढ़ने के वहां है सर भेजिए। जैसे आज उन बच्चों को।
Speaker 1: आप वो बनाना वो तो फिर तो लास्ट टाइम से बोलना पड़ेगी।। ग्रुप।
Speaker 2: नहीं। नहीं। ठीक है। वो तो जैसे आधे ज़ोन कहत रहे हैं। कि यह आप लेबर यहाँ आप आपको? खुद ले बनाएंगे लेवल लेने के लिए। तो आपको? पैसे। आपको? देना। पड़ेगी।।। हां। मतलब यह जो वाला दो हज़ार का ढाई हज़ार वाला है। हां। हम वह बात। कह रहे हैं, कि अब हम पहले, लेबर को लेकर गए थे हम। जो किराया भरा हुई। लेबर को सब सीमेंट करा। यहाँ आज यहीं तो फिर देव। अच्छा। हां। जो हम वह दो हज़ार रुपया पेर हेड के बात। करा रहे हैं। वह नहीं। दे पाए हुए हैं।
Speaker 1: हम वही बात। कह रहे हैं। अब बस कोशिश को पैसे। नॉमिनी दम का तीन हज़ार रुपया महीने दे दें। तीन हज़ार पर हम से वाले लेह पर किराया भाड़ा का नाटक करा यह हुआ। कह लो दूसरे नंबर से फोन नहीं। लगाया तो?
Speaker 2: दूसरा नंबर हमने। नहीं। कहा है।
Speaker 1: दूसरा नंबर नहीं। है कल के साइड में फेक नंबर से।
Speaker 2: हैं? चेक नंबर से। यहाँ फिर हम कौन नंबर से लगा। के कॉन्फ्रेंस करिए हो करता हूं आप लेकर। हम ना बोला ठीक है ना?"
29,"मैं देखता हूं। मैं ठीक हूं। जब चालू हुई तब बात ठीक है। बिना बात।","Speaker 1: मैं देखता हूं। मैं ठीक हूं। जब चालू हुई तब बात ठीक है। बिना बात।"
30,"Speaker 1: हां यह बताओ? यह phone लगा। रहे थे यार केवल, अभिषेक व नहीं। कर रहा phone था. सुनील जी से कहा था अश्विनी से बात। कर रहा था. तो बात। हुई। है. मतलब, पूछो मतलब यह रहा था कि जब बात। अश्विनी को पहुंच जनक मतलब हम train से काम करेला है. हमें। दिक्कत नहीं। ना हुई। सब. हम बात। कर रहे थे लगा। रहे हैं phone हम. अश्वनी police show का line पर का अभिषेक का अभिषेक तो अभिषेक बता रहा हैं अबे तब police के भाई वहां वहां के दिखा दो क्या? बताएं? छब्बीस छत्तीस होकर तक एक तो तीन चार kilometer पर side दिखा दो. मान लो यहाँ काम ना हो तो वहां काम हो जाए यहाँ ना हो तो वहां हो जाए. फिर दिखा बात। हुई। है. देखी थी अब से एक अब यह जो किसी ने phone लगाए थे तो फिर दिखाई तो कहाँ दिखाने के बाद? हमारे मतलब यह रहा कि हम वह खराब मोहल्ला के manually वाला जो garden लागत है. ऐसा ना हो गई कि जान का कहता हूं. ऐसा ना हो गई कि करिश्मा नहीं। है क्या? ठीक है.","Speaker 1: हां, यह बताओ। मैंने अभिषेक से फोन पर बात की थी। सुनील जी से कहा था कि अश्विनी से बात करे। तो बात हुई। मतलब, पूछने का मतलब यह था कि जब अश्विनी से बात हुई, तो हमें बताया कि हमें ट्रेन से काम करना है। हमें कोई दिक्कत नहीं हुई। हम बात कर रहे थे, फोन पर। अश्विनी पुलिस शो के लाइन पर थे, और अभिषेक बता रहे थे कि पुलिस वाले वहां दिखाई दे रहे हैं। बताएं, 26 या 36 किलोमीटर पर साइड में दिखाई दे रहे हैं। मान लो यहां काम नहीं हो तो वहां काम हो जाए, यहां नहीं हो तो वहां हो जाए। फिर बात हुई। देखा था कि अब से एक अब यह जो किसी ने फोन लगाए थे, तो फिर दिखाई तो कहां दिखाने के बाद? हमारा मतलब यह था कि हम वह खराब मोहल्ले के मैनुअल वाले जो गार्डन लगते हैं। ऐसा न हो जाए कि जान जोखिम में पड़ जाए। ऐसा न हो जाए कि करिश्मा हो जाए। क्या है क्या? ठीक है।"
31,"Speaker 1: कहाँ रहे हैं। bro? कुछ नहीं।, थोड़ा सा यार नई गाड़ी. क्या? चल रहे हैं।? कुछ नहीं।, थोड़ा सा काम रहे हैं।. कुछ नहीं। रहे हैं। उस हिसाब से आ रहे हैं।. थोड़ा सा काम रहे हैं। उस हिसाब से यार हम. अच्छा. और बोलो? ठीक है, सुषमा हाल चाल तुम, ठीक बात।. देखी थी अब लगाए तो phone होकर एक सुझाव भी चल रही साथ... होता है. ठीक.","Speaker 1: कहाँ रहे हो? कुछ नया चल रहा है क्या? थोड़ा सा काम चल रहा है, उस हिसाब से हम आ रहे हैं।
Speaker 2: सुषमा का हाल-चाल ठीक है? कुछ देखा?
Speaker 1: हाँ, देखा था। अब फोन पर एक सुझाव भी चल रहा है।"
32,"हां उनके लोग, बताओ, हैलो हैलो आवाज नहीं आ रही है, हैलो हां बोलो हमको आ रहा था नहीं है","Speaker 1: हां उनके लोग, बताओ
Speaker 2: हैलो हैलो आवाज नहीं आ रही है
Speaker 1: हैलो हां बोलो हमको आ रहा था नहीं है"
33,"Speaker 1: Hello. हां बताओ.
Speaker 2: आवाज़ नहीं। आ रहे हैं।. हां
Speaker 1: बस एक रूह एकदम आवाज़ बोला तो सही.
Speaker 2: Hello. Hello. Hello. हां hello.
Speaker 1: कहम बोला तो सही.
Speaker 2: कहन तुझे का लगा। बजा. कुछ भी
Speaker 1: लगा। कि यह पैसे। चाहिए। नहीं। गुरु.
Speaker 2: वह पैसे। के लिए। चल देती थी कल भी जाए है. जग लग जा आप जाओगे, उनके लिए। बात। कर ही थी. पहले एक कैसे तो clear हो जाए. आए तो मान लो कुछ clear हो
Speaker 1: जाए. पर
Speaker 2: क्या? करें।, क्या? वह क्या? decide हो जाए. यह पैसे। वाला matter solve क्यों? भी. धीरे धीरे वक्त बहुत निकला जा रहा
Speaker 1: है. या हर वो वो proof prepare करते हैं गुरु? कुछ गले में फंसा रहे हैं। क्या??
Speaker 2: गले में पता नहीं। क्या? था भरा उसमें यार. Visit से cough type से फ़ंस जाते हैं ना, Omic type से सब फ़ंस जाते हैं. अपन बात। हो करत करत बात। का पहला कि EMI से थोड़ा सा problem है.
Speaker 1: समझ गया।.
Speaker 2: तो तो ठीक होती थी हम पर जो calculation कर रहे हैं. वह calculation के हिसाब से. मतलब बहुत profit नहीं। समझ में होगा तेरा. हां हां यह तो त्रंचर बता रहा हूं.
Speaker 1: तो त्रंचर हुई। तो traincer
Speaker 2: के लिए। माटी वाला तो उनका छाले ही है. माटी वाला चाल है ऐसे total मालूम नहीं। है नीचे एकदम का लगभग एक ग्यारह सौ meter के आस पास दिखाई थी. उसमें हमारे को छह से सात सौ meter अपना मिट्टी है, सुबह सात सौ meter मिट्टी है. सात सौ से आठ सौ meter. तीन सौ से चार सौ meter है हमारे को मुरुम्ब वाला है. But ऐसा काम है मान ले मान ले पचास सौ meter के मिट्टी है. ठीक है ना? हां. दो तीन सौ meter आगे पैंतीस meter का मुहरूम होएंगे, समझ गए. हां. फिर ok ok आगे ठोका माल में ok फिर दो चार सौ meter आगे बीस सौ meter वाला है कि आगे चालीस meter का मुहरू हो गया।, मतलब मिट्टी वाला के portion के beach के beach मुरू हो गया।. अब हम मान ले जैसे जैसे हम जैसे मान ले बाहर ना ले आए थे तो हम का पैंतीस meter खाने के लिए। हम का एक एक दो kilometer के दूर दूर area हमको मिलेंगे. बीस kilometer बाद पैंतीस meter है क्योंकि वहां पैंतीस meter ऐसा ना आया मेरे पास.
Speaker 1: अब JCD वाला मुझे तो पंखा हुआ करें।, पड़ी. JCD का अगर तू diesel रहता है
Speaker 2: शायद. तो अब इतने diesel basis JCD खास पर ही है अगर.
Speaker 1: तीन liter, चार litre वहां घटता उन्नीस भी चलती है.
Speaker 2: नहीं। तीन चार रूपए से tractor खा लेते हैं. तीन चार liter tractor खा लेते हैं. पांच से छह liter diesel खाते हैं. वह जो non operator, non operator रहे हैं। भाई वह आप कहाँ.
Speaker 1: नहीं। उसे बताए से मतलब नहीं। है. उसे बताए से मतलब नहीं। है अभी.
Speaker 2: अभी.
Speaker 1: हां. यह हमारे करवाए से मतलब. यह CC वाला diesel ना बेच पावे.
Speaker 2: कौन सी? यह तो है group group में जो photo भेज दे रहे हैं। madam XS वाली और दूसरा group बनाए रहे हैं क्या? गुरु? हां? दूसरा group बनाए थे क्या? एक
Speaker 1: second section के नाम से?
Speaker 2: यह एक second सही है बना रहा
Speaker 1: है. इनको नहीं। भेजा है?
Speaker 2: हमें। सब delete क्यों? यार नहीं। भेजे भाई? तीन हज़ार पच्चीस सौ पच्चीस हज़ार का per month चल रहे हैं।. नहीं। आया गुरुए. है. तो यह चीज़ भी सही है तकलीफ क्या? लगा। रहे हैं या कम से कम लगा। रहे
Speaker 1: हैं. कहाँ पर दिए रहे हैं?
Speaker 2: हम कम से कम लगा। रहे थे जब तक की थी कल. एक घंटे हम पूछी.
Speaker 1: यह आज दूसरा रूप आया सुनाए गए. यह भी कैसे पता है? हां दूसरा बनाए गए थे.
Speaker 2: Message करा था problem नहीं। यार. अच्छा यह वाला ठीक ठीक ठीक.
Speaker 1: मगर photo सब delete हम पहले उस
Speaker 2: time पर. देखा है घर की दस हज़ार बीस सौ है. अगर के हम खामोश तो आती है, है ना? अच्छा.
Speaker 1: यह group का कायम खर्चा लिखे हैं.
Speaker 2: लेबरंग का है धीरे धीरे
Speaker 1: recharge कराया लेबरंग की तीन सौ दी तीन सौ रूपए. डेढ़ सौ रूपए वह खरीदे डेढ़ सौ के. एक छह recharge करा दिया और के अड़तीस के.
Speaker 2: हैं?
Speaker 1: छह recharge करा दिया और के अड़तीस के.
Speaker 2: Recharge अस्सी के, तुम्हारा फिर data recharge करवाया है. फिर
Speaker 1: Pipe transport कराया पंद्रह सौ के, JCB के वैसे दस हज़ार बीस सौ के. फिर JCB के तीन हज़ार. यह last में इक्कीस सौ चालीस का ही जोड़ है. क्या?? इकत्तीस सौ चालीस last में का ही जोड़ है.
Speaker 2: इक्कीस सौ चालीस.
Speaker 1: हां मतलब बाइस हज़ार दी तो बहत्तर plus इकत्तीस सौ चालीस का ही.
Speaker 2: Math's इक्कीस सौ चालीस का आया है. कुछ सौ चालीस का आया है और फिर. याद नहीं। है मतलब.
Speaker 1: उससे पहले तू
Speaker 2: लिया है
Speaker 1: लिखे हैं दस तीन का खर्चा लेबर / Labour लेबर / Labour की राजा दो सौ ढाई सौ दो सौ चालीस छह सौ नब्बे राशन चार सौ पच्चीस के, पच्चीस सौ के बर्तन पांच सौ चालीस के, समोसा चालीस के, पूजा समाज सौ के, diary पर पच्चीस से और यह था bulb holder दूरी चालीस से, मेजरमेंट / MB एक अस्सी के फरुवा गई थी ग्यारह से
Speaker 2: बहुत पैसे। खर्चा क्या? है group में?
Speaker 1: बहुत पैसे। खर्चा क्या? है?
Speaker 2: हैं? शाम को last से करो। ना बातचीत. नहीं। phone switch off रहा होगा. हैं? Phone switch off रहा आज.
Speaker 1: आवाज़ cut गई गुरु.
Speaker 2: हां. नहीं। है. कई बार गए हैं guitar. गुरु
Speaker 1: आवाज़ cut रही हूं हां.
Speaker 2: Hello. क्या? है कि हम कहीं से वह सो रहे हैं.","Speaker 1: नमस्ते। क्या हाल है?
Speaker 2: मैं ठीक हूँ, आप कैसे हैं?
Speaker 1: मैं भी ठीक हूँ। बस एक बार आवाज़ सुनाई दी तो समझ आया कि आप हैं।
Speaker 2: हाँ, मैं ही हूँ। आपको कुछ कहना है क्या?
Speaker 1: मुझे लगता है कि यह पैसे की बात है। गुरु, क्या यह पैसे के लिए है?
Speaker 2: हाँ, पैसे के लिए ही। कल भी जाने की बात थी, लेकिन पहले एक बात साफ हो जाए।
Speaker 1: क्या हुआ? क्या करना है?
Speaker 2: यह पैसे वाला मामला सुलझ जाए, तो अच्छा है। धीरे-धीरे समय निकलता जा रहा है।
Speaker 1: क्या गुरु, आप वहां तोड़-फोड़ करवा रहे हैं? कुछ गले में फंसा हुआ है क्या?
Speaker 2: मुझे नहीं पता, लेकिन वहां लेआउट डल रहा था। Visit से cough type से फंस जाते हैं, Omic type से सब फंस जाते हैं।
Speaker 1: समझ गया।
Speaker 2: हमारी calculation ठीक होती थी, लेकिन EMI से थोड़ा सा problem है।
Speaker 1: तो त्रंचर हुई। तो traincer के लिए क्या है?
Speaker 2: माटी वाला उनका छाले ही है। माटी वाला चाल है ऐसे, total मालूम नहीं। एक ग्यारह सौ मीटर के आसपास दिखाई थी, हमारे को छह से सात सौ मीटर मिट्टी है।
Speaker 1: अब JCD वाला मुझे तो पंखा हुआ करें। JCD का अगर तू diesel रहता है
Speaker 2: शायद। तो अब इतने diesel basis JCD खास पर ही है अगर।
Speaker 1: तीन लीटर, चार लीटर वहां घटता उन्नीस भी चलती है।
Speaker 2: नहीं। तीन-चार रुपये से ट्रैक्टर खा लेते हैं। पांच-सáu लीटर डीजल खाते हैं।
Speaker 1: उसे बताए से मतलब नहीं। यह हमारे करवाए से मतलब है।
Speaker 2: अभी। यह तो है ग्रुप में जो फोटो भेज दे रहे हैं।
Speaker 1: कौन सी? दूसरा ग्रुप बनाए रहे हैं क्या?
Speaker 2: एक सेकेंड सेक्शन के नाम से?
Speaker 1: है। इनको नहीं। भेजा है?
Speaker 2: हमें। सब डिलीट क्यों? यार नहीं।
Speaker 1: हैं। कहाँ पर दिए रहे हैं?
Speaker 2: हम कम से कम लगा रहे थे जब तक की थी कल। एक घंटे हम पूछी।
Speaker 1: यह आज दूसरा रूप आया सुनाए गए। यह भी कैसे पता है?
Speaker 2: मैसेज करा था प्रॉब्लम नहीं। यार। अच्छा यह वाला ठीक ठीक ठीक।
Speaker 1: मगर फोटो सब डिलीट हम पहले उस।
Speaker 2: टाइम पर। देखा है घर की दस हजार बीस सौ है। अगर के हम खामोश तो आती है, है ना?
Speaker 1: यह ग्रुप का कायम खर्चा लिखे हैं।
Speaker 2: लेबरंग का है धीरे-धीरे।
Speaker 1: रिचार्ज कराया लेबरंग की तीन सौ दी तीन सौ रुपये। डेढ़ सौ रुपये वह खरीदे डेढ़ सौ के। एक छह रिचार्ज करा दिया और के अड़तीस के।
Speaker 2: हैं?
Speaker 1: छह रिचार्ज करा दिया और के अड़तीस के।
Speaker 2: रिचार्ज अस्सी के, तुम्हारा फिर डाटा रिचार्ज करवाया है। फिर।
Speaker 1: पाइप ट्रांसपोर्ट कराया पंद्रह सौ के, JCB के वैसे दस हजार बीस सौ के। फिर JCB के तीन हजार। यह लास्ट में इक्कीस सौ चालीस का ही जोड़ है।
Speaker 2: इक्कीस सौ चालीस।
Speaker 1: हां मतलब बाइस हजार दी तो बहत्तर प्लस इकत्तीस सौ चालीस का ही।
Speaker 2: मैथ्स इक्कीस सौ चालीस का आया है। कुछ सौ चालीस का आया है और फिर। याद नहीं। है मतलब।
Speaker 1: उससे पहले तू।
Speaker 2: लिया है।"
34,"आवाज़ तो वहां कट गया। उनकी काम हो जाऊं? 
कहने के सुनील कहीं, बोला तो है रहा सुनील है हम पेशेंट लगातार रहा। तो कहा है कि सुनील नहीं। है मोबाइल चार्ज मतलब हां। हम लास्ट टाइम ओपन कितना गिनती तीन सौ पैंतालीस किए रहना? दस हज़ार रुपया पिछले दिल सेविंग आने के लिए। आठ हज़ार रुपया निकल जाए तो बहुत बड़ी बात है। 
आठ हज़ार निकलता है ना। तो 
मना नहीं। किया। है गुरु, लेबरानंद के पीछे बहुत पैसे खर्चा के लिए। मना नहीं। किया। है। 
स्टार्टियों वाले लेबरेंस है दिखता था गलती है ही। चलिए, पर यह रहना कि नहीं। सोच लो शायद फिल्म काम आ गया। बराबर का हमसे लिया काम बाद में मेंटेन हो जाए। 
क्यों? ऐसा ना पैसे रिचार्ज का रिश्ता 
आज तो 
सब पैसे डूब ही नहीं लगा। वह सब पैसे डूब ही नहीं लगा। 
हां पैसे डूब गया। फौजी फौजी निकल आ रहा हां? फौजी फौजी निकल आ रहा है। मेहनत नहीं मिली तो क्या? करें।? 
हां। 
चलो। ठीक है और 
कुछ हाल 
चाल और कुछ हाल चाल नहीं। है हाल चाल कल देखी थी पैसों के लिए। हम देखे थे कहा कुछ मैंने कही एकता हो 
सकता था। 
कल हम गई थी दीदी के साथ मुथूट का? 
मुथूटा तो 
फाइनांस हो था ना वह फाइनांस कंपनी या फिर लोन वैल्यू चलाती शायद। 
सकाहे के बीच में फाइनांस 
पर? यह समूह वाला ना हुआ? क्या? मैं कहूं करूं। 
तो वह कह तभी तो वहां सिविल खराब हुई।? 
तो हम आज सिविल खराब थी ना। अनाम के अनाम के अनाम भी हमने ले। 
हैं? यहाँ बस खड़ी होती है उसके आगे भी। 
आओ बताओ। 
बताओ कुछ नहीं। ठीक गुरु। हां।","Speaker 1: आवाज़ तो वहां कट गया। उनकी काम हो जाऊं?
Speaker 2: काम हो जाएगा, सुनील कह रहा था कि हम पेशेंट लगातार रहे। तो कहा है कि सुनील नहीं है। मोबाइल चार्ज है मतलब हां। हम लास्ट टाइम ओपन कितना गिनती तीन सौ पैंतालीस किए रहना? दस हज़ार रुपया पिछले दिल सेविंग आने के लिए। आठ हज़ार रुपया निकल जाए तो बहुत बड़ी बात है।
Speaker 1: आठ हज़ार निकलता है ना।
Speaker 2: मना नहीं। किया। है गुरु, लेबरानंद के पीछे बहुत पैसे खर्चा के लिए। मना नहीं। किया। है।
Speaker 1: स्टार्टियों वाले लेबरेंस है दिखता था गलती है ही। चलिए, पर यह रहना कि नहीं। सोच लो शायद फिल्म काम आ गया। बराबर का हमसे लिया काम बाद में मेंटेन हो जाए।
Speaker 2: क्यों? ऐसा ना पैसे रिचार्ज का रिश्ता
Speaker 1: आज तो
Speaker 2: सब पैसे डूब ही नहीं लगा। वह सब पैसे डूब ही नहीं लगा।
Speaker 1: हां पैसे डूब गया। फौजी फौजी निकल आ रहा हां? फौजी फौजी निकल आ रहा है। मेहनत नहीं मिली तो क्या? करें।?
Speaker 2: हां।
Speaker 1: चलो। ठीक है और
Speaker 2: कुछ हाल
Speaker 1: चाल और कुछ हाल चाल नहीं। है हाल चाल कल देखी थी पैसों के लिए। हम देखे थे कहा कुछ मैंने कही एकता हो सकता था।
Speaker 2: कल हम गई थी दीदी के साथ मुथूट का?
Speaker 1: मुथूटा तो
Speaker 2: फाइनांस हो था ना वह फाइनांस कंपनी या फिर लोन वैल्यू चलाती शायद।
Speaker 1: सकाहे के बीच में फाइनांस
Speaker 2: पर? यह समूह वाला ना हुआ? क्या? मैं कहूं करूं।
Speaker 1: तो वह कह तभी तो वहां सिविल खराब हुई।?
Speaker 2: तो हम आज सिविल खराब थी ना। अनाम के अनाम के अनाम भी हमने ले।
Speaker 1: हैं? यहाँ बस खड़ी होती है उसके आगे भी।
Speaker 2: आओ बताओ।
Speaker 1: बताओ कुछ नहीं। ठीक गुरु। हां।"
35,"Speaker 1: कहाँ है भाई खारू? ठीक है भाई, कहाँ
Speaker 2: है जा रहे हैं।.
Speaker 1: कहाँ है?
Speaker 2: अरे सुबह नहीं। नहा पाए रहे है मैं।... तीन बजे। वहां से
Speaker 1: आया हूं. दोपहर गए है कि एक घंटा बाद है लगाए नहा के लगाओ.
Speaker 2: फिर नहीं। नहाएता है ना. तुझे नहीं। नहाएता है कि नहा खाना खा ले. नहीं। नहा खा लो.
Speaker 1: ऐसा होता कहे गुरु एक घंटा लग जाता है नहाए,
Speaker 2: कहाँ? नहीं।. कोई यह नहाए, खाना खाएगी. तो फिर भी कर बात। करवा रहा हूं.
Speaker 1: बताओ?
Speaker 2: और बताओ बोलो?
Speaker 1: आओ ठीक है भैया. ठीक है.
Speaker 2: हां थोड़ा सा expense लग रहे हैं।.
Speaker 1: ठीक है. काहे रोज़ खराब mind लाते थे.
Speaker 2: Hello. हां. बोलो.
Speaker 1: कुछ करो। यार गुरु. कुछ करिए newsाब रात यह सब सब छोड़ देना।. कुछ हो नहीं। रखा है इतने मामा चले गए. जाए. हमारे काम मतलब रूबरू free हो. हां
Speaker 2: जी? तो ठीक है. थोड़ा सा समाज भर तो सब protocol ही निभाए थोड़ा सा.
Speaker 1: अभी मान लीजिए। सागर ना होते घर में पता जाते.
Speaker 2: ना हो तब तो कुछ भी हो सकता था.
Speaker 1: अरे भाई साहब, के
Speaker 2: साथ.... कुछ कम से कम
Speaker 1: कुछ तो नहीं। था कुछ plan ही था. कुछ समझ में करे तो उस चीज़ का वह है. हर चीज़ के गुरु solution तो होता है पता नहीं। कि बिना quality के लिए।. बिना हस्तक्षेप हर चीज़ के भाई. शक्ल बता देते हैं जगमानी में अभी तू. हैं? चिंतित रहे थे कभी तो. मतलब शायद तुम, हमसे झूठ बोल कर रहे हैं जैसे लोग। but हम कम का वो देखे नहीं। चाहे जो नहीं। तो हम का लिखा उस time. शायद तू उधर फ़ायदा उठा उठ रहे हैं. हां. वही है बात।. यही
Speaker 2: तो देखा अगर top करने से सब कुछ सोचते है तो उसके लिए। हमे कुछ नहीं। सोचते है. यहाँ तो सस्ता होता
Speaker 1: है. सोच ही नहीं। है अंदर सामने चीज़ें दिखती है ना भाई. हां. यह भी प्रत्यक्ष है.
Speaker 2: पिता. जब हम सफाई ज़्यादा नहीं। दे सकी तो हम उसको mindset नहीं। बदल सकते थे.
Speaker 1: यह नहीं। थी. बात। हमें। mindset की नहीं।
Speaker 2: थी.
Speaker 1: बात। हम लोग।.
Speaker 2: बात। दोनों है. बात। दोनों है, ok ला दे कि हम कुछ नहीं। कह रहे.
Speaker 1: भैया, तू कहीं तक, रहे हैं। कि तू भी चीज़ है connect
Speaker 2: है. तू यही है क्या? है वहां पर? बस लेना बोलती है सब बड़ो वाला.
Speaker 1: हां. हां.
Speaker 2: कुछ भी ऐसा नहीं। है कि अल्लाह के कि हम लोग। को दिखावे अलग से चाय बहुत ही अलग अलग है. जो उन्हें दिखाबे शाहिद अल्लाह
Speaker 1: जो है तेरी। आज पांव वाली cat product है. जो है मासी ये सब सब सब भेजे रहे हैं. क्या? है कि जो है कोई आऐंगे. अच्छा. ठीक है. यह word बहुत गलत है. यह word आदमी को असमर्थता दिखाता है.
Speaker 2: नहीं।, इसमें गलत है.
Speaker 1: बहुत गलत है. In word को replace किया। जाता है कि हां भाई नहीं। निभाओ but हम आगे करें।,. या सब इन चीज़ close दे देती है कि अब जो है तो यही है बस. अब यह इससे आगे कुछ तो नहीं। है. उनका जो करेगा बस यही नहीं। करेगा. अब
Speaker 2: यह तो हम कहें। नहीं। झूमतिए board आगे लगा। दिया तो जो उनका करके तो है incorrect इस time पर.
Speaker 1: मतलब उसका गुरू वही निकलता है कि जो है तो यही होता है. यही है जब तू सही रहता है. तो उन कैसे यही word वह fix हो जाते हैं ना गुरु वह जाम हो जाते हैं.
Speaker 2: यह तो हमारे को ही बात। सोच रहे हैं ना.
Speaker 1: नहीं। सोच नहीं। रहे. अरे तू हम सोच नहीं। रहे, वह word बता रहा, वह शब्द आपन में master बताते हैं. जब वह यह कहूं कहा था कि जो है सोब यही है, सामने है जो है. तो वह limitations दे रहे हैं।. वह broad कहाँ होते रहे हैं। उनका? उनका तो छोटा नहीं। दे रहा ना.
Speaker 2: यह बात। हम खाली इतने word बोलेंगे. सारी बातों का भरोसा तो हमको होगा हमें। बात। सुनो बात। कर नहीं। रहे.
Speaker 1: अभी यह आज के बाद ना गुजरे.
Speaker 2: हमारे तरफ से.
Speaker 1: यह चीज़ आज के बाद ना बोले तो हक होना बात। कर रहे हो. अगर corona बात। भरोसा ना हो गुरु तो हम कौन सा कौन सा ज़िंदगी में बात। ना करें।,.
Speaker 2: यह तो कुछ बोलता है भाई कितने हैं भाई कितने में बाप मत ले लो.
Speaker 1: हां वह अलग बात। है आदमी
Speaker 2: हम कहाँ है भरोसा करें।,?
Speaker 1: देख गुरु मुहे से कही थे ना अलग बात। है. वह दिक्कत नहीं।. लेकिन मेरे जो curve है ना जो मेरा करता रहता है ना वह उससे कईयों गुना ऊपर रहता है. हमें। घर से पहले यह बात। रही कि हां भरोसा नहीं। भरोसा.
Speaker 2: हां यह कहना है
Speaker 1: लेकिन हम पहले हम पहले script जो होते हैं. वह उस script ही उससे उससे बहुत ऊंचे होते हैं.
Speaker 2: आपको? जो तो जहां हम देखकर शायद रखा है पता नहीं। यहाँ रखी है.
Speaker 1: पीछे. अच्छा वहां का एक trip से पूरा दूसरा रहे हैं।.
Speaker 2: हम अब तो यह बता ना कि कोई loss हो ही गया। कि काम हो गया। तो सामने नागमन का हम यह कहते हैं फिर उसके बाद उनका नया word बोलना है कि loss होएगा तो होएगा यह हमारी। mistake रही है बातों से कहेल वह तू word नहीं। सुना है. हम यह वो कहते हैं, वह loss का हम बार-बार repeat नहीं। करना चाहता.
Speaker 1: हमा वह word भी.
Speaker 2: वह तो दो तीन word भूल गया। है. एक word पकड़ ली है जो ना तावना है वह हमारे हिसाब से बना ली है कि जो ना तावना है.
Speaker 1: बना नहीं। लिया है. हम बना नहीं। लिया. हम बना रहे कहाँ लिखा है? सिर्फ कर्म की बात। कर रहे हैं. गर्व वह कर रहे हैं।. मैं।... उसको replace कर रहा हूं कि हां गुरु यह word का तू यह word से replace की जाए. तो तू replacement का नहीं। accept नहीं। पा रहे हैं, हां यार यह शब्दों का यह चीज़ से replace किए जा सके।.
Speaker 2: बिल्कुल accept करना है but हम तो.
Speaker 1: तो फिर अगर accept कर रहे हैं गुरु
Speaker 2: तुम, से ना तो.
Speaker 1: अगर मान लो accept कर ही रहे हैं तो मैं।... बहस काही हुई। शकल जी. जैसे मान लो कौन सी जहां पर वहां कहे गुरु आम वहां हैं. तो जो अगर उनका accept किए थे हम पहले तो बात। खत्म हो गया।
Speaker 2: चाहिए।. अब तू क्या? कहते हैं एक बार कि हमारे कुछ गया। नहीं।
Speaker 1: आया शर्मा
Speaker 2: हुआ नहीं। आया कुछ गया। नहीं। है. अब देखा अब तोह का यह लाला है कि हम जो उनके agent वही बास सकते हैं.
Speaker 1: नहीं। हम यह नहीं। कहे रहना
Speaker 2: है. हम यह कहाँ कहे जाने के खाते हैं. हम जो
Speaker 1: इन बात।
Speaker 2: तोह का समझा भाई चल रहे हैं।. सही बात। है. वह लोगों को तो सोने के तैयार ही नहीं। आया
Speaker 1: है. हम यह नहीं। तुमको। ज़रूरत.
Speaker 2: Replace कर दें मतलब replace कर दे बस. अरे
Speaker 1: ज़रूरत क्यों? पड़ रही है तुम्हें उसको explanation देने की?
Speaker 2: क्यों? नहीं। परे में जो नहीं। किया। तुम, उसके ऊपर क्यों? हमारे बोल रहे हैं। भाई वह चीज़ का? हैं? क्योंकि तुमको। जबरदस्ती कहाँ accept करवाओ तो ना उस चीज़ का. जब यह चीज़ हम नहीं। बोले ना कि main उद्देश्य यह जो नौस वक्त सामने है. हम पहले वह गलती रही है. उसके बाद हम तुरंत पढ़ बोलेंगे. तुरंत ही मत बोलेंगे.
Speaker 1: हम कहीं से चीन में जाए फिर उसे कमा तो वहां बाद विवाद हो सके। क्योंकि तुमको। तुम्हारे किसी को गलती कभी समझ में नहीं। आ रहे हैं।. हम तो उनका भीतर बनावे की कोशिश तो हम खुद रह गए थे. वह क्या? होता है वह कुछ without
Speaker 2: हमेशा गलत देख सकते थे. हम लोग। कमा जहां जहां के यहाँ पर. जहां जो चीज़ हम गलत नहीं। कर ही था वह कम थोड़े सामने बतावे प्रयास कर ही थी कि तुमको। गलत सोच लगता है. हम भगवान नहीं। है ना हम हर जगह जहां गलती होती है ना accept कर ही थी उसका. यह जो चीज़ नहीं। गलत रहे हैं। तू zone गलत सोचे रहता है और अगर हम सही बता रहे प्रयास कर ही थे. अभी
Speaker 1: हम सोचे, तू सोचे हैं, हमको थोड़े दोनों बातें भरोसा है. अगर हमको थोड़े दोनों बातें भरोसा ना हो ज़रूरत है फिर हम थोड़े साथ... काहे दिन भरो में बात। करिए, काहे थोड़े काम करिए. मतलब भरोसा है सब ना कह रहे हैं.
Speaker 2: ठीक है भरोसा है. हां. तो पहले word क्या? बोला है कि तुम, हमसे तो झूठ बोलते हैं. ना तो हमको जो है नहीं। तो हम दिखावा ही चाहते हैं. हां.
Speaker 1: गुरु ब्रह्मों का होता तो यह बात। नहीं। बोलना पड़ेगी।।. उसके आगे, उसके आगे हम कागे
Speaker 2: हैं. क्या?
Speaker 1: क्या?? उसके आगे कागे. कागे
Speaker 2: कागे कागे कागे कागे का.
Speaker 1: नहीं। नहीं। नहीं। नहीं। हम यह कह रहे थे आगे कि मगर इन सबसे ऊंचा है गुरु कि तुम, कुछ काम करो।. करो।. यह सब चीज़ों में उतनी ही शक्ति नहीं। है.
Speaker 2: मैं।... भरोसे वाली बात। कर ले आया भरोसा वाली बात। कर आओ. यह word का काम
Speaker 1: मतलब है. नहीं। नहीं। गुरु यह word हम कह ही दिए हैं बात। यह word हम कहे इसलिए कि चूंकि इनकी कोई value नहीं। है. Value काम की है. मैं।... चाहता हूं सिर्फ output पर काम आए, ना कि ऐसा कोई चीज़ आए कि ओखला है कि हम bites रही या ऊपर फ़ालतू दूसरे पर आरोप प्रत्यारोप करें।,, सिर्फ काम से मतलब.
Speaker 2: वह तो पता नहीं। है
Speaker 1: क्या? mask.
Speaker 2: बोलो. हां, हम चाहे तो उस काम हम पहले friend तो वही यहाँ
Speaker 1: कहें। कि गुरु ने उत्साह बरात वो सब, चलत रहा था कोनों बड़ी चीज़ ना हो. काम बड़ी चीज़ है गुरु. काम करो।, उसमें focus करो।. भाई white हो गया। दो चार घंटा सोच चुका है तो शायद कुछ बेहतर रिज़ल्ट निकले भाई. नहीं। गुरु हम कई सागर बेहतर कुछ रिज़ल्ट निकले तो कैसा निकालेंगे. हम का हो अंतर्यामी ना हो हम का हो कुछ पर. हम मेहनत करेंगे।? गुरु. अब वह लोगों का सिखाई देती हूं बस मेहनत करो।. हर चीज़ का एक ही logic है गुरु मेहनत. उससे भाग नहीं। सकते. वह तुमको। करना ही करना पड़ेगी।।. बोला? बस तुम्हारे इतने तुमसे नहीं। है कि इतने ज़रूरत है. बाकी तो आज हम लोग। बोलते हैं सही बोलता है वह सब चीज़ों को मैंने कभी गलत बोला ना मैंने कभी गलत मानता. हमेशा कहते थे कुछ. इतने तारीफ आपको? सही बोला, हमसे सही बोलो तुमको। वैसा कुछ नहीं। लेता. जो उनकी कोई output भी नहीं। होती. सुनी जी ना मुझे. कुछ भी नहीं। होती.
Speaker 2: काम के लिए। कहाँ करे क्या??
Speaker 1: काम के लिए। तो बात। कर रहे हैं ना वह करने के लिए। बात। कर रहे हैं. काम के लिए। काम अगर तुम, उतनी जगह तो वहां बात। उठ रही है भाई तुम, अगर rate से काम कैसे काम पैंतीस चालीस रुपया
Speaker 2: वहां तो फिर से. Letter से काम तो नहीं। कर पाएँगे।. अब हम बात। नहीं। भेजी series से. हां. Amazon बात। कर ले कर के दूर दूर है बे. हां. तो फिर भी की मैं।... जो series बात। भेज रही है ना जब वह time काम कर रहा हूं. तो कह रहा कि counting में हम का मतलब एक दो kilometer tuition काम मिलाता है.
Speaker 1: नहीं। sir अब canteen तो इससे boot मिल सकता है
Speaker 2: bro. इसलिए. हां sir बहुत कम है देख ही थे.
Speaker 1: मैं।... monthly basis पर तो गुरु भी इसमें कोई शक नहीं। है.
Speaker 2: Friendture पर रखा जाए.
Speaker 1: Trainture काम नहीं। कर पाएगा। group वह सिर्फ मिट्टी में चलेगा.
Speaker 2: Roomवाला area थोड़ा सा गिन सकते है.
Speaker 1: Skip करना पड़ेगी।। उसे तुम्हें? जीएसटी तो uncle आ गया। तो हो गया। तो नब्बे हज़ार रुपए ढूंढ लेगा. हमको तो बड़ा कठिन लग रहे हैं। अभी यह जो है मुझे सही, Unlocking है यह बात। की
Speaker 2: है? उनका number tracker पास रहे हैं। पैसे। रहे नहीं। है बात।. चाचा सुनकर बात। करवाओ भारत.
Speaker 1: चाचा बोले चले जा रहे है wait करा. मज़ा नहीं।
Speaker 2: है ना बाहर गए है ना महीने आए है हम. हां. तो जाऊँ, देखो।,
Speaker 1: एक दो तीन दो तीन दो तीन दो तीन दो तीन तीन चार बार. Multiple attempt करने होंगे इसलिए. काम check करके हमारे को देखना पड़ेगी।। चाहे जैसा समझो, बोलो
Speaker 2: नहीं। नहीं। अभी मैं।... बात। कर रहा था
Speaker 1: संतलाल वाला भी उसमें ही resolve हो रहा. मतलब हमरे साथ... एक साथ... हमरे ऊपर कैसे समस्याएं तुम, देखा? इससे तो हुआ अभिषेक से उसके पीछे पड़ा? यह नित्या संतलाल में यहाँ इशू भैया है. फिर उसके बाद हम मिलेंगे पैसे। नहीं। है. Policeon machine नहीं। है. गुरु इसमें पैसे। बच सकता है कैसे? अगर उन्हीं दो लेबर / Labour के electric machine चलाते सिखाते हैं. तो वहां एक SSC कहेगी, जिस पर एक SSC कहूंगा ढाई सौ रुपया मिली है. तीस चालीस local वाली ज़्यादा लेकिन अगर तू हुआ? क्या? ही करता अगर दिन भर में तू पांचो तो connection मार दी है बिल्कुल एक हज़ार, डेढ़ हज़ार तो हुआ अलग काम हो गया।.
Speaker 2: Uctor fusion machine के लिए। वो अलग कह रहे हैं। कि वहां मिल गई company में, p l में.
Speaker 1: नहीं। नहीं।. आवेश आता है नहीं। जुगाड़?
Speaker 2: हम कहे रखे। इस तरह। से चले गए. मिल गया। वहां से. चले
Speaker 1: मतलब कहाँ अवसर मिले उनको, तो उनको बहुड़ी के आदमी कब wrap करें।, कहाँ है?
Speaker 2: Machine के लिए। पहले वह सब setup तो वन गया। है आदमी वगैरह. आज वह
Speaker 1: अरे अरे जाऊँ, मिले चले उसका grab करे चला. भाई अगर देखा तुमको। machine मिल जाती xyz तो तू तो फिर वैसा काम देख सकते हैं. नहीं। संभाल रहे हैं। कि हम का अगर कोई सौ meter करेगा है. सौ meter होता है कि हमको दो छह चसी तीन छह चसी मिल रहा था पंद्रह सौ रुपया बहुवीगर तो वहां. वही बात। है कि तीन छह meter में तो वहां साढ़े सात सौ रुपया हो गया।. वह उसके हिसाब से फिर?
Speaker 2: साढ़े सात सौ रुपया. वह फिर वह कहा ना जैसे हम कहें। थे कि SSC से आते कराए चलो।. हां. पहले से पहले hydro कराइए, Okebaad में कराई नहीं। फिर leakage हो ही तो कैसे हो पाए.
Speaker 1: नहीं। नहीं। हुआ? क्या? fluid test चाहिए। ना. Slow test कह जाए एक तरफ ना. ना? हां. और अब से हम का बातें करे बड़ी चीज़ का. दो test कराब बताया था. हां, नौ दो test करे थे तो दो test वाला पैसे। नहीं। दे देते.
Speaker 2: Hydro test तो भाई यह कहे इसके जो दूसरों के लिए। hydro test करा दो कहे अलग से पैसे मिल गए कहाँ का.
Speaker 1: हां, वह तो मिल ही जाइए तो hydro मगर तू कहे मतलब हो गए ना गुरु. यह सब system तभी संभव है कि थोड़े रखे। बढ़िया team हुई। तो पैसे बनेंगे बिना team के तो संभव ही नहीं। है अब वह.
Speaker 2: क्या?
Speaker 1: हूं आप सोचो यह सब हम उसको बताना। हमें। रुको, मेहनत करो। फिर बता दो. ठीक है?","Speaker 1: कहाँ है भाई खारू? ठीक है भाई, कहाँ
Speaker 2: है जा रहे हैं।
Speaker 1: कहाँ ह?
Speaker 2: अरे सुबह नहीं। नहा पाए रहे है मैं।... तीन बजे। वहां से
Speaker 1: आया हूं. दोपहर गए है कि एक घंटा बाद है लगाए नहा के लगाओ।
Speaker 2: फिर नहीं। नहाएता है ना. तुझे नहीं। नहाएता है कि नहा खाना खा ले. नहीं। नहा खा लो।
Speaker 1: ऐसा होता कहे गुरु एक घंटा लग जाता है नहाए,
Speaker 2: कहाँ? नहीं।. कोई यह नहाए, खाना खाएगी. तो फिर भी कर बात। करवा रहा हूं।
Speaker 1: बताओ?
Speaker 2: और बताओ बोलो?
Speaker 1: आओ ठीक है भैया. ठीक है।
Speaker 2: हां थोड़ा सा expense लग रहे हैं।।
Speaker 1: ठीक है. काहे रोज़ खराब mind लाते थे।
Speaker 2: Hello. हां. बोलो।
Speaker 1: कुछ करो। यार गुरु. कुछ करिए newsाब रात यह सब सब छोड़ देना।. कुछ हो नहीं। रखा है इतने मामा चले गए. जाए. हमारे काम मतलब रूबरू free हो. हां
Speaker 2: जी? तो ठीक है. थोड़ा सा समाज भर तो सब protocol ही निभाए थोड़ा सा।
Speaker 1: अभी मान लीजिए। सागर ना होते घर में पता जाते।
Speaker 2: ना हो तब तो कुछ भी हो सकता था।
Speaker 1: अरे भाई साहब, के
Speaker 2: साथ.... कुछ कम से कम
Speaker 1: कुछ तो नहीं। था कुछ plan ही था. कुछ समझ में करे तो उस चीज़ का वह है. हर चीज़ के गुरु solution तो होता है पता नहीं। कि बिना quality के लिए।. बिना हस्तक्षेप हर चीज़ के भाई. शक्ल बता देते हैं जगमानी में अभी तू. हैं? चिंतित रहे थे कभी तो. मतलब शायद तुम, हमसे झूठ बोल कर रहे हैं जैसे लोग। but हम कम का वो देखे नहीं। चाहे जो नहीं। तो हम का लिखा उस time. शायद तू उधर फ़ायदा उठा उठ रहे हैं. हां. वही है बात।. यही
Speaker 2: तो देखा अगर top करने से सब कुछ सोचते है तो उसके लिए। हमे कुछ नहीं। सोचते है. यहाँ तो सस्ता होता
Speaker 1: है. सोच ही नहीं। है अंदर सामने चीज़ें दिखती है ना भाई. हां. यह भी प्रत्यक्ष है।
Speaker 2: पिता. जब हम सफाई ज़्यादा नहीं। दे सकी तो हम उसको mindset नहीं। बदल सकते थे।
Speaker 1: यह नहीं। थी. बात। हमें। mindset की नहीं।
Speaker 2: थी।
Speaker 1: बात। हम लोग।।
Speaker 2: बात। दोनों है. बात। दोनों है, ok ला दे कि हम कुछ नहीं। कह रहे।
Speaker 1: भैया, तू कहीं तक, रहे हैं। कि तू भी चीज़ है connect
Speaker 2: है. तू यही है क्या? है वहां पर? बस लेना बोलती है सब बड़ो वाला।
Speaker 1: हां. हां।
Speaker 2: कुछ भी ऐसा नहीं। है कि अल्लाह के कि हम लोग। को दिखावे अलग से चाय बहुत ही अलग अलग है. जो उन्हें दिखाबे शाहिद अल्लाह
Speaker 1: जो है तेरी। आज पांव वाली cat product है. जो है मासी ये सब सब सब भेजे रहे हैं. क्या? है कि जो है कोई आऐंगे. अच्छा. ठीक है. यह word बहुत गलत है. यह word आदमी को असमर्थता दिखाता है।
Speaker 2: नहीं।, इसमें गलत है।
Speaker 1: बहुत गलत है. In word को replace किया। जाता है कि हां भाई नहीं। निभाओ but हम आगे करें।,. या सब इन चीज़ close दे देती है कि अब जो है तो यही है बस. अब यह इससे आगे कुछ तो नहीं। है. उनका जो करेगा बस यही नहीं। करेगा. अब
Speaker 2: यह तो हम कहें। नहीं। झूमतिए board आगे लगा। दिया तो जो उनका करके तो है incorrect इस time पर।
Speaker 1: मतलब उसका गुरू वही निकलता है कि जो है तो यही होता है. यही है जब तू सही रहता है. तो उन कैसे यही word वह fix हो जाते हैं ना गुरु वह जाम हो जाते हैं।
Speaker 2: यह तो हमारे को ही बात। सोच रहे हैं ना।"
36,"हां गुरु जैसे ही बताएं.
जैसे गुरु का है कुछ अपडेट मिली गुरु? रात वह तो चलो। बात।
हां? हमसे बात। नहीं। रहे।
हम लगाए ही क्या? करें।?
तू लगा। हुआ है उनका कल रात वह मैसेज किए था उनके? कि वह खुद फोन नहीं उठा रहे हैं लेबर इसलिए वह हम आप फोन नहीं उठा रहे।
कई बजे। फोन लगा। रहा था
उनका। फोन नहीं। लगाया मैसेज किया। था शाम करीब छह साढ़े छह बजे। छह नहीं। पांच बजे। रोज़ बजे। करीब।
मान ले तो हम वह का फोन लगाओ तो है तो हम यह कहेंगे पैसे डालिए हम आदमी भेज रहे हैं।
नहीं। तो यह कहेगा कि हम आ रहे हैं हम लोग।
हां। है ना? कहाँ तो हम का मिर्जापुर में मिले है यह सब। डायरेक्ट। फिर वहां जाकर आदमी ओपन हो जाएँ,
ओपन हो ही जाएगा। चाहे ना होते चाहे हम कहीं थे कि हां वह मेरे परिचित के हैं। या कोई ना देखा का काहत का है वह देखा शायद का पता हम हीं का नहीं। थे लेबर।
हां हां हां।
अगर नहीं। देखे तो उसका भी तुमको। ना ओपन में कोई अगर नहीं। देता है तो फिर उस कंडीशन पर एक भी सोची देखा करेगा हैं?
ठीक है।
है ना? पहले तू बात। तो खैरा अनचाहे के प्रोग्राम रहो फिर बताइए? हां। ठीक। तुम, पर दोनों कंडीशन पर जाया का है। मान ले हुआ हम ही मना कर रहे थे ताऊ तुम, का जाया का है। और तुम्हारे खाते थे तुम, का जाया इनका है।
हां हां
हां। हां।
ठीक है।","Speaker 1: हां गुरु जैसे ही बताएं।
Speaker 2: जैसे गुरु का है कुछ अपडेट मिली गुरु?
Speaker 1: रात वह तो चलो। बात।
Speaker 2: हां? हमसे बात। नहीं। रहे।
Speaker 1: हम लगाए ही क्या? करें।?
Speaker 2: तू लगा। हुआ है उनका कल रात वह मैसेज किए था उनके? कि वह खुद फोन नहीं उठा रहे हैं लेबर इसलिए वह हम आप फोन नहीं उठा रहे।
Speaker 1: कई बजे। फोन लगा। रहा था उनका। फोन नहीं। लगाया मैसेज किया। था शाम करीब पांच बजे।
Speaker 2: मान ले तो हम वह का फोन लगाओ तो है तो हम यह कहेंगे पैसे डालिए हम आदमी भेज रहे हैं।
Speaker 1: नहीं। तो यह कहेगा कि हम आ रहे हैं हम लोग।
Speaker 2: हां। है ना? कहाँ तो हम का मिर्जापुर में मिले है यह सब। डायरेक्ट। फिर वहां जाकर आदमी ओपन हो जाएँ,
Speaker 1: ओपन हो ही जाएगा। चाहे ना होते चाहे हम कहीं थे कि हां वह मेरे परिचित के हैं। या कोई ना देखा का काहत का है वह देखा शायद का पता हम हीं का नहीं। थे लेबर।
Speaker 2: हां हां हां।
Speaker 1: अगर नहीं। देखे तो उसका भी तुमको। ना ओपन में कोई अगर नहीं। देता है तो फिर उस कंडीशन पर एक भी सोची देखा करेगा हैं?
Speaker 2: ठीक है।
Speaker 1: है ना? पहले तू बात। तो खैरा अनचाहे के प्रोग्राम रहो फिर बताइए? हां। ठीक।
Speaker 2: तुम, पर दोनों कंडीशन पर जाया का है। मान ले हुआ हम ही मना कर रहे थे ताऊ तुम, का जाया का है। और तुम्हारे खाते थे तुम, का जाया इनका है।
Speaker 1: हां हां
Speaker 2: हां। हां।
Speaker 1: ठीक है।"
37,"Speaker 1: Hello.
Speaker 2: आवाज़ नहीं। आ रही है तुम्हारा. एक minute. बहुत आवाज़ आ रही है bro, बताओ क्या? हुआ?
Speaker 1: हमने। देखा है side में. Isol meter के side दिखाए तो मतलब clear नहीं। यहाँ प्याज वगैरह वही है. यह बोलता है कि आप गाड़ी मंगाइए, गाड़ी अपना मंगाए ले हम अपना लिखकर लिख के दे फिर अपना कौन हो कब गाड़ी है अटल में जी.
Speaker 2: कब जी? हां
Speaker 1: तो गाड़ी पहले मंगाई, पर शायद पर लिखा हुआ है गाड़ी idol बिल्कुल ना जाए पाए.
Speaker 2: कहाँ ना जाए पाई, नहीं। समझ पा रहे हैं हम.
Speaker 1: यह कहा था, था, यह कहा था भाई कि गाड़ी idol ना जाए पाई, अपना गाड़ी मंगाई हम आगे शायद दिखावा जा रहा होगा कि जितना दिखा रहा हूं काम चालू कर ही. कहा था कि area, chille वाले side में दिखा होता है और बोले थे कि मैं।... पांच छह kilometer के छह kilometer के हवाई area, ऐसे के पास है पास. हां. आपने केवल एक जितना मैं।... इसमें पांच साढ़े पांच सौ meter का side दिखाया रहा, फिर वो का complete कर ही, फिर एक ही आगे और यह ढाई सौ meter वाली है जितना बनो उतना कर ही, फिर इतनी प्याज कर दी बाकी हम side दिखावा जहां. आगे चलो। side नहीं। दिखावा है. हम फिर भी कहने का नहीं। अब देख के अपन जब तक ना देखा तब तक हम कैसे मंगाए थे ठीक पर. कहा था कि भई आज बहुत धूप हुई। है. अब कल कल हो ले कल तक आ रहे थे कि छह बजे। यही दिखाई. कहा तेरी।. मैंने कहा ठीक है हमको दिखा दी यह कल आ दिखा दी छह
Speaker 2: बजे।.
Speaker 1: गाड़ी तो sir आदमी जब थोड़ी मंगा ली थी तो शायद total clear ना भाई. नहीं। तो
Speaker 2: वह करनी पड़ी ना होने को. करना तो है ही ना गुरु की नहीं। करना.
Speaker 1: करना है तो गाड़ी के मंगा लेते ही नहीं। चालू कर ले. बैठूं मत
Speaker 2: करो।. बैठूं मत उससे setting करो। और काम करो।. हमें। क्या?
Speaker 1: कल फिर से एक ही पीछे पड़े थे. एक देख कर कल सुबह दिन लेकर उनके पीछे पढ़कर, tight देखी
Speaker 2: थी वह. कल शाम तक class के लेकर जाएगा। है ना?
Speaker 1: हां कल वहां
Speaker 2: जाएगा। हां. ज़्यादा ज़रूरी काम. हां
Speaker 1: हां हां हां. हां तो ठीक है यह. कल शाम class चले गए थे.
Speaker 2: हां. कल श्लार आज कड़क
Speaker 1: रहे हो बताया?
Speaker 2: हां बताया भैया. डंडी पर
Speaker 1: लात कहेंगे चंप्ल्लार और कोई नहीं।. हैं? Phone बंद होने वाला है ना.
Speaker 2: जब तक नहीं। बंद हुई। तब तक तो बता दीजिए।. अरे को
Speaker 1: साले को तो ठंडा पी आई थी हराम सौर
Speaker 2: का. जी
Speaker 1: हां. कैसे करवाकर ठंडा पीए गांव में.
Speaker 2: याद है? अरे
Speaker 1: एक percent बैठती नहीं। बंद होगी बने तो खेलना है. Ok. भाई से दुकान बताकर
Speaker 2: है. ठीक है.","Speaker 1: नमस्ते
Speaker 2: आवाज़ नहीं आ रही है। एक मिनट। बहुत आवाज़ आ रही है, बताओ क्या हुआ?
Speaker 1: हमने देखा है साइड में। आइसोल मीटर के साइड दिखाए तो मतलब स्पष्ट नहीं है। यहाँ प्याज वगैरह वही है। यह बोलता है कि आप गाड़ी मंगाइए, गाड़ी अपना मंगाए और ले जाएं।
Speaker 2: कब? हां
Speaker 1: तो गाड़ी पहले मंगाई, पर शायद पर लिखा हुआ है गाड़ी आईडी बिल्कुल ना जाए पाए।
Speaker 2: कहाँ ना जाए पाई, नहीं। समझ पा रहे हैं हम।
Speaker 1: यह कहा था कि गाड़ी आईडी ना जाए पाई, अपना गाड़ी मंगाई हम आगे शायद दिखावा जा रहा होगा कि जितना दिखा रहा हूं काम चालू कर है।
Speaker 2: हां
Speaker 1: कहा था कि एरिया, चिल्ले वाले साइड में दिखा होता है और बोले थे कि मैं पांच-छह किलोमीटर के हवाई एरिया के पास है।
Speaker 2: हां
Speaker 1: आपने केवल एक जितना मैंने दिखाया था, पांच साढ़े पांच सौ मीटर का साइड दिखाया रहा, फिर वो का काम पूरा कर ही, फिर एक ही आगे और यह ढाई सौ मीटर वाली है जितना बनो उतना कर ही।
Speaker 2: बजे
Speaker 1: गाड़ी तो सर, आदमी जब थोड़ी मंगा ली थी तो शायद टोटल क्लियर नहीं था।
Speaker 2: वह करनी पड़ी ना होने को। करना तो है ही ना।
Speaker 1: करना है तो गाड़ी के मंगा लेते ही नहीं। चालू कर ले। बैठूं मत।
Speaker 2: करो। बैठूं मत उससे सेटिंग करो। और काम करो। हमें क्या?
Speaker 1: कल फिर से एक ही पीछे पड़े थे। एक देख कर कल सुबह दिन लेकर उनके पीछे पढ़कर, टाइट देखी।
Speaker 2: थी वह। कल शाम तक क्लास के लेकर जाएगा। है ना?
Speaker 1: हां कल वहां जाएगा।
Speaker 2: हां जाएगा। हां। ज़्यादा ज़रूरी काम है।
Speaker 1: हां हां हां। हां तो ठीक है यह। कल शाम क्लास चले गए थे।
Speaker 2: हां। कल श्लार आज कड़क।
Speaker 1: रहे हो बताया?
Speaker 2: हां बताया भैया। डंडी पर।
Speaker 1: लात कहेंगे चंप्ल्लार और कोई नहीं। फोन बंद होने वाला है ना।
Speaker 2: जब तक नहीं। बंद हुई। तब तक तो बता दीजिए। अरे को।
Speaker 1: साले को तो ठंडा पी आई थी हराम सौर।
Speaker 2: का। जी।
Speaker 1: हां। कैसे करवाकर ठंडा पीए गांव में।
Speaker 2: याद है? अरे।
Speaker 1: एक प्रतिशत बैठती नहीं। बंद होगी बने तो खेलना है। ओके। भाई से दुकान बताकर।
Speaker 2: है। ठीक है।"
38,"Speaker 1: हां गुरु, जय श्री, बताओ.
Speaker 2: जय श्री जय श्री गुरु बात। करे हम उत्तरायण से बात। हुए हैं. हां. तो बोला था कि यार गांव के नाम पता हो ही गया। है उनके बिना वहीं से कहे की वह जैसे मना कहे दे ही नहीं।.
Speaker 1: ठीक है कोई बात। नहीं। तो अपन ने किया। तो
Speaker 2: मुझे बात। ज़रूर कही कि यह जो जितना पैसे। दिया है उस हमको एक बार नहीं। मिलाता है तो वह होता था आप जाम हो जी वैसे मान लो एक गिर के नहीं। मिले अभी गिर के जा बस तब फिर से बराबर हो जी.
Speaker 1: यह बात। तो सही है. तो कौन से communication कैसा चल रहे हैं। सुशांतलाल का? संतलाल
Speaker 2: से तो कल phone नहीं। उठा रहा. अब हम यह सोचेंगे कि हम open हो जाइए तो यह phone लगाया, याचिका लगाए phone यदि उनके बारे में चर्चा कर ही.
Speaker 1: नहीं। नहीं। यह हमें। बात। की है या सब मेरे बारे में यहाँ कुछ गलत news चल रही है
Speaker 2: तुम, कुछ लेबर / Labour वह बढ़ने देते हो, यहाँ कोई पांडे जी हैं, वह बोल रहे थे
Speaker 1: तुम,, उनसे तुम, ज़्यादा पैसे ले लिए। हो, phone भी नहीं। उठा रहे हो, ऐसा बात। की है.
Speaker 2: है ना. पहले जो हमको मिले थे, उनका काम चल रहे हैं। इधर. है
Speaker 1: ना? सही है.
Speaker 2: हां यह ठीक
Speaker 1: है. ऐसे उठाई या कुछ तुमको। जान, उनका जानकारी दुबे?
Speaker 2: दूसरी चीज़ सुनील लोगों से बात। करे हम.
Speaker 1: हां.
Speaker 2: अभी पता नहीं। हम गलत करे सही कहे हम direct उनसे बात। करने के हम हमसे direct मतलब रखा हाँ, तो संत lal के लिए। कौन मतलब ना रखा
Speaker 1: yes
Speaker 2: संत lal उनका चालीस रुपया भी C M पुछ का rate बढ़ा के दे रहे हो.
Speaker 1: नहीं। नहीं।. तुमको। direct खेले चाहिए।. तुमको। direct कहाँ चाहिए। कि हम पैंतालीस रुपए दें? अच्छा. और direct deal करो।. हां.
Speaker 2: हां. तो हम तो उससे गलती कह रहे हैं.
Speaker 1: नहीं। कोई बात। नहीं। अगला खेल खेलनी है.
Speaker 2: पचास रुपया बोल दे
Speaker 1: ना. Direct.
Speaker 2: बाद में पछताना बाद में किसी का एहसास. बस यही है बाद में बोल लेना है. फिर गहराई कम rate कम कर देते. भी आठ सौ बराबर नहीं। देता ही. तब तो उनका हम कम कर देते हैं उनका direct पचास बोलूं, नौ हज़ार पचास हो जाए. तो excited हो जाता है.
Speaker 1: नहीं।. अकेले चलते हैं भाई देख. अभी तो वहां वह bargaining हुई।.
Speaker 2: हां, bargaining हो गई.
Speaker 1: अब इसने तू पचास कह रहे थे. तो वह समझ गई कि तो उनका मतलब ज़्यादा मिल रहा. तो उनका पैंतालीस खास है, तो वह bargaining करत.
Speaker 2: तो ठीक है, बाद में
Speaker 1: parcel हो गया।. ज़्यादा ले जाना.
Speaker 2: मतलब हम एहसास भाव का हम जब बोल देने बढ़, उसके बाद में हम बोले ना कि तो मान ले गहराई कम रही तो freight कम कींगी. फिर मंपाया freight वहां से. हां. तो output क्या? आया? उसके बाद
Speaker 1: भी चलो। छोड़ो जाना है.
Speaker 2: बोला कि ठीक है. हम पच्चीस तारीख को आ रहे हैं. ऐसा बोला है गुरु. हां. तो हम उनका बोले ना कि तुम, कितने आदमी लेकर आओगे? हम यह कहें। कि इतने आदमी नहीं। और आदमी लेकर आओ तुम,. हां. कैसे काम दस आदमी लेकर आओ. ठीक. यह बोला है.
Speaker 1: ठीक है तो पच्चीस तारीख ज़्यादा दिन हो गए ना हैं.
Speaker 2: ज़्यादा दिन नहीं। आज, आज कई तारीख हो गया। आज तो? तीस. तेईस हो गया।.
Speaker 1: यह. हां. दो दिन बाद तो अच्छी सोई है.
Speaker 2: दो दिन बाद तो अच्छी ही सोई है? हां. तो यही है. हां. जैसे भी train के लिए। कहा कि engine?
Speaker 1: करते हैं, वो भी करते हैं.
Speaker 2: जब जब हमने। कहा दूसरे side है तो एक आध दो दिन करवाई का. ऐसा ना मिले गुरुओं को जो है तीन दिन के हिसाब से सब मिल जाए फ़िलहाल.
Speaker 1: बात। हुआ ज़्यादा की बड़ी है गुरु. चूंकि tension उनका काम मोह वहीं सिर्फ और मोह गई.
Speaker 2: हां. बात। यह है
Speaker 1: बात। यह आती है ना गुरु कि बुलाना लाना भारी पड़ जाता है ना वह?
Speaker 2: नहीं।, तो जैसे इस वंश ऐसे बात। किया। जाए. हम हमारे काम continue चलेगा. ठीक है ना? कि जैसे अब इतने भाभी आगे अब यह कहना है कि हम side से खबर ज़्यादा कुछ हुआ ना मतलब कहना मैं।... तो हो का नुकसान हम लिखकर दे ही चाहिए। वह सब बोला नहीं। रहे हैं।. हां. रामपुर आगे से धोकर पीछे हम फिर से कर देते फिर से. यह यह वहां नहीं। दे पैसे।. हम चालू हुए थे इस ok. कहाँ कहाँ
Speaker 1: से है?
Speaker 2: यह है but तो, वह है
Speaker 1: नहीं। बाकी आज की गुरु चाल तो वह दिखाया नहीं। मैंने. कहीं ऐसा बात। में है ना, जैसे ही टेंचर कर के उसे झूठ कहीं बोला जा सके।. बहुत दबंग रहा
Speaker 2: है. अच्छा.
Speaker 1: नहीं। बोला तो फिर उनका दिक्कत भी है.
Speaker 2: है
Speaker 1: ना? या मैं।... किसी को बुला। ले Accenture कि नहीं। अपना एक भी अपना margin दे दी थी, फिर अपना दुबारा ना बुलाए पड़ी थी, दस दिन बाद से कहे नहीं। कि भाई अपना दे जाइए. बहुत सब चीज़ तो देख कर कहीं ना गुरु. वह
Speaker 2: तो है. मिर्जापुर वाला plan क्या? किए जाएँ, जाऊं? Cancel करूं क्या? करूं? गांव के बदनाम उनके पता हो ही गया। है संतलाल से तो नहीं। सुनील लोगों से पूछे ना. हां. मेरी जयपुर बस्तर से पचास kilometer के आस पास बोल रहे हैं। और उनके घर से यह आदमी आए मरिहान सायगंज उनके गांव और कपिल जल के मरिहान सायगंज.
Speaker 1: तो हम इस जगह पर जाना कितना खर्चा लग जाए?
Speaker 2: मर जब यार मतलब इतने math में देखते हैं कितने kilometer है.
Speaker 1: अभी तक कल नहीं। दिखे रहे
Speaker 2: हैं बुरे को, है ना? दिखे रहे हैं बेचारे जहां पर. सौ kilometer के आस पास रहा
Speaker 1: है. मतलब डेढ़ सौ आना, डेढ़ सौ आना.
Speaker 2: पर ज़्यादा है. एक सौ अठहत्तर kilometer मिर्ज़ा पूरे यहाँ से.
Speaker 1: आप पचास सौं से आओ.
Speaker 2: पचास वहां से आओ. ढाई सौ kilometer दूर है एक सौ अठहत्तर मिर्ज़ापुर है. सतहत्तर यह पचास और ढाई सौ, ढाई दिन ही पांच सौ kilometer. हां. पांच सौ. पचास के तो मायने के लगा। लेना है.
Speaker 1: कौन सौ kilometer, पचास. एक दस liter तेल
Speaker 2: आ गई. तेल UKn में डलवाए मान लेते
Speaker 1: हैं एक सौ चातवे, एक हज़ार चालीस के तो तेल ही ले.
Speaker 2: चलो। मैं।... तेरे और फिर संपर्क की शादी होती है. यही है बात। करके. ऐसा ना सब बात। हुई। है कहा है कि नहीं। भाई एकदम लोगों का पैसे। देने हमको वह वाला करना है कि भाई आदमी नहीं। भेज रहे हैं। और तुम, पैसे। कैसे बस मांग रहे है.
Speaker 1: नहीं। नहीं। देख सकते हैं, यहाँ पांडे जी काम से लगते हैं और वो busy हो रहे हैं ना वैसा ही सब बात। हैं का यह सही है यह हमें। पुछ रहे
Speaker 2: हैं. उनका पांच हज़ार के पास पैसे। खाता है. उनका पांच हज़ार के पैसे। फंसा थोड़े पांच हज़ार के आस पास.
Speaker 1: हां कहीं की उनको जान के उनका पैसे। फंसा पांच हज़ार थोड़े रखे। उसका. यह पुछ रहे हैं यह ना कह रहे हैं, वह गलत ना साबित किया। है. कोशिश की मतलब कहे कि कार्य सही है कि गलत है. झूठ बोल रहे हैं या सही बोल रहे हैं?
Speaker 2: दूसरी बात। है पहले आदमी नहीं। भेजे थे वो बोली कि पैसे। अपना नहीं। भेजे तब हम क्या? आपके पैसे। भेजिए हमको कोई दिक्कत नहीं। है but वहां यहाँ थोड़ा सा news थोड़ा चल रही है कि वह पैसे। advance में मतलब वह ले आया है. अब अब तक आदमी नहीं। आया है ऐसा कुछ.
Speaker 1: हां जी उनसे तो बात। कर गया।.
Speaker 2: है ना. चल ठीक है.","Speaker 1: हां गुरु, जय श्री, बताओ।
Speaker 2: जय श्री जय श्री गुरु बात। करे हम उत्तरायण से बात। हुए हैं। हां। तो बोला था कि यार गांव के नाम पता हो ही गया। है उनके बिना वहीं से कहे की वह जैसे मना कहे दे ही नहीं।
Speaker 1: ठीक है कोई बात। नहीं। तो अपन ने किया। तो
Speaker 2: मुझे बात। ज़रूर कही कि यह जो जितना पैसे। दिया है उस हमको एक बार नहीं। मिलाता है तो वह होता था आप जाम हो जी वैसे मान लो एक गिर के नहीं। मिले अभी गिर के जा बस तब फिर से बराबर हो जी।
Speaker 1: यह बात। तो सही है। तो कौन से communication कैसा चल रहे हैं। सुशांतलाल का? संतलाल
Speaker 2: से तो कल phone नहीं। उठा रहा। अब हम यह सोचेंगे कि हम open हो जाइए तो यह phone लगाया, याचिका लगाए phone यदि उनके बारे में चर्चा कर ही।
Speaker 1: नहीं। नहीं। यह हमें। बात। की है या सब मेरे बारे में यहाँ कुछ गलत news चल रही है
Speaker 2: तुम, कुछ लेबर / Labour वह बढ़ने देते हो, यहाँ कोई पांडे जी हैं, वह बोल रहे थे
Speaker 1: तुम,, उनसे तुम, ज़्यादा पैसे ले लिए। हो, phone भी नहीं। उठा रहे हो, ऐसा बात। की है।
Speaker 2: है ना। पहले जो हमको मिले थे, उनका काम चल रहे हैं। इधर। है
Speaker 1: ना? सही है।
Speaker 2: हां यह ठीक
Speaker 1: है। ऐसे उठाई या कुछ तुमको। जान, उनका जानकारी दुबे?
Speaker 2: दूसरी चीज़ सुनील लोगों से बात। करे हम।
Speaker 1: हां।
Speaker 2: अभी पता नहीं। हम गलत करे सही कहे हम direct उनसे बात। करने के हम हमसे direct मतलब रखा हाँ, तो संत lal के लिए। कौन मतलब ना रखा
Speaker 1: yes
Speaker 2: संत lal उनका चालीस रुपया भी C M पुछ का rate बढ़ा के दे रहे हो।
Speaker 1: नहीं। नहीं।। तुमको। direct खेले चाहिए।। तुमको। direct कहाँ चाहिए। कि हम पैंतालीस रुपए दें? अच्छा। और direct deal करो।। हां।
Speaker 2: हां। तो हम तो उससे गलती कह रहे हैं।
Speaker 1: नहीं। कोई बात। नहीं। अगला खेल खेलनी है।
Speaker 2: पचास रुपया बोल दे
Speaker 1: ना। Direct।
Speaker 2: बाद में पछताना बाद में किसी का एहसास। बस यही है बाद में बोल लेना है। फिर गहराई कम rate कम कर देते। भी आठ सौ बराबर नहीं। देता ही। तब तो उनका हम कम कर देते हैं उनका direct पचास बोलूं, नौ हज़ार पचास हो जाए। तो excited हो जाता है।
Speaker 1: नहीं।। अकेले चलते हैं भाई देख। अभी तो वहां वह bargaining हुई।।
Speaker 2: हां, bargaining हो गई।
Speaker 1: अब इसने तू पचास कह रहे थे। तो वह समझ गई कि तो उनका मतलब ज़्यादा मिल रहा। तो उनका पैंतालीस खास है, तो वह bargaining करता।
Speaker 2: तो ठीक है, बाद में
Speaker 1: parcel हो गया।। ज़्यादा ले जाना।
Speaker 2: मतलब हम एहसास भाव का हम जब बोल देने बढ़, उसके बाद में हम बोले ना कि तो मान ले गहराई कम रही तो freight कम कींगी। फिर मंपाया freight वहां से। हां। तो output क्या? आया? उसके बाद
Speaker 1: भी चलो। छोड़ो जाना है।
Speaker 2: बोला कि ठीक है। हम पच्चीस तारीख को आ रहे हैं। ऐसा बोला है गुरु। हां। तो हम उनका बोले ना कि तुम, कितने आदमी लेकर आओगे? हम यह कहें। कि इतने आदमी नहीं। और आदमी लेकर आओ तुम,। हां। कैसे काम दस आदमी लेकर आओ। ठीक। यह बोला है।
Speaker 1: ठीक है तो पच्चीस तारीख ज़्यादा दिन हो गए ना हैं।
Speaker 2: ज़्यादा दिन नहीं। आज, आज कई तारीख हो गया। आज तो? तीस। तेईस हो गया।।
Speaker 1: यह। हां। दो दिन बाद तो अच्छी सोई है।
Speaker 2: दो दिन बाद तो अच्छी ही सोई है? हां। तो यही है। हां। जैसे भी train के लिए। कहा कि engine?
Speaker 1: करते हैं, वो भी करते हैं।"
39,"Speaker 1: बोलो phone लगाया था.
Speaker 2: हां लगाए हैं तो इसमें तो हो रही हैं यहाँ से इतने ज़्यादा दिखा रहा.
Speaker 1: काहे? पता नहीं। एक सौ अठहत्तर तो वह
Speaker 2: तो भाई. कैसा दिखा रहे हैं। ज़बरदस्ती?
Speaker 1: एक screenshot भेजी थी.
Speaker 2: एक सौ साठ kilometer coverage नज़दीक दिखाता हूं नहीं।, ज़बरदस्ती दिखाऊँ, थोड़ा.
Speaker 1: यह
Speaker 2: देख. WhatsApp से ठीक
Speaker 1: है. कौन है से कितने खास
Speaker 2: है? 6 सौ साठ ऐसा हूं नहीं। इस पर भाई मनगा में जाएगा। हम गांव से नहीं। गली जाएगा। नहीं। गली से यहीं खाए जाएगा। है. Check
Speaker 1: करो।.
Speaker 2: ते जा कहाँ रहे गुरु? मिर्ज़ापुर तो beach में तो छोड़ दे रही
Speaker 1: है. कहाँ मुझे कुछ छोड़ देना। है?
Speaker 2: कहे देख मिर्जापुर से आगे तो जा रही है ना? अरे
Speaker 1: तो मिर्जापुर देखो।, location में वह, मुजफ्फरपुर में है?
Speaker 2: नहीं। को? देख मिर्जापुर beach में लिखा है नहीं। दिखा देता हाथ ऊपर. ओ आ रहे हैं। तू का. तो मिर्जापुर से थे अब पचास kilometer साठ kilometer आगे जा रहे है नहीं। दिखा समझ में नहीं। आ रहा देख. मिर्जापुर के गोपालगंज पर गोपालगंज से वो आगे जा रहे है.
Speaker 1: तो location तो है डाला तो है?
Speaker 2: नहीं। गलत डाला. हमारे देखा हमने। भी exact दिख मिर्जापुर location एक सौ उनसठ kilometer. Search आदमी
Speaker 1: डाल के ना कर ही.
Speaker 2: नहीं। भाई तो गलत search करें।,. कुछ और search करें।,. कुछ और search करें।,.
Speaker 1: है. हम पहले यहीं से
Speaker 2: नहीं। है तो होली इसका ही शॉल से. हां?
Speaker 1: मेरे जयपुर bus stand एक सौ पंद्रह kilometer है. हां हां हां.
Speaker 2: अब बताओ?
Speaker 1: तूने।, आप कितने दिखाया था मतलब अजीबा से?
Speaker 2: एक सौ उनसठ kilometer था इनका. यह तो आता ही है. वह गलत आ रहा. बस stand मतलब आप शहर से और दूरे हुए दस बीस kilometer.
Speaker 1: से. दूर में से. वहां से rubber सौ kilometer है पड़ा.
Speaker 2: अभी भी तो उनका सवा kilometer है.
Speaker 1: तो क्या? करना
Speaker 2: है? करना कुछ नहीं। है.
Speaker 1: चले गए. कहाँ कुछ
Speaker 2: करना? ऐसे जाओगे, मतलब तुम्हारा आना जाना डेढ़, उन्हीं तीन सौ पड़ी.
Speaker 1: डेढ़ दिन तो ऐसे भी पागल है कि मिर्ज़ापुर से नाम कहाँ बता रहे हैं ना? गोपीगंज में नाम बता रहे हैं ना? साईगंज.
Speaker 2: वही है पचास है kilometer ना बताया तो सौ या रहा डेढ़ सौ हुई। है वह, तीन सौ हुई। है. हां. है तो बात। पड़ी ना. तो डेढ़ सौ तीन सौ हो रही है. अब तीन सौ divide by पचास का ही ले. और
Speaker 1: अच्छा letter.
Speaker 2: अच्छा letter माने छह सौ के आस पास मतलब दो ही आदमी बैठाई पर लेकर आ सकते
Speaker 1: हैं. दो ही आदमी नहीं। है एक आदमी.
Speaker 2: दो ही आदमी लायक नहीं। है गाड़ी. तो यह अगर एक कब आदमी लेऊ क्या? तो फिर cost मांगेगा Swiggy. भाई वह होगा तो पैसे। रहता है ना यह होता है तो. पता
Speaker 1: है. अरे क्यों? कर दिया. हां.
Speaker 2: साढ़े तीन सौ तो हम ही होंगे तो वहां पर पैसे। लाद कहाँ? भाई अगर छह सौ तो ऐसा दे रहे हैं. साढ़े तीन सौ तो हम insta ही शुरू किए हैं
Speaker 1: रात में. ओहो.
Speaker 2: अगर तू तू ही आदमी लिया आ सकता हूं पात्र पात्र बैठा इसका तो वहां पर क्यों? posting मिले? वहां तो free हो ही
Speaker 1: हां? अभी अभी possible नहीं। है दूर के साथ... पर है.
Speaker 2: कहाँ possible नहीं। है bro?
Speaker 1: Bike नहीं। सही है ना ना.
Speaker 2: वह. हैं?
Speaker 1: Loan ना ले पाई. निकाल देंगे।?,. ठीक है? या फिर परसों सुबह निकाल दिए. कल शाम को कीजिए. जिनके यहाँ हिस्सेदारी है वह के यहाँ जाकर वहां रुक गई. अब परसों सुबह सुबह वहां उनके गांव पहुंच गए. तो livron के माध्यम से सुनी रंग के माध्यम से हम जाकर संकल्प मुलाकात कर ही ठीक है उनकी मुलाकात कर ही और उसके बाद से यदि जैसा हुआ? क्या? निर्मित labour ठीक है नहीं। जब पैसे। उस लिए। ही मिल जाता. ठीक. पच्चीस तारीख को आज क्या? है रात में चले गए फिर. क्या? बोलते हो?
Speaker 2: ठीक है बेटा. तो आप दो दिन चाहिए।? हां
Speaker 1: दो
Speaker 2: दिन ठीक है.
Speaker 1: यह रुका के मां शादी है कुछ नहीं। यहाँ हुआ जो मां है ना क्या?, संतानों से मुलाकात ना हो. क्या? बोलते हो? किसको,
Speaker 2: हो कहाँ थे शादी
Speaker 1: के? हां? खो कहाँ
Speaker 2: थे कि शादी के?
Speaker 1: वह कहाँ रहना है कि वहां शादी होती
Speaker 2: है? वह बात।.
Speaker 1: सुनी मेरे, पच्चीस का यहाँ ज़्यादा दिक्कत है कि तेईस चौबीस का शादी है तो पच्चीस का होगी.
Speaker 2: नहीं। है.
Speaker 1: भैया
Speaker 2: बात। कर रही हूं वहां पर phone कि गुरु लेबर / Labour आ रहे हैं powder. वह सब का खरीद बता दिए रहे क्या? कि लेबर / Labour आ
Speaker 1: रहे हैं. पिताजी की जानकारी रही है. हां. काहे?
Speaker 2: बस आई शायद.
Speaker 1: जानकारी नहीं। है चीज़ की.
Speaker 2: Hello. चाट देखी
Speaker 1: जाए क्या? आज?
Speaker 2: हां खाली तो नहीं। कोई.
Speaker 1: Side के लिए। बात। करे पहले कि यह आवाज़ तो नहीं। है हल्ला
Speaker 2: बराबर यार. जब बोल ही नहीं। रहे थे कहाँ पर है यह?
Speaker 1: तुम, तो नहीं। भूलते ना.
Speaker 2: हां. यह
Speaker 1: कहाँ रहे हैं। कि काम से चालू करा भाई भैया. भाई का लड़का फिर. यह
Speaker 2: सब गुरु वैसे vitamins होते हैं.
Speaker 1: हां.
Speaker 2: मतलब वैसे कभी नहीं। आदमी ऐसे ही bullet रहा था जैसे नहीं। हम bullet रहे थे कि हां हां ठीक है ठीक है. वह जो उनका कई वह वह fix judge वैसे ही सब करें।,. वह आदमी सबका bullet है. जाकर
Speaker 1: कपिल वर लेआली का हो.
Speaker 2: हां जी?
Speaker 1: जाकर कपिल वर लेआली का
Speaker 2: Coupleर ले यार. मैं।... कपिलर last time से छठी ले आए रहे होंगे ना.
Speaker 1: Coupleर नहीं। ले आए रहे हैं मैं।....
Speaker 2: शायद कल last time हो तो बात। करेगी जो मैंने call है ना coupleर के लिए। आना. याद है हम कह रहे हैं हमें। कि, actually तो पूरी पुछ रहे हैं, क्या? कपिलer और यहाँ पर पुछ रहे हैं. हम कह रहे हैं मां यहाँ पर झूठ हैं. हां. क्या? बात। कर ही.
Speaker 1: पता है मैंने ज़रूर सिखाता है कि कपिलer वहां ज़रूर छठी shoes कर रहे हैं मतलब दिलीप बिल के वहां और रायपुर वाले में जब हम गए रहनेवो का खराब है Rerammar.
Speaker 2: हां जब तुम, वहां के लिए। Pipe ले लेना है तुम, वहां के लिए। मेहरबानी है वहां के लिए।. तो हमसे पुछ कर रहा था लेकिन वहां ले लेना plus.
Speaker 1: सही बात। है. यह सही बात। है. हमें। क्या? बोला कि हम पतला रुपए machine हो पाएगा। joint वाले. हम यह क्या? आ रहे हैं। कि joint वाली machine, cupler, साथ... में होंगे जो नौगंज है ही तो सब एक साथ... है यह कड़ी. Joint वाली machine, लहसुन ले वाले तो बिना मतलब रखकर रखों के भाड़े ना लगी.
Speaker 2: हां तो एक अच्छा काम की है ना गुरु?
Speaker 1: हां हां हां. तो फिर क्या? पन्ने के लिए। भरा जाए तो पन्ने के लिए। चीज़ आई. अच्छा एक चीज़
Speaker 2: नहीं। तो है बात। का. हां और कुछ समय ही कुछ ज़्यादा लगती है.
Speaker 1: कुछ ज़्यादा लगी और जो है तो road crossing ही बैठे हैं. वह
Speaker 2: Hello? Hello?
Speaker 1: गुप्ता नेला को आवाज़ नहीं। आ रही लाओ.
Speaker 2: बोलिए नहीं। रा. सोच है भाभी, मैं।... सोच नहीं। लगता हूं तुम्हारी चीज़ों को. ठीक है देखा जाए फिर बताओ जैसा होए का कर ही का कर ही. और वह चीज़ clear है यह नहीं। है.
Speaker 1: ओ हो.
Speaker 2: कुछ भी clear नहीं। है. सब एक दूसरे में फंसा हुआ है.
Speaker 1: अच्छा फंसा हुआ है.
Speaker 2: Care करो। ना क्या? दिक्कत आ रही
Speaker 1: है? हां, मिर्ज़ापुर शायद आज कल जाग","Speaker 1: बोलो फोन लगाया था
Speaker 2: हां लगाए हैं तो इसमें तो हो रही हैं यहाँ से इतने ज़्यादा दिखा रहा
Speaker 1: काहे? पता नहीं। एक सौ अठहत्तर तो वह
Speaker 2: तो भाई. कैसा दिखा रहे हैं। ज़बरदस्ती?
Speaker 1: एक स्क्रीनशॉट भेजी थी
Speaker 2: एक सौ साठ किलोमीटर कवरेज नज़दीक दिखाता हूं नहीं।, ज़बरदस्ती दिखाऊँ, थोड़ा
Speaker 1: यह
Speaker 2: देख. व्हाट्सएप से ठीक
Speaker 1: है. कौन है से कितने खास
Speaker 2: है? ६ सौ साठ ऐसा हूं नहीं। इस पर भाई मनगा में जाएगा। हम गांव से नहीं। गली जाएगा। नहीं। गली से यहीं खाए जाएगा। है. चेक
Speaker 1: करो।
Speaker 2: ते जा कहाँ रहे गुरु? मिर्ज़ापुर तो बीच में तो छोड़ दे रही
Speaker 1: है. कहाँ मुझे कुछ छोड़ देना। ह?
Speaker 2: कहे देख मिर्जापुर से आगे तो जा रही है ना? अरे
Speaker 1: तो मिर्जापुर देखो।, लोकेशन में वह, मुजफ्फरपुर में ह?
Speaker 2: नहीं। को? देख मिर्जापुर बीच में लिखा है नहीं। दिखा देता हाथ ऊपर. ओ आ रहे हैं। तू का. तो मिर्जापुर से थे अब पचास किलोमीटर साठ किलोमीटर आगे जा रहे है नहीं। दिखा समझ में नहीं। आ रहा देख. मिर्जापुर के गोपालगंज पर गोपालगंज से वो आगे जा रहे ह।
Speaker 1: तो लोकेशन तो है डाला तो ह?
Speaker 2: नहीं। गलत डाला. हमारे देखा हमने। भी एक्सैक्ट दिख मिर्जापुर लोकेशन एक सौ उनसठ किलोमीटर. सर्च आदमी
Speaker 1: डाल के ना कर ही
Speaker 2: नहीं। भाई तो गलत सर्च करें।,. कुछ और सर्च करें।,. कुछ और सर्च करें।,।
Speaker 1: है. हम पहले यहीं से
Speaker 2: नहीं। है तो होली इसका ही शॉल से. हां?
Speaker 1: मेरे जयपुर बस स्टैंड एक सौ पंद्रह किलोमीटर है. हां हां हां
Speaker 2: अब बताओ?
Speaker 1: तूने।, आप कितने दिखाया था मतलब अजीबा से?
Speaker 2: एक सौ उनसठ किलोमीटर था इनका. यह तो आता ही है. वह गलत आ रहा. बस स्टैंड मतलब आप शहर से और दूरे हुए दस बीस किलोमीटर
Speaker 1: से. दूर में से. वहां से रबर सौ किलोमीटर है पड़ा
Speaker 2: अभी भी तो उनका सवा किलोमीटर है
Speaker 1: तो क्या? करना
Speaker 2: है? करना कुछ नहीं। ह।
Speaker 1: चले गए. कहाँ कुछ
Speaker 2: करना? ऐसे जाओगे, मतलब तुम्हारा आना जाना डेढ़, उन्हीं तीन सौ पड़ी
Speaker 1: डेढ़ दिन तो ऐसे भी पागल है कि मिर्ज़ापुर से नाम कहाँ बता रहे हैं ना? गोपीगंज में नाम बता रहे हैं ना? साईगंज
Speaker 2: वही है पचास है किलोमीटर ना बताया तो सौ या रहा डेढ़ सौ हुई। है वह, तीन सौ हुई। है. हां. है तो बात। पड़ी ना. तो डेढ़ सौ तीन सौ हो रही है. अब तीन सौ डिवाइड बाय पचास का ही ले. और
Speaker 1: अच्छा लेटर
Speaker 2: अच्छा लेटर माने छह सौ के आस पास मतलब दो ही आदमी बैठाई पर लेकर आ सकते
Speaker 1: हैं. दो ही आदमी नहीं। है एक आदमी
Speaker 2: दो ही आदमी लायक नहीं। है गाड़ी. तो यह अगर एक कब आदमी लेऊ क्या? तो फिर कॉस्ट मांगेगा स्विगी. भाई वह होगा तो पैसे। रहता है ना यह होता है तो. पता
Speaker 1: है. अरे क्यों? कर दिया. हां
Speaker 2: साढ़े तीन सौ तो हम ही होंगे तो वहां पर पैसे। लाद कहाँ? भाई अगर छह सौ तो ऐसा दे रहे हैं. साढ़े तीन सौ तो हम इंस्टा ही शुरू किए हैं
Speaker 1: रात में. ओहो
Speaker 2: अगर तू तू ही आदमी लिया आ सकता हूं पात्र पात्र बैठा इसका तो वहां पर क्यों? पोस्टिंग मिले? वहां तो फ्री हो ही
Speaker 1: हां? अभी अभी पॉसिबल नहीं। है दूर के साथ... पर है
Speaker 2: कहाँ पॉसिबल नहीं। है ब्रो?
Speaker 1: बाइक नहीं। सही है ना ना
Speaker 2: वह. हैं?"
40,"नमस्ते","Speaker 1: नमस्ते"
41,"Speaker 1: हां बोलो बताओ.
Speaker 2: यह अभी साला फिर से postpone कर दिया है.
Speaker 1: क्या? बोल रहे हैं।?
Speaker 2: क्या? तो शाम को दिखाएंगे, जमहर कर रहे हैं अभी हम.
Speaker 1: नहीं।
Speaker 2: साला बुलाए के नाटक करा था. पहले तो phone नहीं। उठाया इस हाय गए हम तब कहा था कि शाम भी खराब.
Speaker 1: तो हमको परेशान है पहले भी कुछ.
Speaker 2: Message reply नहीं। दे phone नहीं। उठा भाई, रामपुर. कब परेशान है लाए साला को. हर एक परेशान है लाए अब कल अब जो अब वो time दिखा मुश्किल है वहां जाने ला है. जब जब शाम भी कही थी तब अगले दिन को postpone कर रहे हैं. कहाँ
Speaker 1: कर गए? ऊपर राज है शादी ठीक है. हैं? उधर राज चल रहे हैं।.
Speaker 2: Hello. अरे क्या? बात। है, हां. ऊपर राज
Speaker 1: चल रहा था,
Speaker 2: जीजा जी कहा था मां कि आदमी है रहा. आदमी है रहा पहले कम से कम तीन चार आदमी
Speaker 1: हो. तो
Speaker 2: अब आदमी कैसा है भी?
Speaker 1: काही खाती रानी मेरा? पैसे।
Speaker 2: लेकर इतनी अकेले का पैसे। मिली ना.
Speaker 1: पैसे। मतलब अकेले पैसे। ना मिली? समूह का?
Speaker 2: समूह की तरह। हां.
Speaker 1: मतलब कैसा तीन चार आदमी चाहिए। हमको बताओ हम बताइए?
Speaker 2: देखा पैसे। ही सन्नाटा मां कम से कम एक जगह से तीन आदमी चाहे कम से कम. सही से
Speaker 1: एक जगह से?
Speaker 2: जो मैंने area में है मतलब जहां यहीं से paper का काम आए. हां. वहां से हम तीन आदमी कम से कम चाह ही. मतलब loan देखी. तेरे एक आदमी के लिए। loan लेकिन आई. हां. वहां फिर loan में कहीं वहां पर किश्त बनी।. वह छब्बीस पच्चीस महीना में पैसे। जमा करने पड़ी. और कहीं नहीं। कि Sunday का हम आई थी अभी यह
Speaker 1: भी परसों.
Speaker 2: हां. यानी कि हम चली थी वहां. Dark बहुगंज है. Bike वगैरह आई थी
Speaker 1: वहां पर.
Speaker 2: अहंकार एक आदमी का पचास हज़ार तो मिल पाए. हां. Reason में. अब guarantor के एक दिक्कत होए, pain guarantor का पति होए चाहे. अब पति के यह guarantor रहे उनका civil सही रहे.
Speaker 1: अच्छा.
Speaker 2: हां हां. तो कहें। ना कि civil का दिमाग खराब ही यही है कि हम हमारे बने guarantor का कहें। कि हम का पति बना कर दे रहे हैं. उनका अब petrol दो का पैसे। हम कर देंगे।?, हम.
Speaker 1: हम बता रहे थे हम
Speaker 2: चला जाएगा। hello. मैं।... एक जहाज. हां sun
Speaker 1: रहे हैं सुना. बोलो. तो क्या? बोल रहे हो?
Speaker 2: यह हाल चाल है.
Speaker 1: जो कहाँ वह भूल दी.
Speaker 2: कुछ ना बोला भरोसा कह लिया बस इतने कहे थे.
Speaker 1: कहाँ भरोसा के लिए।?
Speaker 2: हमने। बात।, हमने। बात। तो
Speaker 1: हो गया।. हमरे भरोसा कहे वह तुम्हारा काम नहीं। हो रहा.
Speaker 2: जब करना भरोसा. तुम, भरोसा ना कर रहे थे.
Speaker 1: अब उनका पूरा नहीं। करना नहीं। हो रहा.
Speaker 2: अरे जुनून सत्य बात। कह ले बात। सत्य है बाकी तुम्हारे ऊपर.
Speaker 1: तो कबा से कहीं ले भाई? हैं? कहाँ से कहीं ले?
Speaker 2: हो ही मत
Speaker 1: करो।. हो ही नहीं। अच्छा वहां से कहीं ले. Sunday
Speaker 2: गई है तो Sunday की जाह बनकर लेकर. चारों तरफ से परेशानी गहरा हैं, घर वाले यहाँ चालक से परेशान करें।, हमें। परेशान करें।, यार. मैं।... बहन का कपड़ा नहीं। ले पाएगा।, tension नहीं। है. भैया सत्ताईस सौ create है मैं।.... क्या? बताइए? मेरे घर में ही सब condition है कि घर में रही तो बराबर काम करवाई कल ठोके घंटा match खेले चले गए हैं भोजन है भगवान तो अकेली matter चालू हो गया।. कहो कहेल आ गए तो तू मन चले गया। यह दो हज़ार वहां, मोहम्मद ज़्यादा मेहरा जात रहे हैं। खेत नहीं। कटवाया.
Speaker 1: और कुछ में है कि बच्चा है डकैत.
Speaker 2: काहे. बतावे नहीं। चाह रहे हैं कोई भी तो करवाएंगे अब.
Speaker 1: Injection के आओ कुछ हो तो बताओ बता दे कि कोई बच्चा ही नहीं। है.
Speaker 2: कुछ नहीं। गलती है यह. ठीक
Speaker 1: है. यह सब normal चीज़.","Speaker 1: हां बोलो बताओ।
Speaker 2: यह अभी साला फिर से postpone कर दिया है।
Speaker 1: क्या? बोल रहे हैं।?
Speaker 2: क्या? तो शाम को दिखाएंगे, जमहर कर रहे हैं अभी हम।
Speaker 1: नहीं।
Speaker 2: साला बुलाए के नाटक करा था। पहले तो फोन नहीं उठाया इस हाय गए हम तब कहा था कि शाम भी खराब।
Speaker 1: तो हमको परेशान है पहले भी कुछ।
Speaker 2: मैसेज रिप्लाई नहीं। फोन नहीं उठाया। उठा भाई, रामपुर। कब परेशान है लाए साला को। हर एक परेशान है लाए अब कल अब जो अब वो समय दिखा मुश्किल है वहां जाने ला है। जब जब शाम भी कही थी तब अगले दिन को पोस्टपोन कर रहे हैं।
Speaker 1: कर गए? ऊपर राज है शादी ठीक है। हैं? उधर राज चल रहे हैं।
Speaker 2: हैलो। अरे क्या? बात। है, हां। ऊपर राज
Speaker 1: चल रहा था,
Speaker 2: जीजा जी कहा था मां कि आदमी है रहा। आदमी है रहा पहले कम से कम तीन चार आदमी
Speaker 1: हो। तो
Speaker 2: अब आदमी कैसा है भी?
Speaker 1: काही खाती रानी मेरा? पैसे।
Speaker 2: लेकर इतनी अकेले का पैसे। मिली ना।
Speaker 1: पैसे। मतलब अकेले पैसे। ना मिली? समूह का?
Speaker 2: समूह की तरह। हां।
Speaker 1: मतलब कैसा तीन चार आदमी चाहिए। हमको बताओ हम बताइए?
Speaker 2: देखा पैसे। ही सन्नाटा मां कम से कम एक जगह से तीन आदमी चाहे कम से कम। सही से
Speaker 1: एक जगह से?
Speaker 2: जो मैंने एरिया में है मतलब जहां यहीं से पेपर का काम आए। हां। वहां से हम तीन आदमी कम से कम चाह ही। मतलब लोन देखी। तेरे एक आदमी के लिए। लोन लेकिन आई। हां। वहां फिर लोन में कहीं वहां पर किश्त बनी। वह छब्बीस पच्चीस महीना में पैसे जमा करने पड़ी। और कहीं नहीं। कि संडे का हम आई थी अभी यह
Speaker 1: भी परसों।
Speaker 2: हां। यानी कि हम चली थी वहां। डार्क बहुगंज है। बाइक वगैरह आई थी
Speaker 1: वहां पर।
Speaker 2: अहंकार एक आदमी का पचास हज़ार तो मिल पाए। हां। रीजन में। अब गारंटर के एक दिक्कत होए, पेन गारंटर का पति होए चाहे। अब पति के यह गारंटर रहे उनका सिविल सही रहे।
Speaker 1: अच्छा।
Speaker 2: हां हां। तो कहें। ना कि सिविल का दिमाग खराब ही यही है कि हम हमारे बने गारंटर का कहें। कि हम का पति बना कर दे रहे हैं। उनका अब पेट्रोल दो का पैसे। हम कर देंगे।?
Speaker 1: हम बता रहे थे हम
Speaker 2: चला जाएगा। हैलो। मैं। एक जहाज। हां सुन
Speaker 1: रहे हैं सुना। बोलो। तो क्या? बोल रहे हो?
Speaker 2: यह हाल चाल है।
Speaker 1: जो कहाँ वह भूल दी।
Speaker 2: कुछ ना बोला भरोसा कह लिया बस इतने कहे थे।
Speaker 1: कहाँ भरोसा के लिए।?
Speaker 2: हमने। बात।, हमने। बात। तो
Speaker 1: हो गया। हमरे भरोसा कहे वह तुम्हारा काम नहीं। हो रहा।
Speaker 2: जब करना भरोसा। तुम, भरोसा ना कर रहे थे।
Speaker 1: अब उनका पूरा नहीं। करना नहीं। हो रहा।
Speaker 2: अरे जुनून सत्य बात। कह ले बात। सत्य है बाकी तुम्हारे ऊपर।
Speaker 1: तो कबा से कहीं ले भाई? हैं? कहाँ से कहीं ले?
Speaker 2: हो ही मत
Speaker 1: करो। हो ही नहीं। अच्छा वहां से कहीं ले। संडे
Speaker 2: गई है तो संडे की जाह बनकर लेकर। चारों तरफ से परेशानी गहरा हैं, घर वाले यहाँ चालक से परेशान करें।, हमें। परेशान करें।, यार। मैं। बहन का कपड़ा नहीं। ले पाएगा।, टेंशन नहीं। है। भैया सत्ताईस सौ क्रिएट है मैं। क्या? बताइए? मेरे घर में ही सब कंडीशन है कि घर में रही तो बराबर काम करवाई कल ठोके घंटा मैच खेले चले गए हैं भोजन है भगवान तो अकेली मैटर चालू हो गया। कहो कहेल आ गए तो तू मन चले गया। यह दो हज़ार वहां, मोहम्मद ज़्यादा मेहरा जात रहे हैं। खेत नहीं। कटवाया।"
42,"स्पीकर 1: बोलो, हां?
स्पीकर 2: कहें तो दुनिया में अकेले आदमी ना वह है.
स्पीकर 1: ठीक है भईया. गाड़ी पेट्रोल है खत्म हो गया है. यहाँ कभी मिलवे नहीं। हेमंत मकान है ना, क्या वजह से? बोलो.
स्पीकर 2: कहें तो दुनिया के अकेला आदमी ना हो है. हां सबके साथ... तो बच्चे रात ही शायद खुद से बड़ी रहा था.
स्पीकर 1: नहीं। यार हमारे दोस्त से है बता दे हम तक.
स्पीकर 2: नहीं। नहीं। दोस्त तो उनका ही है क्या? क्या? है?
स्पीकर 1: हम क्या? कहे कि हम थोड़ी समस्या हमारे.
स्पीकर 2: नहीं। तो दोस्त तो उनका ही है कई सरकार से है कि मज़बूत है.
स्पीकर 1: दोनों. और दोस्त उनका ही है हमारे दोस्त से बता रहे थे.
स्पीकर 2: दोस्त उनका ही है कई शिकायत है ना कि ऐसा कहने की मज़बूत जो है ना तो बिटुमेन वाला वह तोड़ रहे है.
स्पीकर 1: ठीक है.","Speaker 1: बोलो, हां?
Speaker 2: कहें तो दुनिया में अकेले आदमी ना वह है।
Speaker 1: ठीक है भईया. गाड़ी का पेट्रोल खत्म हो गया है. यहाँ कभी मिलवे नहीं। हेमंत का मकान है ना, क्या वजह से? बोलो।
Speaker 2: कहें तो दुनिया के अकेला आदमी ना हो है. हां सबके साथ... तो बच्चे रात ही शायद खुद से बड़ी रहा था।
Speaker 1: नहीं। यार हमारे दोस्त से है बता दे हम तक।
Speaker 2: नहीं। नहीं। दोस्त तो उनका ही है क्या? क्या? ह?
Speaker 1: हम क्या? कहे कि हम थोड़ी समस्या हमारे।
Speaker 2: नहीं। तो दोस्त तो उनका ही है कई सरकार से है कि मज़बूत है।
Speaker 1: दोनों. और दोस्त उनका ही है हमारे दोस्त से बता रहे थे।
Speaker 2: दोस्त उनका ही है कई शिकायत है ना कि ऐसा कहने की मज़बूत जो है ना तो बिटुमेन वाला वह तोड़ रहे हैं।
Speaker 1: ठीक है।"
43,"Speaker 1: बात। कर जाएंगे। फिर. Hello. जय श्री गुरु. जय श्री जय श्री.
Speaker 2: क्या? है गुरु तुम्हारा कुछ पता होता नहीं। चला था मैंने पुछ ले ही हुआ गुरु बाहर.
Speaker 1: पता चली क्या? है ना चली पता. कहाँ रह पा रहे हैं।? एक तो meter दिखाई side. रखे। रखे। पीछे पीछे. यार यह ऐसा नहीं। है इसको चालीस meter, साठ meter, सौ meter, नब्बे meter, सड़सठ meter ऐसा ना सब हर जगह का side
Speaker 2: है. ठीक है जितना काम है बच्चा है तेरे पास अभी.
Speaker 1: एक kilometer हुआ है पांच सौ meter हुआ है. Total माल है पंद्रह सौ meter का काम set दिखा कर. जहां से काम चालू करे रोज़ मत इतने काम करना ले. दिखावा जा बावजूद नाटक करा रहे हैं। साला जी. बुलाएले थे फिर रोना था राम को. उनका ना दिखावा तू तीन दिन से नाटक पड़ रहे हैं। यह. फिर कैसे हो के दिखा यह भाई. दिखाई से वह कहाँ लेडबुआ नज़र अंदर. ऐसे काम दिखाई से हुई। है. Frontier से ऐसे train थोड़ा सा मुरुम वाले कुछ area है. Puncture फौज भी मुरुम वाला area.
Speaker 2: हां. हां?
Speaker 1: हैं? पेंटर कौन सी मुलुम बाल area?
Speaker 2: नहीं। नहीं।.
Speaker 1: है. Hotel मिट्टी नहीं। है यहाँ कुछ मरो में area है, station है, hotel मिट्टी है.
Speaker 2: मरो में तो labour और पहुंच गई थी ना मरो
Speaker 1: हां, labour में तो labour में पहुचता ही
Speaker 2: नहीं।.
Speaker 1: सबसे? JCB
Speaker 2: JCB with correct for all of them
Speaker 1: monthly हिसाब से
Speaker 2: तो. सौ निकाल लें। sir. Cough cost निकाल रहे
Speaker 1: हैं. Monthly हिसाब से मान लगभग कितना हो ही idea है.
Speaker 2: अब तुम, idea बताओगे ना हम कहाँ से.
Speaker 1: Monthly बात। नहीं। करना फिर भी हम पहले हिसाब से अस्सी नब्बे हज़ार मतलब की जैसे भी monthly के हिसाब से.
Speaker 2: हां नब्बे हज़ार के मिली जैसे तेल लगा। हुआ है daily पर. Fail
Speaker 1: तो हां, तेल पांच liter एक घंटा का कर ही. अपन से चालीस. खाली बेटे, पड़े चार हज़ार के तेल काटे के. एक लाख बीस हज़ार और लाख का. मान लो पांच, पांच घंटे पर घंटा के हिसाब से लिख लिया हम.
Speaker 2: अच्छा लीजिए। फिर. पांच सौ अड़तालीस.
Speaker 1: पांच सौ अड़तालीस.
Speaker 2: यानी पांच हज़ार की है.
Speaker 1: पांच हज़ार की है.
Speaker 2: डेढ़ लाख में तेल महीना लाख.
Speaker 1: डेढ़ लाख में तीन लाख.
Speaker 2: ढाई लाख की बहुत जीएसटी.
Speaker 1: हां ढाई लाख की JCB पड़ेगी.
Speaker 2: एक दिन के काम दो सौ रुपए, दो सौ रुपया max max.
Speaker 1: दो सौ meter.
Speaker 2: डेढ़ सौ मान लीजिए। दो सौ डेढ़
Speaker 1: से बात। कर लेते हैं phone बंद हो जाता है. दवाई ले लेते हैं. क्या? कहें।?
Speaker 2: Hello. एक दिन के काम डेढ़ सौ
Speaker 1: meter. Maximum?
Speaker 2: हां.
Speaker 1: नहीं। देर से ज़्यादा हो इतने नहीं। है.
Speaker 2: काहे काहे काहे काहे काहे काहे.
Speaker 1: हम तो करवाहे ना हो ही गया। लागत काहे. एक दिन हम करवाहे में दूर से सात आठ घंटे चली रही है. कितने काम रहा हो तुम,? दूसरे सरसठ सौ meter काम पर रहा हो जाए.
Speaker 2: दो सौ meter मार चुके हैं. हां. हां अब आगे
Speaker 1: दूसरा काम भा, एक महीना में कितना काम हुई।, छह सौ में छह kilometer. मेरे यह version लगा। हुआ जाए.
Speaker 2: अट्ठावन रुपए के rate से माना तीन लाख अड़तालीस हज़ार रुपए हो जाएगा।.
Speaker 1: तीन लाख अड़तालीस हज़ार रुपया, लेबर / Labour cast निकाल दे हेमंत.
Speaker 2: लेबर / Labour caste को हमको site लेबर / Labour लगाए पड़ी इसके बाद
Speaker 1: दो लेबर / Labour लगाए पहले 5 बस डाला है क्या?
Speaker 2: 5 बस जा रहे हैं, लेबर / Labour तो दो लेबर / Labour का कौन सी बोल रहे हैं।?
Speaker 1: हज़ार रुपए लगाया है लेबर / Labour के माल से.
Speaker 2: क्या? तीस हज़ार और तीन लाख अड़तालीस हज़ार तीन लाख हुई। है करीब. हां? तीन लाख माले.
Speaker 1: चल हां.
Speaker 2: अड़तालीस हज़ार हुआ तीन लाख cost cost. हां
Speaker 1: आराम आराम चलाओ आराम.
Speaker 2: अभी तो रूह तीसो दिन बहुत काम चली हो तो ध्यान रखिएगा. हां पिछले दो बार कम भेजना है फिर? पच्चीसवें दिन बहुत काम शुरू कर दूंगी तो पूरी पच्चीसवें लगा। हुआ या बीसवें लगा। हुआ.
Speaker 1: हर जगह मिट्टी नहीं। है तो चार जहां दिखावा जहां है. हां हां. बात। कर लेना है ना. Ok. हां?
Speaker 2: Hello. Hello.
Speaker 1: हां हां.
Speaker 2: खड़े होकर बात। कर ले, अब बताओ. फिर Morroom
Speaker 1: वाले छोड़ दिए थे बाप के
Speaker 2: लिए।. Morrom JCB से भी हो सकता है, उससे तो नहीं। हो चुके.
Speaker 1: हां?
Speaker 2: JCB से हो ही सकत है Murum वाले में, उससे तो नहीं। हो सका. JCB मतलब यदि भाड़े से ले है ना, operator ऊख रही का? Operator operator जैसे भी
Speaker 1: laptop है ना मैंने
Speaker 2: कहा. देखा अगर हम यम मानिए कि पच्चीस दिन का amount है तो पांच kilometer काम होगी. अट्ठावन के rate करोड़ के दो लाख नब्बे हज़ार होते है. दो लाख नब्बे हज़ार होते है. और M02 minus करे तो ढाई लाख. चालीस हज़ार और तीस हज़ार तो वहां लेबर / Labour है दस हज़ार तो वहां profit.
Speaker 1: ऐसा नहीं। है कि काम किसकी दूसरे से ज़्यादा काम भारी.
Speaker 2: अरे हम बता रहे हैं ना वह तो नहीं। हूं काश. पांच दिन तो होने रखे। चाल में रही कहाँ. हां machine खराब हो गई.
Speaker 1: तो machine तो फिर breakdown मुझे ना.
Speaker 2: काम ना हुई। ना? हां. हां.
Speaker 1: तो फिर है कह रहे थे पर तुम, कर उठाए थे और room वरुम वाला इधर छोड़ा गए थे. जहां मरहम जहां जहां पर जैसे कि कहीं उठाकर जब कोई एकाध दिन उठाकर जैसे कि यह रोज़ जैसे ही पर तो दौड़ता ही आ रही फिर इतनी उम्र वाले area ना कर छोड़ दे. एक minute. हैं? वह अकेले तो. आपके जैसे भी
Speaker 2: गुरु per meter के हिसाब से उठा चालीस रुपए per meter. हां. तब आपका कुछ बढ़ सका.
Speaker 1: अब देखी थी बात। कर ही थे. बात। कर ही थी, पिछली बार बात। कर ही रहना है. वह यह कह रहे हैं। कि continue एक दो kilometer की रास्ता हो गई तब तो आदमी ले ही गई थी ना.
Speaker 2: जी जी continue कहाँ मिली? Fashion
Speaker 1: को ना JGB नगरी. सौ meter rent है कुछ दूर बाद साठ meter है, तीस meter है. कौन जेसी वाला करे? वैसे भी मेरी धोखा हर महीना के हिसाब से, वैसे भी उठाए पर ही. और फ़ायदा
Speaker 2: हुई।?
Speaker 1: भी तो
Speaker 2: दो महीने में लागत है कि नब्बे दिन जात के होते हैं जी.
Speaker 1: Dgen हम पहले इधर. Dgen
Speaker 2: हम पहले इधर का
Speaker 1: है ना दे देंगे।?, ना.
Speaker 2: भारतीय के देख लिया है उनका थोड़ा कठिन था
Speaker 1: बात। करके देखिए, जन जन जैसी बार लगा। रहे थे उससे हम बात। करके. हां. यह जब थोड़ा सा भाई be point यह है कि अब सब खेत वाले काम जैसी वाले तो करा था मैं।... इस समय गर्मी के time
Speaker 2: और वह
Speaker 1: तो जैसे ही मिले ही मुश्किल हो यह कैसी है
Speaker 2: वह? Second चीज़ हुआ. पैसे।","Speaker 1: बात करेंगे। फिर, जय श्री गुरु।
Speaker 2: क्या है गुरु? तुम्हारा कुछ पता नहीं होता। मैंने पूछ लिया था, गुरु बाहर था।
Speaker 1: पता चला क्या? वहां से काम चालू करेंगे। एक तो मीटर दिखाई दे रहा है, रखे हुए हैं पीछे पीछे। यह ऐसा नहीं है, इसको चालीस मीटर, साठ मीटर, सौ मीटर, नब्बे मीटर, सड़सठ मीटर ऐसा नहीं है, सब हर जगह का साइड है।
Speaker 2: हां, ठीक है। जितना काम है बच्चा, तेरे पास अभी है।
Speaker 1: एक किलोमीटर हुआ है, पांच सौ मीटर हुआ है। टोटल माल है पंद्रह सौ मीटर का काम सेट दिखाकर। जहां से काम चालू करें, रोज़ इतने काम नहीं करना है। दिखावा जा रहे हैं, नाटक करा रहे हैं।
Speaker 2: हां।
Speaker 1: क्या? पेंटर कौन सी मुरुम वाले एरिया में है?
Speaker 2: नहीं।
Speaker 1: हां, यहां कुछ मुरुम वाले एरिया हैं, स्टेशन है, होटल मिट्टी है।
Speaker 2: मुरुम में तो लेबर पहुंच गई थी ना?
Speaker 1: हां, लेबर में तो लेबर पहुंचता ही।
Speaker 2: नहीं।
Speaker 1: सबसे? जेसीबी?
Speaker 2: जेसीबी विद कोरेक्ट फॉर ऑल ऑफ देम।
Speaker 1: मंथली हिसाब से।
Speaker 2: तो सौ निकाल लें। सर, कॉस्ट निकाल रहे हैं।
Speaker 1: हां, मंथली हिसाब से मान लगभग कितना हो ही आइडिया है।
Speaker 2: अब तुम आइडिया बताओगे ना हमें कहां से?
Speaker 1: मंथली बात। नहीं। करना फिर भी हम पहले हिसाब से अस्सी नब्बे हजार मान लेते हैं।
Speaker 2: हां नब्बे हजार के मिली जैसे तेल लगा। हुआ है डेली पर।
Speaker 1: तो हां, तेल पांच लीटर एक घंटा का कर है। अपने से चालीस। खाली बेटे, पड़े चार हजार के तेल काटे के। एक लाख बीस हजार और लाख का। मान लो पांच, पांच घंटे पर घंटा के हिसाब से लिख लिया हम।
Speaker 2: अच्छा लीजिए। फिर पांच सौ अड़तालीस।
Speaker 1: पांच सौ अड़तालीस।
Speaker 2: यानी पांच हजार की है।
Speaker 1: पांच हजार की है।
Speaker 2: डेढ़ लाख में तेल महीना लाख।
Speaker 1: डेढ़ लाख में तीन लाख।
Speaker 2: ढाई लाख की बहुत जीएसटी।
Speaker 1: हां ढाई लाख की जेसीबी पड़ेगी।
Speaker 2: एक दिन के काम दो सौ रुपया, दो सौ रुपया मैक्स।
Speaker 1: दो सौ मीटर।
Speaker 2: डेढ़ सौ मान लीजिए। दो सौ डेढ़।
Speaker 1: से बात कर लेते हैं फोन बंद हो जाता है। दवाई ले लेते हैं। क्या? कहें।?
Speaker 2: हेलो। एक दिन के काम डेढ़ सौ।
Speaker 1: मीटर। मैक्सिमम?
Speaker 2: हां।
Speaker 1: नहीं। देर से ज्यादा हो इतने नहीं। है।
Speaker 2: काहे काहे काहे काहे काहे काहे?
Speaker 1: हम तो करवाए ना हो ही गए। लागत काहे? एक दिन हम करवाए में दूर से सात आठ घंटे चली रही है। कितने काम रहा हो तुम? दूसरे सरसठ सौ मीटर काम पर रहा हो जाए।
Speaker 2: दो सौ मीटर मार चुके हैं। हां। हां अब आगे।
Speaker 1: दूसरा काम भा, एक महीना में कितना काम हुआ। छह सौ में छह किलोमीटर। मेरे यह वर्जन लगा। हुआ जाए।
Speaker 2: अट्ठावन रुपये के रेट से माना तीन लाख अड़तालीस हजार रुपये हो जाएगा।
Speaker 1: तीन लाख अड़तालीस हजार रुपया, लेबर/लेबर कास्ट निकाल दे हेमंत।
Speaker 2: लेबर/लेबर कास्ट को हमको साइट लेबर/लेबर लगाए पड़ी इसके बाद।
Speaker 1: दो लेबर/लेबर लगाए पहले 5 बस डाला है क्या?"
44,"Speaker 1: हां
Speaker 2: गुरु. Hello. हां. Hello. हां गुरु बताओ.
Speaker 1: वह यार machine वाला, चलो। उसमें क्या? है घंटा के हिसाब से कहा था कि हम करा हो गई तो daily के हिसाब से करे तो. बेशक. एक महीना काम कर दे. अगर एक महीना काम हो कर दे एक महीना तो हम क्या? करे.
Speaker 2: तो घंटे के हिसाब से तो नुकसान है ना?
Speaker 1: घंटे के हिसाब से नुकसान है. हम तो ठीक है तो meter के हिसाब से काम पर है इधर हमारे. इसका रुपया meter इधर है. पैंतीस रुपया meter देब. पैंतीस रुपए meter हम का होकर दे रहे हैं, भेज दीजिए।.
Speaker 2: बहुत अच्छा कह रहे हैं हम दे दे
Speaker 1: रहे हैं. हम कह रहे हैं, ठीक है ले ले अपना पैंतीस सौ रुपए को ना दिक्कत नहीं। है. कहीं पर भी है एक बार हमको idea नहीं। है. हम तो कम पता करके बता रहे थे फिर.
Speaker 2: ठीक है ना अगर पैंतीस में आज ही नहीं। जाते तो दे दे तो हमें। दिक्कत नहीं।
Speaker 1: है. अब से question ही phone लगाया रहे हैं लगाने में बात। नहीं। की सही बात। है. तो आप मुझे बोलेंगे. और
Speaker 2: कहाँ ही कहाँ से बोले?
Speaker 1: यह बता देते थोड़ा सा machine है मतलब तीन जगह ले थोड़े से कम दूसरे काम पर लग गए अभी.
Speaker 2: नहीं। वह समस्या वहीं के ऊपर डरा हमारे ऊपर ना ले. हां. कि अलग अलग जगह चाल बतावत है पचास meter in थे, सौ meter in थे,
Speaker 1: machine वाला
Speaker 2: यह सब कई की बात। कह रहे हैं। कि machine वाला काम नहीं। तेरा बेचा। है. इकट्ठा चाल नहीं। बिताने, पैसे। हम आ गए थे.
Speaker 1: चलो। मैं।... देख ही तो बात। कर रहा था उनसे.","Speaker 1: हां
Speaker 2: गुरु, बताओ
Speaker 1: वह मशीन वाला, चलो उसमें क्या है? घंटे के हिसाब से कहा था कि हम करा हो गई तो डेली के हिसाब से करे तो
Speaker 2: तो घंटे के हिसाब से तो नुकसान है ना?
Speaker 1: घंटे के हिसाब से नुकसान है, हम तो मीटर के हिसाब से काम पर हैं और इसका रुपया मीटर के हिसाब से दिया जाता है
Speaker 2: बहुत अच्छा कह रहे हैं
Speaker 1: हम पैंतीस रुपया मीटर दे रहे हैं
Speaker 2: हम दे देंगे
Speaker 1: हम कह रहे हैं, ठीक है ले ले अपना पैंतीस रुपया मीटर को, कोई दिक्कत नहीं
Speaker 2: ठीक है ना अगर पैंतीस में आज ही नहीं जाते तो दे दे तो हमें
Speaker 1: अब से सवाल ही यह है कि फोन लगाया रहे हैं लगाने में बात
Speaker 2: कहाँ से बोले?
Speaker 1: यह बता देते थोड़ा सा मशीन है मतलब तीन जगह ले थोड़े से कम दूसरे काम पर लग गए अभी
Speaker 2: नहीं, वह समस्या वहीं के ऊपर डरा हमारे ऊपर ना ले
Speaker 1: मशीन वाला
Speaker 2: यह सब कई की बात, कह रहे हैं कि मशीन वाला काम नहीं
Speaker 1: चलो, मैं देख ही तो बात कर रहा था उनसे"
45,"Speaker 1: क्या?
Speaker 2: हुआ फिर?
Speaker 1: बात। क्या? है ना sir समस्या. हां. और सुरेश क्या? है कहीं पर काम लगा। है, कहीं पर भी काम आज नहीं। लगा। है जहां जहां side दिखाया है तो कहीं दस पचास meter है कहीं तीस meter है कहीं चालीस meter है वैसे भी वाले जो जिस से मेरी बात। हुई। थी वह बोला कि डालते हैं सीधा काम रहेगा तो करेंगे।?. अभी एक छोटा मोटा छुट फूट छुट फूट काम है. तो ऐसे में अभी क्या? करने से मना कर रहे हैं।. बोले तो चार पांच kilometer के area बजा हुआ है. हम कहे सीधा नहीं। है थोड़ा थोड़ा करके दिखाए है. Sir तीस meter इधर है तो चार सौ पांच सौ meter बाद फिर से चालीस meter है तो ऐसे में थोड़ा सा दिक्कत आ रही है जैसे ठीक है आप काम करिए हो गया। अब जहां जहां जो बीस तीस चालीस meter रहेगा उसका manually में आपका हम वह कर देंगे।?, manually में डाले पहले आप JDC beach करेंगे।? नुकसान नहीं। होने
Speaker 2: देंगे।?,.
Speaker 1: ठीक. हम कहे ठीक है sir. हम जैसी भी वह बात। करके हम लगवाते हैं. हां. इतने बोली तूने।,. हां? इतने बोल ही रहे हैं।.
Speaker 2: ठीक. Out कहाँ है?
Speaker 1: यह है वह update शाम तक वह दूसरी वाला का है कि हम बताओ कहाँ कैसा है metric के हिसाब से करा, एक घंटा के हिसाब से करा. कैसे हम समझ ले कोई
Speaker 2: उसे. अगर पैंतीस
Speaker 1: रुपया मिल जाए ना
Speaker 2: मज़ा ही आ जाए. भैया
Speaker 1: कही भैया कहना होता है कि अपना काम पर अपना एक दिन करीब हम जी हां. अपना एक दिन meter के हिसाब से काम पर इतने तो अंदाज़ हो जाइए. हां इतने कि पड़ता नहीं। पुराना लगा।
Speaker 3: है हां
Speaker 1: तो फिर भी उसे हम देख जाएंगे। हां घंटा के हिसाब से कर रहे हैं कई कई घंटे का जो वो कहते हैं अपना काम जैसे महीने के हिसाब से कितना पैसे। हो कहे तो मान ले अपना दो महीना दो लाख रुपए monthly हां दो लाख रुपए हम पहले लिए। हमको तीन चार छह किश्त चार पांच कितनी करनी है. अब हम अपना question ना दे पाओ घंटा के हिसाब से अपना जैसे आज कारण दो दिन बाद एक दो दिन बाद तो उनका ले ही send करेंगे।? संकरा होता है ना. हां. यह नहीं। है हमारे काम continue चली.
Speaker 2: हमारे मन मैं।... यह एक बात। रहा कि जिस भी अगर महीना मिल रही तो हमने। दिन रात चलवाई.
Speaker 1: हां. यह बात। कल हम सोच रहे हैं ना हम जैसा दिन रात नहीं। सोच रहे हैं ना कि वो आपका attach करना चलाए हम वह सोचे ना question कुछ होकर बधाई किए चार घंटा extra आपसे करवाओ.
Speaker 2: हां चार घंटा extra जितना भी चल रहे हैं। तो बहुत बड़ी बात। है.
Speaker 1: हमें। कम से कम बारह घंटा काम दे दो. हां. बारह घंटा में हम operator पर ही जेब करता है पानी, उसकी बात। मालिक ना पहुंचे. हां. Manage हो चुका है.
Speaker 2: हां?
Speaker 1: कैसे हो सामना बताओ? Tensionरों के लिए। तो उसमें कोई बात। कराना, बात। की है ना sensor के लिए। खाली मोहरों को चलते नहीं। घर पहले.
Speaker 2: बस एक
Speaker 1: ही हूं
Speaker 2: बात। की
Speaker 1: है. Tensionों में है सुबह चलो। चलो। ठीक है ना नब्बे के है तब तो ठीक है.
Speaker 2: बोलो सुनो. अब जैसे भी तुम, का क्यों? नहीं। मिल रही नहीं। तो वह ससुरम नहीं। कूद परत वह है मैं।... काम बताई. हां
Speaker 1: क्या? है बताइए? कुछ गायब है sir
Speaker 2: सुनो. घंटे
Speaker 1: के
Speaker 2: हिसाब से. हैं? घंटे के हिसाब से. घंटे के हिसाब से नहीं। बोल रहा. कैसे काम चलेगा बताओ ऐसे ना. Onker का vision है एक लाख रुपया महीना लेकर.
Speaker 1: लगभग action कहीं नहीं। है. वह बात। नहीं। है example देख रहे हैं. तो यह class नब्बे हज़ार तो शायद आ जाएंगे। यह बात। कहें। कि अपना दो महीना का माल लिखाई है. उसके बाद
Speaker 2: हमें। उसके बाद हमें। लेकर काम हम का ऐसा बताओ? काम हुआ चलिए, तो हम काम बंद ना हो दे. हां.
Speaker 1: शाम को बात। करें।, तो फिर से. ठीक. और कल नहीं। है.
Speaker 2: Switch off है वह earphone.
Speaker 1: Phone बंद होता आ रहे हैं।.
Speaker 2: Phone हो के phone बंद हैं? और sir एक है group क्या? हैं सारे?
Speaker 1: हम open हुए जीतो. ठीक है?
Speaker 2: कैसा open हो जाता
Speaker 1: है? नहीं। नहीं।, ना हो. ना
Speaker 2: हो. भाई तुम्हारे open हो, उससे कुछ output बढ़े, तो बड़े open हो जाए.
Speaker 1: ऐसा तो नहीं। जी concern में. हैं? ऐसा तो नहीं। जी concern में.
Speaker 2: कैसा मिल रही, कैसा मिल रही, तुम्हारे हिसाब से और. भाई जो हम पहले साथ... अभी हुई। रहा हो, तुम्हारे साथ... काही नहीं। है वैसे भी. कभी
Speaker 1: नहीं।?
Speaker 2: नहीं। वह जो हम पहले साथ... भी रहा वह तुमरे वह साथ... तौर पर करते हैं. भाई अगर अभी वहां phone नहीं। उठावा जा रहे हैं। तो फिर क्या? कर खावा जी?
Speaker 1: बताओ?
Speaker 2: हां. नहीं। दी ना. वह बड़ी चीज़ ना हुई। देखिए, मन में खोटे है गुरु. अब वह पहले तीन दिन बाद हम करे वह तीन दिन बाद वह कर phone switch off है. तो क्या? करें।,?
Speaker 1: अच्छा शमतलाब तीन हज़ार पैंतीस सौ
Speaker 3: दिया है ना?
Speaker 1: हां. सत्रह हज़ार तीन सौ पहले यह है ना? हां. सत्रह हज़ार तीन सौ पंद्रह सौ minus पर दिए थे किराया के.
Speaker 2: किराए
Speaker 1: के? किराया के. पंद्रह सौ minus पहले हो गए हां.
Speaker 2: किराया के minus होकर साढ़े तीन सौ
Speaker 1: के हिसाब से करा के. जो मैं।...
Speaker 2: हमको बता ही रहा.
Speaker 1: सत्रह सौ पचास. सत्रह सौ पचास. हां. पंद्रह हज़ार पांच सौ पचास
Speaker 3: होती है. ढाई सौ होते
Speaker 1: पचपन, minus पंद्रह हज़ार पांच सौ पचास.
Speaker 2: साढ़े ढाई सौ meter की. तीन सौ साठ सौ था बताओ वैसे.
Speaker 1: हां वही तो मैं।... है इतने मतलब वह तो उठने का. जैसे छप्पन अपन लाख है मैं।... कहाँ पर. जैसे छप्पन meter आता है. छप्पन बोलते है पचपन. चौदह
Speaker 3: हज़ार आठ सौ minus पंद्रह
Speaker 1: हज़ार पांच सौ पचास. चौदह सौ सत्तर
Speaker 3: चौदह सौ सत्तर plus पैंतीस रुपया.
Speaker 1: चार हज़ार नौ सौ मतलब पांच हज़ार रुपया उनके साथ... हुआ. जैसे चालीस पांच हज़ार है. है.
Speaker 2: हुआ Metiles.
Speaker 1: लेबर / Labour वह नहीं। मिल रहे हैं। या नहीं। मिल रहा. क्या? हो
Speaker 3: सकता है यह? बहुत तेज़ है ना.
Speaker 2: हां तो वहां पैसे। वाला जुगाड़ कहाँ पहुंचा?
Speaker 1: चार हज़ार का. कल आज शाम के नहीं। है फिर कल आऐंगे
Speaker 3: अब हम लोग। बाद अटककर पड़ रहे हैं।.
Speaker 1: ठीक है मुझे बताएं. हां ठीक है.","Speaker 1: क्या हुआ? क्या समस्या है साहब? सुरेश कहीं काम पर लगा है क्या? नहीं, आज कहीं काम नहीं लगा है। जहां-जहां साइड दिखाया है, वहां दस, पचास, तीस, या चालीस मीटर है। जिस से मेरी बात हुई थी, उन्होंने कहा कि सीधे काम करेंगे तो ठीक है। अभी एक छोटा-मोटा काम है, लेकिन वे मना कर रहे हैं।
Speaker 2: क्या कहा?
Speaker 1: उन्होंने कहा कि चार-पांच किलोमीटर के एरिया में काम हो रहा है। हमने कहा कि सीधे नहीं, थोड़ा-थोड़ा करके दिखाएं। साहब, तीस मीटर यहां है और चार सौ पांच सौ मीटर बाद फिर से चालीस मीटर है, इसलिए थोड़ी दिक्कत आ रही है।
Speaker 2: क्या कहा?
Speaker 1: मैंने कहा कि ठीक है, साहब। हम जैसी भी बात करेंगे, हम काम लगवाएंगे।
Speaker 2: आउट कहां है?
Speaker 1: यह है वह अपडेट, शाम तक वह दूसरी वाला का है कि हम बताएं कहां कैसा है मेट्रिक के हिसाब से करा, एक घंटे के हिसाब से करा।
Speaker 2: अगर पैंतीस रुपया मिल जाए ना?
Speaker 1: मज़ा ही आ जाए भैया।
Speaker 2: कहीं भैया कहना होता है कि अपना काम पर अपना एक दिन करीब हम जी हां।
Speaker 1: अपना एक दिन मीटर के हिसाब से काम पर इतने तो अंदाज़ हो जाइए।
Speaker 2: तो फिर भी उसे हम देख जाएंगे।
Speaker 1: हां, घंटे के हिसाब से कर रहे हैं कई कई घंटे का जो वो कहते हैं अपना काम जैसे महीने के हिसाब से कितना पैसा हो कहे तो मान ले अपना दो महीना दो लाख रुपये मासिक हां दो लाख रुपये हम पहले लिए।
Speaker 2: हमें उसके बाद काम हुआ चलिए, तो हम काम बंद ना हो दे।
Speaker 1: शाम को बात करें। तो फिर से ठीक। और कल नहीं।
Speaker 2: स्विच ऑफ है वह ईयरफोन।
Speaker 1: फोन बंद होता आ रहे हैं।
Speaker 2: फोन हो के फोन बंद हैं? और साहब एक है ग्रुप क्या? हैं सारे?
Speaker 1: हम ओपन हुए जीतो। ठीक है?
Speaker 2: कैसा ओपन हो जाता?
Speaker 1: है? नहीं। नहीं। ना हो। ना
Speaker 2: हो। भाई तुम्हारे ओपन हो, उससे कुछ आउटपुट बढ़े, तो बड़े ओपन हो जाए।
Speaker 1: ऐसा तो नहीं। जी कंसर्न में हैं।
Speaker 2: कैसा मिल रही, कैसा मिल रही, तुम्हारे हिसाब से और।
Speaker 1: नहीं।?
Speaker 2: नहीं। वह जो हम पहले साथ... भी रहा वह तुम्हारे वह साथ... तौर पर करते हैं।
Speaker 1: बताओ?
Speaker 2: हां। नहीं। दी ना। वह बड़ी चीज़ ना हुई।
Speaker 1: अच्छा शमतलाब तीन हज़ार पैंतीस सौ
Speaker 1: दिया है ना?
Speaker 1: हां। सत्रह हज़ार तीन सौ पहले यह है ना? हां। सत्रह हज़ार तीन सौ पंद्रह सौ माइनस पर दिए थे किराया के।
Speaker 2: किराए
Speaker 1: के? किराया के। पंद्रह सौ माइनस पहले हो गए हां।
Speaker 2: किराया के माइनस होकर साढ़े तीन सौ
Speaker 1: के हिसाब से करा के। जो मैं।
Speaker 2: हमको बता ही रहा।
Speaker 1: सत्रह सौ पचास। सत्रह सौ पचास। हां। पंद्रह हज़ार पांच सौ पचास
Speaker 1: होती है। ढाई सौ होते
Speaker 1: पचपन, माइनस पंद्रह हज़ार पांच सौ पचास।
Speaker 2: साढ़े ढाई सौ मीटर की। तीन सौ साठ सौ था बताओ वैसे।
Speaker 1: हां वही तो मैं। मतलब वह तो उठने का। जैसे छप्पन अपन लाख है मैं। कहां पर। जैसे छप्पन मीटर आता है। छप्पन बोलते है पचपन।
Speaker 1: चौदह हज़ार आठ सौ माइनस पंद्रह
Speaker 1: हज़ार पांच सौ पचास। चौदह सौ सत्तर
Speaker 1: चौदह सौ सत्तर प्लस पैंतीस रुपया।"
File Index,Raw Input (ASR),Processed Output (AI)
1,"हां. जी, भैया पुताई के लिए। लेबर मिल जाएंगे। क्या?? 
कहाँ के लिए।? 
रायपुर के लिए। 
क्या? करवाना है आपको?? 
हमारी। एक बिल्डिंग है, एक हज़ार स्क्वायर मीटर की। 
एक हज़ार स्क्वायर मीटर मतलब दस हज़ार स्क्वायर फीट। 
बिल्कुल। 
अंदर बाहर। 
अंदर। 
इंटीरियर में कराना है? 
हां हां, इंटीरियर में कराना। 
सरकारी है, प्राइवेट है? 
सरकारी ही है। 
सरकारी है, मतलब न्यू कंस्ट्रक्शन है कि मतलब वैसा है? नहीं। नहीं।, 
ओल्ड कंस्ट्रक्शन, ओल्ड कंस्ट्रक्शन। 
ओल्ड कंस्ट्रक्शन है ना, ओल्ड कंस्ट्रक्शन है तो कुंभा के सामान वगैरह सब उसमें पड़ा होगा। 
सब सब सब मतलब सामान भी दे दूंगा मैं।... जो आप आदमी मेरे पास रहेंगे मैं।... उनको खाने पीने के लिए। भी दे दूंगा। 
नहीं। मतलब मेरा सामान इनका कहने का मतलब यह है कि नहीं। नहीं। सामान 
वगैरह ऐसा नहीं। है मतलब छोटी मोटी होती है मतलब ऐसा कुछ मेजर नहीं। है कि आपको? उसमें बहुत मेहनत करनी पड़ेगी। 
अच्छा काम क्या? करना है भैया उसमें एक कोट पेंट करना है? 
दो कोट। 
दो कोट होना है? 
हां दो कोट होना है। 
दो कोट होना है। भैया देखिए, जो। 
एक में आ गया। तो बेहतर है नहीं। तो फिर दूसरा तो करेंगे।?। 
मतलब क्या? मैटर भैया एफडी एफडी रिलीज होनी है क्या?? ऐसा ऐसा कुछ है क्या?? 
बस कुछ ऐसे ही मान लीजिए।। 
मतलब जो सीमेंट है पांच साल बाद वीक होता है वही वाला मैटर होगा। 
हां। क्या? हमारे पास आदमी मिल जाएंगे। 
क्या?? हां। अब उसमें एक देखिए, भैया जो आदमी मेरे पास है वह दो रुपए स्क्वायर फीट लेते हैं कोर्ट। आपका दस हज़ार स्क्वायर फीट है। दस दस हज़ार स्क्वायर फीट बताया ना आपने? 
हमको लेबर रेट में करवाना। 
लेबर रेट में नहीं। होंगे भैया। 
लेबर रेट में नहीं। 
होगा? नहीं।, दो रुपए स्क्वायर फीट लेते हैं वही करेंगे।?। 
पेर कोट है ना? 
दो रुपए स्क्वायर फीट पेर कोट लेते हैं उसमें यह दिमाग आप ज़रूर लगा। सकते 
हो 
कि पेंट किया। आप पपड़ी वपि ले आना मेरे पास तो अपन उसको ऐसा बना देंगे।?, कि वह एक कोट में फाइनल आ जाए। तो आपका लेबर भी एक कोर्ट का ही लगेगा मटेरियल भी एक कोर्ट का लगेगा पैसे। बच जाएगा।। 
अच्छा मतलब एक कोर्ट में अपन वह व्यवस्था उस तरह। से बना सकते हैं ना। 
बना मतलब क्या? है आप पपड़ी ले आओगे मेरे पास दुकान पर मेरे तो क्या? है उसको बनाएंगे और एक लीटर सैंपल टेस्ट करा जाएंगे।। उसको मैं।... ऐसा बनाऊंगा कि एक कोट में वह आ जाए और उसके बाद एक लीटर पहले एप्लिकेशन भी करके देख जाएंगे। कि एक कोट में फाइनल आ रहे हैं। कि नहीं। और मेरे हिसाब से आप पपड़ी ले आओगे तो मोस्ट प्रोबेबली मैं।... ऐसा बना लूंगा कि एक कोर्ट में आप उसको फाइनल कर सको. उसके बाद बंदे अलाइन करेंगे।? तो वह एक कोर्ट में आपके बिल्डिंग भी फाइनल कर देंगे।?, तो क्या? यह आपको? लेबरों को एक कोर्ट का पैसे। देना। पड़ेगी।। और मटेरियल भी आधा लगेगा आपका। 
हां हां हां। 
तो यह कोट का यह दिमाग आप लगा। सकते हैं। 
बीस सौ से हज़ार रुपए बैठेगा। है ना? 
बीस हज़ार रुपए करीब बैठेगा जी। 
ठीक ठीक। लेबर रेट में वैसे नहीं। अवेलेबल करवा पाएँगे। आप। हां? 
नहीं। भैया ऐसे डेली में काम ही नहीं। करते ना भैया लड़के अब क्या? बता दें आपको? कहानी की 
हाँ, जो मेजरमेंट / एमबी का नशा लग जाएगा। तो काहे कोई उसमें करेगा 
काहे का कोई करेगा वही तो बात। हैं और नहीं। उसमें कराना भी बेकार हैं भैया आज की डेट में 
अच्छा अच्छा अच्छा। 
कोई मतलब नहीं। है। वह आप खड़े रहोगे आपको? लगेगा कि तो आप करा लोगे वह आप करा ही ना पाओगे और सारा ज़्यादा ही पैसे। लगेगा। 
हां हां हां। 
इससे अच्छा देकर बहुत सच रहे आदमी क्योंकि है क्या? ना भैया वह नहीं। जीत सकते हमसे हम। हमसे नहीं। जीत सकते। 
उसको। सही चीज़ है। चलिए, ठीक है। 
देख लीजिए। थोड़ा बहुत। बिल्कुल।","Speaker 1: हां, जी भैया पुताई के लिए। लेबर मिल जाएंगे। क्या?
Speaker 2: कहाँ के लिए?
Speaker 1: रायपुर के लिए।
Speaker 2: क्या? करवाना है आपको?
Speaker 1: हमारी। एक बिल्डिंग है, एक हज़ार स्क्वायर मीटर की।
Speaker 2: एक हज़ार स्क्वायर मीटर मतलब दस हज़ार स्क्वायर फीट।
Speaker 1: बिल्कुल।
Speaker 2: अंदर बाहर।
Speaker 1: अंदर।
Speaker 2: इंटीरियर में कराना है?
Speaker 1: हां हां, इंटीरियर में कराना।
Speaker 2: सरकारी है, प्राइवेट है?
Speaker 1: सरकारी ही है।
Speaker 2: सरकारी है, मतलब न्यू कंस्ट्रक्शन है कि मतलब वैसा है? नहीं। नहीं।
Speaker 1: ओल्ड कंस्ट्रक्शन, ओल्ड कंस्ट्रक्शन।
Speaker 2: ओल्ड कंस्ट्रक्शन है ना, ओल्ड कंस्ट्रक्शन है तो कुंभा के सामान वगैरह सब उसमें पड़ा होगा।
Speaker 1: सब सब सब मतलब सामान भी दे दूंगा मैं। जो आप आदमी मेरे पास रहेंगे मैं। उनको खाने पीने के लिए। भी दे दूंगा।
Speaker 2: नहीं। मतलब मेरा सामान इनका कहने का मतलब यह है कि नहीं। नहीं। सामान वगैरह ऐसा नहीं। है मतलब छोटी मोटी होती है मतलब ऐसा कुछ मेजर नहीं। है कि आपको? उसमें बहुत मेहनत करनी पड़ेगी।
Speaker 1: अच्छा काम क्या? करना है भैया उसमें एक कोट पेंट करना है?
Speaker 2: दो कोट।
Speaker 1: दो कोट होना है?
Speaker 2: हां दो कोट होना है।
Speaker 1: दो कोट होना है। भैया देखिए, जो। एक में आ गया। तो बेहतर है नहीं। तो फिर दूसरा तो करेंगे।?
Speaker 2: मतलब क्या? मैटर भैया एफडी एफडी रिलीज होनी है क्या?? ऐसा ऐसा कुछ है क्या??
Speaker 1: बस कुछ ऐसे ही मान लीजिए।
Speaker 2: मतलब जो सीमेंट है पांच साल बाद वीक होता है वही वाला मैटर होगा।
Speaker 1: हां। क्या? हमारे पास आदमी मिल जाएंगे।
Speaker 2: क्या?? हां। अब उसमें एक देखिए, भैया जो आदमी मेरे पास है वह दो रुपए स्क्वायर फीट लेते हैं कोर्ट। आपका दस हज़ार स्क्वायर फीट है। दस दस हज़ार स्क्वायर फीट बताया ना आपने?
Speaker 1: हमको लेबर रेट में करवाना।
Speaker 2: लेबर रेट में नहीं। होंगे भैया।
Speaker 1: लेबर रेट में नहीं।
Speaker 2: होगा? नहीं।, दो रुपए स्क्वायर फीट लेते हैं वही करेंगे।?
Speaker 1: पेर कोट है ना?
Speaker 2: दो रुपए स्क्वायर फीट पेर कोट लेते हैं उसमें यह दिमाग आप ज़रूर लगा सकते हो कि पेंट किया। आप पपड़ी वपि ले आना मेरे पास तो अपन उसको ऐसा बना देंगे।?, कि वह एक कोट में फाइनल आ जाए। तो आपका लेबर भी एक कोर्ट का ही लगेगा मटेरियल भी एक कोर्ट का लगेगा पैसे। बच जाएगा।
Speaker 1: अच्छा मतलब एक कोर्ट में अपन वह व्यवस्था उस तरह से बना सकते हैं ना।
Speaker 2: बना मतलब क्या? है आप पपड़ी ले आओगे मेरे पास दुकान पर मेरे तो क्या? है उसको बनाएंगे और एक लीटर सैंपल टेस्ट करा जाएंगे।। उसको मैं। ऐसा बनाऊंगा कि एक कोट में वह आ जाए और उसके बाद एक लीटर पहले एप्लिकेशन भी करके देख जाएंगे। कि एक कोट में फाइनल आ रहे हैं। कि नहीं। और मेरे हिसाब से आप पपड़ी ले आओगे तो मोस्ट प्रोबेबली मैं। ऐसा बना लूंगा कि एक कोर्ट में आप उसको फाइनल कर सको. उसके बाद बंदे अलाइन करेंगे।? तो वह एक कोर्ट में आपके बिल्डिंग भी फाइनल कर देंगे।?, तो क्या? यह आपको? लेबरों को एक कोर्ट का पैसे। देना। पड़ेगी।
Speaker 1: हां हां हां।
Speaker 2: तो यह कोट का यह दिमाग आप लगा सकते हैं।
Speaker 1: बीस सौ से हज़ार रुपए बैठेगा। है ना?
Speaker 2: बीस हज़ार रुपए करीब बैठेगा जी।"
2,"हैलो हैलो जी भैया पुताई के लिए आदमी नहीं जाएंगे क्या हां पुताई के लिए पुताई के लिए नहीं wrong number दिया श्री राम पेंट्स में नहीं बात कर रहा हूं क्या मैं लेकिन टीम बदली हो गई है ना दूसरा बंद में चला रहे हैं अच्छा अच्छा अच्छा तो नंबर दे सकते हैं आप उनका नहीं है भाई मेरे पास","Speaker 1: हैलो जी, भैया पुताई के लिए आदमी नहीं जाएंगे क्या?
Speaker 2: हां, पुताई के लिए। लेकिन मैं श्री राम पेंट्स में बात नहीं कर रहा हूं।
Speaker 1: मैंने गलत नंबर दिया था। लेकिन मैंने सुना है कि आपकी टीम बदली हो गई है ना?
Speaker 2: हां, दूसरा बंद में चला रहे हैं।
Speaker 1: अच्छा, तो क्या आप उनका नंबर दे सकते हैं?
Speaker 2: नहीं, भाई, मेरे पास नहीं है।"
3,"हैलो सर, क्या आपको मेरी आवाज़ आ रही है?","Speaker 1: हैलो सर, क्या आपको मेरी आवाज़ आ रही है?"
4,"नमस्कार अपनी कार की वैल्यू पर अब दो सौ प्रतिशत तक का पर्सनल लोन लें। आसान और तेज़ प्रोसेस के साथ","Speaker 1: नमस्कार, हमें निर्माण स्थल पर वित्तीय विकल्पों पर चर्चा करनी चाहिए।
Speaker 2: हाँ, बिल्डरों के लिए वित्तीय सुविधाएं उपलब्ध हैं।
Speaker 1: क्या हम अपनी संपत्ति की कीमत पर लोन ले सकते हैं?
Speaker 2: हाँ, संपत्ति की कीमत पर लोन लेना संभव है, लेकिन इसमें कुछ शर्तें और प्रक्रियाएं शामिल होती हैं।"
5,"जल निगम से आलोक मिश्रा बात कर रहा था। PS सर ने बताया था कि पाइपलाइन में फिर से समस्या है। राइजिंग मेन का मुद्दा पहले ही हल कर दिया गया था। डीबीएल के ठेकेदार से बात हो रही है। द्विवेदी जी से बात हुई और उन्होंने बताया कि पानी चालू करने पर पानी का पता नहीं चल रहा है। उन्होंने कहा कि मोटर चलाने पर भी पानी का पता नहीं चलता है। लीकेज का पता लगाने के लिए पाइपलाइन को जोड़ने की जरूरत है। द्विवेदी जी ने कहा कि वे पहले ही फोटो ले चुके हैं और जैक्सन लाइन डली हुई है। आलोक मिश्रा ने कहा कि वे पहले ही फोटो ले चुके हैं और पूरी लाइन डलवा दी है। द्विवेदी जी ने कहा कि वे साहब से बात कराई थी और अब भाई ने बात की है। आलोक मिश्रा ने कहा कि वे रो कर लोगे और बिल्कुल बिल्कुल समझ में आ रहा है। द्विवेदी जी ने कहा कि वे अपनी टीम को भेज देंगे और समस्या का समाधान करेंगे। आलोक मिश्रा ने कहा कि जहां से बोर है और टैपिंग पॉइंट है, वहीं पर लीकेज था। द्विवेदी जी ने कहा कि वे पांच-दस मीटर आगे जाकर चेक करेंगे और समस्या का समाधान करेंगे। आलोक मिश्रा ने कहा कि अगर द्विवेदी जी चल लेते हैं तो समस्या का समाधान हो जाएगा। द्विवेदी जी ने कहा कि वे चल देंगे और समस्या का समाधान करेंगे।","Speaker 1: जल निगम से आलोक मिश्रा बात कर रहा था। PS सर ने बताया था कि पाइपलाइन में फिर से समस्या है।
Speaker 2: राइजिंग मेन का मुद्दा पहले ही हल कर दिया गया था। डीबीएल के ठेकेदार से बात हो रही है।
Speaker 1: द्विवेदी जी से बात हुई और उन्होंने बताया कि पानी चालू करने पर पानी का पता नहीं चल रहा है।
Speaker 2: उन्होंने कहा कि मोटर चलाने पर भी पानी का पता नहीं चलता है। लीकेज का पता लगाने के लिए पाइपलाइन को जोड़ने की जरूरत है।
Speaker 1: द्विवेदी जी ने कहा कि वे पहले ही फोटो ले चुके हैं और जैक्सन लाइन डली हुई है।
Speaker 2: आलोक मिश्रा ने कहा कि वे पहले ही फोटो ले चुके हैं और पूरी लाइन डलवा दी है।
Speaker 1: द्विवेदी जी ने कहा कि वे साहब से बात कराई थी और अब भाई ने बात की है।
Speaker 2: आलोक मिश्रा ने कहा कि वे रो कर लोगे और बिल्कुल बिल्कुल समझ में आ रहा है।
Speaker 1: द्विवेदी जी ने कहा कि वे अपनी टीम को भेज देंगे और समस्या का समाधान करेंगे।
Speaker 2: आलोक मिश्रा ने कहा कि जहां से बोर है और टैपिंग पॉइंट है, वहीं पर लीकेज था।
Speaker 1: द्विवेदी जी ने कहा कि वे पांच-दस मीटर आगे जाकर चेक करेंगे और समस्या का समाधान करेंगे।
Speaker 2: आलोक मिश्रा ने कहा कि अगर द्विवेदी जी चल लेते हैं तो समस्या का समाधान हो जाएगा।
Speaker 1: द्विवेदी जी ने कहा कि वे चल देंगे और समस्या का समाधान करेंगे।"
6,"हां तिवारी जी बताएं।
जी प्रणाम।
प्रणाम। प्रणाम। बताएं।
कहाँ हो रहा?
कुछ नहीं। बस सही से, सही देखे जाते
हैं ना ऑफिस के ही बताई? सब में तो है हम।
हैं ना अभी हम यह जिले में।
अच्छा यह
बताइए। हां।
यह ७६ में डूबी।
जो हम पहले खड़ा रहा डूबी में।
हां।
तो वह का करे का है कि नहीं। करे
का? तो का ही नहीं। करे, तो क्या? दिक्कत आ रही?
दिक्कत क्या? आई थी कि पहले से वह अपनी ड्रीम डाली।
हां।
अब वह कहाँ लाए? अपना कि बीबीए के वहीं वहीं हां वहीं में जब
हैं। हां।
का आलमबढ़ा के पीसीएमसी ग्रेड स्लैब करेक्ट है।
ठीक है। कहीं इधर बहुत
दिक्कत
है। हैं? ऑफर डाइंग अप्रूवल नहीं। वह। ऑफर सीमेंट / सीमेंट जल निगम से ना हुई। लेकिन डीबीएल हमारे साइट पर तो काम कर ही ना भाई अप्रूवल की वजह से काम करना रोकी। हां। समझ रहे हैं ना बात। वहां? हां। यह चीज़। अगर हमसे पूछा तो हम पहले हिसाब से तो इसलिए गलत है क्योंकि अभी ऊपर ड्राइंग नहीं। अप्रूव हुआ है। ड्राइंग अप्रूव वह खाली जो अपना काम कह रहे हैं नवेद। हां। या चीज़।
कन्फर्म आरएफआई वगैरह तो ना दिल्ली ना।
दिल्ली? हां। आरएफआई दिल्ली और रिजेक्ट हुई। रीइन्स्पेक्शन की गई। हां। जब उनका ड्राइंग अप्रूव हुई। तब से होकर थे मोनी रिजेक्ट करा एनडीटीवी वगैरह के लिए। हां। वह हिसाब से। प्रोसेस तब है रही, लेकिन अभी उठा मतलब एक्सेप्ट ना कीजिए। हां। या ऑफर या कुछ भी हो जाए।
तो हम का तो काम कारण दिक्कत ना हुई। ना?
बताएं ना कि हम पहले कैसे जल निगम से ऊपर सीमेंट / सीमेंट ना हुई। डीबीएल अपना तो दयशकती अपना हमारे लेवल पर बात। कर ली कि साहब, हम काम करे तो हम का पैसे। देख कि ना दे हम आते ना फंसा देख। हां। यह अपना बात। कर ले यह। भैया बात। है यह काम कैसे दे। भाई यह कह के ना फंसा दे कि भाई हम, उनका तो मिली है क्योंकि। हां। जब उनका ना मिली तो उनका सर्विस कैसा कह दे कि हम का जल निगम से नहीं। मिले तो हम अपन का पैसे। दे दे। तो यह अपना उनसे क्लियर कहकर बात। के लिए। कि भाई हमें। ही अपना को मिले चाहे मिले, हां मिली कि ना मिली वह हम कब बताए। यह बात। हम
कहें। कि थोड़ा मिश्रा जी समझ ही ले कि आगे हिम्मत पा रहे हैं।
ऐसे कि हमें। नहीं। कहूंगा। नहीं। नहीं।, कोई दिक्कत नहीं। कोई दिक्कत नहें।
चलो। ठीक है।","Speaker 1: हां तिवारी जी बताएं।
Speaker 2: जी प्रणाम। प्रणाम। बताएं।
Speaker 1: कहाँ हो रहा?
Speaker 2: कुछ नहीं। बस सही से, सही देखे जाते हैं ना ऑफिस के ही बताई? सब में तो है हम।
Speaker 1: हैं ना अभी हम यह जिले में।
Speaker 2: अच्छा यह बताइए। हां।
Speaker 1: यह ७६ में डूबी। जो हम पहले खड़ा रहा डूबी में।
Speaker 2: हां।
Speaker 1: तो वह का करे का है कि नहीं। करे का? तो क्या? दिक्कत आ रही?
Speaker 2: दिक्कत क्या? आई थी कि पहले से वह अपनी ड्रीम डाली।
Speaker 1: हां।
Speaker 2: अब वह कहाँ लाए? अपना कि बीबीए के वहीं वहीं हां वहीं में जब हैं। हां।
Speaker 1: का आलमबढ़ा के पीसीएमसी ग्रेड स्लैब करेक्ट है।
Speaker 2: ठीक है। कहीं इधर बहुत दिक्कत है। हैं? ऑफर डाइंग अप्रूवल नहीं। वह। ऑफर सीमेंट / सीमेंट जल निगम से ना हुई। लेकिन डीबीएल हमारे साइट पर तो काम कर ही ना भाई अप्रूवल की वजह से काम करना रोकी। हां। समझ रहे हैं ना बात।
Speaker 1: वहां? हां। यह चीज़। अगर हमसे पूछा तो हम पहले हिसाब से तो इसलिए गलत है क्योंकि अभी ऊपर ड्राइंग नहीं। अप्रूव हुआ है। ड्राइंग अप्रूव वह खाली जो अपना काम कह रहे हैं नवेद। हां। या चीज़।
Speaker 2: कन्फर्म आरएफआई वगैरह तो ना दिल्ली ना।
Speaker 1: दिल्ली? हां। आरएफआई दिल्ली और रिजेक्ट हुई। रीइन्स्पेक्शन की गई। हां। जब उनका ड्राइंग अप्रूव हुई। तब से होकर थे मोनी रिजेक्ट करा एनडीटीवी वगैरह के लिए। हां। वह हिसाब से। प्रोसेस तब है रही, लेकिन अभी उठा मतलब एक्सेप्ट ना कीजिए। हां। या ऑफर या कुछ भी हो जाए।
Speaker 2: तो हम का तो काम कारण दिक्कत ना हुई। ना?
Speaker 1: बताएं ना कि हम पहले कैसे जल निगम से ऊपर सीमेंट / सीमेंट ना हुई। डीबीएल अपना तो दयशकती अपना हमारे लेवल पर बात। कर ली कि साहब, हम काम करे तो हम का पैसे। देख कि ना दे हम आते ना फंसा देख। हां। यह अपना बात। कर ले यह। भैया बात। है यह काम कैसे दे। भाई यह कह के ना फंसा दे कि भाई हम, उनका तो मिली है क्योंकि। हां। जब उनका ना मिली तो उनका सर्विस कैसा कह दे कि हम का जल निगम से नहीं। मिले तो हम अपन का पैसे। दे दे। तो यह अपना उनसे क्लियर कहकर बात। के लिए। कि भाई हमें। ही अपना को मिले चाहे मिले, हां मिली कि ना मिली वह हम कब बताए। यह बात। हम कहें। कि थोड़ा मिश्रा जी समझ ही ले कि आगे हिम्मत पा रहे हैं।
Speaker 2: ऐसे कि हमें। नहीं। कहूंगा। नहीं। नहीं।, कोई दिक्कत नहीं। कोई दिक्कत नहीं।
Speaker 1: चलो। ठीक है।"
7,"हैलो हैलो। जी मिश्रा जी मैं। आलोक मिश्रा बात कर रहा था जी जल निगम से। जी आलोक मिश्रा बात कर रहा था मध्य प्रदेश जल निगम परियोजना से। हां भईया, आपने सीएम हेल्पलाइन की थी? कहाँ के लिए? किया था आपने कुछ टोटी में पानी की समस्या आपको? नहीं मिल रहे हैं। पानी की थी? हां, हां किए थे। क्या? दिक्कत आ रही है? नहीं। पानी तो मोटर की दिक्कत थी। हां, मोटर तो पड़ गई है भईया। तो फिर शिकायत बंद करवा दीजिए। तो हम बंद करवा देंगे, ना क्या? दिक्कत? तो एक ओटीपी भिजवाता हूं मैं। बता दीजिएगा। ठीक है, ठीक हैं ना। ठीक है मैं। भिजवाता हूं इसी नंबर पर। ठीक है।","Speaker 1: हैलो हैलो। जी मिश्रा जी मैं। आलोक मिश्रा बात कर रहा था जी जल निगम से। जी आलोक मिश्रा बात कर रहा था मध्य प्रदेश जल निगम परियोजना से।
Speaker 2: हां भईया, आपने सीएम हेल्पलाइन की थी? कहाँ के लिए? किया था आपने कुछ टोटी में पानी की समस्या आपको? नहीं मिल रहे हैं। पानी की थी?
Speaker 1: हां, हां किए थे। क्या? दिक्कत आ रही है? नहीं। पानी तो मोटर की दिक्कत थी।
Speaker 2: हां, मोटर तो पड़ गई है भईया। तो फिर शिकायत बंद करवा दीजिए।
Speaker 1: तो हम बंद करवा देंगे, ना क्या? दिक्कत?
Speaker 2: तो एक ओटीपी भिजवाता हूं मैं। बता दीजिएगा।
Speaker 1: ठीक है, ठीक हैं ना। ठीक है मैं।
Speaker 2: भिजवाता हूं इसी नंबर पर।
Speaker 1: ठीक है।"
8,"जी मिश्रा जी बताएं? बताइए एक OTP भेजा मैंने। बता रहे हैं एक मिनट। हां हां बोलिए। ० पैंतालीस ० पैंतालीस ० पैंतालीस आगे बताइए। युवा वाला। ज़ीरो पैंतालीस का ट्रिपल ८ है ना? DBL / DBL। धन्यवाद जी जी जी। ओके।","Speaker 1: मिश्रा जी बताएं? बताइए एक OTP भेजा मैंने। बता रहे हैं एक मिनट। हां हां बोलिए।
Speaker 2: ० पैंतालीस ० पैंतालीस ० पैंतालीस आगे बताइए। युवा वाला। ज़ीरो पैंतालीस का ट्रिपल ८ है ना? DBL / DBL।
Speaker 1: धन्यवाद जी जी जी। ओके।"
9,"हां भाभी नाम बताइए। बोलिए ज्योति ज्योति मैं। तो भेज देता हूं, कहाँ आंगनवाड़ी हो? कुछ काम रहा? हां, थोड़ा हम बुलाओ, कहीं गई थी।","Speaker 1: हां, नाम बताइए।
Speaker 2: ज्योति ज्योति मैं।
Speaker 1: तो भेज देता हूं, कहाँ आंगनवाड़ी हो?
Speaker 2: कुछ काम रहा?
Speaker 1: हां, थोड़ा हम बुलाओ, कहीं गई थी।"
10,"हैलो डॉक्टर साहब, इस समय देखते हैं? दोपहर में मिलेंगे दो बजे। दोपहर में दो बजे। देखते हैं ना? जी। और सिंगौर चौराहे पर ही ना वहां तानसेन कॉम्प्लेक्स पर। तो नंबर लगा। दीजिए। हमारे एक। हां मैसेज कर दीजिए। व्हाट्सएप कर दूं? जी। ठीक है।","Speaker 1: हैलो डॉक्टर साहब, इस समय देखते हैं? दोपहर में मिलेंगे दो बजे। दोपहर में दो बजे। देखते हैं ना? जी। और सिंगौर चौराहे पर ही ना वहां तानसेन कॉम्प्लेक्स पर।
Speaker 2: तो नंबर लगा। दीजिए। हमारे एक। हां मैसेज कर दीजिए। व्हाट्सएप कर दूं? जी। ठीक है।"
11,"कर दिया भैया अभियान से मिश्रा ग्यारह महीने की है। ठीक है तो मैं। दो बजे करीब लेकर आ जाता हूं फिर है ना। ठीक है।","Speaker 1: कर दिया भैया अभियान से मिश्रा ग्यारह महीने की है।
Speaker 2: ठीक है तो मैं।
Speaker 1: दो बजे करीब लेकर आ जाता हूं फिर है ना।
Speaker 2: ठीक है।"
12,"हां पटेल जी बताएं। सर यह संतोष और राजीव बघेल जी दो शिकायतें थीं। दोनों अपनी नहीं हैं। तो कहां पेंडिंग या कहां पेंडिंग डालूं? एक सपना वार सागर 2 की है। कौन सी संतोष वाली? बड़ा के बताओ जरा कहां की है। मतलब वह बताओ थोड़ा सा। यह संतोष सगोरा रामपुरवा है। हां हां हां हां रामपुरवा वाली उसकी हैं सतना मारता कट्टु की। ठीक है। और जो दूसरी शिकायत है वह है उसमें क्या? हैं पीएसी हैं वह। राजीव बाग, हिल वार्ड नंबर सत्रह। नहीं। नहीं। यह शहरी पेयजल योजना है। यहां इक्षाक धरती वाला है। हां हां हां हां शहरी पेयजल योजना है।","Speaker 1: हां पटेल जी, बताएं। सर, यह संतोष और राजीव बघेल जी दो शिकायतें थीं। दोनों अपनी नहीं हैं। तो कहां पेंडिंग या कहां पेंडिंग डालूं?
Speaker 2: एक सपना वार सागर 2 की है। कौन सी संतोष वाली? बड़ा के बताओ जरा कहां की है। मतलब वह बताओ थोड़ा सा।
Speaker 1: यह संतोष सगोरा रामपुरवा है।
Speaker 2: हां हां हां हां रामपुरवा वाली उसकी हैं सतना मारता कट्टु की। ठीक है।
Speaker 1: और जो दूसरी शिकायत है वह है उसमें क्या?
Speaker 2: हैं पीएसी हैं वह। राजीव बाग, हिल वार्ड नंबर सत्रह।
Speaker 1: नहीं। नहीं। यह शहरी पेयजल योजना है। यहां इक्षाक धरती वाला है।
Speaker 2: हां हां हां हां शहरी पेयजल योजना है।"
13,"स्पीकर 1: नमस्ते।
स्पीकर 2: नमस्ते। हां सुनील। हां। आलोक मिश्रा बात कर रहा हूं। बोलिए। क्या है? यार, तुम्हारा संतलाल फोन नहीं उठा रहा है। उन्होंने एकदम फोन उठाना बंद कर दिया है।
स्पीकर 1: हमें नहीं पता कि वह कहाँ है। हम बता नहीं पाएंगे। तुम बता पाओगे। हम नहीं बता पाएंगे। सर, हम तो अपने घर पर हैं।
स्पीकर 2: कब तक आओगे?
स्पीकर 1: अब देखो। फिर इधर-उधर गर्मी बीत जाएगी। तब...
स्पीकर 2: हां, गर्मी बीत जाएगी। तब है। पैसे भी ले लिए हमसे पांच-छह हजार रुपये ज्यादा।
स्पीकर 1: तो मुझे फोन करिए। क्या? फोन करिए। उसका भी मैं...
स्पीकर 2: नहीं, वह फोन नहीं उठाता।
स्पीकर 1: चलो।","Speaker 1: नमस्ते।
Speaker 2: नमस्ते। मैं आलोक मिश्रा बात कर रहा हूं। आपका संतलाल फोन नहीं उठा रहा है।
Speaker 1: हमें नहीं पता कि वह कहाँ है। हम बता नहीं पाएंगे।
Speaker 2: कब तक आओगे?
Speaker 1: अब देखो। फिर इधर-उधर गर्मी बीत जाएगी। तब..।
Speaker 2: हां, गर्मी बीत जाएगी। तब है। पैसे भी ले लिए हमसे पांच-छह हजार रुपये ज्यादा।
Speaker 1: तो मुझे फोन करिए।
Speaker 2: नहीं, वह फोन नहीं उठाता।
Speaker 1: चलो।"
14,"हां भईया, यह पार्सल लेने आया था, कितना खराब है? अच्छा।","Speaker 1: हां भईया, यह पार्सल लेने आया था, कितना खराब है?
Speaker 2: अच्छा, यहां तो बहुत खराब है।"
15,"हां, लाइन पर रहो। हां, आप जिस व्यक्ति से बात कर रहे हैं, उसने आपके कॉल को होल्ड पर रखा है। कृपया लाइन पर बने रहें। उठा रहे हैं। भाई।","Speaker 1: हां, लाइन पर रहो।
Speaker 2: हां, आप जिस व्यक्ति से बात कर रहे हैं, उसने आपके कॉल को होल्ड पर रखा है।
Speaker 1: कृपया लाइन पर बने रहें।
Speaker 2: उठा रहे हैं। भाई।"
16,"स्पीकर 1: नमस्ते।
स्पीकर 2: जी मैं। रीवा से बात कर रहा था। हमको पेंटर की जरूरत थी क्योंकि एक हजार स्क्वायर मीटर का एक एरिया पेंटिंग करवाना था। मिल जाएंगे क्या? हमारे पास?
स्पीकर 1: इस समय नहीं। है सर। इस समय लेबर सब गांव गए हैं।
स्पीकर 2: अच्छा अच्छा अच्छा अच्छा। जी क्या? रेट से करते हैं वैसे?
स्पीकर 1: पैंतीस रुपये स्क्वायर फीट।
स्पीकर 2: पैंतीस रुपये स्क्वायर फीट?
स्पीकर 1: विद मटेरियल।
स्पीकर 2: विद विदाउट मटेरियल लेबर रेट?
स्पीकर 1: विदाउट मटेरियल नहीं। करते सर।
स्पीकर 2: विदाउट मटेरियल नहीं। करते एक कोई बात नहीं।
स्पीकर 1: एक्चुअली क्या? इंटीरियर कॉन्ट्रैक्टर हैं हम तो हम पहले उसी पार्ट में आता है वह पेंडिंग।
स्पीकर 2: अच्छा अच्छा।
स्पीकर 1: तो वह मटेरियल ही रहता है।
स्पीकर 2: तो लेबर नहीं। अवेलेबल करवा पाएंगे। अगर आप वैसे अगर अपना करना चाहें तो लेबर वैसे।
स्पीकर 1: सब में लेबर ही नहीं। है सर। लेबर सब वहां से ले रहे हैं सर।
स्पीकर 2: ठीक है।
स्पीकर 1: जी।","Speaker 1: नमस्ते
Speaker 2: जी मैं। रीवा से बात कर रहा था। हमको पेंटर की जरूरत थी क्योंकि एक हजार स्क्वायर मीटर का एक एरिया पेंटिंग करवाना था। मिल जाएंगे क्या? हमारे पास?
Speaker 1: इस समय नहीं। है सर। इस समय लेबर सब गांव गए हैं।
Speaker 2: अच्छा अच्छा अच्छा अच्छा। जी क्या? रेट से करते हैं वैसे?
Speaker 1: पैंतीस रुपये स्क्वायर फीट।
Speaker 2: पैंतीस रुपये स्क्वायर फीट?
Speaker 1: विद मटेरियल।
Speaker 2: विद विदाउट मटेरियल लेबर रेट?
Speaker 1: विदाउट मटेरियल नहीं। करते सर।
Speaker 2: विदाउट मटेरियल नहीं। करते एक कोई बात नहीं।
Speaker 1: एक्चुअली क्या? इंटीरियर कॉन्ट्रैक्टर हैं हम तो हम पहले उसी पार्ट में आता है वह पेंडिंग।
Speaker 2: अच्छा अच्छा।
Speaker 1: तो वह मटेरियल ही रहता है।
Speaker 2: तो लेबर नहीं। अवेलेबल करवा पाएंगे। अगर आप वैसे अगर अपना करना चाहें तो लेबर वैसे।
Speaker 1: सब में लेबर ही नहीं। है सर। लेबर सब वहां से ले रहे हैं सर।
Speaker 2: ठीक है।
Speaker 1: जी।"
17,"स्पीकर 1: हैलो. हां बोलिए.
स्पीकर 2: जी आलोक मिश्रा बात कर रहा था जल निगम से. हां
स्पीकर 1: बोलिए. आलोक
स्पीकर 2: मिश्रा बात कर रहा था. यह कह रहा था कि प्रोजेक्ट वाले में जो वाल्व ऑपरेटर है ना, उनका थोड़ा नंबर मिल जाएगा। क्या??
स्पीकर 1: हां मिल जाएगा।
स्पीकर 2: थोड़ा सा बता दीजिए। आप. तो मनीष
स्पीकर 1: सर नंबर दिए हैं क्या??
स्पीकर 2: नहीं। मेरे पास था आपका नंबर.
स्पीकर 1: अच्छा एक सेकंड. हां नंबर है इनका लिखिए ७३८९२७३८९२ ट्रिपल ४
स्पीकर 2: ट्रिपल ४
स्पीकर 1: डबल १
स्पीकर 2: लोकनाथ पटेल हां. ठीक है, धन्यवाद.","Speaker 1: हैलो. हां बोलिए।
Speaker 2: जी आलोक मिश्रा बात कर रहा था जल निगम से।
Speaker 1: बोलिए. आलोक
Speaker 2: मिश्रा बात कर रहा था. यह कह रहा था कि प्रोजेक्ट वाले में जो वाल्व ऑपरेटर है ना, उनका थोड़ा नंबर मिल जाएगा।
Speaker 1: हां मिल जाएगा।
Speaker 2: थोड़ा सा बता दीजिए. आप. तो मनीष
Speaker 1: सर नंबर दिए हैं क्या??
Speaker 2: नहीं। मेरे पास था आपका नंबर।
Speaker 1: अच्छा एक सेकंड. हां नंबर है इनका लिखिए ७३८९२७३८९२ ट्रिपल ४
Speaker 2: ट्रिपल ४
Speaker 1: डबल १
Speaker 2: लोकनाथ पटेल हां. ठीक है, धन्यवाद।"
18,"स्पीकर 1: नमस्ते।
स्पीकर 2: नमस्ते, हां साहब, शाम को नमस्कार।
स्पीकर 1: शाम को नमस्कार मैडम।
स्पीकर 2: सर, यह कह रहा था मैंने सर कल ही छुट्टी के लिए आवेदन डाल दिया था। वास्तव में सर मुझे थोड़ा बच्ची को लेकर कल प्रयागराज जाना था, इसलिए सर मैंने पहले से प्री-प्लान किया था। मैंने छुट्टी भी सर पहले ही डाल के रखी है इसलिए।
स्पीकर 1: नहीं। छुट्टी कितने दिन पहले डाली?
स्पीकर 2: है? सिर्फ एक दिन की सर, सोमवार बस की।
स्पीकर 1: नहीं। नहीं। कितने दिन पहले डाली?
स्पीकर 2: है यह पूछ रहा हूं। कल डाली है सर, कल।
स्पीकर 1: यह कॉलेज पहले हुआ था पिछले महीने अगर पढ़ा हो तो।
स्पीकर 2: क्या? सर?
स्पीकर 1: छुट्टी कितने दिन अगर पहले से पता है आपको? छुट्टी लगनी है तो कितने दिन पहले डालनी है छुट्टी?
स्पीकर 2: अब सर तीन चार दिन पहले बता दिया था वह कितने दिन पहले बता दें।
स्पीकर 1: सात दिन पहले आपको? आधा दिन देना। ज़रूरी है अगर आपके पास जानकारी है कि आपको।
स्पीकर 2: पास
स्पीकर 1: जानकारी है कि आपको? 
स्पीकर 2: गारंटी नहीं। है सर सही है सर सही है लेकिन सर मान लीजिए। कोई काम urgent आता है आदमी को तो जब आदमी urgently किस चीज़ को plan करेगा तो at a time बताएगा साहब, कि कोई काम पहले से urgent कोई कैसे plan कर सकता है।
स्पीकर 1: है बाबा? जो है कि plan है तो वह urgent नहीं है।
स्पीकर 2: नहीं। सर urgent urgent में ही नहीं। नहीं। सर वह planning ही ऐसा हुई। थी इसीलिए जैसे। वह तो plan ही नहीं हुई। थी इसीलिए जैसे। वह तो plan ही नहीं है। कि तुम्हारे यहाँ पर अभी कितनी सीएम हेल्पलाइन पेंडिंग है?
स्पीकर 2: सीएम हेल्पलाइन सर मेरे पर सिर्फ एक है।
स्पीकर 1: सिर्फ एक है चार?
स्पीकर 2: हां हां
स्पीकर 1: हां सिर्फ एक है। क्या? है वह किस चीज़ से related है?
स्पीकर 2: रोड रेस्टोरेशन से है सर थोड़ा सा काम है। वह लोग। यह थोड़ा सा डीबीएल वाले आजकल आज कल आज कल कर रहे हैं वह।
स्पीकर 1: क्लोज हो जाएंगे। सिर्फ एक ही पड़ी हुई। है। जो आपने अंग्रेजी में लग रही है वह कौन सा ब्लॉक आ रहे हैं।
स्पीकर 2: रीवा ब्लॉक पर, रीवा ब्लॉक सर।
स्पीकर 1: और जगह क्या? आ रही है विलेज?
स्पीकर 2: क्या? था जिला?
स्पीकर 1: विलेज विलेज।
स्पीकर 2: विलेज सर यह अपना आरईटी2।
स्पीकर 1: कौन है आसपास में इसको बोलू पर इसको फॉलो अप लेकर क्लोजर पहले में।
स्पीकर 2: सर विजय हादवेदी देखते हैं हम पहले फील्ड इंजीनियर हैं। मैं। ... बोल देता हूं सर। ठीक है। ठीक है। ओके।","Speaker 1: नमस्ते।
Speaker 2: नमस्ते, हां साहब, शाम को नमस्कार।
Speaker 1: शाम को नमस्कार मैडम।
Speaker 2: सर, मैं कल ही छुट्टी के लिए आवेदन डाल दिया था। वास्तव में सर मुझे थोड़ा बच्ची को लेकर कल प्रयागराज जाना था, इसलिए सर मैंने पहले से प्री-प्लान किया था। मैंने छुट्टी भी सर पहले ही डाल के रखी है इसलिए।
Speaker 1: छुट्टी कितने दिन पहले डाली?
Speaker 2: सिर्फ एक दिन की सर, सोमवार बस की।
Speaker 1: कितने दिन पहले डाली?
Speaker 2: कल डाली है सर, कल।
Speaker 1: छुट्टी कितने दिन अगर पहले से पता है आपको? छुट्टी लगनी है तो कितने दिन पहले डालनी है छुट्टी?
Speaker 2: अब सर तीन चार दिन पहले बता दिया था वह कितने दिन पहले बता दें।
Speaker 1: सात दिन पहले आपको? आधा दिन देना। ज़रूरी है अगर आपके पास जानकारी है कि आपको।
Speaker 2: पास
Speaker 1: जानकारी है कि आपको?
Speaker 2: गारंटी नहीं। है सर सही है सर सही है लेकिन सर मान लीजिए। कोई काम urgent आता है आदमी को तो जब आदमी urgently किस चीज़ को plan करेगा तो at a time बताएगा साहब, कि कोई काम पहले से urgent कोई कैसे plan कर सकता है।
Speaker 1: है बाबा? जो है कि plan है तो वह urgent नहीं है।
Speaker 2: नहीं। सर urgent urgent में ही नहीं। नहीं। सर वह planning ही ऐसा हुई। थी इसीलिए जैसे। वह तो plan ही नहीं हुई। थी इसीलिए जैसे। वह तो plan ही नहीं है। कि तुम्हारे यहाँ पर अभी कितनी सीएम हेल्पलाइन पेंडिंग है?
Speaker 2: सीएम हेल्पलाइन सर मेरे पर सिर्फ एक है।
Speaker 1: सिर्फ एक है चार?
Speaker 2: हां हां
Speaker 1: हां सिर्फ एक है। क्या? है वह किस चीज़ से related है?
Speaker 2: रोड रेस्टोरेशन से है सर थोड़ा सा काम है। वह लोग। यह थोड़ा सा डीबीएल वाले आजकल आज कल आज कल कर रहे हैं वह।
Speaker 1: क्लोज हो जाएंगे। सिर्फ एक ही पड़ी हुई। है। जो आपने अंग्रेजी में लग रही है वह कौन सा ब्लॉक आ रहे हैं।
Speaker 2: रीवा ब्लॉक पर, रीवा ब्लॉक सर।
Speaker 1: और जगह क्या? आ रही है विलेज?
Speaker 2: विलेज सर यह अपना आरईटी2।
Speaker 1: कौन है आसपास में इसको बोलू पर इसको फॉलो अप लेकर क्लोजर पहले में।
Speaker 2: सर विजय हादवेदी देखते हैं हम पहले फील्ड इंजीनियर हैं। मैं। ... बोल देता हूं सर। ठीक है। ठीक है। ओके।"
19,"हैलो। प्रोजेक्ट वाले क्या? थे ना सीईओ वाला? प्रोजेक्ट वाला सर क्या? है? रोहित ने, रोहित ने बोला तुम्हें। रोहित साहब ने बोला मुझे कि लेकिन उन्हें कुछ बताया नहीं। और साहब, प्रोजेक्ट बहुत आउटर में हैं। एकदम। पुखराज का नंबर है? पुखराज का नंबर है, हां। उसके साथ... चला जाऊँ, पुखराज आरी क्यूसी / क्वालिटी कंट्रोल है ना, उसको कॉल लगाओ वह जा रहे हैं। कि उसके साथ... चले जाऊँ, तो आप कोऑर्डिनेट करके उसको रिजॉल्व करवाओ। और साथ... में होगा इसके घर आ गया। सर। अगर मैं... कोऑर्डिनेट करके चले जाऊँ, अर्जेंट है।","Speaker 1: हैलो। प्रोजेक्ट के बारे में क्या हो रहा है? सीईओ से मिले थे ना? प्रोजेक्ट मैनेजर क्या कह रहे हैं?
Speaker 2: रोहित ने मुझे बताया था कि उन्होंने आपको कुछ कहा था, लेकिन उन्हें खुद कुछ नहीं बताया गया है। और साहब, प्रोजेक्ट साइट बहुत दूर है।
Speaker 1: पुखराज का नंबर है क्या? हां, उसके साथ चला जाऊँ। पुखराज क्वालिटी कंट्रोल है ना, उसको कॉल लगाओ वह जा रहे हैं।
Speaker 2: मैं कोऑर्डिनेट करके उसको रिजॉल्व करवा दूंगा। और साथ में चले जाऊँ, तो आपको कोई दिक्कत नहीं होगी। सर, अगर मैं कोऑर्डिनेट करके चले जाऊँ, तो यह अर्जेंट है।"
20,"स्पीकर १: नमस्ते। नमस्ते साहब, वहां पर कुछ डेढ़ सौ मीटर करीब पीसी रोड आइटम है। हां। तो उसमें वह कल शाम को वन लगवाएंगे साहब, फिर उसने काम शुरू कर दिया। अभी बात हुई।
स्पीकर २: शाम को एक बार कोऑर्डिनेट करके उसको कराकर फिनिश अप करना।
स्पीकर १: हां हां
स्पीकर २: मैं और जो माननीय हैं उनसे कोऑर्डिनेट करके उनको भी बता देना। मुझे।
स्पीकर १: जी जी सरपंच से शिकायत वैसे साहब, कौन किया था?
स्पीकर २: सरपंच और सीईओ।
स्पीकर १: सीईओ साहब, किए थे?
स्पीकर २: हां, सरपंच साहब से बात कर लेना ना सरपंच जी इसी बार कॉल नहीं कर लेना।
स्पीकर १: नहीं। सरपंच से मैंने अभी बात की मैं उसको कोशिश करता हूं करवा दूंगा। ठीक है।","Speaker 1: नमस्ते। नमस्ते साहब, वहां पर लगभग 150 मीटर के आसपास पीसी रोड का काम है।
Speaker 2: शाम को एक बार समन्वय करके काम पूरा कर लेंगे।
Speaker 1: हां हां
Speaker 2: मैं अधिकारियों से समन्वय करके उन्हें भी बता दूंगा।
Speaker 1: जी जी, सरपंच से शिकायत के बारे में साहब, किसने की थी?
Speaker 2: सरपंच और सीईओ ने
Speaker 1: सीईओ साहब ने की थी?
Speaker 2: हां, सरपंच साहब से बात कर लेना।
Speaker 1: नहीं, सरपंच से मैंने अभी बात की है, मैं कोशिश करता हूं कि समस्या का समाधान करवा दूं। ठीक है।"
21,"जल निगम में शिकायत दर्ज कराने के संबंध में बातचीत हो रही है। शिकायतकर्ता को बताया जा रहा है कि उनकी शिकायत सही विभाग में दर्ज नहीं हुई है, जिसके कारण उनकी समस्या का समाधान नहीं हो पा रहा है। शिकायतकर्ता से कहा जा रहा है कि वे अपनी शिकायत में सही जानकारी दर्ज कराएं, जिससे उनकी समस्या का समाधान हो सके। शिकायतकर्ता को आश्वस्त किया जा रहा है कि यदि वे सही जानकारी दर्ज कराएंगे, तो उनकी समस्या का समाधान जल्द से जल्द किया जाएगा।

शिकायतकर्ता ने बताया कि वे अपने क्षेत्र में पानी की समस्या से जूझ रहे हैं और उन्हें लगता है कि जल निगम द्वारा उनकी समस्या का समाधान नहीं किया जा रहा है। शिकायतकर्ता से कहा जा रहा है कि वे अपनी शिकायत में सही जानकारी दर्ज कराएं, जिससे उनकी समस्या का समाधान हो सके।

शिकायतकर्ता ने बताया कि वे अपनी शिकायत की जानकारी लिखित में चाहते हैं, जिससे वे अपनी समस्या का समाधान करा सकें। शिकायतकर्ता को बताया जा रहा है कि उनकी शिकायत की जानकारी लिखित में दी जाएगी, जिससे वे अपनी समस्या का समाधान करा सकें।

शिकायतकर्ता ने बताया कि वे अपनी समस्या का समाधान जल्द से जल्द चाहते हैं और उन्हें लगता है कि जल निगम द्वारा उनकी समस्या का समाधान नहीं किया जा रहा है। शिकायतकर्ता से कहा जा रहा है कि वे अपनी शिकायत में सही जानकारी दर्ज कराएं, जिससे उनकी समस्या का समाधान हो सके।

शिकायतकर्ता ने बताया कि वे अपनी शिकायत की जानकारी WhatsApp पर चाहते हैं, जिससे वे अपनी समस्या का समाधान करा सकें। शिकायतकर्ता को बताया जा रहा है कि उनकी शिकायत की जानकारी WhatsApp पर दी जाएगी, जिससे वे अपनी समस्या का समाधान करा सकें।","Speaker 1: जल निगम में आपकी शिकायत सही विभाग में दर्ज नहीं हुई है, जिसके कारण आपकी समस्या का समाधान नहीं हो पा रहा है।
Speaker 2: मैं अपने क्षेत्र में पानी की समस्या से जूझ रहा हूं और मुझे लगता है कि जल निगम द्वारा मेरी समस्या का समाधान नहीं किया जा रहा है।
Speaker 1: आपको अपनी शिकायत में सही जानकारी दर्ज करानी होगी, जिससे आपकी समस्या का समाधान हो सके।
Speaker 2: मैं अपनी शिकायत की जानकारी लिखित में चाहता हूं, जिससे मैं अपनी समस्या का समाधान करा सकूं।
Speaker 1: आपकी शिकायत की जानकारी लिखित में दी जाएगी, जिससे आप अपनी समस्या का समाधान करा सकें।
Speaker 2: मैं अपनी समस्या का समाधान जल्द से जल्द चाहता हूं और मुझे लगता है कि जल निगम द्वारा मेरी समस्या का समाधान नहीं किया जा रहा है।
Speaker 1: आपको अपनी शिकायत में सही जानकारी दर्ज करानी होगी, जिससे आपकी समस्या का समाधान हो सके।
Speaker 2: मैं अपनी शिकायत की जानकारी WhatsApp पर चाहता हूं, जिससे मैं अपनी समस्या का समाधान करा सकूं।
Speaker 1: आपकी शिकायत की जानकारी WhatsApp पर दी जाएगी, जिससे आप अपनी समस्या का समाधान करा सकें।"
22,"हैलो। भेज दिया मैंने व्हाट्सएप कर दिया है, चालू करो। आप व्हाट्सएप तो मैंने कहा व्हाट्सएप कर दिया है। जी। देख लो फोन करके एक बार। ओके।","Speaker 1: हैलो, मैंने व्हाट्सएप पर भेज दिया है, चालू करो।
Speaker 2: आप व्हाट्सएप पर क्या भेजना चाहते थे?
Speaker 1: मैंने व्हाट्सएप पर जो भेजना था, वह भेज दिया है।
Speaker 2: ठीक है, मैं देख लेता हूँ।
Speaker 1: फोन करके एक बार देख लो।
Speaker 2: ओके, मैं देखता हूँ।"
23,"नमस्ते","Speaker 1: नमस्ते"
24,"स्पीकर 1: हैलो। संतोष जी से बात हो रही है?
स्पीकर 2: क्या? बोल रहे हैं?
स्पीकर 1: संतोष जी से बात हो रही है ना? हां हां। मैं आलोक मिश्रा बात कर रहा था, मध्य प्रदेश, जल निगम यादव से。
स्पीकर 2: जल निगम से
स्पीकर 1: हां, जल निगम से
स्पीकर 2: हां,
स्पीकर 1: बताइए। आपने एक सीएम एम्प्लॉई की थी?
स्पीकर 2: हां, किए सर पानी वाली कुछ चल नहीं रहा, टंकी नहीं है। वन रही है सब कुछ हैरान एकदम बार-बार, भाई कोई कुछ काम व्यवस्था नहीं है। सब दम छत है।
स्पीकर 1: नहीं। तो यह आपका रामपुरवा गांव है ना?
स्पीकर 2: रामपुरवा नहीं। वह कुछ नहीं है। रामपुरवा गांव वह टंकी नहीं है। वन जाता गांव से।
स्पीकर 1: क्या? हो गया। है नहीं?
स्पीकर 2: टंकी नहीं है। वन जाता खुद में हां। टंकी नहीं है। में नहीं आता।
स्पीकर 1: पहले लोकेशन तो क्लियर करिए।
स्पीकर 2: क्या?
स्पीकर 1: यह रमपुरूबा इधर भी क्या? बोलते हैं पुरानी जो पुल है वह दस से जाने में पड़ता है ना? हां वही। पच्चीस माह से होते हैं वही।
स्पीकर 2: डोमा डोमा डोमा तरफ से हैं। डोमा तरफ से आता है यह।
स्पीकर 1: घूमा तरफ से आता है ना।
स्पीकर 2: यह लोग लड़ाई पंचायत है।
स्पीकर 1: लोग लड़ाई पंचायत। तो क्या? है वहां पर एक वैसी वाली टंकी बनी होगी ना आपके आसपास वहां में लोहे वाली?
स्पीकर 2: नहीं। बनी हुई। नज़र है ना। अच्छा। एकदम बंद है एकदम पांच महीने पहले
स्पीकर 1: चल रहा था? कुछ नहीं। चल रहे हैं। पांच महीना पहले चल रहा था
स्पीकर 2: था। हां नहीं। चल रहा, नहीं। चल रहा, नहीं। चल रहा, नहीं। चल रहा था।
स्पीकर 1: अरे अभी नहीं। चल रहा पांच महीना पहले चल रहा था कि वह तब भी नहीं। चल रहा था।
स्पीकर 2: कभी टंकी बनी तो कहाँ चल रहे हैं। कभी नहीं। चला
स्पीकर 1: पानी नहीं। चला आप यह कह
स्पीकर 2: रहे हो हां हां टंकी नहीं। बनी तो काम कहाँ चल रहे हैं। पाइपलाइन नहीं। पूरी है तो पानी कहाँ चल रहे हैं। अभी सबका अधूरा पड़ा है, जो कराइए आप।
स्पीकर 1: कितने साल पहले की आई शिकायत आज? यह अरे अभी
स्पीकर 2: उसकी से एक साल हो गया। यह, दो साल काम चल रहे हैं। एक दो साल।
स्पीकर 1: क्या? है अगली शिकायत हम पहले जल निगम में आ गई है। जी जी तो यह आपका काम आप एसी विभाग का है।
स्पीकर 2: एसी विभाग का है? हां। हां, तो केएफसी विभाग यह सतना, सतना का है ना यह।
स्पीकर 1: कैसे सतना का है? जिला कौन सा लगता है वहां का यह?
स्पीकर 2: जिला तो रीवा लगता है लेकिन सतना जिला इसमें हम पहले इसमें विधान सभा में।
स्पीकर 1: सतना विधान सभा लगता है।
स्पीकर 2: नहीं। मेरा तो रीवा लगता है लेकिन सतना सतना जिला काम हो रहे हैं। आपका, नर जल का ही।
स्पीकर 1: सतना मार सागर 2 का हो रहा था।
स्पीकर 2: हां, सतना मार सागर हां हां
स्पीकर 1: समझ गया। यह। सतना मार सागर
स्पीकर 2: कुछ कुछ काम ही नहीं। हो रहे हैं। इधर मान लीजिए। ठेकेदार खाकर कुछ काम ही नहीं। हो रहे हैं। ना तो बोले भाई साहब, टंकी लगा। देंगे। मार्च बाद कटाई हो गई यहाँ तक पता ही नहीं। है ना नहीं। नहीं। नहीं। है ना। नहीं। नहीं। नहीं। है ना। किधर खुदा उदास हो
स्पीकर 1: गया। अरे सुनिए तो यह कम्प्लेंट आपके हम पहले रीवा वाले उसमें आ गई है। जी इसको सत्ता बार से अगर 2 वाले में ट्रांसफर करना पड़ेगी। जी जी जी
स्पीकर 2: हां। और उनको बोले, मैडम को बोले थे कि यह सातवां वाले में कर ही है ना।
स्पीकर 1: हां नहीं। आपने रीवा वाले में उन्होंने किया।
स्पीकर 2: है। जी जी
स्पीकर 1: इसमें कहीं आपने लिखवाया नहीं। ना ऐसा जी इसमें आपने ऐसा कहीं लिखवाया नहीं। है ना कि सतनावां सागर तू स्कीम थी।
स्पीकर 2: तो बोले थे सतना तो बोले थे सतना की स्कीम है
स्पीकर 1: नहीं। नहीं। नहीं। लिखवाया है इसमें। चलिए, मैं। इसको इस सालान से करवाता हूं वहां के लिए। नहीं। नहीं। करवाए,
स्पीकर 2: ठीक ठीक है ठीक है सर करवाइए तो काम ठीक है ना।
स्पीकर 1: ओके","Speaker 1: हैलो। संतोष जी से बात हो रही है?
Speaker 2: क्या? बोल रहे हैं?
Speaker 1: संतोष जी से बात हो रही है ना? हां हां। मैं आलोक मिश्रा बात कर रहा था, मध्य प्रदेश, जल निगम यादव से।
Speaker 2: जल निगम से
Speaker 1: हां, जल निगम से
Speaker 2: हां,
Speaker 1: बताइए। आपने एक सीएम एम्प्लॉई की थी?
Speaker 2: हां, किए सर पानी वाली कुछ चल नहीं रहा, टंकी नहीं है। वन रही है सब कुछ हैरान एकदम बार-बार, भाई कोई कुछ काम व्यवस्था नहीं है। सब दम छत है।
Speaker 1: नहीं। तो यह आपका रामपुरवा गांव है ना?
Speaker 2: रामपुरवा नहीं। वह कुछ नहीं है। रामपुरवा गांव वह टंकी नहीं है। वन जाता गांव से।
Speaker 1: क्या? हो गया। है नहीं?
Speaker 2: टंकी नहीं है। वन जाता खुद में हां। टंकी नहीं है। में नहीं आता।
Speaker 1: पहले लोकेशन तो क्लियर करिए।
Speaker 2: क्या?
Speaker 1: यह रमपुरूबा इधर भी क्या? बोलते हैं पुरानी जो पुल है वह दस से जाने में पड़ता है ना? हां वही। पच्चीस माह से होते हैं वही।
Speaker 2: डोमा डोमा डोमा तरफ से हैं। डोमा तरफ से आता है यह।
Speaker 1: घूमा तरफ से आता है ना।
Speaker 2: यह लोग लड़ाई पंचायत है।
Speaker 1: लोग लड़ाई पंचायत। तो क्या? है वहां पर एक वैसी वाली टंकी बनी होगी ना आपके आसपास वहां में लोहे वाली?
Speaker 2: नहीं। बनी हुई। नज़र है ना। अच्छा। एकदम बंद है एकदम पांच महीने पहले
Speaker 1: चल रहा था? कुछ नहीं। चल रहे हैं। पांच महीना पहले चल रहा था कि वह तब भी नहीं। चल रहा था।
Speaker 2: था। हां नहीं। चल रहा, नहीं। चल रहा, नहीं। चल रहा था।
Speaker 1: अरे अभी नहीं। चल रहा पांच महीना पहले चल रहा था कि वह तब भी नहीं। चल रहा था।
Speaker 2: कभी टंकी बनी तो कहाँ चल रहे हैं। कभी नहीं। चला
Speaker 1: पानी नहीं। चला आप यह कह
Speaker 2: रहे हो हां हां टंकी नहीं। बनी तो काम कहाँ चल रहे हैं। पाइपलाइन नहीं। पूरी है तो पानी कहाँ चल रहे हैं। अभी सबका अधूरा पड़ा है, जो कराइए आप।
Speaker 1: कितने साल पहले की आई शिकायत आज? यह अरे अभी
Speaker 2: उसकी से एक साल हो गया। यह, दो साल काम चल रहे हैं। एक दो साल।
Speaker 1: क्या? है अगली शिकायत हम पहले जल निगम में आ गई है। जी जी तो यह आपका काम आप एसी विभाग का है।
Speaker 2: एसी विभाग का है? हां। हां, तो केएफसी विभाग यह सतना, सतना का है ना यह।
Speaker 1: कैसे सतना का है? जिला कौन सा लगता है वहां का यह?
Speaker 2: जिला तो रीवा लगता है लेकिन सतना जिला इसमें हम पहले इसमें विधान सभा में।
Speaker 1: सतना विधान सभा लगता है।
Speaker 2: नहीं। मेरा तो रीवा लगता है लेकिन सतना सतना जिला काम हो रहे हैं। आपका, नर जल का ही।
Speaker 1: सतना मार सागर 2 का हो रहा था।
Speaker 2: हां, सतना मार सागर हां हां
Speaker 1: समझ गया। यह। सतना मार सागर
Speaker 2: कुछ कुछ काम ही नहीं। हो रहे हैं। इधर मान लीजिए। ठेकेदार खाकर कुछ काम ही नहीं। हो रहे हैं। ना तो बोले भाई साहब, टंकी लगा। देंगे। मार्च बाद कटाई हो गई यहाँ तक पता ही नहीं। है ना नहीं। नहीं। नहीं। है ना। नहीं। नहीं। नहीं। है ना। किधर खुदा उदास हो
Speaker 1: गया। अरे सुनिए तो यह कम्प्लेंट आपके हम पहले रीवा वाले उसमें आ गई है। जी इसको सत्ता बार से अगर 2 वाले में ट्रांसफर करना पड़ेगी। जी जी जी
Speaker 2: हां। और उनको बोले, मैडम को बोले थे कि यह सातवां वाले में कर ही है ना।
Speaker 1: हां नहीं। आपने रीवा वाले में उन्होंने किया।"
25,"हां, पटेल जी आलोक मिश्रा बात कर रहे थे दिल्ली में से. जी लोकनाथ से बात करना है. हां हां लोकनाथ जी से बात करेगा. जी बोलिए. हां यह बात रहन या जो पाइप डैमेज हुई थी वह तो ठीक हो गई. रही ना? कौन सी पाइप? यह अपना वाली पीएसई वाली. कहाँ? फ़ातिमा. पांचवां कहाँ पर? यह कहती है जब मुझे आपके जो वह यह दिलीप बेरकाम वाले फॉल्ट था ना? हां हां हां. दिलीप बेरकाम वाला फॉल्ट तो सुधार हो गया था. हां. अब यह जो ठेकेदार वाली गड़बड़ी है, वह दुबे जी वाली.

हां हां नहीं, तो दुबे जी यह कह ही रहे हैं हमसे कि वह दिलीप बेल काम वाला भी शिमला बाकी है. अरे नहीं, दिलीप बिल्डिकान वाले बेचारे दो तीन बार बनार गए हैं. तो ठोक नहीं, लेना ना आप कहे जी हां एक बे हम लाइन वुमका ले ही थे द्विवेदी जी का हमारे ही कई देव काम से. हम बता देंगे, कि दिलीप बेलगाम के कर्मचारियों ने जो गलती की थी, जो फाड़ दिए थे.

अब जो यह ठेकेदार का माध्यम का है भाई यह घर उनकी पैसे ही नहीं गई दिलीप बेलगाम वाली. हां हां हां हां बस. तो उनका क्या? जवाबदारी है? सही बात, सही बात, पटेल जी बहुत अपना धर्म की बात कही है. तो तो हम ले ही रहे हैं दूरी का हमारे लिए. हां हां.

नाम उनका दिल्ली बिल्डिंग काम का लगा रहे है और गलती कहीं कहाँ से हो रही है. वह है बात, हां. भाई नाली बनवाए हैं पंचायत के माध्यम से. नाली वाले नाली वाले भी फोड़ रहे हैं वह भी तो देसी भी लगा के काम कराते थे ना. सही बात है, सही बात है.

तो भाई उसका पहले यहाँ से नक्शा खींच ले के हमारी पाइप कहाँ से गई है. दिल्ली बिल्ड काम का कितना काम है वह पहले उसका सर्वे कर ले के दिल्ली बिल्ड काम का इतने काम है. बाकी दिल्ली बिल्ड काम के अलावा जो पाइपलाइनें बिछी हैं और फॉल्ट हैं टूटी फूटी हैं तो वह दिल्ली बिल्ड काम की उसमें कोई जवाबदारी नहीं है.

बिल्कुल सही बात है, हमसे तो दिल्ली बिल्ड काम वाले बताएंगे हम सब बना जा रहे हैं. अरे द्विवेदी यह हम लोग. बना गए हैं बेचारे तीन बार आए तीन चार बार आए. हां हां हां. अब रही बात यह है कि जो ठेकेदार का की पाइपलाइन में है, उदय में जो है तो उनका सुधार दिल्ली बेल्ट का हम थोड़ी कराएंगे.

वही वही चीज़ है, तो दो. अच्छा ठीक है, हां ठीक है ठीक है पटेल जी तो हम ले ही उनका लाइन में कि यह देखो, कोनों बात, नहीं. दुबे जी के लाइन में ले कोई चले ले, कहाँ खाना दुबे जी के हैं राजकुमार. राजकुमार दुबे जी हां. हां राजकुमार दुबे जी के ले लाइन में तो हम बात कर ही.

एक मिनट. यह खा रहे हैं बड़े घंटे का है. हां. अरे द्विवेदी जी पटेल जी लाइन में हैं मैं. हां हां सिर बोलिए. पटेल जी बता दीजिए इनको दुबे जी को कि क्या? दिलीप बिल्डकान का कोई काम बाकी है वहां? दुबे जी हैं लाइन में? हां हां लाइन में हैं.

दुबे जी पाला जी. हां पुछ रहा हूं. यह कहें, दुबे जी. हां. पहले तो यह थे वह सुन ली, यह जो तीनों जो फार्मर अपना के रखे हैं पीएचई विभाग वाले हां. सर्जन के कनेक्शन काट दिए नहीं. आज छब्बीस तारीख से छब्बीस मार्च से.

हां. जेई यह समाधान योजना चल रहा था अठाईस को था लास्ट सीरीज का. हां. तो पूरे जितने ट्रांसफॉर्मर आपने लगवाए हैं हां सब ट्रांसफॉर्मर का जंपर काट दिए हैं. तो जो भी पानी की सप्लाई होती थी जो भी वो सब बंद है. दूसरी बात, जो बोले कि यह है हम एक कंप्लेन भी किए उन्होंने इस बारह में और छियासी ने कंप्लेन किए कहीं वो पीजीआई विभाग का नहीं जुड़ेगा जब तक.

हाँ, पैसे नहीं मिले वो सब ज़्यादा काटते हैं. हां, और रही बात, दिल्ली बेल्ट काम की जो पाइपलाइनें दिखी है तो वो सुधार कर चुके हैं. आप एक सर्वे कर लीजिए मौके में रखे कि.

ओका ओका यार जो ऊपर टंकी जाती है वो और दुकान नहीं बहाए. कहाँ पर? आगे जो वहाँ ऊपर पत्थर वाले में पानी जाता है. तो पत्थर वाले में जाता है तो कहाँ जहां जहां फॉल्ट था कहाँ तो सुधार कर दिए हैं वो. पानी नहीं जाए तो यह भाई जिधर आप विश्वाए हैं तो आबादी पाइपलाइन खराब है भाई नाली बनी पंचायत के माध्यम से उनको डैमेज कर रहे हैं.

अरे नहीं, नहीं, नहीं, नहीं, उसमें नाली नहीं बनी है राजिग मेल में नहीं बनी है नाली. हां, तो आके एक दिन मौका कर लीजिए आप. अरे हम मौका का मौका एक नहीं है कई दिन के एक दिन हम रुक के चल पाए.

तो जानकारी कैसे हो जब ट्रांसफर बने चालू नहीं है कोई चलाने वाला नहीं है. हां हां बार बार तो अभी बंद हुआ है. हां एक बार आप चलवाएं देखिए,. वह तो पोकलेन मैटर है पूरा मध्यप्रदेश का.

हो गया, ठीक है. द्विवेदी जी जानी था इतने निवेदन आ रहे हैं भाई. जो बस्ती में अटकी एकर आई है जो पट पर कही लाइन जाती है वह कर बात, हम कह रहे हैं विश्वकर्मा होगा जाना था विश्वकर्मा से वहाँ महीने बाद है तो कहे इसके अब खेत कट गए हैं तो पता लगा कि कहाँ पानी जाता है चला ही रहे हैं पानी जाता है नहीं रहता.

नहीं, नहीं, सुनील द्विवेदी जी हमारी निवेदन सुन रही कार हमारे टीम वो पंद्रह दिन पड़ी रही है अपना खाते अपना से हम बात भी रही जब ना. पंद्रह दिन पड़ी रही था बहन लाइन दो चार रोज़ में जुड़ी जाती हैं हां, तो पंद्रह दिन तक सुनील.

सुनीता द्विवेदी जी एक मिनट. जितना पानी चलावत गए हैं और जहां जहां डैमेज में लग गए हैं वह बेचारे बनाए ही नहीं थे हम का बताए ही नहीं. फिर हां अपन कि हम हमारे हम पहले लाइन के थ्रू जितना डैमेज रहा हमने सब बना दिया है.

दी है हम गए ठीक है द्विवेदी जी का हम बता दें. और कौन सा डैमेज रहा भाई नहीं रहे हैं. जो डैमेज रहा था हमारे के यहाँ से रहे हैं बाकी चलती योजना वन रहे हैं.

हम बचे तो चलवाई क्या? आए हैं ना. द्विवेदी जी हम उनके पास गए रहे. हैं उनका दिखाई नहीं चलाई कि कि हां. देखिए, साहब, यह अपना कहे इंसान सब बना दिए हैं.

नहीं, नहीं, कनेक्शन जुड़ गई, कनेक्शन तो चारों में जुड़ा जहां तक चलवा के रखवाए गई तो हम का क्या? दिक्कत है वह तो फिर ज़ाहिर ना की पानी ऊपर. हां तो ऐसा करिए अपना जब कनेक्शन अपना की जुड़ जाए तो एक दिन अपना हम पहले साथ... चल लीजिए.

हम पहले साथ... कनेक्शन. हां तो आप एक बार जवाब दीजिए. और एक दिन आकर दोनों प्रोजेक्ट आकर चेक कर लीजिए. बात. ख़त्म. बात. ख़त्म. ठीक है ना? यह दोनों प्रोजेक्ट है. ठेकेदार साहब, भी आएं और आप भी यह धोनी बेड काम के कर्मचारी आएं और ठेकेदार साहब, आएं, चेक कर लें. इसमें झगड़ा खाएंगे क्या? बात. है.

हम डीबीएल के इंजीनियरों को लाए हैं उनको देख लीजिए. प्रोजेक्ट से लेकर गुजारहा तक तीन बार सुधार किए हैं. हां. अब यहाँ से लेकर गुजारहा तब तो बिल्कुल कंप्लीट है. पहाड़ में कहाँ गड़बड़ पहाड़ तो मैं... नहीं गया. ठीक है ना तो यह दीदी. ठीक है ठीक है सर. ओके ओके ओके.","Speaker 1: पटेल जी आलोक मिश्रा बात कर रहे थे दिल्ली में से. जी लोकनाथ से बात करना है।
Speaker 2: हां हां लोकनाथ जी से बात करेगा. जी बोलिए।
Speaker 1: हां यह बात रहन या जो पाइप डैमेज हुई थी वह तो ठीक हो गई. रही ना?
Speaker 2: कौन सी पाइप? यह अपना वाली पीएसई वाली।
Speaker 1: कहाँ? फ़ातिमा. पांचवां कहाँ पर?
Speaker 2: यह कहती है जब मुझे आपके जो वह यह दिलीप बेरकाम वाले फॉल्ट था ना?
Speaker 1: हां हां हां. दिलीप बेरकाम वाला फॉल्ट तो सुधार हो गया था।
Speaker 2: हां. अब यह जो ठेकेदार वाली गड़बड़ी है, वह दुबे जी वाली।
Speaker 1: हां हां नहीं, तो दुबे जी यह कह ही रहे हैं हमसे कि वह दिलीप बेल काम वाला भी शिमला बाकी है।
Speaker 2: अरे नहीं, दिलीप बिल्डिकान वाले बेचारे दो तीन बार बनार गए हैं।
Speaker 1: तो ठोक नहीं, लेना ना आप कहे जी हां एक बे हम लाइन वुमका ले ही थे द्विवेदी जी का हमारे ही कई देव काम से।
Speaker 2: हम बता देंगे, कि दिलीप बेलगाम के कर्मचारियों ने जो गलती की थी, जो फाड़ दिए थे।
Speaker 1: अब जो यह ठेकेदार का माध्यम का है भाई यह घर उनकी पैसे ही नहीं गई दिलीप बेलगाम वाली।
Speaker 2: हां हां हां हां बस. तो उनका क्या? जवाबदारी ही?
Speaker 1: सही बात, सही बात, पटेल जी बहुत अपना धर्म की बात कही है।
Speaker 2: तो तो हम ले ही रहे हैं दूरी का हमारे लिए।
Speaker 1: हां हां. नाम उनका दिल्ली बिल्डिंग काम का लगा रहे है और गलती कहीं कहाँ से हो रही है।
Speaker 2: वह है बात, हां. भाई नाली बनवाए हैं पंचायत के माध्यम से।
Speaker 1: नाली वाले नाली वाले भी फोड़ रहे हैं वह भी तो देसी भी लगा के काम कराते थे ना।
Speaker 2: सही बात है, सही बात है।
Speaker 1: तो भाई उसका पहले यहाँ से नक्शा खींच ले के हमारी पाइप कहाँ से गई है।
Speaker 2: दिल्ली बिल्ड काम का कितना काम है वह पहले उसका सर्वे कर ले के दिल्ली बिल्ड काम का इतने काम है।
Speaker 1: बाकी दिल्ली बिल्ड काम के अलावा जो पाइपलाइनें बिछी हैं और फॉल्ट हैं टूटी फूटी हैं तो वह दिल्ली बिल्ड काम की उसमें कोई जवाबदारी नहीं है।
Speaker 2: बिल्कुल सही बात है, हमसे तो दिल्ली बिल्ड काम वाले बताएंगे हम सब बना जा रहे हैं।
Speaker 1: अरे द्विवेदी यह हम लोग. बना गए हैं बेचारे तीन बार आए तीन चार बार आए।
Speaker 2: हां हां हां. अब रही बात यह है कि जो ठेकेदार का की पाइपलाइन में है, उदय में जो है तो उनका सुधार दिल्ली बेल्ट का हम थोड़ी कराएंगे।
Speaker 1: वही वही चीज़ है, तो दो. अच्छा ठीक है, हां ठीक है ठीक है पटेल जी तो हम ले ही उनका लाइन में कि यह देखो, कोनों बात, नहीं।
Speaker 2: दुबे जी के लाइन में ले कोई चले ले, कहाँ खाना दुबे जी के हैं राजकुमार।
Speaker 1: राजकुमार दुबे जी हां. हां राजकुमार दुबे जी के ले लाइन में तो हम बात कर ही।
Speaker 2: एक मिनट. यह खा रहे हैं बड़े घंटे का है।
Speaker 1: हां. अरे द्विवेदी जी पटेल जी लाइन में हैं मैं।
Speaker 2: हां हां सिर बोलिए. पटेल जी बता दीजिए इनको दुबे जी को कि क्या?
Speaker 1: दिलीप बिल्डकान का कोई काम बाकी है वहां? दुबे जी हैं लाइन में?
Speaker 2: हां हां लाइन में हैं।
Speaker 1: दुबे जी पाला जी. हां पुछ रहा हूं।
Speaker 2: यह कहें, दुबे जी. हां।
Speaker 1: पहले तो यह थे वह सुन ली, यह जो तीनों जो फार्मर अपना के रखे हैं पीएचई विभाग वाले हां।
Speaker 2: सर्जन के कनेक्शन काट दिए नहीं. आज छब्बीस तारीख से छब्बीस मार्च से।"
26,"हां खेल आ गया। तुझे।
जी बोलिए। नमस्ते।
तो बताएं आपने फोन किया। था मुझे फिर पर्सनल नंबर पर।
हां फोन किया। था। जब मैं खाली था तो उस समय फोन किया। था। आपने फोन नहीं रिसीव किया।
क्या? था मैं थोड़ा एक दुनिया छुट्टी में था बताइए। छुट्टी में था एक दुनिया में।
हां हां नहीं। तो आप फोन कर रहे थे तो मुझे समय लगा। तो मैंने आपको बताया था कि मुझे जब समय रखे। मैं बात करूंगा तो बात करने के लिए लगाया था। आवाज़ समय
पर फोन कर रहे थे बताइए फिलहाल हैं कहाँ पर अभी आप?
भईया मैं ड्यूटी में हूं।
ड्यूटी आप कहाँ से करते हैं?
मेरी ड्यूटी जो है तो फील्ड की रहती है। हां। इंजीनियरिंग में।
काहे में इंजीनियरिंग में? यह क्या होता है?
रेलवे में।
अच्छा रेलवे में तो आपसे मुलाकात नहीं हो पाएगी?
मेरी मुलाकात आपके होगी वही समय जो मैं बताया हूं या कि सुबह आप छह से आठ के बीच और शाम को।
कल सुबह आदमी कहाँ उपलब्ध हो पाएगा और शाम को?
शाम को ही पांच से सात तक।
पांच से सात तक उस दिन मैंने फोन किया था आपको।
कॉल हो सकता है कॉल ऑफ रहे मेरा।
अच्छा सुनिए अभी आपका करना क्या है शिकायत में? क्योंकि शिकायत आपके मर्ज़ी से वैध नहीं है।
सुनिए आपसे वैध नहीं है मैं मानता हूं। यह जो कहीं हीरा गांव है और आपका यह और अन्य गांव जुड़े हुए गांव हैं यहाँ से तो यही जो योजना में का काम चल रहे हैं। आपके अंडर में। हां। इसी योजना की पाइपलाइन तो सारी इधर डाली गई है। मुझे पता चला।
रहा हूं। यह पाइपलाइन हम पहले अंडर पर है तो हमारी पाइप डाली गई
है। तो यह नहीं है आपके अंडर में?
नहीं। नहीं। यह हम पहले अंडर पर नहीं हुआ है।
तो फिर यह यहाँ किस उद्देश्य से जो है तो यह टंकी का निर्माण करवा रहे हैं?
अरे निर्माण कार्य वह सरकारी घूम के तहत किया गया। भूमि तो ठीक है,
सरकारी घूम के तहत किया गया। लेकिन उसका आवागमन कुछ होगा।
नहीं। तो आवागमन जिस टंकी के लिए होगा उसके लिए होगा ना?
यह टंकी के लिए। इसका रिमोन किया जा रहा है। अलग टंकी के लिए।
बिल्कुल बिल्कुल बिल्कुल। उससे टंकी में पानी जाएगा। वह खुद टंकी नहीं है। हां।
तो आप ऐसा करिए ना आप मेरी शिकायत पीएचई
को जिस जिस विभाग का उसको ट्रांसफर कर दीजिए। फॉरवर्ड करिए, फॉरवर्ड करके आप अपना काम दूसरा करिए। मैं कह रहा हूं कि मैं फॉरवर्ड करूंगा मुझे उसकी समस्या नहीं है, मैंने लगाया भी दिया है आपको पंद्रह दिन के लिए। फॉरवर्ड हो जाएगा। हां। आप जिस उद्देश्य के लिए शिकायत किए हो वह देश आपको पूरे होने का समय लगेगा।
अच्छा।
हां, नहीं। तो जब
समय लगेगा तो जब से मेरा काम हो जाएगा। तो मैं इसकी यह शिकायत वापस ले लूंगा। ठीक है, कोई बात नहीं। हां जब काम हो जाएगा तो शिकायत वापस ले लिया जाएगा। क्या? दिक्कत है?
नहीं। तो हम पहले तरफ से आपका काम होगा ही नहीं ना वही तो मैं कह रहा हूं वह। आप जिससे कंधे से जिससे पानी मांग रहे हो वह पानी देने के लिए बना ही नहीं है।
सुनिए श्रीमान जी मेरा कहना यह है कि जब हम पहले विभाग में कोई काम आता है जब मेरे अंदर का नहीं।
है तो मैं फॉरवर्ड कर देता हूं तो दूसरा विभाग जाने में तो जवाब दे दिया। बिल्कुल सही बात है।
और ट्रांसफर कर दिया वहां।
हां हां बिल्कुल, कोई बात नहीं।
तो आप ट्रांसफर कर
दीजिए। मैं ट्रांसफर कर दिया।
वह हमसे संपर्क करेंगे? जहां आप ट्रांसफर करेंगे? तो, वह लोग करेंगे? हमसे फिर। ठीक है।
हां, नहीं। करेंगे? तो मैं कार्यवाही के जवाब
मांगेंगे।
ठीक है।","Speaker 1: हां खेल आ गया। तुझे।
Speaker 2: जी बोलिए। नमस्ते।
Speaker 1: तो बताएं आपने फोन किया। था मुझे फिर पर्सनल नंबर पर।
Speaker 2: हां फोन किया। था। जब मैं खाली था तो उस समय फोन किया। था। आपने फोन नहीं रिसीव किया।
Speaker 1: क्या? था मैं थोड़ा एक दुनिया छुट्टी में था बताइए। छुट्टी में था एक दुनिया में।
Speaker 2: हां हां नहीं। तो आप फोन कर रहे थे तो मुझे समय लगा। तो मैंने आपको बताया था कि मुझे जब समय रखे। मैं बात करूंगा तो बात करने के लिए लगाया था। आवाज़ समय पर फोन कर रहे थे बताइए फिलहाल हैं कहाँ पर अभी आप?
Speaker 1: भईया मैं ड्यूटी में हूं।
Speaker 2: ड्यूटी आप कहाँ से करते हैं?
Speaker 1: मेरी ड्यूटी जो है तो फील्ड की रहती है। हां। इंजीनियरिंग में।
Speaker 2: काहे में इंजीनियरिंग में? यह क्या होता है?
Speaker 1: रेलवे में।
Speaker 2: अच्छा रेलवे में तो आपसे मुलाकात नहीं हो पाएगी?
Speaker 1: मेरी मुलाकात आपके होगी वही समय जो मैं बताया हूं या कि सुबह आप छह से आठ के बीच और शाम को।
Speaker 2: कल सुबह आदमी कहाँ उपलब्ध हो पाएगा और शाम को?
Speaker 1: शाम को ही पांच से सात तक।
Speaker 2: पांच से सात तक उस दिन मैंने फोन किया था आपको।
Speaker 1: कॉल हो सकता है कॉल ऑफ रहे मेरा।
Speaker 2: अच्छा सुनिए अभी आपका करना क्या है शिकायत में? क्योंकि शिकायत आपके मर्ज़ी से वैध नहीं है।
Speaker 1: सुनिए आपसे वैध नहीं है मैं मानता हूं। यह जो कहीं हीरा गांव है और आपका यह और अन्य गांव जुड़े हुए गांव हैं यहाँ से तो यही जो योजना में का काम चल रहे हैं। आपके अंडर में। हां। इसी योजना की पाइपलाइन तो सारी इधर डाली गई है। मुझे पता चला।
Speaker 2: रहा हूं। यह पाइपलाइन हम पहले अंडर पर है तो हमारी पाइप डाली गई है। तो यह नहीं है आपके अंडर में?
Speaker 1: नहीं। नहीं। यह हम पहले अंडर पर नहीं हुआ है।
Speaker 2: तो फिर यह यहाँ किस उद्देश्य से जो है तो यह टंकी का निर्माण करवा रहे हैं?
Speaker 1: अरे निर्माण कार्य वह सरकारी घूम के तहत किया गया। भूमि तो ठीक है, सरकारी घूम के तहत किया गया। लेकिन उसका आवागमन कुछ होगा।
Speaker 2: नहीं। तो आवागमन जिस टंकी के लिए होगा उसके लिए होगा ना?
Speaker 1: यह टंकी के लिए। इसका रिमोन किया जा रहा है। अलग टंकी के लिए।
Speaker 2: बिल्कुल बिल्कुल बिल्कुल। उससे टंकी में पानी जाएगा। वह खुद टंकी नहीं है। हां।
Speaker 1: तो आप ऐसा करिए ना आप मेरी शिकायत पीएचई को जिस जिस विभाग का उसको ट्रांसफर कर दीजिए। फॉरवर्ड करिए, फॉरवर्ड करके आप अपना काम दूसरा करिए।
Speaker 2: मैं कह रहा हूं कि मैं फॉरवर्ड करूंगा मुझे उसकी समस्या नहीं है, मैंने लगाया भी दिया है आपको पंद्रह दिन के लिए। फॉरवर्ड हो जाएगा। हां। आप जिस उद्देश्य के लिए शिकायत किए हो वह देश आपको पूरे होने का समय लगेगा।
Speaker 1: अच्छा।
Speaker 2: हां, नहीं। तो जब समय लगेगा तो जब से मेरा काम हो जाएगा। तो मैं इसकी यह शिकायत वापस ले लूंगा। ठीक है, कोई बात नहीं। हां जब काम हो जाएगा तो शिकायत वापस ले लिया जाएगा। क्या? दिक्कत ह?
Speaker 1: नहीं। तो हम पहले तरफ से आपका काम होगा ही नहीं ना वही तो मैं कह रहा हूं वह। आप जिससे कंधे से जिससे पानी मांग रहे हो वह पानी देने के लिए बना ही नहीं है।
Speaker 2: सुनिए श्रीमान जी मेरा कहना यह है कि जब हम पहले विभाग में कोई काम आता है जब मेरे अंदर का नहीं है तो मैं फॉरवर्ड कर देता हूं तो दूसरा विभाग जाने में तो जवाब दे दिया। बिल्कुल सही बात है।
Speaker 1: और ट्रांसफर कर दिया वहां।
Speaker 2: हां हां बिल्कुल, कोई बात नहीं।
Speaker 1: तो आप ट्रांसफर कर दीजिए। मैं ट्रांसफर कर दिया।
Speaker 2: वह हमसे संपर्क करेंगे? जहां आप ट्रांसफर करेंगे? तो, वह लोग करेंगे? हमसे फिर। ठीक है।
Speaker 1: हां, नहीं। करेंगे? तो मैं कार्यवाही के जवाब मांगेंगे।
Speaker 2: ठीक है।"
27,"हैलो. हैलो. जी, सर बंसल, आलोक मिश्रा बात कर रहा था से. जी जी सर. हां. यह कह रहा था कुछ आपके यहाँ कुछ रोड स्टेशन वगैरह पेंडिंग था क्या?? तो हां सर वह पाइपलाइन का काम हुआ था. हां. तो उसमें क्या? जो नई सीसी से बनी थी सर उसमें क्या? कुछ दिक्कत है पूरी. हां हां हां. नहीं। हां सर. यह कब से है बहुत समय से पहले से क्या?? यह सर अभी जब पाइपलाइन चली थी ना वह जो नहीं। मतलब मशीन वह म्यूटुअल से खंड के डाल रहा था. हां. वह वाले में सर हुआ है. अच्छा एचडीडी वाली जो मशीन नीचे नीचे पाइप डाली थी? हां हां हां हां हां सर उसी वाले पर सर. अच्छा अच्छा तो कितना डैमेज होगा? सर वह डैमेज है मतलब कुछ डेढ़ दो सौ मीटर करीब है सर. हां तो वह तो हो जाएगा। फिर उसमें तो कोई दिक्कत नहीं। है. है ना? मतलब मतलब साढ़े तीन सौ की रोड थी साढ़े तीन सौ मीटर की. अच्छा अच्छा अच्छा. बीच में कहीं तीन छूटा है बाकी आगे नीचे से डाल दिए हैं. तो कहीं कहीं बीच में होगा डैमेज बाकी नहीं। होगा. हां तो सर वह डैमेज हो गया। तो सर वह जो कोई केमिकल यदि कोई सीमेंट आती है ना, अपन उससे पैकिंग करवा देंगे।?,, कोई इश्यू नहीं। है आप थोड़ा दिखवा दीजिएगा हिन्दी के साथ... को भेजकर. मैं।..., मैं।... दिखवा दूंगा है ना? तो सर उसको दिखवा दीजिए।, बाकी जो पाइपलाइन बाकी हुई। है सर, है ना? उसमें क्या? है कि जब, चल रहे हैं। वह, तो मतलब इसको फटाफट करवा देंगे।?, जाकर भी, है ना? देख जाएंगे। अपन. ठीक ठीक. हो जाएगा। आपका यह सब. ठीक. ओके सर, ठीक.","Speaker 1: हैलो. हैलो. जी, सर बंसल, आलोक मिश्रा बात कर रहा था से।
Speaker 2: जी जी सर. हां. यह कह रहा था कुछ आपके यहाँ कुछ रोड स्टेशन वगैरह पेंडिंग था क्या??
Speaker 1: तो हां सर वह पाइपलाइन का काम हुआ था. हां. तो उसमें क्या? जो नई सीसी से बनी थी सर उसमें क्या? कुछ दिक्कत है पूरी।
Speaker 2: हां हां हां. नहीं। हां सर. यह कब से है बहुत समय से पहले से क्या??
Speaker 1: यह सर अभी जब पाइपलाइन चली थी ना वह जो नहीं। मतलब मशीन वह म्यूटुअल से खंड के डाल रहा था।
Speaker 2: हां. वह वाले में सर हुआ है. अच्छा एचडीडी वाली जो मशीन नीचे नीचे पाइप डाली थी?
Speaker 1: हां हां हां हां हां सर उसी वाले पर सर।
Speaker 2: अच्छा अच्छा तो कितना डैमेज होगा? सर वह डैमेज है मतलब कुछ डेढ़ दो सौ मीटर करीब है सर।
Speaker 1: हां तो वह तो हो जाएगा। फिर उसमें तो कोई दिक्कत नहीं। है. है ना? मतलब मतलब साढ़े तीन सौ की रोड थी साढ़े तीन सौ मीटर की।
Speaker 2: अच्छा अच्छा अच्छा. बीच में कहीं तीन छूटा है बाकी आगे नीचे से डाल दिए हैं. तो कहीं कहीं बीच में होगा डैमेज बाकी नहीं। होगा।
Speaker 1: हां तो सर वह डैमेज हो गया। तो सर वह जो कोई केमिकल यदि कोई सीमेंट आती है ना, अपन उससे पैकिंग करवा देंगे।?
Speaker 2: कोई इश्यू नहीं। है आप थोड़ा दिखवा दीजिएगा हिन्दी के साथ... को भेजकर।
Speaker 1: मैं।..., मैं।... दिखवा दूंगा है ना? तो सर उसको दिखवा दीजिए।
Speaker 2: बाकी जो पाइपलाइन बाकी हुई। है सर, है ना? उसमें क्या?
Speaker 1: है कि जब, चल रहे हैं। वह, तो मतलब इसको फटाफट करवा देंगे।?, जाकर भी, है ना? देख जाएंगे। अपन।
Speaker 2: ठीक ठीक. हो जाएगा। आपका यह सब. ठीक।
Speaker 1: ओके सर, ठीक।"
28,"स्पीकर 1: हैलो।
स्पीकर 2: कहाँ आ रहे हैं? मेरे? हां? राम मेरे फोन में आया है?
स्पीकर 1: नहीं। आई भईया ही फोन चला चली गई।
स्पीकर 2: तू कहाँ से आया था सारी बातें?
स्पीकर 1: और वो अच्छी लगी। तो पैसे दे गई।
स्पीकर 2: थी। अरे हम वहां लेकर कहीं कहीं क्या? मारू?
स्पीकर 1: नहीं। बग्गियां कहीं चली गई हैं। हम बहन के लालच थे तो हम यहाँ देख नहीं।
स्पीकर 2: थे। तो हम पहले तो कोई, कहानीकार है तो हम यहाँ पहुंच जाऊँ, पता नहीं। नहीं। है ना बग्गे चले गए हैं। हां बग्गे तो ही चले गए हैं। हां
स्पीकर 1: हां
स्पीकर 2: तूने।, कह दिया? लगा। कोई ताकत ले जाइए। हां,
स्पीकर 1: फिर लाई आई है, फिर लाई गयी है तो क्या? बात। है? अपना ड्यूटी लाई है इतने मैंने कहा यही था।
स्पीकर 2: हम वहां नहीं। आई ड्यूटी ना। हां, तो अच्छा हां।
स्पीकर 1: वह भी ठीक है। हां। तो बढ़िया सही है तो। क्या? चीज़? प्रज्ञा सही है तो बोल रहे हैं।
स्पीकर 2: ठीक।","Speaker 1: हैलो
Speaker 2: कहाँ आ रहे हैं?
Speaker 1: मैं फोन चला रहा था
Speaker 2: तुम कहाँ से आ रहे हो? क्या तुम्हारे पास सारी जानकारी है?
Speaker 1: हाँ, मुझे अच्छी जानकारी मिली है और मुझे पैसे भी मिल गए हैं
Speaker 2: क्या तुमने वहां का काम देखा था?
Speaker 1: नहीं, मैं वहां नहीं गया था क्योंकि मुझे लगा कि बग्गियां कहीं चली गई हैं
Speaker 2: तुम्हें पता है ना कि बग्गे चले गए हैं?
Speaker 1: हाँ, मुझे पता है
Speaker 2: क्या तुमने उन्हें कहा था कि वे अपना सामान ले जाएं?
Speaker 1: मैंने उन्हें कहा था कि वे अपना काम पूरा करें और अपनी ड्यूटी निभाएं
Speaker 2: मुझे लगता है कि वे अपनी ड्यूटी नहीं निभा रहे हैं
Speaker 1: मुझे लगता है कि वे अपनी ड्यूटी निभा रहे हैं और सब कुछ ठीक है
Speaker 2: ठीक है, मुझे लगता है कि सब कुछ ठीक है"
29,"सरपंच साहब, नमस्कार. जी नमस्कार. आलोक मिश्रा बात कर रहा था जल निगम से. जी आपने एक शिकायत की थी सरपंच साहब? हां की थी. तो यह काम अभी वहां चलेगा सर साहब, इतने जल्दी हो नहीं पाएगा. तो शिकायत को पेंडिंग में रखिए अभी जब हो जाएगा तो बताना, तो हटवा देंगे. सुनिए तो निवेदन है हमारे, बिल्कुल नहीं. सुनेंगे इसमें कोई समझौता नहीं होगा कार्य में. उस चोर ने आईडी डालकर पूरी रोड को दिया है और थोड़ा-थोड़ा करके बांट कर भाग गया. ऐसा काम करेंगे आप लोग? नहीं. काम तो है मिसाल कर दो नहीं कि दोनों एक्सीडेंट हो गए हैं बताइए जो बटवारा से आम निकलते वहां खोद दिया है और उसको पाटा नहीं है, ना तो कंक्रीट किया है. नहीं. नहीं. काम तो यह ग्राहक खराब करते ही हैं सही बात है. नहीं. नहीं. हम सारे के मरम्मत खरीद वह तो बच कर भाग जाएगा. मैं... ना यह काम करता हूं ना मैं... पसंद करता हूं. बिल्कुल बिल्कुल सही है. उसको सभी नियमों को शिथिल करते हुए दो लॉट मसाला भरवा के उसको पैक करवाइए. चलिए, ठीक. भाई यहाँ पब्लिक वेन्यू पर चढ़ती है यार? सब कुछ नहीं कर रहा है. नहीं. मैं... समझ सकता हूं आप. जी इसको करवा दीजिए. हां हां ठीक है.","Speaker 1: सरपंच साहब, नमस्कार।
Speaker 2: जी नमस्कार. आलोक मिश्रा बात कर रहा था जल निगम से।
Speaker 1: जी आपने एक शिकायत की थी सरपंच साहब?
Speaker 2: हां की थी।
Speaker 1: तो यह काम अभी वहां चलेगा सर साहब, इतने जल्दी हो नहीं पाएगा।
Speaker 2: तो शिकायत को पेंडिंग में रखिए अभी जब हो जाएगा तो बताना, तो हटवा देंगे।
Speaker 1: सुनिए तो निवेदन है हमारे, बिल्कुल नहीं।
Speaker 2: सुनेंगे इसमें कोई समझौता नहीं होगा कार्य में।
Speaker 1: उस चोर ने आईडी डालकर पूरी रोड को दिया है और थोड़ा-थोड़ा करके बांट कर भाग गया।
Speaker 2: ऐसा काम करेंगे आप लोग?
Speaker 1: नहीं. काम तो है मिसाल कर दो नहीं कि दोनों एक्सीडेंट हो गए हैं बताइए जो बटवारा से आम निकलते वहां खोद दिया है और उसको पाटा नहीं है, ना तो कंक्रीट किया है।
Speaker 2: नहीं. नहीं. काम तो यह ग्राहक खराब करते ही हैं सही बात है।
Speaker 1: नहीं. नहीं. हम सारे के मरम्मत खरीद वह तो बच कर भाग जाएगा।
Speaker 2: मैं... ना यह काम करता हूं ना मैं... पसंद करता हूं।
Speaker 1: बिल्कुल बिल्कुल सही है. उसको सभी नियमों को शिथिल करते हुए दो लॉट मसाला भरवा के उसको पैक करवाइए।
Speaker 2: चलिए, ठीक. भाई यहाँ पब्लिक वेन्यू पर चढ़ती है यार? सब कुछ नहीं कर रहा है।
Speaker 1: नहीं. मैं... समझ सकता हूं आप।
Speaker 2: जी इसको करवा दीजिए।
Speaker 1: हां हां ठीक है।"
30,"स्पीकर 1: नमस्ते।
स्पीकर 2: जी भैया।
स्पीकर 1: जी अजीत सिंह जी से बात हो रही है? जी भैया। आपने एक सीएम हेल्पलाइन की थी?
स्पीकर 2: जी भैया, सीएम हेल्पलाइन की है ना मैंने।
स्पीकर 1: काहे के लिए किया था?
स्पीकर 2: भैया, मेरे दुकान के सामने एक गड्ढा खुदा हुआ है और वह गड्ढा अभी तक भरा नहीं गया। पाइप लाइन का काम हुआ था वहां पर और वह सीवर लाइन खोद के और उसका काम करके चले गए थे और अभी तक वह गड्ढा खुदा हुआ है। दो-तीन घंटे वहां पर था।
स्पीकर 1: कहाँ पर है यह गड्ढा?
स्पीकर 2: ताला हाउस कैम्पस के सामने प्रसादम स्वीट्स है।
स्पीकर 1: ताला हाउस तो उधर है अपना ना घोड़ा चौक के पास ना।
स्पीकर 2: घोड़ा चौक के अंदर। कहाँ से है?
स्पीकर 1: रीवा के है रीवा।
स्पीकर 2: के है। रीवा के है तो आपको? ताला हाउस नहीं। पता बताइए। पता है आपका, आपका सेल्टी प्लाजा के पीछे है भैया।
स्पीकर 1: हां हां हां वही वही, थोड़ा सा चौराहा के पास ही तो एरिया हुआ है।
स्पीकर 2: कैम्पस के बाजू में चक्रधर सिटी सेंटर है। हां हां हां हां
स्पीकर 1: वहां पर
स्पीकर 2: है भैया, प्रसादम स्वीट्स करके। पानी का काम किया है। है ना भैया तो वह पाइप को कौन काम करेगा?
स्पीकर 1: नहीं। भैया वह नगर निगम के अंदर का, जल निगम जो करता है वह शहर के बाहर काम करता है।
स्पीकर 2: नगर निगम में पानी वाली पाइप कौन बनाता है भैया?
स्पीकर 1: डब्ल्यूआरडी कहलाया जाता है वह, तो शहरी के जल योजना का काम होता है। ऐसे होता है एक शहरी के जल योजना अलग काम करती है, ग्रामीण के जल योजना अलग काम करती है। जल निगम जो काम करता है वह ग्रामीण में करता है, नगर निगम जो करता है वह शहर में करता है। आपको? शिकायत नगर निगम में करनी चाहिए। आपने जल निगम में कर दिया। सही बात।
स्पीकर 2: है। ट्रांसफर कर दीजिए।
स्पीकर 1: बिल्कुल।
स्पीकर 2: है ना? ठीक है, ट्रांसफर कर दीजिए। आप भैया।
स्पीकर 1: ठीक है।","Speaker 1: नमस्ते।
Speaker 1: जी भैया।
Speaker 1: जी अजीत सिंह जी से बात हो रही है? जी भैया। आपने एक सीएम हेल्पलाइन की थी?
Speaker 1: जी भैया, सीएम हेल्पलाइन की है ना मैंने।
Speaker 1: काहे के लिए किया था?
Speaker 1: भैया, मेरे दुकान के सामने एक गड्ढा खुदा हुआ है और वह गड्ढा अभी तक भरा नहीं गया। पाइप लाइन का काम हुआ था वहां पर और वह सीवर लाइन खोद के और उसका काम करके चले गए थे और अभी तक वह गड्ढा खुदा हुआ है। दो-तीन घंटे वहां पर था।
Speaker 1: कहाँ पर है यह गड्ढा?
Speaker 1: ताला हाउस कैम्पस के सामने प्रसादम स्वीट्स है।
Speaker 1: ताला हाउस तो उधर है अपना ना घोड़ा चौक के पास ना।
Speaker 1: घोड़ा चौक के अंदर। कहाँ से है?
Speaker 1: रीवा के है रीवा।
Speaker 1: के है। रीवा के है तो आपको? ताला हाउस नहीं। पता बताइए। पता है आपका, आपका सेल्टी प्लाजा के पीछे है भैया।
Speaker 1: हां हां हां वही वही, थोड़ा सा चौराहा के पास ही तो एरिया हुआ है।
Speaker 1: कैम्पस के बाजू में चक्रधर सिटी सेंटर है। हां हां हां हां
Speaker 1: वहां पर
Speaker 1: है भैया, प्रसादम स्वीट्स करके। पानी का काम किया है। है ना भैया तो वह पाइप को कौन काम करेगा?
Speaker 1: नहीं। भैया वह नगर निगम के अंदर का, जल निगम जो करता है वह शहर के बाहर काम करता है।
Speaker 1: नगर निगम में पानी वाली पाइप कौन बनाता है भैया?
Speaker 1: डब्ल्यूआरडी कहलाया जाता है वह, तो शहरी के जल योजना का काम होता है। ऐसे होता है एक शहरी के जल योजना अलग काम करती है, ग्रामीण के जल योजना अलग काम करती है। जल निगम जो काम करता है वह ग्रामीण में करता है, नगर निगम जो करता है वह शहर में करता है। आपको? शिकायत नगर निगम में करनी चाहिए। आपने जल निगम में कर दिया। सही बात।
Speaker 1: है। ट्रांसफर कर दीजिए।
Speaker 1: बिल्कुल।
Speaker 1: है ना? ठीक है, ट्रांसफर कर दीजिए। आप भैया।
Speaker 1: ठीक है।"
31,"शिव कुमार से बात हो रही है। जी सिर। हेलो। 
जी हां। 
यह कह रहा था काम था पेंटिंग का। 
हां हां। 
एक हज़ार, यहीं रायपुर के पास एक हज़ार स्क्वायर मीटर का। 
किस चीज़ का? 
एक इशू टाइप से। 
है। तो उसमें क्या? करना है? 
पुताई करना है पुताई। 
पुताई नहीं। करवाते। 
नहीं। करवाते कोई आदमी है आपके पास? 
अभी तो फ़िलहाल नहीं। है राजकोट में। 
तो कहाँ कहाँ किस एरिया में आप काम कर सकते हैं? 
हम तो इधर कर रहा हूं नई घड़ी क्षेत्र में। 
नई घड़ी क्षेत्र में करते हैं? 
मैं। ... सिर मुंबई में हूं पर अभी इस समय जो है तुम्हारा काम इधर चल रहे हैं। नई घड़ी क्षेत्र में। 
तो इधर साइड में कोई होगा नहीं। आपका आदमी? बात। 
करना पड़ेगी। ... इशू की पुताई है काहे की? 
हां हां ऐसे इशू है लंबा एरिया है मतलब लंबी लंबी दीवारें हैं चार तो बस उनको पोताए हो गया। 
चलिए, देखिए, बात। करके कल बताऊंगा आपको? 
क्या? रेट से करते होंगे वैसे? 
स्क्वायर फीट में करवाएंगे? 
हां स्क्वायर फीट में मजदूरी में अच्छे से हो जाए। 
दो रुपए चलता है स्क्वायर फीट। 
में। दो रुपए चलता है ना? दो रुपए। 
दो रुपए। एक कोट कोतेंगे तो दो रुपए स्क्वायर फीट रहेगा। हां। दो बोट करवाएंगे तो तीन चार रुपए तो। 
उस हिसाब से तो यह बहुत अगर दस हज़ार स्क्वायर फीट अपना बैठेगा ना एक हज़ार स्क्वायर मीटर तो। जी। तो यह चालीस हज़ार में हो गया। 
चालीस तो। 
बस। भाई एक हज़ार स्क्वायर मीटर जैसे हमारे एरिया है। 
जी जी। उसको फिट। 
में करेंगे।? तो दस हज़ार स्क्वायर फीट आएगा। जी। आप जो रेट बता रहे हो वह फिर चालीस हज़ार का हो गया। जी। है ना? तो जी। ऐसा नहीं। चाहिए। हमको लेबर वाले वह मजदूरी वाले लेबर चाहिए। फिर। 
मजदूरी वाले लेबर चाहिए। ... हां। मजदूरी भी आठ सौ रुपए जाएंगे। 
तो आठ सौ जाएंगे। ठीक है नहीं। मैं। ... उनको रहना खाना भी करवा दूंगा। 
ठीक है बात। करता हूं फिर बताता हूं आपको? 
एक मिनट।","Speaker 1: शिव कुमार से बात हो रही है। जी सिर। हेलो।
Speaker 2: जी हां।
Speaker 1: यह कह रहा था काम था पेंटिंग का।
Speaker 2: हां हां।
Speaker 1: एक हज़ार, यहीं रायपुर के पास एक हज़ार स्क्वायर मीटर का।
Speaker 2: किस चीज़ का?
Speaker 1: एक इशू टाइप से।
Speaker 2: है। तो उसमें क्या? करना है?
Speaker 1: पुताई करना है पुताई।
Speaker 2: पुताई नहीं। करवाते।
Speaker 1: नहीं। करवाते कोई आदमी है आपके पास?
Speaker 2: अभी तो फ़िलहाल नहीं। है राजकोट में।
Speaker 1: तो कहाँ कहाँ किस एरिया में आप काम कर सकते हैं?
Speaker 2: हम तो इधर कर रहा हूं नई घड़ी क्षेत्र में।
Speaker 1: नई घड़ी क्षेत्र में करते हैं?
Speaker 2: मैं। ... सिर मुंबई में हूं पर अभी इस समय जो है तुम्हारा काम इधर चल रहे हैं। नई घड़ी क्षेत्र में।
Speaker 1: तो इधर साइड में कोई होगा नहीं। आपका आदमी? बात।
Speaker 2: करना पड़ेगी। ... इशू की पुताई है काहे की?
Speaker 1: हां हां ऐसे इशू है लंबा एरिया है मतलब लंबी लंबी दीवारें हैं चार तो बस उनको पोताए हो गया।
Speaker 2: चलिए, देखिए, बात। करके कल बताऊंगा आपको?
Speaker 1: क्या? रेट से करते होंगे वैसे?
Speaker 2: स्क्वायर फीट में करवाएंगे?
Speaker 1: हां स्क्वायर फीट में मजदूरी में अच्छे से हो जाए।
Speaker 2: दो रुपए चलता है स्क्वायर फीट।
Speaker 1: में। दो रुपए चलता है ना? दो रुपए।
Speaker 2: दो रुपए। एक कोट कोतेंगे तो दो रुपए स्क्वायर फीट रहेगा। हां। दो बोट करवाएंगे तो तीन चार रुपए तो।
Speaker 1: उस हिसाब से तो यह बहुत अगर दस हज़ार स्क्वायर फीट अपना बैठेगा ना एक हज़ार स्क्वायर मीटर तो। जी। तो यह चालीस हज़ार में हो गया।
Speaker 2: चालीस तो।
Speaker 1: बस। भाई एक हज़ार स्क्वायर मीटर जैसे हमारे एरिया है।
Speaker 2: जी जी। उसको फिट।
Speaker 1: में करेंगे।? तो दस हज़ार स्क्वायर फीट आएगा। जी। आप जो रेट बता रहे हो वह फिर चालीस हज़ार का हो गया। जी। है ना? तो जी। ऐसा नहीं। चाहिए। हमको लेबर वाले वह मजदूरी वाले लेबर चाहिए। फिर।
Speaker 2: मजदूरी वाले लेबर चाहिए। ... हां। मजदूरी भी आठ सौ रुपए जाएंगे।
Speaker 1: तो आठ सौ जाएंगे। ठीक है नहीं। मैं। ... उनको रहना खाना भी करवा दूंगा।
Speaker 2: ठीक है बात। करता हूं फिर बताता हूं आपको?
Speaker 1: एक मिनट।"
32,"स्पीकर 1: नमस्ते।
स्पीकर 2: नमस्ते। शैलेंद्र जी से बात हो रही है।
स्पीकर 1: है? नहीं। उनके भतीजे बात कर रहे हैं, बोलिए।
स्पीकर 2: आपने एक सीएम हेल्पलाइन की थी।
स्पीकर 1: सीएम हेल्पलाइन, कहाँ है मैं? 
स्पीकर 2: शैलेंद्र जी ने किया था कि ग्राम तौहीं में नर जल से पानी नहीं आ रहा है।
स्पीकर 1: अच्छा अच्छा, किए होंगे सर।
स्पीकर 2: थोड़ा सा बात करवा दीजिए।
स्पीकर 1: सर, अभी तो नहीं हो पाएगी। थोड़ी देर बाद मैं बता दूंगा, इस नंबर पर आप कॉल कर जाएंगे, थोड़ी देर बाद मैं बता दूंगा, तो आपसे इस नंबर पर बात कर जाएंगे।
स्पीकर 2: ठीक ठीक ठीक।
स्पीकर 1: ठीक है?","Speaker 1: नमस्ते।
Speaker 2: नमस्ते। शैलेंद्र जी से बात हो रही है।
Speaker 1: है? नहीं। उनके भतीजे बात कर रहे हैं, बोलिए।
Speaker 2: आपने एक सीएम हेल्पलाइन की थी।
Speaker 1: सीएम हेल्पलाइन, कहाँ है मैं?
Speaker 2: शैलेंद्र जी ने किया था कि ग्राम तौहीं में नर जल से पानी नहीं आ रहा है।
Speaker 1: अच्छा अच्छा, किए होंगे सर।
Speaker 2: थोड़ा सा बात करवा दीजिए।
Speaker 1: सर, अभी तो नहीं हो पाएगी। थोड़ी देर बाद मैं बता दूंगा, इस नंबर पर आप कॉल कर जाएंगे, थोड़ी देर बाद मैं बता दूंगा, तो आपसे इस नंबर पर बात कर जाएंगे।
Speaker 2: ठीक ठीक ठीक।
Speaker 1: ठीक है?"
33,"हां जी भैया, एक नंबर लगाना था ज्योति पांडे के नाम से, हैलो भैया मैडम बैठी हैं आवाज नहीं आ रही है। मैडम बैठी हैं हां, कितने बजे तक बैठी रहेंगी? दो बजे तक, तो चार बजे तक रहेंगे चार बजे तक ना। ठीक है मैं, तुरंत आ रहा हूं। हाय, चुप हैं? हाय।","Speaker 1: हां जी भैया, एक नंबर लगाना था ज्योति पांडे के नाम से
Speaker 2: हैलो भैया, मैडम बैठी हैं आवाज नहीं आ रही है
Speaker 1: मैडम बैठी हैं हां, कितने बजे तक बैठी रहेंगी?
Speaker 2: दो बजे तक
Speaker 1: तो चार बजे तक रहेंगे चार बजे तक ना
Speaker 2: ठीक है, मैं तुरंत आ रहा हूं
Speaker 1: हाय, चुप हैं?
Speaker 2: हाय"
34,"नमस्ते। सुबह अच्छी हो साहब। 
अभिषेक कहाँ हो?
अभी तो साहब ऑफिस से निकला था साहब।
अच्छा अच्छा। क्या? है आंचल, क्या? चल रहे हैं। काम धाम?
काम वही चल रहे हैं। साहब, वॉशिंग वाला चल रहे हैं। मतलब पुशिंग वाला नौ साढ़े नौ मीटर चला गया। भाई, बारह मीटर का
बचा है मान लीजिए। तीन मीटर बचा है।
और वह नाला क्रॉसिंग में ब्रेकिंग चल रहे हैं। उसको सफाई कर कर देखेंगे कवर डेप्थ कितना आ रहे हैं। क्योंकि उसका जो लेवल है ना चैनल वाले का।
चैनल का एचआरएस बनेगा ना उनका, चैनल का। हां।
चैनल का एचआरएस बनता है तो अरवाल भी खड़ी होती है।
तो वह बोल रहे हैं यहाँ पर मुझे डेप्थ मेरा ज़्यादा है। हां। तो वहां पर
हमारी पाइप, हमारी पाइप की डेप्थ क्या? रहेगी?
वहां पर अपनी पाइप की डेप्थ हो जाएगी। आठ नौ मीटर।
ओके। यह कैसे बनाओगे बैंड वाल लगाओगे? नहीं।
स्लो बनाकर थोड़ी थोड़ी से नीचे ले जा रहे हैं पूरे। थोड़ी एक आध बाइस डिग्री का जो भी है थोड़ा नए नए मैच होगा तो बैंड लगाना पड़ेगी।
तो फिर वह लेवल वगैरह वह देंगे?, ना वह लोग।?
वह दे दिया लेवल ना इसीलिए तो वहां और जा रहे हैं। नीचे। देखिएगा तो लगेगा कि छह मीटर हम आ गए पांच मीटर।
हां और वहां पर नीचे हमको दो तीन मीटर जाना है।
ठीक है। और क्या? है?
और वह वॉटजी जो अपना गैप था वह खत्म हो गया।
कहाँ वाला?
वह यादव का घर के पास याद है जहां पाइप निकाले थे।
पी 5 में ही
वह गैप क्लोज खत्म हो गया।
तो वहां भी तो वह बना रहे थे ना वह लोग।?
वह करवट अपना फेस जो उनका लेवल है ना हां। मतलब वह जीतेगा पीसीसी वह और आरसीसी दोनों कर चुका है और सरिया खड़ी कर रखा
हां। हमारी पाइप हमारी पाइप उसके नीचे
हां। हमारी पाइप वह जो बोला था तो साठ मीटर तो हम पचास मीटर बाहर करके ले लिए। सेंटर से चालीस मीटर तक। हमारे बाद में दिक्कत नहीं। होगा वहां पर
अब तो नहीं। फंसेगी
नहीं। आपने फंसेगी क्योंकि उसका वो कलवट बना है ना उसके नीचे है अपनापन उससे दूर हटकर 3 मीटर कलवट का जो आगे है ना
हां हां हां।
तो वह बोल रहे हैं यहाँ पर मुझे डेप्थ मेरा ज़्यादा है। हां। तो वहां पर
हमारी पाइप, हमारी पाइप की डेप्थ क्या? रहेगी?
वहां पर अपनी पाइप की डेप्थ हो जाएगी। आठ नौ मीटर।
ओके। यह कैसे बनाओगे बैंड वाल लगाओगे? नहीं।
स्लो बनाकर थोड़ी थोड़ी से नीचे ले जा रहे हैं पूरे। थोड़ी एक आध बाइस डिग्री का जो भी है थोड़ा नए नए मैच होगा तो बैंड लगाना पड़ेगी।
तो फिर वह लेवल वगैरह वह देंगे?, ना वह लोग।?
वह दे दिया लेवल ना इसीलिए तो वहां और जा रहे हैं। नीचे। देखिएगा तो लगेगा कि छह मीटर हम आ गए पांच मीटर।
हां और वहां पर नीचे हमको दो तीन मीटर जाना है।
ठीक है। और क्या? है?
और यही अपना गोविंद घर में वह वाला में भी जो जहां से एबव ग्राउंड के राउंड से ऊपर से पीएनबीआर उतर रहे हैं। हां तो डाउन में जाएगा। उसमें चल रही है अब लास्ट में उसका देख लेता हूं वो डेप्थ ए गया। होगा तो उसमें पार्ट फिर लगा। देंगे।?, टीम डालेगा ये पुशिंग हो जाएगा। तो इकट्ठे इकट्ठे डालकर निकल जाएंगे। क्या? हो जाएगा। खत्म
यह कौन से लिंक आईडी में आता है?
यह अपना पी5पी3 और पी 5।
यह बीच में है?
हां पी 3 का अड़तालीस मीटर बज रहे हैं।
हां।
उसके बाद पी 5 स्टार्ट हो जाना।
तो पी 5 में फिर पूरा ही बचा। कितना बचा है पी 5 में?
वहां पर पी 5 मान लीजिए। पी 3 का अड़तालीस में माइनस कर दीजिए। अस्सी मीटर में से। अस्सी पचास अस्सी नब्बे मीटर में से। तो पूरे पी5 में ए गया। पूरे मतलब दो पाइप का था तो पाइप इधर से घुमाए तो पंच पाइप हो जाएगा। जो की अपना शिफ्ट कर रहा हूं पी 7 के लिए।। जब तक यह दोनों ब्लास्टिंग करके क्लेंच क्लियर हो जाएगा।, तो तब तक सोच रहे हैं पी 7 का एक कैप खत्म कर देंगे।?,। क्योंकि आरई 90 में भी पानी देना। है ना बोल रहे हैं।। हां। इसीलिए।
ठीक है। और यह पी 7 पर पी 6 पर ही कुछ गैप है?
पी 6 में नहीं। है गैप। पी 7 में तीन गैप।
पी 7 में तीन गैप ना?
हां। पी 6 में एक भी गैप नहीं। है, कुछ नहीं।
है। हां। पी 7 में एक है ना यह वाला जो बता रहे हो?
पी 7 में तीन गैप है।
हां और पी 6 में?
एक भी नहीं। है। हां। पी 6 में गैप नहीं। है। वहां पार्ट को कटिंग कर कर हमारे को स्लू वॉल लगाना है।। हां। नहीं। कटिंग करेंगे।? तो जेडएमबीआर 1 में पानी अपना जा सकता है।
नहीं। है।
यह दोनों गैप खत्म हो जाएगा। ना वह भी तो और वाला रोड क्रॉसिंग जो पी 5 में आ रहे हैं।। वह नाला क्रॉसिंग तो जेडएमबीआर 1 आप थ्रू हो जाएंगे। पीएमबीआर से।
ठीक है। तो इस समय किधर रहते हो? उधर ही रहते हो?
हां, इधर ही रहता हूं मैं।....
अच्छा अच्छा। ठीक है, चलता हूं। मैं।... तो किसी दिन मिलता भी यहाँ।
ठीक
है, ठीक है। ओके।","Speaker 1: नमस्ते। सुबह अच्छी हो साहब।
Speaker 2: अभिषेक कहाँ हो?
Speaker 1: अभी तो साहब ऑफिस से निकला था साहब।
Speaker 2: अच्छा अच्छा। क्या? है आंचल, क्या? चल रहे हैं। काम धाम?
Speaker 1: काम वही चल रहे हैं। साहब, वॉशिंग वाला चल रहे हैं। मतलब पुशिंग वाला नौ साढ़े नौ मीटर चला गया। भाई, बारह मीटर का बचा है मान लीजिए। तीन मीटर बचा है।
Speaker 2: और वह नाला क्रॉसिंग में ब्रेकिंग चल रहे हैं। उसको सफाई कर कर देखेंगे कवर डेप्थ कितना आ रहे हैं। क्योंकि उसका जो लेवल है ना चैनल वाले का।
Speaker 1: चैनल का एचआरएस बनेगा ना उनका, चैनल का। हां। चैनल का एचआरएस बनता है तो अरवाल भी खड़ी होती है।
Speaker 2: तो वह बोल रहे हैं यहाँ पर मुझे डेप्थ मेरा ज़्यादा है। हां। तो वहां पर हमारी पाइप, हमारी पाइप की डेप्थ क्या? रहेगी?
Speaker 1: वहां पर अपनी पाइप की डेप्थ हो जाएगी। आठ नौ मीटर।
Speaker 2: ओके। यह कैसे बनाओगे बैंड वाल लगाओगे? नहीं।
Speaker 1: स्लो बनाकर थोड़ी थोड़ी से नीचे ले जा रहे हैं पूरे। थोड़ी एक आध बाइस डिग्री का जो भी है थोड़ा नए नए मैच होगा तो बैंड लगाना पड़ेगी।
Speaker 2: तो फिर वह लेवल वगैरह वह देंगे?, ना वह लोग।?
Speaker 1: वह दे दिया लेवल ना इसीलिए तो वहां और जा रहे हैं। नीचे। देखिएगा तो लगेगा कि छह मीटर हम आ गए पांच मीटर।
Speaker 2: हां और वहां पर नीचे हमको दो तीन मीटर जाना है।
Speaker 1: ठीक है। और क्या? ह?
Speaker 2: और वह वॉटजी जो अपना गैप था वह खत्म हो गया।
Speaker 1: कहाँ वाला?
Speaker 2: वह यादव का घर के पास याद है जहां पाइप निकाले थे। पी 5 में ही
Speaker 1: वह गैप क्लोज खत्म हो गया।
Speaker 2: तो वहां भी तो वह बना रहे थे ना वह लोग।?
Speaker 1: वह करवट अपना फेस जो उनका लेवल है ना हां। मतलब वह जीतेगा पीसीसी वह और आरसीसी दोनों कर चुका है और सरिया खड़ी कर रखा
Speaker 2: हां। हमारी पाइप हमारी पाइप उसके नीचे
Speaker 1: हां। हमारी पाइप वह जो बोला था तो साठ मीटर तो हम पचास मीटर बाहर करके ले लिए। सेंटर से चालीस मीटर तक। हमारे बाद में दिक्कत नहीं। होगा वहां पर
Speaker 2: अब तो नहीं। फंसेगी
Speaker 1: नहीं। आपने फंसेगी क्योंकि उसका वो कलवट बना है ना उसके नीचे है अपनापन उससे दूर हटकर 3 मीटर कलवट का जो आगे है ना
Speaker 2: हां हां हां।
Speaker 1: तो वह बोल रहे हैं यहाँ पर मुझे डेप्थ मेरा ज़्यादा है। हां। तो वहां पर हमारी पाइप, हमारी पाइप की डेप्थ क्या? रहेगी?
Speaker 2: वहां पर अपनी पाइप की डेप्थ हो जाएगी। आठ नौ मीटर।
Speaker 1: ओके। यह कैसे बनाओगे बैंड वाल लगाओगे? नहीं।
Speaker 2: स्लो बनाकर थोड़ी थोड़ी से नीचे ले जा रहे हैं पूरे। थोड़ी एक आध बाइस डिग्री का जो भी है थोड़ा नए नए मैच होगा तो बैंड लगाना पड़ेगी।
Speaker 1: तो फिर वह लेवल वगैरह वह देंगे?, ना वह लोग।?
Speaker 2: वह दे दिया लेवल ना इसीलिए तो वहां और जा रहे हैं। नीचे। देखिएगा तो लगेगा कि छह मीटर हम आ गए पांच मीटर।
Speaker 1: हां और वहां पर नीचे हमको दो तीन मीटर जाना है।
Speaker 2: ठीक है। और क्या? ह?
Speaker 1: और यही अपना गोविंद घर में वह वाला में भी जो जहां से एबव ग्राउंड के राउंड से ऊपर से पीएनबीआर उतर रहे हैं। हां तो डाउन में जाएगा। उसमें चल रही है अब लास्ट में उसका देख लेता हूं वो डेप्थ ए गया। होगा तो उसमें पार्ट फिर लगा। देंगे।?, टीम डालेगा ये पुशिंग हो जाएगा। तो इकट्ठे इकट्ठे डालकर निकल जाएंगे। क्या? हो जाएगा। खत्म
Speaker 2: यह कौन से लिंक आईडी में आता ह?
Speaker 1: यह अपना पी5पी3 और पी 5।
Speaker 2: यह बीच में ह?"
35,"स्पीकर 1: हां
स्पीकर 2: सर, गुड मॉर्निंग सर।
स्पीकर 1: कहाँ हो सेठ?
स्पीकर 2: गोविंद घर जा रहा था बोलन जी।
स्पीकर 1: यह बताओ अभी पी 6 में कितना गैप है?
स्पीकर 2: गेट भी नहीं है।
स्पीकर 1: वह दो तीन मीटर जो था हो गया। कैनाल वाला।
स्पीकर 2: पी 6 में कहाँ है कोई दिक्कत? पी 6 में कोई गैप नहीं है।
स्पीकर 1: कोई गैप नहीं है?
स्पीकर 2: टी 7 में, पी 6 का?
स्पीकर 1: पी 7 में कितना है?
स्पीकर 2: टी 7 में एक एक तीन था तो एक खत्म हो गया, दूसरा खत्म होने वाला है, तीसरा आप लगाएंगे।
स्पीकर 1: गैस के बाद। तो अभी कितना बचा है दो मिले करके?
स्पीकर 2: मतलब एक बचा है, एक अंडर प्रोग्रेस है।
स्पीकर 1: एक तो पूरा बचा है, तो एक जो बचा है वह कितने का है?
स्पीकर 2: पूरा कोई नहीं बचा है सर। कितना
स्पीकर 1: बचा है वही तो पूछ रहा हूं पीछे 1 में कोई कितना करता है?
स्पीकर 2: हां, रूम लीडर तो लिखना है आज तक यह वाला। 48 मीटर का होगा वह वाला डाल रहा था, डाल दिया था पाइप। हां। बाकी थोड़ा सा बचा तो छोड़कर चलो।
स्पीकर 1: दे दो, तो साठ तो
स्पीकर 2: यह एक बचा है एक अंडर प्रोग्रेस में है।
स्पीकर 1: साठ सत्तर मीटर लिख लिए। है
स्पीकर 2: ना? हां हां। खत्म हो जाएगा। लगभग सोच के।
स्पीकर 1: गैप, गैप और पी 6 में तो कुछ है नहीं। तुम, बता रहे हो, है ना?
स्पीकर 2: पी 6 में कुछ नहीं है। यह तो कुछ है अपनी है पी 5 में।
स्पीकर 1: पी 5 में कितना है?
स्पीकर 2: यह रोड क्रॉसिंग है, गोविंद नगर वाला
स्पीकर 1: हां।
स्पीकर 2: और वह कैनाल क्रॉसिंग
स्पीकर 1: है। कैनाल क्रॉसिंग होगी सौ मीटर के आसपास, है ना?
स्पीकर 2: नहीं। नहीं। सौ मीटर कोई नहीं है। रोड क्रॉसिंग आपको? साठ सत्तर मीटर होगी। हां। कैनाल क्रॉसिंग मतलब तीन पाइप का था तो टर्न करके वह अलाइनमेंट चेंज करके ले जाएंगे। तो वह भी हो जाएगी। साठ मीटर से। सीधा जाते हैं अलाइनमेंट के हिसाब से तो छत्तीस मीटर।
स्पीकर 1: तो वही साठ चालीस इसको मान लेते हैं, साठ उसको सौ मीटर मान लेते हैं, है ना? एक पी पांच में सौ मीटर।
स्पीकर 2: और क्या? कि पी 5 में और क्या? आपका क्लोज हो गया?
स्पीकर 1: ज़्यादा ही डल जाएगा। पी 5। है ना अभिषेक पी 5 में ज़्यादा ही लेंथ हो जाएगी। ना?
स्पीकर 2: ज़्यादा लेंथ ज़्यादा ही है सर। हां हां ज़्यादा ही है। पांच छह सौ मीटर लेंथ ज़्यादा ही है।
स्पीकर 1: अच्छा अच्छा।
स्पीकर 2: ड्राइंग से।
स्पीकर 1: हां और पी 3 बताओ?
स्पीकर 2: पी 3? हां? पी 3
स्पीकर 1: देखते हो?
स्पीकर 2: पी3पी3 से पी 5 आता है ऐसे।
स्पीकर 1: हां हां, पी 3, तो पी 3 नहीं। देखते, है ना? बी
स्पीकर 2: 3 अपना पीएनडीआर वाला था छोले फॉरेस्ट। हां हां
स्पीकर 1: दूसरा स्थान देखते हैं हम पहले देखने में।
स्पीकर 2: यह पी
स्पीकर 1: दो सौ अठानवे देखते हो क्या?? 90 वाला जो जा रहे हैं। डी डालनी थी यह तुम, नहीं। देख रहे हैं ना दीपक देख रहे हैं?
स्पीकर 2: नहीं। देखते। आज 90 तक कहीं तो क्लोज कर रहा हूं ना। अच्छा। खत्म करना है जल्दी।
स्पीकर 1: ठीक ठीक, समझ गया।","Speaker 1: हां
Speaker 2: सर, गुड मॉर्निंग सर।
Speaker 1: कहाँ हो सेठ?
Speaker 2: गोविंद घर जा रहा था बोलन जी।
Speaker 1: यह बताओ अभी पी 6 में कितना गैप है?
Speaker 2: गेट भी नहीं है।
Speaker 1: वह दो तीन मीटर जो था हो गया। कैनाल वाला।
Speaker 2: पी 6 में कहाँ है कोई दिक्कत? पी 6 में कोई गैप नहीं है।
Speaker 1: कोई गैप नहीं है?
Speaker 2: टी 7 में, पी 6 का?
Speaker 1: पी 7 में कितना है?
Speaker 2: टी 7 में एक एक तीन था तो एक खत्म हो गया, दूसरा खत्म होने वाला है, तीसरा आप लगाएंगे।
Speaker 1: गैस के बाद। तो अभी कितना बचा है दो मिले करके?
Speaker 2: मतलब एक बचा है, एक अंडर प्रोग्रेस है।
Speaker 1: एक तो पूरा बचा है, तो एक जो बचा है वह कितने का है?
Speaker 2: पूरा कोई नहीं बचा है सर। कितना
Speaker 1: बचा है वही तो पूछ रहा हूं पीछे 1 में कोई कितना करता है?
Speaker 2: हां, रूम लीडर तो लिखना है आज तक यह वाला। 48 मीटर का होगा वह वाला डाल रहा था, डाल दिया था पाइप। हां। बाकी थोड़ा सा बचा तो छोड़कर चलो।
Speaker 1: दे दो, तो साठ तो
Speaker 2: यह एक बचा है एक अंडर प्रोग्रेस में है।
Speaker 1: साठ सत्तर मीटर लिख लिए। है
Speaker 2: ना? हां हां। खत्म हो जाएगा। लगभग सोच के।
Speaker 1: गैप, गैप और पी 6 में तो कुछ है नहीं। तुम, बता रहे हो, है ना?
Speaker 2: पी 6 में कुछ नहीं है। यह तो कुछ है अपनी है पी 5 में।
Speaker 1: पी 5 में कितना है?
Speaker 2: यह रोड क्रॉसिंग है, गोविंद नगर वाला
Speaker 1: हां।
Speaker 2: और वह कैनाल क्रॉसिंग
Speaker 1: है। कैनाल क्रॉसिंग होगी सौ मीटर के आसपास, है ना?
Speaker 2: नहीं। नहीं। सौ मीटर कोई नहीं है। रोड क्रॉसिंग आपको? साठ सत्तर मीटर होगी। हां। कैनाल क्रॉसिंग मतलब तीन पाइप का था तो टर्न करके वह अलाइनमेंट चेंज करके ले जाएंगे। तो वह भी हो जाएगी। साठ मीटर से। सीधा जाते हैं अलाइनमेंट के हिसाब से तो छत्तीस मीटर।
Speaker 1: तो वही साठ चालीस इसको मान लेते हैं, साठ उसको सौ मीटर मान लेते हैं, है ना? एक पी पांच में सौ मीटर।
Speaker 2: और क्या? कि पी 5 में और क्या? आपका क्लोज हो गया?
Speaker 1: ज़्यादा ही डल जाएगा। पी 5। है ना अभिषेक पी 5 में ज़्यादा ही लेंथ हो जाएगी। ना?
Speaker 2: ज़्यादा लेंथ ज़्यादा ही है सर। हां हां ज़्यादा ही है। पांच छह सौ मीटर लेंथ ज़्यादा ही है।
Speaker 1: अच्छा अच्छा।
Speaker 2: ड्राइंग से।
Speaker 1: हां और पी 3 बताओ?
Speaker 2: पी 3? हां? पी 3
Speaker 1: देखते हो?
Speaker 2: पी3पी3 से पी 5 आता है ऐसे।
Speaker 1: हां हां, पी 3, तो पी 3 नहीं। देखते, है ना? बी
Speaker 2: 3 अपना पीएनडीआर वाला था छोले फॉरेस्ट। हां हां
Speaker 1: दूसरा स्थान देखते हैं हम पहले देखने में।
Speaker 2: यह पी
Speaker 1: दो सौ अठानवे देखते हो क्या?? 90 वाला जो जा रहे हैं। डी डालनी थी यह तुम, नहीं। देख रहे हैं ना दीपक देख रहे हैं?
Speaker 2: नहीं। देखते। आज 90 तक कहीं तो क्लोज कर रहा हूं ना। अच्छा। खत्म करना है जल्दी।
Speaker 1: ठीक ठीक, समझ गया।"
36,"कैसे गुरु क्या? हाल चाल? 
जेसा, जेसा. का है? ठीक है बिल देना। शाम तक पहुंच जाऊँ, 
का बताओ रे बिल 
पे? पता नहीं। भाई 
यार. करें।,? 
जैसे वह क्राइटेरिया रख रहे हो कि तो थोड़ा ध्यान तो नहीं। है बाहर बनकर मेहर वाली हद लगाए थे. हां. मतलब कुछ और लगता है कि लगाए सका थमा. 
हां. 
तो हमसे कहते कि 0 0 चाहिए।. 
हां. 
धीरे धीरे तो नहीं। 
हो पाएगा।. 
हां. हां. देखा है हम GPL का पता लगा। कि है जब दिल भेजी हूं हमको तब जाना तो लगा। इनके नहीं। लग रहे हैं।. 
हां. जो कम्युनिकेशन वर्क के हिसाब से नहीं। मिलेगा।? 
तो कम्युनिकेशन वर्क के हिसाब से नहीं। था काम. 
तो ग्रुप काम कैसा चली? अपन हुआ है सोच रहे 
हैं. कैसा 
काम? अपन वाला. संतलाल हूं परेशान है पैसे। पैसे। पैसे।. 
पैसे। वाला. हां बताएं आज भी और हम पी हैं बहन में सब लग जाए कभी उनकी रिक्वेस्ट करा उनसे नहीं। किया।. हां. पचास साठ हज़ार बना मतलब रोज़ जी काम करके तो हो ही जी. 
टाइम पचास साठ हज़ार दस साला तो वहां थोड़ी ना हुई।, तो वह भी तो वहां इनपुट लगा। हुई। ना. 
अरे, इनपुट लगा। हुई। थी जहां पहले मिली है या फिर आत्मा है कि अभी क्या? अगले महीना तुम, कंप्लीट करवाओ, कहाँ करें।,? तुम, तो बहुत बचा है बस सात आठ तारीख को. सात आठ 
का? सात आठ तारीख 
को अगले महीना का. 
मिलकर टाइम 
हुआ. मिलकर टाइम हुआ. हां. कहाँ कह रहे हैं संतला पैसे। पैसे। है? 
हां. 
कहाँ आवाज़ नहीं। भेजी ना मैंने. 
यार उनके लिए। भी नहीं। बिगाड़ सकते. गुरु यह हम आदमी बुलाए थे काम थोड़ी ना हो गई है. आदमी बुलाओ घर में थोड़ी ना हो जाता है उनका भी पैसे। दी है पड़ी फिर सौठे पंचायतो झेले पड़ी, फिर भी हमे कुछ संभव नहीं। है. चल रहा काम नाम बंद है. 
हैं? कहाँ का है? 
काम नाम चल रहे हैं। कि बंद है. 
कहाँ? 
नहीं। बढ़िया. 
चल रहे हैं। वह इकट्ठा खो जाए. 
हां, सही बात।. 
अब सबसे एक आ रहे हैं। दूसरा जो है खुद बाबा. हम कहे ना चले गए तो वहां खुद हींक गए उसके बाद में खुद हींक 
गए. हां. और 
बताओ बताऊं. 
हां वही कट रहा था नौकरी में बहुत राजनीति चल रही है वह. हां. कौरवों कई सब ऐसा ही चल रहा था. नौकरी में, विनोबाड़ी तक के दादी तक तुरंत बंद हुई। थी. कितना धुपे में बगल पर शो नहीं। है कोई? हैं? धोखे में 
नहीं। बगल पर 
है. 
तो फिर दृष्टि वाला मैटर सॉल्व हो? 
बात। की है ना एक जन से. हैं? बात। की है ना एक जन से. हेलो. एक जन से बात। की है ना बात। की है ना एक जन से. 
कहता हूं कहे परसेंट में कहीं नहीं। तीन परसेंट हुआ? 
चार परसेंट. 
चार परसेंट. अगर जो अट्ठारह परसेंट वहां से मिले है, वो तो चार परसेंट हुआ हो जी, बात। हो जी, है ना? 
हां, बाकी पांच सौ रुपया जीएसटी जमा कराई. 
हां? 
पांच सौ रुपया जीएसटी जमा कराई. 
हां हां जी. जी. एक लाख में चार हज़ार रुपया जीएसटी कहेगी. 
हां. और एक तो कह रहे 
हैं? 
कह ही रहा बनाई. हां? 
जीएसटी पहले वह भरे परी भी जोन खा रहे 
हैं. हां. जब भी हम तो पहले जीएसटी दें तभी जीएसटी हम का रिपोर्ट करेंगे।?. हां. गे भाई साहब,. गे भाई साहब, बहुत ज़्यादा. कहाँ कही कुछ वो अच्छी न्यूज़ है उतनी नहीं। है ना.","Speaker 1: कैसे गुरु क्या? हाल चाल?
Speaker 2: जेसा, जेसा। का है? ठीक है बिल देना। शाम तक पहुंच जाऊँ,
Speaker 1: का बताओ रे बिल पे? पता नहीं। भाई
Speaker 2: यार। करें।?
Speaker 1: जैसे वह क्राइटेरिया रख रहे हो कि तो थोड़ा ध्यान तो नहीं। है बाहर बनकर मेहर वाली हद लगाए थे। हां। मतलब कुछ और लगता है कि लगाए सका थमा।
Speaker 2: हां।
Speaker 1: तो हमसे कहते कि 0 0 चाहिए।
Speaker 2: हां।
Speaker 1: धीरे धीरे तो नहीं। हो पाएगा।
Speaker 2: हां। हां। देखा है हम GPL का पता लगा। कि है जब दिल भेजी हूं हमको तब जाना तो लगा। इनके नहीं। लग रहे हैं।
Speaker 1: हां। जो कम्युनिकेशन वर्क के हिसाब से नहीं। मिलेगा?
Speaker 2: तो कम्युनिकेशन वर्क के हिसाब से नहीं। था काम।
Speaker 1: तो ग्रुप काम कैसा चली? अपन हुआ है सोच रहे हैं।
Speaker 2: कैसा काम? अपन वाला। संतलाल हूं परेशान है पैसे। पैसे। पैसे।
Speaker 1: पैसे। वाला। हां बताएं आज भी और हम पी हैं बहन में सब लग जाए कभी उनकी रिक्वेस्ट करा उनसे नहीं। किया।
Speaker 2: हां। पचास साठ हज़ार बना मतलब रोज़ जी काम करके तो हो ही जी।
Speaker 1: टाइम पचास साठ हज़ार दस साला तो वहां थोड़ी ना हुई।, तो वह भी तो वहां इनपुट लगा। हुई। ना।
Speaker 2: अरे, इनपुट लगा। हुई। थी जहां पहले मिली है या फिर आत्मा है कि अभी क्या? अगले महीना तुम, कंप्लीट करवाओ, कहाँ करें।,?
Speaker 1: तुम, तो बहुत बचा है बस सात आठ तारीख को। सात आठ का? सात आठ तारीख को अगले महीना का।
Speaker 2: मिलकर टाइम हुआ। मिलकर टाइम हुआ। हां। कहाँ कह रहे हैं संतला पैसे। पैसे। ह?
Speaker 1: हां।
Speaker 2: कहाँ आवाज़ नहीं। भेजी ना मैंने।
Speaker 1: यार उनके लिए। भी नहीं। बिगाड़ सकते। गुरु यह हम आदमी बुलाए थे काम थोड़ी ना हो गई है। आदमी बुलाओ घर में थोड़ी ना हो जाता है उनका भी पैसे। दी है पड़ी फिर सौठे पंचायतो झेले पड़ी, फिर भी हमे कुछ संभव नहीं। है।
Speaker 2: चल रहा काम नाम बंद है।
Speaker 1: कहाँ का है? काम नाम चल रहे हैं। कि बंद है।
Speaker 2: कहाँ?
Speaker 1: नहीं। बढ़िया। चल रहे हैं। वह इकट्ठा खो जाए।
Speaker 2: हां, सही बात।
Speaker 1: अब सबसे एक आ रहे हैं। दूसरा जो है खुद बाबा। हम कहे ना चले गए तो वहां खुद हींक गए उसके बाद में खुद हींक गए। हां। और
Speaker 2: बताओ बताऊं।
Speaker 1: हां वही कट रहा था नौकरी में बहुत राजनीति चल रही है वह। हां। कौरवों कई सब ऐसा ही चल रहा था। नौकरी में, विनोबाड़ी तक के दादी तक तुरंत बंद हुई। थी। कितना धुपे में बगल पर शो नहीं। है कोई?
Speaker 2: धोखे में नहीं। बगल पर है।
Speaker 1: तो फिर दृष्टि वाला मैटर सॉल्व हो?
Speaker 2: बात। की है ना एक जन से। हैं? बात। की है ना एक जन से। हेलो। एक जन से बात। की है ना बात। की है ना एक जन से।
Speaker 1: कहता हूं कहे परसेंट में कहीं नहीं। तीन परसेंट हुआ?
Speaker 2: चार परसेंट।
Speaker 1: चार परसेंट। अगर जो अट्ठारह परसेंट वहां से मिले है, वो तो चार परसेंट हुआ हो जी, बात। हो जी, है ना?
Speaker 2: हां, बाकी पांच सौ रुपया जीएसटी जमा कराई।
Speaker 1: हां? पांच सौ रुपया जीएसटी जमा कराई।
Speaker 2: हां हां जी। जी। एक लाख में चार हज़ार रुपया जीएसटी कहेगी।
Speaker 1: हां। और एक तो कह रहे हैं?
Speaker 2: कह ही रहा बनाई। हां?
Speaker 1: जीएसटी पहले वह भरे परी भी जोन खा रहे हैं। हां। जब भी हम तो पहले जीएसटी दें तभी जीएसटी हम का रिपोर्ट करेंगे।?"
37,"मशीनरी और उपकरण के बारे में बातचीत हो रही है, लेकिन यह स्पष्ट नहीं है कि कौन सी मशीनरी का उपयोग किया जा रहा है। साइट एक्टिविटी के बारे में भी चर्चा हो रही है, जिसमें शटरिंग, कास्टिंग, और एक्सावेशन जैसे शब्दों का उपयोग किया जा रहा है। एडमिनिस्ट्रेटिव और सरकारी मामलों के बारे में भी चर्चा हो रही है, जिसमें जल निगम और डीबीएल जैसे शब्दों का उपयोग किया जा रहा है।

स्पीकर 1: कैसा कटेगा? बता रही है? कहे
स्पीकर 2: कहाँ पर न्यूज़ अच्छी होती नहीं। है? शंभु से बातचीत?
स्पीकर 3: मतलब कल भाई रही है।
स्पीकर 2: क्या? कहा थे?
स्पीकर 3: कहीं से ठीक है, दो तारीख का है
स्पीकर 1: वह। हां।
स्पीकर 3: समझे साहिबा। कहीं पर है यार।
स्पीकर 2: कब है बातचीत, शंभु से कई सब बातचीत चल रही है। हैं? शंभु से कई सब बातचीत चल रही है मतलब हेल्दी कम्युनिकेशन चल रहा कैसा चल रहा?
स्पीकर 3: चार पांच दिन नहीं। लगाए थे। बीस बीस लगाए थे। Until में हमने। ढाई लाख के पास चार पांच दिन रखे। जो उसमें दुकान है। एक दिन दो दिन बाद
स्पीकर 2: मतलब मजे से चलना।
स्पीकर 3: चलाए हम जो चक्कर चल रहे हैं।
स्पीकर 2: हां? ठीक हो कितना चल सक बस।
स्पीकर 3: हां। हां। पहले यहाँ, यह तो, यह बड़ी बड़ी समस्या है साला। हां। स्कूटी वाले मेहमान, ऐसा एडवांटेज नहीं। लिख रहे हैं। पहले काम नहीं। करें।,. अब तक काम कंप्लीट है फुर्ती वाले चलते काम एथलीट फ़सा। हां। तो वहां बीच में छोड़कर चले गए फिर।
स्पीकर 2: तो आपको? बुरा लगा। कि ग्रुप लेबर चलाएंगे नहीं। तो फिर सच तैयार है। हां लेबर / लेबर कैसे ऑपरेट करना है कि तुमको। आता ही नहीं। बस भागड़ ठेकेदार आते हैं। हैं? भागड़ जैसा रास्ता है कि हम कभी कुछ तो कहीं ना देख या पैसे। कहीं देख।
स्पीकर 3: कैसा नाम चेक करके बता रहे हैं।
स्पीकर 2: जैसा बता इस वजह से कहाँ करते हैं। अब जैसा हम अभी है बात। करके हैं, तुम, का संभोग के पीछे पड़ जाएगा। है। तू का पीछे पड़ रहे हैं। तू का बस फॉर्मली चला रहे हैं। इसमें मतलब नहीं। वह नहीं। चला होता है कि हां भैया चल रहे हैं। साथ... में वह चल रहे हैं।। तो फिर पीछे एकदम दूर भी नहीं। करते हैं ना गुरु। कोई भी चीज़ आपको? तभी मिलती है तो आप उसके पीछे पूरा समर्पण
स्पीकर 3: कर दो आपका समर्पण कीजिए। पांच बजे। फोन लगा। दो थोड़ा सा कैसा वेट कर रहा
स्पीकर 2: हूं। शायद परेशान हो जब।
स्पीकर 3: बस।
स्पीकर 2: लेकिन गुरु जब आदमी परेशान होते होते समय वह डिसीज़न होकर वह विवेक रहा था वह गड़बड़ रहा
स्पीकर 3: था।
स्पीकर 2: हैं? स्वस्थ दिमाग में आदमी कहाँ गलत डिसीज़न लेते। वह तो गलत डिसीज़न आदमी जब डिग्री का व्यवस्थित होते तो वही गलत
स्पीकर 3: है।
स्पीकर 2: तो स्वस्थ दिमाग से ऊपर जीते हैं शायद।
स्पीकर 3: ऐसे ही मैं।... कंटिन्यू फोन लगा। रहा हूं तो भाई तो पांच बजे। तक ऐसा लगा।। नींद है हम तो कल लगा।, कल परसों लगाने की जिदी
स्पीकर 2: हूं। कल रह
स्पीकर 3: कर अब अब तक आई ना बस शादी वाली बात। बता रहे हैं।
स्पीकर 2: कभी हो गई है शादी?
स्पीकर 3: एक तारीख का, आई जो है ना अब एक शादी नहीं। होती।
स्पीकर 2: वही हो तो यही कह रहे हैं। हां।
स्पीकर 3: बोला है। बोला?
स्पीकर 2: हो ही होगा तुमको। अभी तुम, बोले से कौन अर्थ नहीं। मिलता है अभी। मैं।... तुम्हारे ऊपर बहुत सारे सेना वह मुझे कोई मतलब नहीं। निकलता है अब तो। कि तुम्हारा वह अंतिम स्टेज आ जाती है कि ठीक है जाकर कहेगा अब कर ले बस बात।। जैसे मूल्य व्यर्थ है, कहाँ व्यर्थ है?
स्पीकर 3: बड़ी समस्याएं हमसे आपको? तुमको। क्या? बताएं? बड़ी समस्याएं हैं आपको? हमसे नहीं।,
स्पीकर 2: तुमको। तुमसे समस्याएं हमको नहीं।।
स्पीकर 3: समस्याएं आपसे है कि पहले आ सकती है?
स्पीकर 2: हमेशा से।
स्पीकर 3: तब तो क्या? वह कौन चीज़ की ज़रूरत नहीं। कर रहा?
स्पीकर 2: हमें। ऐसा क्यों? नहीं। करूं हम तो शीघ्र होली में रहे हैं। ऐसे शीघ्र होली में तुम, से विवाद हुई। है जब शीघ्र ही नहीं। हम सिंगरौली में नहीं। तो कहांऊ आऊर है। तो वहां पर यह है सेंटेंस आ जाते लास्ट में
स्पीकर 3: यही तो।
स्पीकर 2: ठीक है हां तो तो फंस जाकर के कई।
स्पीकर 3: कब आओगे कहना लोग। क्या? यह तो जबरदस्ती ना बतावा करा। यह भर कंटिन्यू वही चीज़ बता रहे हैं।। कब आओगे कहना। रेगार्डिंग हमा तो हमें। तो चालू रखवा खराब। ठीक है ना? हमें। बात। कही तो उसके रेगार्डिंग हम ऐसे चालू करवाते हैं।
स्पीकर 2: साहब,. हमको शौक लगी है हमको। मन पड़ा स्काई। चला। ठीक है तो चल रही है मौसी के दिन हम चले।
स्पीकर 3: चल रही है।
स्पीकर 2: काहे शायरें
स्पीकर 3: हो?
स्पीकर 2: लाइक से। हो ही गया। टेंशन ना हो। परेशान ना हो तो हम बिल्कुल हो गए करीबन ही कर ही। आराम से रहो परेशान होने से। ठीक है? टेंशन लेवल लेवल टूटूटूटूटूटूटूटूटूटू।
स्पीकर 3: एक तो कहानी बताई गुरु। बताओ? छह आदिवासी लोग। रह गए हैं। हां। तो जब एक पेड़ रहा, कौन वह पेड़ का तुमसे सार्थक नहीं। रहे। हां। जब पहुंच जाने का रोज़ गाली दे रहे हैं।। हां। और वह पेड़ धीरे धीरे तो सुखाया जाता है। हम लोगों की जब बात। होती तो खाली कोसा कोस चालू होता है फिर।
स्पीकर 2: यह मैंने तो मना किया। ना अभी तो बहुत ही कहानी टेंशन ना ले सब
स्पीकर 3: अच्छा। अच्छा नहीं। यार।
स्पीकर 2: तुम, वह चीज़ का भाग रहे है तो उसे कहाँ नहीं। तुम, सुना रहे। भाई जब आप जो अचीव नहीं। कर सकते हो तो। आप परिवर्तन नहीं। कर सकते हो तो उसे क्यों? कर लो दो ही चीज़ें होती हैं दुनिया। कब तक असंतोष से जीत गए हो?
स्पीकर 3: इतने कोसते हो तुम, गुरु क्या? बताएं यार।
स्पीकर 2: हम पहले जोती यहाँ तुम्हारे में एक से सिमिलरिटी लगी रहती हम वह फील कर देते हैं। अगर हम उसे चार पांच दिन से रेगुलर एक बार खिलाड़ी रहने में। काहेफ़ताई।
स्पीकर 3: बता दो।
स्पीकर 2: फिर तू सो गए उठेगा। आज हम उसे पहले दिन नहीं। लगाए ना, शायद पिछले चार दिन से इसको हम बहुत भी उसी लड़ चुके हैं। लास्ट में हम इसका इतने निकला तो पता है। कहाँ से कि हमको अपन ने किसी भी प्रकार की कोई भी परिवर्तन नहीं। करेगा। वह सात मिनट छोड़ देता है तो सातवें में छोड़ देता है तो वह कहेगा। अब साले अस्त्र शस्त्र लगा। डाल रहे है सब कहीं डाल रहे है। पर आहिल नहीं। चाहत रहे है हम या तुम्हारा अहित चाहिता है। भाई तुमको। गुरु हम याद करा अभी से दस दिन पहले कहा कहते है गुरु तू मुझे गलत साबित कर दो।
स्पीकर 3: हम पहले काम नहीं। रहता ना हम यह कभी नहीं। सोचते हैं, हम किसी को गलत करें।,. किसी
स्पीकर 2: को गलत करें।,. नहीं। गुरु तो हर चैलेंज की
स्पीकर 3: बात। कही चल
स्पीकर 2: रहे हैं।। हम तुम्हारे चैलेंज किए रहे हैं याद कर। काम सही गलत की बात। नहीं। थी गुरु। मैंने तुमको। चैलेंज किया। था तुम, बोला था गुरु हम यह काम प्रोसेस में निपटा देते। हम कह रहे हैं गुरु यह एक हफ्ता में सूची ना हुई।। ऐसे तो काम कॉल कई के दुबारा कहे। गुरु हम तो का कहना है कि हम पर ग़ज़ब शादी चाहिए।। अपनी इस अगली ताकत से उठी है हम थाओ कहना है। हैं?
स्पीकर 3: हम से कुछ नहीं। हो सकता है। हैं।? हम से कुछ नहीं। हो सकता है।
स्पीकर 2: कैसा नहीं। हो सकता है?
स्पीकर 3: तो तो हां वर्ड आई रिपीट करेलना है। ले।
स्पीकर 2: गलत साबित कर दो ना गुरु।
स्पीकर 3: नहीं। नहीं। नहीं। हमसे कुछ नहीं। हो सकता भाई। जो हो रहे हैं। तो हो रहे हैं।।
स्पीकर 2: तुम, तो ऐसे ही बात। करते हो गुरु बहन बताएं कि आगे रेत / सैंड लाइट है। तू जो रफ़्तार से जा रहे हैं। तू पार के ही जा रहे हो तू। तो कहीं कि आज हुआ भाई ऐसा है कि रेत / सैंड लाइट दिखा फाड़ ना किए हम बताए थे। तो रेत / सैंड लाइट से ही बढ़े जा रहे हैं, बढ़े जा रहे हैं, बढ़े जा रहे हैं। अरे यार एक रेत / सैंड लाइट में जो पार कर रही नहीं। तो कहाँ से हुआ हमसे तो हो ही ना पाई सब जाना चाहिए। कि हुआ कि पहले हम कह रही है। वह तो कम से कम चैलेंज किया। जा रहा ना पिछले वीडियो भी हम चैलेंज किए रहे हैं, गुरु ऐसा कर दो। हमको बहुत हम यह चीज़ कहे रहे हैं गुरु कि हमको बहुत खुशी हुई। नहीं। तो हमको गलत आ गई थी इधर।
स्पीकर 3: अभी। नहीं। तुम, सही है तुम, वगैरह कैसे साबित कर सकते हैं वह।
स्पीकर 2: उनका सही नहीं। है बोलकर, अहमदाबाद।
स्पीकर 3: सही हो जो तुम, करते हो वही होता।
स्पीकर 2: नहीं।, ऐसा ना हो चाहे तो हमसे याद रखना बहुत बहुत पेनल्टी को भी तो कहे कि तुम्हारे मन ना कहा ऐसा हम कहें। और ही मन मिलता है एक दो कि कौन सा गलत साबित है यह। तो नहीं। कैसे उसे। अब तो गलत साल में प्लान ही होता है तो फ्रस्ट्रेशन भी एक लेवल पर हो जाता है कि वो पेरेंट्स जुगाड़ जुगाड़ बता रहे हैं तो क्यों? पेरेंट्स चुराए। अरे भाई यार कोई आदमी काम दिख रहे है कि गलत रास्ता जा रहे हैं। वाली ड्यूटी वाली बात। वो काम दिख रहे है कि साठ दिन कोई चोट नहीं। है। बिटिया बेचारी हमारे खाए बावरे सौ चौदह रुपए रोबत रहा थी यह सीधे लोगेल आती कहाँ पर गुस्सा आदमी तो फ़र्क तुम्हारे दुश्मन आए हैं यह पकई के क्या? करे सरकारी उठी है तो सो गए पहले तो कुछ काम से लेना है गोली तैयार है एक काहे काहे काहे काहे काहे काहे काहे काहे काहे काहे काहे काहे काहे काहे काहे काहे काहे काहे काहे काहे काहे काहे काहे काहे काहे काहे काहे काहे काहे काहे काहे काहे काहे क","Speaker 1: कैसा कटेगा? बता रही है? कहे
Speaker 2: कहाँ पर न्यूज़ अच्छी होती नहीं। है? शंभु से बातचीत?
Speaker 1: मतलब कल भाई रही है।
Speaker 2: क्या? कहा थे?
Speaker 1: कहीं से ठीक है, दो तारीख का है
Speaker 1: वह। हां।
Speaker 1: समझे साहिब। कहीं पर है यार।
Speaker 2: कब है बातचीत, शंभु से कई सब बातचीत चल रही है। हैं? शंभु से कई सब बातचीत चल रही है मतलब हेल्दी कम्युनिकेशन चल रहा कैसा चल रहा?
Speaker 1: चार पांच दिन नहीं। लगाए थे। बीस बीस लगाए थे। Until में हमने। ढाई लाख के पास चार पांच दिन रखे। जो उसमें दुकान है। एक दिन दो दिन बाद
Speaker 2: मतलब मजे से चलना।
Speaker 1: चलाए हम जो चक्कर चल रहे हैं।
Speaker 2: हां? ठीक हो कितना चल सक बस।
Speaker 1: हां। हां। पहले यहाँ, यह तो, यह बड़ी बड़ी समस्या है साला। हां। स्कूटी वाले मेहमान, ऐसा एडवांटेज नहीं। लिख रहे हैं। पहले काम नहीं। करें।,. अब तक काम कंप्लीट है फुर्ती वाले चलते काम एथलीट फ़सा। हां। तो वहां बीच में छोड़कर चले गए फिर।
Speaker 2: तो आपको? बुरा लगा। कि ग्रुप लेबर चलाएंगे नहीं। तो फिर सच तैयार है। हां लेबर / लेबर कैसे ऑपरेट करना है कि तुमको। आता ही नहीं। बस भागड़ ठेकेदार आते हैं। हैं? भागड़ जैसा रास्ता है कि हम कभी कुछ तो कहीं ना देख या पैसे। कहीं देख।
Speaker 1: कैसा नाम चेक करके बता रहे हैं।
Speaker 2: जैसा बता इस वजह से कहाँ करते हैं। अब जैसा हम अभी है बात। करके हैं, तुम, का संभोग के पीछे पड़ जाएगा। है। तू का पीछे पड़ रहे हैं। तू का बस फॉर्मली चला रहे हैं। इसमें मतलब नहीं। वह नहीं। चला होता है कि हां भैया चल रहे हैं। साथ... में वह चल रहे हैं।। तो फिर पीछे एकदम दूर भी नहीं। करते हैं ना गुरु। कोई भी चीज़ आपको? तभी मिलती है तो आप उसके पीछे पूरा समर्पण
Speaker 1: कर दो आपका समर्पण कीजिए। पांच बजे। फोन लगा। दो थोड़ा सा कैसा वेट कर रहा
Speaker 2: हूं। शायद परेशान हो जब।
Speaker 1: बस।
Speaker 2: लेकिन गुरु जब आदमी परेशान होते होते समय वह डिसीज़न होकर वह विवेक रहा था वह गड़बड़ रहा
Speaker 1: था।
Speaker 2: हैं? स्वस्थ दिमाग में आदमी कहाँ गलत डिसीज़न लेते। वह तो गलत डिसीज़न आदमी जब डिग्री का व्यवस्थित होते तो वही गलत
Speaker 1: है।
Speaker 2: तो स्वस्थ दिमाग से ऊपर जीते हैं शायद।
Speaker 1: ऐसे ही मैं।... कंटिन्यू फोन लगा। रहा हूं तो भाई तो पांच बजे। तक ऐसा लगा।। नींद है हम तो कल लगा।, कल परसों लगाने की जिदी
Speaker 2: हूं। कल रह
Speaker 1: कर अब अब तक आई ना बस शादी वाली बात। बता रहे हैं।
Speaker 2: कभी हो गई है शादी?
Speaker 1: एक तारीख का, आई जो है ना अब एक शादी नहीं। होती।
Speaker 2: वही हो तो यही कह रहे हैं। हां।
Speaker 1: बोला है। बोला?
Speaker 2: हो ही होगा तुमको। अभी तुम, बोले से कौन अर्थ नहीं। मिलता है अभी। मैं।... तुम्हारे ऊपर बहुत सारे सेना वह मुझे कोई मतलब नहीं। निकलता है अब तो। कि तुम्हारा वह अंतिम स्टेज आ जाती है कि ठीक है जाकर कहेगा अब कर ले बस बात।। जैसे मूल्य व्यर्थ है, कहाँ व्यर्थ ह?
Speaker 1: बड़ी समस्याएं हमसे आपको? तुमको। क्या? बताएं? बड़ी समस्याएं हैं आपको? हमसे नहीं।,
Speaker 2: तुमको। तुमसे समस्याएं हमको नहीं।।
Speaker 1: समस्याएं आपसे है कि पहले आ सकती ह?
Speaker 2: हमेशा से।
Speaker 1: तब तो क्या? वह कौन चीज़ की ज़रूरत नहीं। कर रहा?"
38,"स्पीकर 1: हैलो
स्पीकर 2: हैलो हैलो। हां गुरु कहाँ पहुंचे?
स्पीकर 1: अरे हो गया। पहुंचे वाले ने हां क्या? नाम है धूप रात रुके रह गया। नेहा खान कहाँ कहाँ कहाँ कहाँ? मैं।... तो बाहरी के आगे। है। बाहरी? यार संतलाल के बाद भरी तो हूं आज। नहीं। और यह एक बार तो यह समय निकल के भी ना बताया कोरोना का।
स्पीकर 2: भाग गए हैं? हां।
स्पीकर 1: हम फोन लगाएं ना अब अब फोन लगाएं सुबह काम पर दे रहे हैं। अब फोन लगाएं ना कहीं ना कहीं रूम में हैं। फिर पिताजी, पिताजी फोन लगाएं तो उनसे बताया ना कि हम पंचायत पंचायत हम फोन लगाएं कहीं तो रूम में हैं। हां। तो वह वहां के मास्टर हम वहां देकर रूम में आ रहे हैं उनसे हम बात कर रहे हैं। हां। तब बताएं इनको निकाल लें।
स्पीकर 2: ले। पैसे निकाल ले। हां। आज क्या? तारीख है? सत्रह।
स्पीकर 1: सत्रह तारीख है। जो कल। राइट। दुबारा पैसे तो नहीं। भेज देता है।
स्पीकर 2: नहीं। नहीं। भेज रहा।
स्पीकर 1: पर बार बता पर तब रखिए हां। हां।
स्पीकर 2: रोका लगा। आई किसान से लाओ। क्या? बताई? अरे भाई तू वहां जा रहे हैं। तो आज लेबरे हां
स्पीकर 1: आज लेबरे चले गए। यहाँ
स्पीकर 2: हम प्लान के रहने के लिए। हम पहले गुरु पहुंची तो काम कीजिए। चला लगा। आई सुशांतलाल।
स्पीकर 1: लगा। लगा। ठोक है।","Speaker 1: हैलो
Speaker 2: हैलो हैलो। क्या गुरु पहुंच गए?
Speaker 1: हां, पहुंच गए। लेकिन धूप और रात की वजह से रुके रह गए। निर्माण स्थल के बाहरी हिस्से में काम हो रहा है। संतलाल के बाद का काम आज भरना है। और यह समय निकलकर भी बताया नहीं गया कोरोना की वजह से।
Speaker 2: क्या वे भाग गए हैं?
Speaker 1: हां, हमें फोन लगाना चाहिए। सुबह काम पर दे रहे हैं। कहीं रूम में होंगे। फिर पिताजी से बात करेंगे और उनसे बताएंगे कि हम पंचायत में हैं और फोन लगाएं।
Speaker 2: हां, पैसे निकाल लें। आज क्या तारीख है?
Speaker 1: सत्रह तारीख है। जो कल थी।
Speaker 2: दुबारा पैसे तो नहीं। भेज देता है।
Speaker 1: पर बता दो कि तब रखिए।
Speaker 2: रोका लगा। आई किसान से लाओ। क्या बताई? अरे भाई तू वहां जा रहे हैं। तो आज लेबरे हां
Speaker 1: आज लेबरे चले गए। यहाँ
Speaker 2: हम प्लान के रहने के लिए। हम पहले गुरु पहुंची तो काम कीजिए। चला लगा। आई सुशांतलाल।
Speaker 1: लगा। लगा। ठोक है।"
39,"खास गाड़ी नहीं है, लेबर चले गए। हम उनसे पूछेंगे और संतलाल को बताएंगे कि हमें बता कर में गया हूं। तो कहता है हमको नहीं जानकारी है, हमको पता करो लेबर कहाँ है फिर नहीं है जानकारी तो। कहीं इतने सब पता करके बताता हूं और। आपका है वही। वह वाली कहाँ पर, सुने हैं। कहाँ हो? किस्मत हो बांडु तू क्या करेगा? लेगा पांडु? हां। गए? सुने तो है अनुभव, चल ऐसे औरत। हो कि संसलाल का भी तो मन ही कितना कितना पैसे दे तीन हज़ार पहले भी है। तीन हज़ार ठीक है। फिर पैंतीस सौ भी हैं। तीन हज़ार पैंतीस सौ तो थोड़ा साड़े चार हज़ार। छह अड़सठ सौ पर भी हैं। पैसे साढ़े छह हज़ार तो छह छह बारह। अड़सठ छह आठ जुड़े ठीक है ना। एक मिनट एक मिनट बारह हज़ार यह हो गया, पांच तेरह सात हज़ार तीन सौ। यह टोटल जोड़ना था ना जो आंसर तो ही। सॉरी सात हज़ार कह सौ। तीन हज़ार प्लस पैंतीस तो है ना, फिर उसके बाद संसलाल को और पैसे दिए गए हैं और कहाँ दिए गए हैं? फिर दिए तुम, दो हज़ार दिए एक बार ना। फिर संसलाल को दो हज़ार और दिया गया। ना, फिर एक बार राशन के। और फिर दिया गया, कैसे हम जानते हैं? राशन के लिए, दो हज़ार एक बार और दिए हैं शायद। अब इतने हमरे में इतने दिखा रहा होगा नहीं, याद जा रहा कहाँ ट्रांसेक्शन के हैं। हां इतने दे हैं ना कौन दे। सत्रह हज़ार तीन सौ रुपया दिया होगा ना। योगेश का है पंद्रह हज़ार। पंद्रह कितना वन रहे हैं? दो ही दो ही दो ही हज़ार दो बार की दिया है। यह चौदह तारीख का दिया है। दो दो हज़ार रुपया दो बार के दिन का है शायद, हां तो। दो दो बार दिहन का, हां। दो हज़ार रुपया दो बार दिहन का। चार हज़ार की है है क्या? चार हज़ार। रुपया, नहीं। नहीं। एक हज़ार रुपया हुआ है एक और दो हज़ार है ना सत्रह तीन सौ में। अब बताओ काम वह कितना की है इसके? काम करे है या चौबीस सौ साठ मीटर तक है तो पांच मिनट हां बात करो। कहाँ हो सुनील? हेलो। हां सर, कहाँ हो? गांव जा रहा हूं सर। गांव जा रहे हो तो किसी को बताए हो? नहीं सर, तो बता तो नहीं हो, किसी को सर बाकी हमारे थोड़ा एमरजेंसी अरेंज फोन आ गया, बहुत एमरजेंसी इसीलिए मैं चल दिया जा रहा हूं ना। और बाकी लेबर? बाल्टी लेबर बाकी लेबर सब जा रहे हैं इसीलिए ना एक ही घर में सब प्रोब्लम फंस गया है ना इसलिए सब जा रहे हैं। क्या? हो गया, है घर में सब कुछ? अरे कुछ थोड़ा मतलब परेशानी हो गया है ना इसलिए जा रहे हैं थोड़ा यह मतलब यह बहुत अर्जेंट है ना इसलिए। फिर तो लौट, कब आओगे लौट? के? फिर बस यह बीस पच्चीस तीस तारीख को वापस लौटेंगे, बीस तारीख को। बीस पच्चीस कि तीस? पच्चीस तारीख को, पच्चीस को आओगे? हां सर। फिर हम। अभी अभी तो हमसे बोल रहे थे कि अगले महीने आऐंगे। आऐंगे, यह बोला था सर, हम थोड़ी बोले शाम को पहुंचा रहा हूं तो सुनील बोल रहा हूं ना। तुम्हारे ग्रुप में कोई बोल रहा था, तुम्हारे नंबर से बात हुई थी। सर बोल रहा हूं तो सर हम तो सोच रहे हैं आप लोग। अरे। यह बताओ। सर हम लोग, तुम, मास्टर साहब, से पैसे लिए हो कि किसी से बताया कि पैसे लिए हो? सर पैसे किसी से नहीं लिया हूं, सामान मतलब खाए पिए हैं मतलब पैसे देखो, किसी से नहीं लिया हूं। वही बात है, वह बोल रहे थे कि हमारे दुकान से सामान लिए हैं और हमसे कैश भी लिए हैं। नहीं सर, बात कराइए कैश लिया होता तो फिर हम बताओ कैश देते हैं तब तो दुकान का। दुकान का कितना पैसा था? दुकान का कितना पैसा? साढ़े एक हज़ार रुपया रहा था। साढ़े एक हज़ार? हां, एक हज़ार रुपया है मतलब एक हज़ार पचास रुपये? हां हां मतलब एक हज़ार पचास रुपये है मतलब कि नौ सामान है, हम कहा भी कि हम जा रहा हूं गांव तो तुमको पैसे हम में डलवा दूंगा नंबर तो तो कह रहे हैं नई विश्वास नहीं है। हम कहे ठीक है भाई नई विश्वास है तो सामान रख लो भाई तो रख लो भाई तो फिर हम पैसे डलवाएंगे तो दे देने का सामान है मेरे ठेकेदार को भाई। कौन सा सामान रखा है? फरसी गई थी मतलब फरसी वह। तुम्हारे उससे कटेगा। हम पहले में से कटेगा तो हो रहे हैं ठीक है भाई तो हम भरेंगे तो भाई वहां तो फिर मतलब बाय मैं... अंकल जी उसको फोन कर दूंगा तो अंकल जी हमारे घर भय जाएंगे सामान को और क्या?? फिर हमारे काम कर। रहा हूं। चलो, ठीक है तो फिर। कोई बात नहीं। लौटकर कब आओगे? बस यह बीस तारीख भरे में पच्चीस पच्चीस तारीख को मैं... चलाऊंगा यह तेईस तारीख या चौबीस तारीख तो मेरा बरात है। अच्छा दुबारा शादी करने हो? दुबारा शादी नहीं मतलब दूसरा के मतलब गांव घर के हो मतलब। क्या? दुबारा शादी वादी नहीं करना बहुत बार पड़ती है। अरे अरे अरे दुबारा मेरा अभी पहले ही नहीं हुआ है तो हम दुबारा कहाँ पर करूंगा, अच्छा अच्छा तो दूसरे का कर रहे हो क्या? वही तो नहीं कर रहा हूँ अभी पहली बात तो हुई नहीं कहाँ समय दूसरा करूँगा। यह सब नहीं करना है बहुत मार पड़ती है बताय दे रहा हूँ पे नहीं करना मुझको। पता है हमको भी पता है सर पता है। ठीक है तो मैं... कब मानूं पच्चीस को आओगे आप उससे? हां हां हां। चलो, ठीक है। ठीक है, ठीक है।","Speaker 1: खास गाड़ी नहीं है, लेबर चले गए। हम उनसे पूछेंगे और संतलाल को बताएंगे कि हमें बता कर में गया हूं।
Speaker 2: तो कहता है हमको नहीं जानकारी है, हमको पता करो लेबर कहाँ है फिर नहीं है जानकारी तो।
Speaker 1: कहीं इतने सब पता करके बताता हूं और। आपका है वही।
Speaker 2: वह वाली कहाँ पर, सुने हैं। कहाँ हो?
Speaker 1: किस्मत हो बांडु तू क्या करेगा? लेगा पांडु?
Speaker 2: हां। गए? सुने तो है अनुभव, चल ऐसे औरत।
Speaker 1: हो कि संसलाल का भी तो मन ही कितना कितना पैसे दे तीन हज़ार पहले भी है।
Speaker 2: तीन हज़ार ठीक है। फिर पैंतीस सौ भी हैं।
Speaker 1: तीन हज़ार पैंतीस सौ तो थोड़ा साड़े चार हज़ार।
Speaker 2: छह अड़सठ सौ पर भी हैं। पैसे साढ़े छह हज़ार तो छह छह बारह।
Speaker 1: अड़सठ छह आठ जुड़े ठीक है ना। एक मिनट एक मिनट बारह हज़ार यह हो गया, पांच तेरह सात हज़ार तीन सौ।
Speaker 2: यह टोटल जोड़ना था ना जो आंसर तो ही।
Speaker 1: सॉरी सात हज़ार कह सौ। तीन हज़ार प्लस पैंतीस तो है ना, फिर उसके बाद संसलाल को और पैसे दिए गए हैं और कहाँ दिए गए हैं?
Speaker 2: फिर दिए तुम, दो हज़ार दिए एक बार ना।
Speaker 1: फिर संसलाल को दो हज़ार और दिया गया। ना, फिर एक बार राशन के।
Speaker 2: और फिर दिया गया, कैसे हम जानते हैं? राशन के लिए, दो हज़ार एक बार और दिए हैं शायद।
Speaker 1: अब इतने हमरे में इतने दिखा रहा होगा नहीं, याद जा रहा कहाँ ट्रांसेक्शन के हैं।
Speaker 2: हां इतने दे हैं ना कौन दे। सत्रह हज़ार तीन सौ रुपया दिया होगा ना।
Speaker 1: योगेश का है पंद्रह हज़ार। पंद्रह कितना वन रहे हैं?
Speaker 2: दो ही दो ही दो ही हज़ार दो बार की दिया है। यह चौदह तारीख का दिया है।
Speaker 1: दो दो हज़ार रुपया दो बार दिहन का, हां। दो हज़ार रुपया दो बार दिहन का।
Speaker 2: चार हज़ार की है है क्या? चार हज़ार।
Speaker 1: रुपया, नहीं। नहीं। एक हज़ार रुपया हुआ है एक और दो हज़ार है ना सत्रह तीन सौ में।
Speaker 2: अब बताओ काम वह कितना की है इसके? काम करे है या चौबीस सौ साठ मीटर तक है तो पांच मिनट हां बात करो।
Speaker 1: कहाँ हो सुनील? हेलो।
Speaker 2: हां सर, कहाँ हो? गांव जा रहा हूं सर।
Speaker 1: गांव जा रहे हो तो किसी को बताए हो?
Speaker 2: नहीं सर, तो बता तो नहीं हो, किसी को सर बाकी हमारे थोड़ा एमरजेंसी अरेंज फोन आ गया, बहुत एमरजेंसी इसीलिए मैं चल दिया जा रहा हूं ना।
Speaker 1: और बाकी लेबर? बाल्टी लेबर बाकी लेबर सब जा रहे हैं इसीलिए ना एक ही घर में सब प्रोब्लम फंस गया है ना इसलिए सब जा रहे हैं।
Speaker 2: क्या? हो गया, है घर में सब कुछ? अरे कुछ थोड़ा मतलब परेशानी हो गया है ना इसलिए जा रहे हैं थोड़ा यह मतलब यह बहुत अर्जेंट है ना इसलिए।
Speaker 1: फिर तो लौट, कब आओगे लौट? के? फिर बस यह बीस पच्चीस तीस तारीख को वापस लौटेंगे, बीस तारीख को।
Speaker 2: बीस पच्चीस कि तीस? पच्चीस तारीख को, पच्चीस को आओगे? हां सर।
Speaker 1: फिर हम। अभी अभी तो हमसे बोल रहे थे कि अगले महीने आऐंगे। आऐंगे, यह बोला था सर, हम थोड़ी बोले शाम को पहुंचा रहा हूं तो सुनील बोल रहा हूं ना।
Speaker 2: तुम्हारे ग्रुप में कोई बोल रहा था, तुम्हारे नंबर से बात हुई थी। सर बोल रहा हूं तो सर हम तो सोच रहे हैं आप लोग।
Speaker 1: अरे। यह बताओ। सर हम लोग, तुम, मास्टर साहब, से पैसे लिए हो कि किसी से बताया कि पैसे लिए हो?
Speaker 2: सर पैसे किसी से नहीं लिया हूं, सामान मतलब खाए पिए हैं मतलब पैसे देखो, किसी से नहीं लिया हूं।
Speaker 1: वही बात है, वह बोल रहे थे कि हमारे दुकान से सामान लिए हैं और हमसे कैश भी लिए हैं।
Speaker 2: नहीं सर, बात कराइए कैश लिया होता तो फिर हम बताओ कैश देते हैं तब तो दुकान का।
Speaker 1: दुकान का कितना पैसा था? दुकान का कितना पैसा?"
40,"स्पीकर १: हां चल तो लाल जो दूसरा आदमी ना
स्पीकर २: भेजी। हां बात। कर ही थी। कहाँ लोग। किस्मत से खराब।
स्पीकर १: जोड़ा काम जोड़ा था थोड़ा सा।
स्पीकर २: हां काम जोड़ा था हम नहीं। है ना।
स्पीकर १: हां एक सौ चौबीस।
स्पीकर २: एक मिनट एक मिनट एक मिनट।
स्पीकर १: हां। प्लस साठ प्लस नब्बे
स्पीकर २: और?
स्पीकर १: इतने पाइप दिल्ली हैं अब आगे गड्ढा कितना खुदा हैं वह के बारे में जानकारी नहीं। हैं। दस मीटर दस मीटर और खुदा हुई। गड्ढा मैक्सिमम।
स्पीकर २: दो सौ चौरासी दो
स्पीकर १: सौ चौरासी
स्पीकर २: गुणा पचास पचास चौदह दो एक सौ
स्पीकर १: चौदह दो
स्पीकर २: एक सौ सत्रह तीन सौ का दे चुका है। सत्रह तीन सौ में धोने वाले तीन हज़ार हुआ माइनस वही है ना।
स्पीकर १: तीन कह गए पंद्रह सौ ना?
स्पीकर २: अभी तीन हज़ार हुआ लेबर के बुलाए
स्पीकर १: वाला? लेबर ही वाला ना तो दस आदमी कहाँ आए रहे हम?
स्पीकर २: सात आदमी को हमसे तीन हज़ार ले रहा।
स्पीकर १: सात ले रहा तुम्हारे लिए। तो सात नहीं। रहता पांच रहे हैं।
स्पीकर २: हो यह तो अगर वह तीन हज़ार माइनस के देखिए, सौ रुपया हुआ हम पहले लिए।। हां। एक हज़ार यह लगेगा तो इस वक्त और वह लगेगा।
स्पीकर १: कल एक हज़ार अच्छा
स्पीकर २: यह। दो सौ बोला गया। एक हज़ार बताई तो एक हज़ार पचास हुआ।
स्पीकर १: एक हज़ार पचास
स्पीकर २: सौ नहीं।।
स्पीकर १: और सामान रखिए मां होकर दिक्कत नहीं। है आप। हां। सामान तो हो यह कहती परवाह रहे हैं। तो चार सौ कहती है आवती डेढ़ सौ का फरुवा आवत है। हां। साढ़े साढ़े पांच सौ रुपए के आवत है मान लो पांच सत्रह सात पांच सत्रह
स्पीकर २: तो है यार समझ में आवा काहे काहे काहे काहे काहे काहे काहे काहे काहे काहे काहे काहे काहे काहे काहे काहे काहे काहे काहे काहे काहे काहे काहे काहे काहे काहे काहे काहे काहे काहे काहे काहे काहे काहे काहे काहे काहे काहे काहे काहे काहे काहे काहे काहे काहे काहे काहे काहे काहे काहे काहे काहे काहे काहे काहे काहे काहे काहे काहे काहे काहे काहे काहे काहे काहे काहे काहे काहे काहे काहे काहे काहे काहे काहे काहे काहे काहे काहे काहे काहे काहे काहे काहे काहे काहे काहे काहे काहे काहे काहे काहे काहे काहे काहे काहे काहे काहे काहे काहे काहे काहे काहे काहे काहे काहे काहे काहे काहे काहे काहे काहे काहे काहे काहे काहे काहे काहे काहे काहे काहे काहे काहे काहे काहे काहे काहे काहे काहे काहे काहे काहे काहे काहे काहे काहे काहे काहे काहे काहे काहे काहे काहे काहे काहे काहे काहे काहे काहे काहे काहे काहे काहे काहे काहे काहे काहे काहे काहे काहे काहे काहे काहे काहे काहे काहे काहे काहे काहे काहे काहे काहे काहे काहे काहे काहे काहे काहे काहे काहे काहे काहे काहे काहे काहे काहे काहे काहे काहे काहे काहे काहे काहे काहे काहे काहे काहे काहे काहे काहे काहे काहे काहे काहे काहे काहे काहे काहे काहे काहे काहे काहे काहे काहे काहे काहे काहे काहे काहे काहे काहे काहे काहे काहे काहे काहे काहे काहे काहे काहे काहे काहे काहे काहे काहे काहे काहे काहे काहे काहे काहे काहे काहे काहे काहे काहे काहे काहे काहे काहे काहे काहे काहे काहे काहे काहे काहे काहे काहे काहे काहे काहे काहे काहे काहे काहे काहे काहे काहे काहे काहे काहे काहे काहे काहे काहे काहे काहे काहे काहे काहे काहे काहे काहे काहे काहे काहे काहे काहे काहे काहे काहे काहे काहे काहे काहे काहे काहे काहे काहे काहे काहे काहे काहे काहे काहे काहे काहे काहे काहे काहे काहे काहे काहे काहे काहे काहे काहे काहे काहे काहे काहे काहे काहे काहे काहे काहे काहे काहे काहे काहे काहे काहे काहे काहे काहे काहे काहे काहे काहे काहे काहे काहे काहे काहे काहे काहे काहे काहे काहे काहे काहे काहे काहे काहे काहे काहे काहे काहे काहे काहे काहे काहे काहे काहे काहे काहे काहे काहे काहे काहे काहे काहे काहे काहे काहे काहे काहे काहे काहे काहे काहे काहे काहे काहे काहे काहे काहे काहे काहे काहे काहे काहे काहे काहे काहे काहे काहे काहे काहे काहे काहे काहे काहे काहे काहे काहे काहे काहे काहे काहे काहे काहे काहे काहे काहे काहे काहे काहे काहे काहे काहे काहे काहे काहे काहे काहे काहे काहे काहे काहे काहे काहे काहे काहे काहे काहे काहे काहे काहे काहे काहे काहे काहे काहे काहे काहे काहे काहे काहे काहे काहे काहे काहे काहे काहे काहे काहे काहे काहे काहे काहे काहे काहे काहे काहे काहे काहे काहे काहे काहे काहे काहे काहे काहे काहे काहे काहे काहे काहे काहे काहे काहे काहे काहे काहे काहे काहे काहे काहे काहे काहे काहे काहे काहे काहे काहे काहे काहे काहे काहे काहे काहे काहे काहे काहे काहे काहे काहे काहे काहे काहे काहे काहे काहे काहे काहे काहे काहे काहे काहे काहे काहे काहे काहे काहे काहे काहे काहे काहे काहे काहे काहे काहे काहे काहे काहे काहे काहे काहे काहे काहे काहे काहे काहे काहे काहे काहे काहे काहे काहे काहे काहे काहे काहे काहे काहे काहे काहे काहे काहे काहे काहे काहे काहे काहे काहे काहे काहे काहे काहे काहे काहे काहे काहे काहे काहे काहे काहे काहे काहे काहे काहे काहे काहे काहे काहे काहे काहे काहे काहे काहे काहे काहे काहे काहे काहे काहे काहे काहे काहे काहे काहे काहे काहे काहे काहे काहे काहे काहे काहे काहे काहे काहे काहे काहे काहे काहे काहे काहे काहे काहे काहे काहे काहे काहे काहे काहे काहे काहे काहे काहे काहे काहे काहे काहे काहे काहे काहे काहे काहे काहे काहे काहे काहे काहे काहे काहे काहे काहे काहे काहे काहे काहे काहे काहे काहे काहे काहे काहे काहे काहे काहे काहे काहे काहे काहे काहे काहे काहे काहे काहे काहे काहे काहे काहे काहे काहे काहे काहे काहे काहे काहे काहे काहे काहे काहे काहे काहे काहे काहे काहे काहे काहे काहे काहे काहे काहे काहे काहे काहे काहे काहे काहे काहे काहे काहे काहे काहे काहे काहे काहे काहे काहे काहे काहे काहे काहे काहे काहे काहे काहे काहे काहे काहे काहे काहे काहे काहे काहे काहे काहे काहे काहे काहे काहे काहे काहे काहे काहे काहे काहे काहे काहे काहे काहे काहे काहे काहे काहे काहे काहे काहे काहे काहे काहे काहे काहे काहे काहे काहे काहे काहे काहे काहे काहे काहे काहे काहे काहे काहे काहे काहे काहे काहे काहे काहे काहे काहे काहे काहे काहे काहे काहे काहे काहे काहे काहे काहे काहे काहे काहे काहे काहे काहे काहे काहे काहे काहे काहे काहे काहे काहे काहे काहे काहे काहे काहे काहे काहे काहे काहे काहे काहे काहे काहे काहे काहे काहे काहे काहे काहे काहे काहे काहे काहे काहे काहे काहे काहे काहे काहे काहे काहे काहे काहे काहे काहे काहे काहे काहे काहे काहे काहे काहे काहे काहे काहे काहे काहे काहे काहे काहे काहे काहे काहे काहे काहे काहे काहे काहे काहे काहे काहे काहे काहे काहे काहे काहे काहे काहे काहे काहे काहे काहे काहे काहे काहे काहे काहे काहे काहे काहे काहे काहे काहे काहे काहे काहे काहे काहे काहे काहे काहे काहे काहे काहे काहे काहे काहे काहे काहे काहे काहे काहे काहे काहे काहे काहे काहे काहे काहे काहे काहे काहे काहे काहे काहे काहे काहे काहे काहे काहे काहे काहे काहे काहे काहे काहे काहे काहे काहे काहे काहे काहे काहे काहे काहे काहे काहे काहे काहे काहे काहे काहे काहे काहे काहे काहे काहे काहे काहे काहे काहे काहे काहे काहे काहे काहे काहे काहे काहे काहे काहे काहे काहे काहे काहे काहे काहे काहे काहे काहे काहे काहे काहे काहे काहे काहे काहे काहे काहे काहे काहे काहे काहे काहे काहे काहे काहे काहे काहे काहे काहे काहे काहे काहे काहे काहे काहे काहे काहे काहे काहे काहे काहे काहे काहे काहे काहे काहे काहे काहे काहे काहे काहे काहे काहे काहे काहे काहे काहे काहे काहे काहे काहे काहे काहे काहे काहे काहे काहे काहे काहे काहे काहे काहे काहे काहे काहे काहे काहे काहे काहे काहे काहे काहे काहे काहे काहे काहे काहे काहे काहे काहे काहे काहे काहे काहे काहे काहे काहे काहे काहे काहे काहे काहे काहे काहे काहे काहे काहे काहे काहे काहे काहे काहे काहे काहे काहे काहे काहे काहे काहे काहे काहे काहे काहे काहे काहे काहे काहे काहे काहे काहे काहे काहे काहे काहे काहे काहे काहे काहे काहे काहे काहे काहे","Speaker 1: हां चल तो लाल जो दूसरा आदमी ना
Speaker 2: भेजी। हां बात। कर ही थी। कहाँ लोग। किस्मत से खराब।
Speaker 1: जोड़ा काम जोड़ा था थोड़ा सा।
Speaker 2: हां काम जोड़ा था हम नहीं। है ना।
Speaker 1: हां एक सौ चौबीस।
Speaker 2: एक मिनट एक मिनट एक मिनट।
Speaker 1: हां। प्लस साठ प्लस नब्बे
Speaker 2: और?
Speaker 1: इतने पाइप दिल्ली हैं अब आगे गड्ढा कितना खुदा हैं वह के बारे में जानकारी नहीं। हैं। दस मीटर दस मीटर और खुदा हुई। गड्ढा मैक्सिमम।
Speaker 2: दो सौ चौरासी दो
Speaker 1: सौ चौरासी
Speaker 2: गुणा पचास पचास चौदह दो एक सौ
Speaker 1: चौदह दो
Speaker 2: एक सौ सत्रह तीन सौ का दे चुका है। सत्रह तीन सौ में धोने वाले तीन हज़ार हुआ माइनस वही है ना।
Speaker 1: तीन कह गए पंद्रह सौ ना?
Speaker 2: अभी तीन हज़ार हुआ लेबर के बुलाए
Speaker 1: वाला? लेबर ही वाला ना तो दस आदमी कहाँ आए रहे हम?
Speaker 2: सात आदमी को हमसे तीन हज़ार ले रहा।
Speaker 1: सात ले रहा तुम्हारे लिए। तो सात नहीं। रहता पांच रहे हैं।
Speaker 2: हो यह तो अगर वह तीन हज़ार माइनस के देखिए, सौ रुपया हुआ हम पहले लिए।। हां। एक हज़ार यह लगेगा तो इस वक्त और वह लगेगा।
Speaker 1: कल एक हज़ार अच्छा
Speaker 2: यह। दो सौ बोला गया। एक हज़ार बताई तो एक हज़ार पचास हुआ।
Speaker 1: एक हज़ार पचास
Speaker 2: सौ नहीं।।
Speaker 1: और सामान रखिए मां होकर दिक्कत नहीं। है आप। हां। सामान तो हो यह कहती परवाह रहे हैं। तो चार सौ कहती है आवती डेढ़ सौ का फरुवा आवत है। हां। साढ़े साढ़े पांच सौ रुपए के आवत है मान लो पांच सत्रह सात पांच सत्रह"
41,"हां गुरुजी जी बताओ, यह कहे फिर फ्री होकर लगाया था, फिर फ्री है कहाँ रहा। अब यह कहे बात, थी यार? फोन की ही तो उठा जाएंगे, मतलब फ्री ही ना हो, फ्री होए तो निश्चय ही बोली कि फ्री नहीं। आयान, क्या? करें, क्या? यह तो करेगा बाहर, अब आगे क्या? करें, क्या? बताओ? साइट वैसे ही देख के मैनुअली टाइप से कि जो ट्यूशन रहे हैं, जैसे भी ट्रेन चल रहे हैं, एक तो वह साइड देखे वह सब, तू सब देखा, हां? तो सब देखा तुम, मंथन करा, थोड़ा मेहनत लगेंगी। आपका तीन दिन जब भी तुम्हारे पास लेबर नहीं है तो घर में मरते हैं, थोड़ा हवा खाने के बारे में सोचो, टाइम भी कर दो।
और दौड़ दौड़ के डेटा कलेक्ट करो, कि तुम, अगर तुमको टिन्चर मिल जाए तो तुम, कितना काम कर सकते हो? मैनुअली कितना काम कर सकते हो, है ना? पूरा एक मतलब जितना डेटा तुम्हारे ऊपर लगी ना हो एक का घात है, अभिषेक, उससे ज़्यादा डेटा तो होने रखे, हो जाइए। इससे या संतलाल से तो मैं अपडेट? संतलाल से भी कोई अपडेट नहीं है, संतलाल का पहुंच गई ड्यूटी मत फिर लगाई, नहीं, नहीं, अगर कौन सा भेजी सुजीत कहाँ करीब? कुछ नहीं, की सभी, कुछ नहीं, की ऐसा है, ना ही वह हमको कोई ना अपडेट दी ऐसा है।
शंभु अभी शिकारी ज़रूर लगावत रहा था, नहीं, बात कर पाना है, शंभु कल कॉलबैक कर ही थी देखे देखा है, शंभु हैं? शंभु कहाँ लगाए थे एक बार फिर, शंभु से तू बात कर ले, देखा तो हां बात, वन सके, तो बेहतर है, है ना? ठीक है? और कुछ हो तो बताओ नहीं, रहा हैं या जाए कि थोड़ा पहले एट लीस्ट यह क्लियर कर ले कि थोड़ा काम कितनी नहीं करवा रहे हैं, सबसे ज़रूरी चीज़ है, है ना? फिर वही बताओ आपसे बताई क्या?? परेशान ना हो होगा है ही वह दूसरे तरीके से हुई, बस यह है, है ना? ठीक।
हां प्रणाम, अरे कहाँ, हल्ला बढ़ा दिया है, घर में कुछ एमबीबीएस है, कुछ कुछ कानून से, ओके सिर, चलिए, ग्राउंड में मेहनत करे पड़ी ना वह तो इनका कहे कि जहां मेहनत करें, बैठाए ना घरे, मां, खूब मेहनत कहीं मैं, कहाँ जाऊं ना मैं, आएं? कहाँ से भाई उधर में यहाँ तो इनका मेहनते करके भाई ना आएं वहां।
हां तो जाएँ, दौड़े फील्ड में घूमें से अगली जानकारी लें, फिर बताओ मैं, तो उन्हीं हिसाब से आगे की प्लानिंग बता ही, थे हां, हां, यह यहाँ है कि बरसात के पहले कई इतने काम खींच देते थे खींच गई बरसात में ठप्पा ही पूरा, किसान साहब, जो हैं दो है ले के, तो ऐसे बरसात में तो टोटल बंदे रही, दो महीने के बीच में टाइम है दो महीने में।
जितना कहीं से खत्म हो सही है? जी तो ना हां कर दो, ठीक है।","Speaker 1: हां गुरुजी जी बताओ, यह कहे फिर फ्री होकर लगाया था, फिर फ्री है कहाँ रहा।
Speaker 2: अब यह कहे बात, थी यार? फोन की ही तो उठा जाएंगे, मतलब फ्री ही ना हो, फ्री होए तो निश्चय ही बोली कि फ्री नहीं।
Speaker 1: आयान, क्या? करें, क्या? यह तो करेगा बाहर, अब आगे क्या? करें, क्या? बताओ?
Speaker 2: साइट वैसे ही देख के मैनुअली टाइप से कि जो ट्यूशन रहे हैं, जैसे भी ट्रेन चल रहे हैं, एक तो वह साइड देखे वह सब, तू सब देखा, हां?
Speaker 1: तो सब देखा तुम, मंथन करा, थोड़ा मेहनत लगेंगी। आपका तीन दिन जब भी तुम्हारे पास लेबर नहीं है तो घर में मरते हैं, थोड़ा हवा खाने के बारे में सोचो, टाइम भी कर दो।
Speaker 2: और दौड़ दौड़ के डेटा कलेक्ट करो, कि तुम, अगर तुमको टिन्चर मिल जाए तो तुम, कितना काम कर सकते हो? मैनुअली कितना काम कर सकते हो, है ना?
Speaker 1: पूरा एक मतलब जितना डेटा तुम्हारे ऊपर लगी ना हो एक का घात है, अभिषेक, उससे ज़्यादा डेटा तो होने रखे, हो जाइए। इससे या संतलाल से तो मैं अपडेट?
Speaker 2: संतलाल से भी कोई अपडेट नहीं है, संतलाल का पहुंच गई ड्यूटी मत फिर लगाई, नहीं, नहीं, अगर कौन सा भेजी सुजीत कहाँ करीब?
Speaker 1: कुछ नहीं, की सभी, कुछ नहीं, की ऐसा है, ना ही वह हमको कोई ना अपडेट दी ऐसा है।
Speaker 2: शंभु अभी शिकारी ज़रूर लगावत रहा था, नहीं, बात कर पाना है, शंभु कल कॉलबैक कर ही थी देखे देखा है, शंभु हैं?
Speaker 1: शंभु कल कॉलबैक कर ही थी देखे देखा है, शंभु से तू बात कर ले, देखा तो हां बात, वन सके, तो बेहतर है, है ना?
Speaker 2: ठीक है? और कुछ हो तो बताओ नहीं, रहा हैं या जाए कि थोड़ा पहले एट लीस्ट यह क्लियर कर ले कि थोड़ा काम कितनी नहीं करवा रहे हैं, सबसे ज़रूरी चीज़ है, है ना?
Speaker 1: फिर वही बताओ आपसे बताई क्या?? परेशान ना हो होगा है ही वह दूसरे तरीके से हुई, बस यह है, है ना? ठीक।
Speaker 2: हां प्रणाम, अरे कहाँ, हल्ला बढ़ा दिया है, घर में कुछ एमबीबीएस है, कुछ कुछ कानून से, ओके सिर, चलिए, ग्राउंड में मेहनत करे पड़ी ना वह तो इनका कहे कि जहां मेहनत करें, बैठाए ना घरे, मां, खूब मेहनत कहीं मैं, कहाँ जाऊं ना मैं, आएं?
Speaker 1: कहाँ से भाई उधर में यहाँ तो इनका मेहनते करके भाई ना आएं वहां।
Speaker 2: हां तो जाएँ, दौड़े फील्ड में घूमें से अगली जानकारी लें, फिर बताओ मैं, तो उन्हीं हिसाब से आगे की प्लानिंग बता ही, थे हां, हां, यह यहाँ है कि बरसात के पहले कई इतने काम खींच देते थे खींच गई बरसात में ठप्पा ही पूरा, किसान साहब, जो हैं दो है ले के, तो ऐसे बरसात में तो टोटल बंदे रही, दो महीने के बीच में टाइम है दो महीने में।
Speaker 1: जितना कहीं से खत्म हो सही है? जी तो ना हां कर दो, ठीक है।"
42,"स्पीकर 1: कहाँ आया भाई?
स्पीकर 2: हम तो घर हैं में।
स्पीकर 1: बोलो, कहाँ है हाल-चाल?
स्पीकर 2: अभिषेक को फोन लगाया रहा।
स्पीकर 1: बह, हां, एक बार।
स्पीकर 2: जमा करवा ली कि हमको बीसरू करना जाए। हां, हम कहे, हम कहे न जमा करवा दे, जमा करवा दे। हमको पैसे। बह नहीं। है। बीमार करवा दी पैसे जब हुई। तो फिर दे जब सीमेंट वगैरह ही था।
स्पीकर 1: हां।
स्पीकर 2: कैसे हो ही गए तो नहीं। तो हम हम छह सौ हम लिखवाए दे लाए।
स्पीकर 3: हां तो
स्पीकर 1: ही तो आइए इससे हां। छह तो है ही नहीं। है कहाँ से लिखवा दी?
स्पीकर 2: 5 के ऊपर?
स्पीकर 1: आई के ऊपर छह तो नहीं। है तो कहाँ से लिखवा दी? 5 के ऊपर तो साढ़े सात सौ हुआ ना?
स्पीकर 2: साढ़े सात सौ कहाँ मिल रहे हैं? कहे तो बता रहे हैं हमें। कहाँ नहीं। मिले रहा प्रॉपर हुआ।
स्पीकर 1: अरे तो एक आध जगह नहीं। मिले दस पांच मीटर में वहां तो आप पूरे में लिखवा दीजिए। ऐसे ही जगह। भाई का ही मीटर मत वहां ऐसा रहा जहां नहीं। मिले।
स्पीकर 2: और पिता जी से पूछा तो पिता जी कहने के सात सौ तक मिले हैं। हां
स्पीकर 1: पाइप तो सात सौ मिले हैं ना? हां। तो बस बहुत है पाइप को सात सौ लिख के ना क्या? दिक्कत है भई?
स्पीकर 2: 5 में सात सौ तक है ना?
स्पीकर 1: हां पाइप को सात साढ़े सात सौ तो लिखवाओ ना कोई दिक्कत नहीं। है।
स्पीकर 2: अच्छा सन का दिक्कत है
स्पीकर 1: जी। छसन का सीमेंट होगी। सीमेंट
स्पीकर 2: पर ना है ना रख देंगे।?
स्पीकर 1: सीमेंट के लिए। कम से कम सात साढ़े सात सौ चाहिए। तो बड़ी राजनीति है आज। अंदर सिस्टम के अंदर जितना भी गुस्सा चल रहे हैं। मुझसे पता चल रहे हैं। कि हर आदमी सिस्टम है गुस्सा।
स्पीकर 2: केक का पता चला?
स्पीकर 3: हां।
स्पीकर 2: बैकअप सब बना
स्पीकर 1: हुआ था।
स्पीकर 2: एक मिनट गुरु यार। फोन
स्पीकर 3: लगाते हैं ना। हेलो?
स्पीकर 2: बोलो
स्पीकर 1: बोलो। तो, हारमोनियम बजा रहे हैं। बढ़िया? घूम फिर लेते हैं। अरे हो भैया अंदर अरे हो
स्पीकर 2: भैया अंदर अरे
स्पीकर 1: हो भैया तुम, तो यह समझ ले तुम, तो मेहनत करे पड़ी गुरु या मैं। काम कर दे दस बजे।, नौ बजे। घर ही रुक, कागज़ अब बड़ा कठिन हो ही गुरु। यह सोच तुम, समझ लो।
स्पीकर 2: ठीक है ना, थोड़ा सा हेल्प करवा देना। निकाल। करवा दो।
स्पीकर 1: यार चीज़ को समझा कि नहीं। ग्रुप करना पड़ता है भाई भैया। उसको कोई दिक्कत नहीं। है।
स्पीकर 2: ठीक है ना।
स्पीकर 1: मतलब ऐसा नहीं। कि तुम, का खुश करे के लिए। नहीं। वह हमारे नेचर में ले आप। नहीं। तो हो पाएगा।
स्पीकर 2: खुश करे तो क्या? करा हम?
स्पीकर 1: हां, कि हमसे झूठ बोल दे कि नहीं। कहोगे, साइड में है नहीं। आएगा वहां, तो वहां स्वभाव ले आओ। नहीं। तू कल कहे कि बोलता है खेलते थे ऐसे हम सब बोल दी है ये सब कोई ये गलत बात। आंटी तक मेहनत कर के तब सच बोल गया। ऐसा कुछ। वो तो नहीं। सब बोली क्या?, सही है। सब ठीक ठाक।
स्पीकर 2: और अब वेबसाइट पहुंचकर बताओ फिर। जो भी मिलता हूं। ठीक है ना। एक पहुंच के बताए थे। यह बताए कि ना पिताजी वह छह सौ इक्क़ी मीटर तक आबरा लगभग? कितने सात सौ में रहा लगभग यह? हां। गांव सोनल से। गांव सोनल से नापल रहा जाने के कहने के खेत रहे हैं। कैसे लापता डाउन सोलर से ना पढ़ रहे हैं, मतलब दोनों के बराबर से ना पंचायत? हेलो,
स्पीकर 1: चोखा हम काहे डाउन शोल्डर लापे देख रहे हैं?
स्पीकर 2: ऐसे डाउनस ऑर्डर्स से नापे थे। ऐसा जगह लेता हूं
स्पीकर 1: मैं। नहीं। लेता हूं तो काहे नापे भाई तुम, क्या? बताओ? कभी भी एक साइड की लेवल ली जा सकती है। लेवल जब लींगी तो दोनों को कहीं ना ले जाएगी।
स्पीकर 2: कब ना तू
स्पीकर 1: एवरेज ले लेगा। कैसा ले लेगा? नहीं।
स्पीकर 2: नहीं। समझते। मान लो एक एक युवा है रास्ता हवा समझ रहे है ना लेडी है बल्कि रास्ता पकड़ रही रास्ता ऊपर रहती है ना। जो इधर हम खेत की साइड से करे है अब। तवा जैसे यह वाला साइड ऊपर उठा हवा।
स्पीकर 1: साइड नीचे है?
स्पीकर 2: साइड नीचे
स्पीकर 1: है। तो तू नीचे वाले का काहे लैब है, ऊपर वाले का काहे ना लैब है? कोई कारण है बॉम्बे के साथ...?
स्पीकर 2: कारण तो देखा जो नियम तो देखे कि खोजीन तो किए थे ना ना मुझे तो खोजीन नहीं। है।
स्पीकर 1: हम समझ ही गए हैं लेकिन एक लेवल तो हमको लेने पड़ी ना। हां। हमको वह बताओ? अम्मा और ले गए हैं ना?
स्पीकर 2: एक एक लेवल ऐसे ली थी ना खाली खेत एरिया वाला बाप।
स्पीकर 4: खेत एरिया वाला बात।
स्पीकर 1: हां या कहीं
स्पीकर 2: से नीचे देख लूं।
स्पीकर 1: एक से नाली खाने शुरू करते हैं। हां। मान लीजिए। मीन अबर खावर यह बराबर नहीं। है। हां। जस्ट ए
स्पीकर 2: मिनट।
स्पीकर 1: एक तेज़ से एक ट्रेन नीचे है तो काकू नीचे वाला लेवल है।
स्पीकर 2: नहीं। तो नाली उसे नहीं। है ना। समझते नहीं। लगा। बात। कि हम लोग। कहाँ से चिल्ला गए।
स्पीकर 3: काकूर से
स्पीकर 1: फोटो नहीं। होने लगी।
स्पीकर 2: बगल से रास्ता निकली है। फोटो नहीं। है अब साइट दिखे रहना है। तब ऐसा हल्ला है। हां। साइट से रास्ता क्या? जो ऑन रोड है जो उन पगडंडी रास्तों से सटा के खेत में खुद ही नहीं। पहुंचे। डाउन रोड बंदी हुई। है जो। पगडंडी हुई। जो रास्ता है हां। उसे खटाई एकदम खेती में नीचे खोद ही नहीं। पाए। हां। तो वह वाला वह नीति के खेत के हिसाब से ना पड़ रहे हैं। कि जो खुदाई वही है तो खेती के लेवल से वही है वह इंसान। आई पंचे ना पड़ रहे हैं तो ठे डंडी पगडंडी में रख रहे हैं, नीचे के खेतों में रख रहे हैं हम। वह के हिसाब से ना पड़ रहे हैं।
स्पीकर 1: तो क्या? समझा बेचा। रहे हैं हम समझ नहीं। पा रहे
स्पीकर 2: हैं। मैं। समझ ही पा रहा हूं। पगडंडी रास्ता है, ओके बगल में खेत है वह। वह। पगडंडी रास्ता के एकदम सटा की पंचे खोदी नहीं। एकदम पगडंडी रास्ता से सटा के खेतें खोदी नहीं। गए, ठीक है।
स्पीकर 1: खोदीन कहाँ खेतें खोदी नहीं। कि पगडंडी खोदी?
स्पीकर 2: पगडंडी से एकदम सटा के खेतें खोदी नहीं। खेत
स्पीकर 1: कहाँ लेवल देगा?
स्पीकर 2: हां।
स्पीकर 1: हां सब?
स्पीकर 2: भाई खेत लेवल है यह पंजे नापन रहे हैं बीच में लकड़ी रख के पकड़ंडी में रख के खेत मर के नापत रहे हैं।
स्पीकर 1: सही है फिर।
स्पीकर 2: तो फिर जब वह खेत में नापते हैं तो ओ गई जेल का पकड़ंडी उठी है भाई तो ओ के साथ... लेवल आठ सौ साढ़े आठ सौ मिलत रहे हैं। टोटल।
स्पीकर 1: हां।
स्पीकर 2: अब यह जो अभिषेक आबर साइड की पूरी मिट्टी हटवाकर एक एक खाली खेत के लेवल लेकर नहाती थी।
स्पीकर 1: वहां
स्पीकर 2: कहते कहीं घास नहीं। था वह दो बार रहा गेम वगैरह। अब सब पटाखे गया। कट गया।
स्पीकर 1: हां। गेम का एक
स्पीकर 2: लेवल होगा।
स्पीकर 1: हां। जो इधर पगडंडी जा रही होगी।
स्पीकर 2: हां
स्पीकर 1: हां। उसका एक लेवल होगा।
स्पीकर 2: हां हां।
स्पीकर 1: दोनों जो इधर खेत का जो लेवल है और जो इधर पगडंडी का जो लेवल है।
स्पीकर 3: ओ हो।
स्पीकर 1: उन दोनों के बीच में मिले कर क्या? तूने।, नापा?
स्पीकर 2: हां, ऐसा ना पीने। हां। दोनों खेत के लेवल में रखा देखा खेत के लेवल में तो ऐसा ना हो जा रहे हैं। जैसे पंजे खोदा रहे तो मिट्टी कैसे रखा जैसे खोद के रखत गए मिट्टी एक ऐसा रखत गए हां। ठीक है ना? हां। मिट्टी जो रख्खत गए तो एक जो जो घास का आता है जो खेत कटक जोनुमा हो ही वह वह क्या? बोलते मिट्टी आ ही गया।
स्पीकर 1: हां। उनके सामने मिट्टी एक
स्पीकर 2: एक एक
स्पीकर 3: साल का ही था। और एक एक साल का
स्पीकर 1: ही था। अब वापस वह खेत के लेवल ले आओ।
स्पीकर 2: हां
स्पीकर 1: हां। हां, अब वह खेत के जब लेवल मिल जाए तो एक एक एक डंडी के जो लेवल है
स्पीकर 2: हां।
स्पीकर 1: वह लेवल ले। वह दोनों के बीच में डंडी लगा। हुआ और नापा के साथ....
स्पीकर 2: ठीक है। तब तो तब तो मिल जाता है। सात सौ तब मिली आराम से पाइप पेपर।
स्पीकर 1: तो फिर गलत कहाँ है तू?
स्पीकर 2: गलत, वही बात। कह रहे हैं। कि पाइप के का नाम है वह खाली डाउनस्ट्रीम बस मतलब ले ले ले ले ले ले ले
स्पीकर 1: ले ले ले ले ले ले ले ले
स्पीकर 3: ले ले ले ले ले ले ले ले
स्पीकर 2: ले ले ले ले ले ले ले ले ले ले ले ले ले ले ले खेत के लेवल से ले जा।
स्पीकर 1: भाई कैसा खेत लेवल, तू तो कह रहे ना कि इतनी पगडंडी भी से सटा के खोदे है अपनी।
स्पीकर 2: तो सटा के खोदे, पगडंडी नहीं। खोदे, कटाई खोदा गए
स्पीकर 1: मात्र। लेवल जो दूसरे का है। ओरिजिनल लेवल का है दूसरे के पगडंडी लेवल है कि खेत के लेवल है दूसरे के ही।
स्पीकर 2: खेत खेत के लेवल में खोदा कहाँ है?
स्पीकर 1: दोनों कहीं?
स्पीकर 2: हां हां दोनों के खोदा कहाँ है ना भाई खोदा टोटल खेता में कहाँ है और जहां से एकदम सफाई की है एकदम से ओके जहां से खुदाई खत्म होती है और उससे पगडंडी चालू हो जाती है। जितना वीडियो कॉल में दिख रहे हैं। ना सामने जाकर देख के तो","Speaker 1: कहाँ आया भाई?
Speaker 2: हम तो घर हैं में।
Speaker 1: बोलो, कहाँ है हाल-चाल?
Speaker 2: अभिषेक को फोन लगाया रहा।
Speaker 1: बह, हां, एक बार।
Speaker 2: जमा करवा ली कि हमको बीसरू करना जाए। हां, हम कहे, हम कहे न जमा करवा दे, जमा करवा दे। हमको पैसे। बह नहीं। है। बीमार करवा दी पैसे जब हुई। तो फिर दे जब सीमेंट वगैरह ही था।
Speaker 1: हां।
Speaker 2: कैसे हो ही गए तो नहीं। तो हम हम छह सौ हम लिखवाए दे लाए।
Speaker 1: ही तो आइए इससे हां। छह तो है ही नहीं। है तो कहाँ से लिखवा दी?
Speaker 2: 5 के ऊपर?
Speaker 1: आई के ऊपर छह तो नहीं। है तो कहाँ से लिखवा दी? 5 के ऊपर तो साढ़े सात सौ हुआ ना?
Speaker 2: साढ़े सात सौ कहाँ मिल रहे हैं? कहे तो बता रहे हैं हमें। कहाँ नहीं। मिले रहा प्रॉपर हुआ।
Speaker 1: अरे तो एक आध जगह नहीं। मिले दस पांच मीटर में वहां तो आप पूरे में लिखवा दीजिए। ऐसे ही जगह। भाई का ही मीटर मत वहां ऐसा रहा जहां नहीं। मिले।
Speaker 2: और पिता जी से पूछा तो पिता जी कहने के सात सौ तक मिले हैं। हां
Speaker 1: पाइप तो सात सौ मिले हैं ना? हां। तो बस बहुत है पाइप को सात सौ लिख के ना क्या? दिक्कत है भई?
Speaker 2: 5 में सात सौ तक है ना?
Speaker 1: हां पाइप को सात साढ़े सात सौ तो लिखवाओ ना कोई दिक्कत नहीं। है।
Speaker 2: अच्छा सन का दिक्कत है
Speaker 1: जी। छसन का सीमेंट होगी। सीमेंट
Speaker 2: पर ना है ना रख देंगे।?
Speaker 1: सीमेंट के लिए। कम से कम सात साढ़े सात सौ चाहिए। तो बड़ी राजनीति है आज। अंदर सिस्टम के अंदर जितना भी गुस्सा चल रहे हैं। मुझसे पता चल रहे हैं। कि हर आदमी सिस्टम है गुस्सा।
Speaker 2: केक का पता चला?
Speaker 1: हां।
Speaker 2: बैकअप सब बना
Speaker 1: हुआ था।
Speaker 2: एक मिनट गुरु यार। फोन
Speaker 1: लगाते हैं ना। हेलो?
Speaker 2: बोलो
Speaker 1: बोलो। तो, हारमोनियम बजा रहे हैं। बढ़िया? घूम फिर लेते हैं। अरे हो भैया अंदर अरे हो
Speaker 2: भैया अंदर अरे
Speaker 1: हो भैया तुम, तो यह समझ ले तुम, तो मेहनत करे पड़ी गुरु या में। काम कर दे दस बजे।, नौ बजे। घर ही रुक, कागज़ अब बड़ा कठिन हो ही गुरु। यह सोच तुम, समझ लो।
Speaker 2: ठीक है ना, थोड़ा सा हेल्प करवा देना। निकाल। करवा दो।
Speaker 1: यार चीज़ को समझा कि नहीं। ग्रुप करना पड़ता है भाई भैया। उसको कोई दिक्कत नहीं। है।
Speaker 2: ठीक है ना।
Speaker 1: मतलब ऐसा नहीं। कि तुम, का खुश करे के लिए। नहीं। वह हमारे नेचर में ले आप। नहीं। तो हो पाएगा।
Speaker 2: खुश करे तो क्या? करा हम?
Speaker 1: हां, कि हमसे झूठ बोल दे कि नहीं। कहोगे, साइड में है नहीं। आएगा वहां, तो वहां स्वभाव ले आओ। नहीं। तू कल कहे कि बोलता है खेलते थे ऐसे हम सब बोल दी है ये सब कोई ये गलत बात। आंटी तक मेहनत कर के तब सच बोल गया। ऐसा कुछ। वो तो नहीं। सब बोली क्या?, सही है। सब ठीक ठाक।
Speaker 2: और अब वेबसाइट पहुंचकर बताओ फिर। जो भी मिलता हूं। ठीक है ना। एक पहुंच के बताए थे। यह बताए कि ना पिताजी वह छह सौ इक्क़ी मीटर तक आबरा लगभग? कितने सात सौ में रहा लगभग यह? हां। गांव सोनल से। गांव सोनल से नापल रहा जाने के कहने के खेत रहे हैं। कैसे लापता डाउन सोलर से ना पढ़ रहे हैं, मतलब दोनों के बराबर से ना पंचायत?
Speaker 1: चोखा हम काहे डाउन शोल्डर लापे देख रहे हैं?"
43,"हेलो। हेलो, जय शिव। जय शिव गुरु लगाई तो जय थोड़ा सा बिजी हैं ना। चलो। बोलो।","Speaker 1: हेलो, जय शिव। जय शिव गुरु लगाई तो जय थोड़ा सा बिजी हैं ना। चलो, बोलो।"
44,"बताओ.
गाड़ी चलाए थे पहुंच कर बहुत बताए थे.
धीरे धीरे चला चला बता ले.
हां? धीरे
धीरे चला चला बता ले.
Earphone नहीं। लेनी है कहे ना बहन है यार वहां. हां. Gap वगैरह वहां सब रखे। तब तक वगैरह उठा ले गया। ना पाइप के हिसाब से नापना है तो तीन सौ चौवन में रेट टोटल पाइप डालिए. सॉरी दो सौ चौवन मीटर. जहां है पांच मीटर पाइप बाहर ही है टोटल पाइप ढकी वाली।
और ढाई सौ मीटर ही है काम टोटल में?
हां हां. ढाई सौ मीटर. अंडे तो पहल नहीं। आया है और यह तो ठीक कर रहे हैं। एक जगह पाइप हुआ है तो ऊपर से दिखा रहे हैं।
कैसे करोगी वैभव? हां हां. हैं?
तो कैसे कि संत कुमार से टोटल पांच गायत्री है चार चार गायत्री है मां और पांच फरवरी है मां जहां है मैं। से दूध दूर पहले से रही है मां हेलो. तू ही तूई कहती तीन फरवरी रखी गई है वहां.
अच्छा वह वहां पर खेलने वाला रहा?
आप बात। आई है यहाँ
पर. ठीक.
मतलब जब उन जितना यहाँ सामान लिए। रहना वह सामान जो खरीदी, यहाँ खरीदी नहीं। भाई हां. चार गैरती पांच फरवरी रहा
है. हां.
एक तो कहते थे कि तो बाद में खरीद के रहे हैं वहां दोबारा चला गया। वहां. अच्छा. जब स्टार्टिंग के दिन ही जैसे देखा दी गई थी फिर फिर वापस पहले से रहा।
हालत बड़ी खराब हैं. तो क्या? काम धाम की चाल गोल दिखे हैं?
हां.
काम धाम की चाल गोल दिखे हैं?
हां चाल हॉल दिखे रहे हैं। राहुल. चाल धाम वहां मतलब टोटल मैनुअली लगभग है मैनुअली हिसाब से देखा जाए था हमारे पास चार सौ मीटर आस पास चार ही है लगभग देखा तीन सौ से साढ़े तीन सौ मीटर के मीटर के आस पास कोई सा ना मैनुअली टोटल वही चार सौ साढ़े चार सौ मीटर बाद चार सौ मीटर बाद चार सौ मीटर के आसपास मैनुअली आदमी को तक आता है।
वहां चरेंचर
जैसी भी कुछ नहीं। लक्ष खतिया चदेह वाली साइड में ओनली मैनुअली आदमी को ऐसा करता है. हां. यह हाल
चाल है. संतलाल का हिसाब बनाओ ना किसका जाता है भाई यह तुम्हारे हिसाब से?
कहाँ गए?
संतलाल का हिसाब बनाओ तुम्हारे हिसाब से कितना ज़्यादा ले गया।?
संतलाल में लगभग चार हज़ार आठ सौ रुपए के आसपास पैसे देगा चालीस रुपए को. ज़्यादा? लाइन पर रहो. ठीक है वह का रेट पचपन के हिसाब से तो वह के हिसाब से, पचास के हिसाब
से. पहले पचास के हिसाब से.
पचास के हिसाब से तो बारह हज़ार चार सौ पचास रुपया होना है।
ठीक है हम पुछ रहे हैं सत्तर हज़ार?
तीन सौ. मतलब सत्रह हज़ार तीन सौ. चार हज़ार आठ सौ पचास.
चार हज़ार तीन हज़ार रुपए वाला सीमेंट है. यह पचास रुपया महीना
है. चार सौ पचास रुपया।
हां एक हज़ार रुपया उन्होंने मुझे चलेगा है? हां
मुझे लगेगा एक हज़ार रुपया हूं. उनके घर गए हैं तो उनका लड़का है लड़का कैसे हम पर भी लोन क्लीन नहीं। है. एक हज़ार
पचास
अब दोस्तों उनका दो सौ उनका तेरह हज़ार छह सौ पंचानवे, हमने। सत्रह तो यह सही है. हैं? सत्रह के अंदर माइनस के अंदर तीन हज़ार छह सौ पांच माइनस तीन हज़ार छह छह सौ पांच रूपया
हैं. मतलब छह छह सौ
पांच रूपए में उनके पास जो है ना वह बीस हज़ार रुपए जोड़ जाएंगे।. बीस हज़ार रुपए जोड़ जाएंगे। हमने। कहा आपके सामान माइनस बारह सौ के हैं. लगभग चौदह सौ क्या?
थोड़ा सा एक मिनट लगाई थी","Speaker 1: मैंने गाड़ी चलाकर वहां पहुंचकर बहुत कुछ बताया था। धीरे-धीरे चलकर बता ले।
Speaker 2: हां, धीरे-धीरे चलकर बता ले।
Speaker 1: मैंने कहा था कि Earphone नहीं लेनी है, ना ही बहन है यार वहां। हां, गैप वगैरह वहां सब रखे हैं। तब तक वगैरह उठा ले गया।
Speaker 2: ना पाइप के हिसाब से नापना है तो तीन सौ चौवन मीटर में रेट टोटल पाइप डालिए। सॉरी, दो सौ चौवन मीटर। जहां है पांच मीटर पाइप बाहर ही है टोटल पाइप ढकी वाली।
Speaker 1: और ढाई सौ मीटर ही है काम टोटल में?
Speaker 2: हां हां, ढाई सौ मीटर। अंडे तो पहले नहीं। आया है और यह तो ठीक कर रहे हैं। एक जगह पाइप हुआ है तो ऊपर से दिखा रहे हैं।
Speaker 1: कैसे करोगे वैभव? हां हां, हैं?
Speaker 2: तो कैसे कि संत कुमार से टोटल पांच गायत्री है चार चार गायत्री है मां और पांच फरवरी है मां जहां है मैं। से दूध दूर पहले से रही है मां हेलो। तू ही तूई कहती तीन फरवरी रखी गई है वहां।
Speaker 1: अच्छा, वह वहां पर खेलने वाला रहा?
Speaker 2: आप बात। आई है यहाँ पर।
Speaker 1: मतलब जब उन जितना यहाँ सामान लिए। रहना वह सामान जो खरीदी, यहाँ खरीदी नहीं। भाई हां, चार गैरती पांच फरवरी रहा।
Speaker 2: हां।
Speaker 1: एक तो कहते थे कि तो बाद में खरीद के रहे हैं वहां दोबारा चला गया। वहां। अच्छा, जब स्टार्टिंग के दिन ही जैसे देखा दी गई थी फिर फिर वापस पहले से रहा।
Speaker 2: हालत बड़ी खराब हैं। तो क्या? काम धाम की चाल गोल दिखे हैं?
Speaker 1: हां।
Speaker 2: काम धाम की चाल गोल दिखे हैं?
Speaker 1: हां चाल हॉल दिखे रहे हैं। राहुल। चाल धाम वहां मतलब टोटल मैनुअली लगभग है मैनुअली हिसाब से देखा जाए था हमारे पास चार सौ मीटर आस पास चार ही है लगभग देखा तीन सौ से साढ़े तीन सौ मीटर के मीटर के आस पास कोई सा ना मैनुअली टोटल वही चार सौ साढ़े चार सौ मीटर बाद चार सौ मीटर बाद चार सौ मीटर के आसपास मैनुअली आदमी को तक आता है।
Speaker 2: वहां चरेंचर जैसी भी कुछ नहीं। लक्ष खतिया चदेह वाली साइड में ओनली मैनुअली आदमी को ऐसा करता है। हां, यह हाल चाल है।
Speaker 1: संतलाल का हिसाब बनाओ ना किसका जाता है भाई यह तुम्हारे हिसाब से?
Speaker 2: कहाँ गए?
Speaker 1: संतलाल का हिसाब बनाओ तुम्हारे हिसाब से कितना ज़्यादा ले गया।
Speaker 2: संतलाल में लगभग चार हज़ार आठ सौ रुपए के आसपास पैसे देगा चालीस रुपए को। ज़्यादा? लाइन पर रहो। ठीक है वह का रेट पचपन के हिसाब से तो वह के हिसाब से, पचास के हिसाब से।
Speaker 1: पचास के हिसाब से तो बारह हज़ार चार सौ पचास रुपया होना है।
Speaker 2: ठीक है हम पुछ रहे हैं सत्तर हज़ार?
Speaker 1: तीन सौ। मतलब सत्रह हज़ार तीन सौ। चार हज़ार आठ सौ पचास।
Speaker 2: चार हज़ार तीन हज़ार रुपए वाला सीमेंट है। यह पचास रुपया महीना है। चार सौ पचास रुपया।
Speaker 1: हां एक हज़ार रुपया उन्होंने मुझे चलेगा है? हां मुझे लगेगा एक हज़ार रुपया हूं। उनके घर गए हैं तो उनका लड़का है लड़का कैसे हम पर भी लोन क्लीन नहीं। है। एक हज़ार पचास।
Speaker 2: अब दोस्तों उनका दो सौ उनका तेरह हज़ार छह सौ पंचानवे, हमने। सत्रह तो यह सही है। हैं? सत्रह के अंदर माइनस के अंदर तीन हज़ार छह सौ पांच माइनस तीन हज़ार छह छह सौ पांच रूपया हैं।
Speaker 1: मतलब छह छह सौ पांच रूपए में उनके पास जो है ना वह बीस हज़ार रुपए जोड़ जाएंगे। हमने। कहा आपके सामान माइनस बारह सौ के हैं। लगभग चौदह सौ क्या?
Speaker 2: थोड़ा सा एक मिनट लगाई थी।"
45,"अच्छा दिन सर। हम्बिल एन्हाज विजय से बात हुई थी हां।","Speaker 1: अच्छा दिन सर। हम्बिल एन्हाज विजय से बात हुई थी हां।"
46,"हां. हेलो. वह फाइनल है नाटक का. से पहले पैसे भेजी उसके बारे में लोग आऐंगे. मतलब हम चल रहे हैं. 
स्पीकर 2: कैसा पैसे भेजें?
स्पीकर 1: कभी बात पहले बस स्टैंड आ जा ग्यारह बजे तक. तो वहां जाकर रेडी कर रखा आदमी लेकर ही थे. वह तो ठीक है वह लोग. बस इस टाइम पर पचास किलोमीटर उनका दूर घर है. तो पहले पहले उनको बुलाना होगा. अब तीन हज़ार रुपये पहले डाल दीजिए. फिर जब मुझे पूरा जाएगा, तो फिर दो हज़ार दो वह भी डाल दीजिएगा. हम कहें. ठीक है पहले में... आ रहा हूं लेबरों को वहां से बुलाओ ना पचास रुपये में कैसे उसके बाद में... वहां आकर में... सीमेंट करता हूं. वह बोला साला कि नहीं. नहीं. आपको? आदमी से लेना है कि नहीं. लेना हो तो पैसे डाली ही ले जाएंगे. फिर. दलाली करना है वह. तो हर हाल में पैसे चाह रहे हैं. हां. यह दिन नाटक करा था क्योंकि हम घर पहुंच सके थे. घर पहुंचे थोड़ा सा दिक्कत हुई. है उनका. हां. है कि आज यह वहां मुजफ्फरपुर में जन को रहा था हम पहले रिश्तेदार में. तो वहां जानकारी पिताजी कहाँ पर है. पिताजी जाल ना एक जगह. लेकिन वह राम नगर के यहाँ पर जो. जानकारी मिली है. राम नगर में कहाँ क्या? है? उनके साथ... गई तो बोलकर दबंगा याद नहीं. आई. हां. उनका लेकर यही जो ज़्यादा नाटक करते थे सालात अल्लाह लगभग वह कर ही थी. हां. ऐसे तो खैर नहीं. आराम से. हां. तो कुछ देर से कॉन्टैक्ट करा एक बार की हमारे से अटैक के लिए. शायद अठारह फोन कहाँ करा था.
स्पीकर 2: उनको डीलिंग दे दी है. है. हेलो.
स्पीकर 1: डील हां हां.
स्पीकर 2: तो उनको मतलब कोई ना कोई डीलिंग दे दी
स्पीकर 1: है इसने? हां. हो रहा था. अब रिवाज तो तुम, यह सब दिन लायक है नहीं. गुरु यार. अच्छा. रिवाज तो नहीं. गिर जाएंगे. हां. हां. हम
स्पीकर 2: लोग. साथ... सही नहीं. भरोसा
स्पीकर 1: के लिए. हां हां. अभी हम रोज़ साथ... गए हैं ना
स्पीकर 2: क्योंकि ऊपर भरोसा के लिए. वह है थोड़ी बात. ना.
स्पीकर 1: कहाँ कहे नहीं. पहुंच पा रहे हैं?
स्पीकर 2: हां मनोज साथ... सही कहाँ गए हैं, भरोसा के लिए.?
स्पीकर 1: वह वही बात. है ना. ऐसा देव विकसित नहीं. है थोड़ा
स्पीकर 2: सा.
स्पीकर 1: अब कहाँ से पचास किलोमीटर दूर है वहां से?
स्पीकर 2: तो पचास किलोमीटर तक तीन हज़ार रुपया होता
स्पीकर 1: है? हां?
स्पीकर 2: पचास किलोमीटर तक तीन हज़ार रुपया होता है.
स्पीकर 1: हर बात. हम कह रहे हैं ना. हम कहें. कि पचास किलोमीटर का कितना किराया हुए? सत्तर सत्तर साठ साठ रुपया हुए माल रहे हैं. हम कहें. तो उस तक आ रहा था थोड़ा पैसे. हम डाल दे ही. उसके बाद बाकी आदमी अब लेता हूं. ऑफिस का आदमी आपको? लेना है कि नहीं. लेना है. पैसे नहीं. भेजेंगे, बाद में नहीं. मिल पाएगा. रहने रखे. अपन के कुछ कुछ करेंगे. सब पहले भर की तरह. है. हां? राम को रहने रखे. सब कुछ कुछ. सोचा थोड़ी भी कुछ कुछ कर आगे पहले भी लड़की. हां. अब से के बच्चे का फोन लगाया रहा. हेलो. हां अब सुन रहे हैं. दो दिन काम लगाओगे, दो दिन काम बंद रखे मेरा काम. अब कुछ काम में काम ना चल पाई. आइए अपना काम पूरी साइड और दिखाई दे रहे थे मशीन वेकिन ले कर ही.
स्पीकर 2: नहीं. तो कह रहे हैं अच्छे से कहीं से मशीन ले ली. हमकह दो चार किलोमीटर तो
स्पीकर 1: दिखाई. हां. अच्छा. मशीन वाले जॉइंट के लिए. कर ना. हां. अच्छा जॉइंट में का याद नहीं.
स्पीकर 2: लगा. तुम्हें. चाचा पानी
स्पीकर 1: कहाँ देकर? चाचा पानी कहाँ देकर? पानी तो मिल गया. अच्छा पानी जाएंगे. साथ... में.
स्पीकर 2: चला कोई बात. नहीं. पिताजी वाला विकल्प तलाश है. हैं? पिताजी वाला विकल्प तलाश ले.
स्पीकर 1: जी जान है जी. हां. तो वह वाली का इलाज संभव नहीं. है. आज जान एक्टुअली वह प्रोजेक्ट जान रहे हैं. गाय का हम का रहा. हां. हम का मेरेपुर वाला प्रोग्राम करे तो पोस्टपोनेड कार्यक्रम की तैयारी में भेजा है. तो साथ... चले जाऊं. अब तो वहां कॉल आ रहा था कि पैसे डाला कुछ थक नहीं.
स्पीकर 2: नहीं. है. यह हम पहले साथ... सही नहीं. कही कहा ना? अब अगर यह सोचा कि जब आओ ज़्यादा खराब बात. हो यह तो यह तूख़ई अब पता चल जाएगी. ना कि दोनों जने का यहाँ हैं?
स्पीकर 1: हां हां. समझ रहे हो? ठीक. पैसे निकल अब तक काम ज़रूरी ना हमें. हैं? पैसे निकल अब तक आना ज़रूरी है कहाँ तो ज़रूरी है माना? खाना. इधर अगर एडवेंचरस से रही तो. भरा है क्योंकि तू आदमी चाहे ना दो से तीन आदमी कम से
स्पीकर 2: कम. तो उनको आप रूम नौ बजे तक लगा.
स्पीकर 1: रहे हो? हां ठीक है ओके ओके ठीक है.","Speaker 1: हां, हम चल रहे हैं। पहले पैसे भेजने के बारे में लोग आएंगे।
Speaker 2: कैसे पैसे भेजें?
Speaker 1: मैंने पहले बस स्टैंड पर ग्यारह बजे तक पहुंचने के लिए कहा था। वहां जाकर रेडी रखा आदमी लेकर ही थे। वह लोग ठीक हैं। बस इस टाइम पर पचास किलोमीटर उनका दूर घर है। तो पहले पहले उनको बुलाना होगा। अब तीन हज़ार रुपये पहले डाल दीजिए। फिर जब मुझे पूरा जाएगा, तो फिर दो हज़ार दो वह भी डाल दीजिएगा।
Speaker 2: उनको डीलिंग दे दी है।
Speaker 1: डील हां हां। उनको मतलब कोई ना कोई डीलिंग दे दी है।
Speaker 2: तो उनको मतलब कोई ना कोई डीलिंग दे दी है।
Speaker 1: हां, इसने? हां। हो रहा था। अब रिवाज तो तुम, यह सब दिन लायक है नहीं। गुरु यार। अच्छा। रिवाज तो नहीं। गिर जाएंगे। हां। हां। हम लोग साथ... सही नहीं। भरोसा के लिए।
Speaker 2: क्योंकि ऊपर भरोसा के लिए। वह है थोड़ी बात। ना।
Speaker 1: कहाँ कहे नहीं। पहुंच पा रहे हैं? मनोज साथ... सही कहाँ गए हैं, भरोसा के लिए?
Speaker 2: हां, मनोज साथ... सही कहाँ गए हैं, भरोसा के लिए?
Speaker 1: वह वही बात। है ना। ऐसा देव विकसित नहीं। है थोड़ा सा।
Speaker 2: सा।
Speaker 1: अब कहाँ से पचास किलोमीटर दूर है वहां से?
Speaker 2: तो पचास किलोमीटर तक तीन हज़ार रुपया होता
Speaker 1: है? हां? पचास किलोमीटर तक तीन हज़ार रुपया होता है।
Speaker 2: पचास किलोमीटर तक तीन हज़ार रुपया होता है।
Speaker 1: हर बात। हम कह रहे हैं ना। हम कहें कि पचास किलोमीटर का कितना किराया हुए? सत्तर सत्तर साठ साठ रुपया हुए माल रहे हैं। हम कहें तो उस तक आ रहा था थोड़ा पैसे। हम डाल दे ही। उसके बाद बाकी आदमी अब लेता हूं। ऑफिस का आदमी आपको? लेना है कि नहीं। लेना है। पैसे नहीं। भेजेंगे, बाद में नहीं। मिल पाएगा। रहने रखे। अपन के कुछ कुछ करेंगे। सब पहले भर की तरह। है। हां?
Speaker 2: नहीं। तो कह रहे हैं अच्छे से कहीं से मशीन ले ली। हम कह दो चार किलोमीटर तो
Speaker 1: दिखाई। हां। अच्छा। मशीन वाले जॉइंट के लिए। कर ना। हां। अच्छा जॉइंट में का याद नहीं।
Speaker 2: लगा। तुम्हें। चाचा पानी
Speaker 1: कहाँ देकर? चाचा पानी कहाँ देकर? पानी तो मिल गया। अच्छा पानी जाएंगे। साथ... में।
Speaker 2: चला कोई बात। नहीं। पिताजी वाला विकल्प तलाश है। हैं? पिताजी वाला विकल्प तलाश ले।
Speaker 1: जी जान है जी। हां। तो वह वाली का इलाज संभव नहीं। है। आज जान एक्टुअली वह प्रोजेक्ट जान रहे हैं। गाय का हम का रहा। हां। हम का मेरेपुर वाला प्रोग्राम करे तो पोस्टपोनेड कार्यक्रम की तैयारी में भेजा है। तो साथ... चले जाऊं। अब तो वहां कॉल आ रहा था कि पैसे डाला कुछ थक नहीं।
Speaker 2: नहीं। है। यह हम पहले साथ... सही नहीं। कही कहा ना? अब अगर यह सोचा कि जब आओ ज़्यादा खराब बात। हो यह तो यह तूख़ई अब पता चल जाएगी। ना कि दोनों जने का यहाँ हैं?
Speaker 1: हां हां। समझ रहे हो? ठीक। पैसे निकल अब तक काम ज़रूरी ना हमें। हैं? पैसे निकल अब तक आना ज़रूरी है कहाँ तो ज़रूरी है माना? खाना। इधर अगर एडवेंचरस से रही तो। भरा है क्योंकि तू आदमी चाहे ना दो से तीन आदमी कम से
Speaker 2: कम। तो उनको आप रूम नौ बजे तक लगा।
Speaker 1: रहे हो? हां ठीक है ओके ओके ठीक है।"
File Index,Raw Input (ASR),Processed Output (AI)
1,"ہیلو ہاں بیو چار چلے بہاروں آئی","Speaker 1: नमस्ते, हम चारों ओर से बाहर निकले हैं"
2,"कि अ हां शो बताओ ने बोल रहे थी जो भेजा हूं उसमें रीवा ब्लॉक है डिस्टिक यह ब्लॉक है हुजवुर नगर तो मतलब जुड़ा विवे में आता है तो रिवे ब्लॉक हो गया अजगरहा छप्पीज में अजगरहा 26 पंचायत है और फिर फिन भी लेज थे फिर किनी विलेज में ह्याबिटेशन कौन-कौन सीनेंत अप कितनी है कौन-कौन से टोला हैं तो चंदन सर तो बोले कि वहां के चंदन सर तो बोले यह को भेजो बढ़ाई लावा लोग वहां तिवारी देखता है ना उस लॉक अच्छा वह बताएंगे आप अच्छा मतलब यह अजगर आज अब नहीं यह वहां के बताएंगे हां आप अलेवर भाई हम आज बताएंगे कि यह नहीं है ठीक है","Speaker 1: मैंने जो डेटा भेजा है, उसमें रीवा ब्लॉक है जो हुजूर नगर जिले में आता है। अजगरहा ब्लॉक में 26 पंचायतें हैं और कई गांव हैं। मैं जानना चाहता हूं कि वहां किन-किन गांवों में बस्तियां हैं और कितने टोले हैं।
Speaker 2: चंदन सर ने कहा कि वहां के लोगों से बात करें और उन्हें बढ़ाई लाने के लिए कहें। तिवारी जी वहां के हालात को अच्छी तरह जानते हैं, वे आपको सही जानकारी देंगे।
Speaker 1: ठीक है, हम आज ही उनसे बात करेंगे और पता करेंगे कि अजगरहा में क्या हो रहा है।"
3,"ہاں شامل ہلو ہلو ہاں شامل یہ روزنی جی کی جو کمپلین تھی تو ان سے نہیں ہو پایا کونٹیکٹ نہیں ہو پایا میں نے پھر بھی دوبارہ بھی کال کیا تھا اچھا تو اب بھی اس کا کیا کریں پھر میں نے اس میں لکھا ہے نا کہ آوشک کارواہی وم سوچنار تھے تو پیسے تو وہی پارسلی کلوز میں دلوا دیتے ہیں پھر اس کو کونٹیکٹ کافی بار نہیں یہ نہیں ہو پایا ہے نا ہاں نہیں ہو پایا بھائی کیا کروں اس میں یہی آنمی لکھا ہے کہ بھائی آوشک کاروائی ہم سوچنا تھے اب جو ہو سکے آگی کاروائی ہو کیا کریں نہیں نہیں ٹھیک ہے ہم سوچے کہ ابھی کئی دن ہو گئے تو ہو سکتا ہے اس بیچ میں کانٹیکٹ ہوا ہوگا نہیں نہیں ٹھیک ہے ٹھیک ہے چکا","Speaker 1: हाँ, मैंने रोज़नी जी की जो शिकायत थी, उससे संपर्क नहीं हो पाया। मैंने फिर से कॉल किया था, लेकिन संपर्क नहीं हो पाया।
Speaker 1: अब इस मामले में क्या किया जाए? मैंने लिखा है कि आवश्यक कार्रवाई करनी थी, लेकिन पैसे तो वही पर्सल क्लोज में दिलवा देते हैं।
Speaker 1: लेकिन संपर्क नहीं हो पाया है। भाई, मैंने लिखा है कि आवश्यक कार्रवाई करनी थी, लेकिन अब जो हो सकता है, वही किया जाए।
Speaker 1: क्या किया जाए? नहीं, नहीं, ठीक है। हम सोचे थे कि अब तक कई दिन हो गए होंगे, तो हो सकता है कि इस बीच संपर्क हुआ होगा।
Speaker 1: नहीं, नहीं, ठीक है। ठीक है, समझा।"
4,"अजय को अलो आप यह पूछ रहे थे कि अपना रोशनी जी का तो दे दिया था और रस्तंकर दयाल रोड रिस्टोरेशन है ना डीविएल को काम करना है और यह अच्छे लाद यादव जी है इनका चाहे अच्छे लाद को पोस्ट पोजर देता हूं मैं आज छुटी में हो बोस्ट है ना अच्छा कल देंगे वह बोल गया यह संतोष संगोरा जी यह अपनी नहीं है यह अपनी नहीं है आप रोग रहते हैं शतनावान साथ तू की रहा है तो इसका भी लिखकर दे दीजिए कि यह तो देखो देखो कल देखो कल दोनों को आज नहीं हो पाएगा? आज थोड़ा हल्का तबियत नहीं ठीक है, देता हूँ, कोशिश करता हूँ दे देता हूँ. तो धरी से लिख के दे देते हैं ता? आहा, कोशिश कर रहे हैं ते इसलिए वो दाल. देता हूँ. एक राजीव बगेल जी है करके? अपनी नहीं है कि विवास की है यह सीवेज वालों सहर वालों की तीनों का ही लिख ले दीजिए है अगर यह आपको अच्छे अच्छे","Speaker 1: अजय को अलो आप यह पूछ रहे थे कि अपना रोशनी जी का तो दे दिया था और रस्तंकर दयाल रोड रिस्टोरेशन है ना डीविएल को काम करना है।
Speaker 2: हाँ, यह अच्छे लाद यादव जी है इनका चाहे अच्छे लाद को पोस्ट पोजर देता हूं मैं आज छुटी में हो बोस्ट है ना अच्छा कल देंगे वह बोल गया।
Speaker 1: यह संतोष संगोरा जी यह अपनी नहीं है यह अपनी नहीं है आप रोग रहते हैं शतनावान साथ तू की रहा है तो इसका भी लिखकर दे दीजिए कि यह तो देखो देखो कल देखो कल दोनों को आज नहीं हो पाएगा।
Speaker 2: आज थोड़ा हल्का तबियत नहीं ठीक है, देता हूँ, कोशिश करता हूँ दे देता हूँ।
Speaker 1: तो धरी से लिख के दे देते हैं ता? आहा, कोशिश कर रहे हैं ते इसलिए वो दाल।
Speaker 2: देता हूँ। एक राजीव बगेल जी है करके? अपनी नहीं है कि विवास की है यह सीवेज वालों सहर वालों की तीनों का ही लिख ले दीजिए है अगर यह आपको अच्छे अच्छे लगते हैं।"
5,"कि आपको यह सेलेंद्र मिस्रा जी है जिसकी की अभी ज्वाद आई है ना यहां इसके बाद नहीं हो पाए तो आप पापा लगता है मेरे को पीएची की लग रही है सुनते यह पंचनामा तो सब यह भी टांसफर होने वाली है यह भी हो जाए आज क्या है कि हो जाएगा लेकिन देख रहा है ठीक है ठीक है ठीक है ठीक है ठीक है ठीक है","Speaker 1: मिस्रा जी को सेलेंडर की समस्या आ रही है, जिसके कारण यहां काम नहीं हो पा रहा है। मुझे लगता है कि पीएचसी (पब्लिक हेल्थ कॉर्पोरेशन) की समस्या हो सकती है। यह पंचनामा सुनने के बाद, यह भी ट्रांसफर होने वाली है। आज क्या होगा, यह देखना होगा।"
6,"Hi.","Speaker 1: नमस्ते, मैं यहां कónसी जानकारी चाहता हूँ?"
7,"हेलो हां भी बताएं वह बैवाई ना आपका नंबर दिया था में को मैं तो फ्राइडे साइड दिया था आधी आधा ना इपीएफस आईसी वाला दिया होगा जीएस्टी के लिए मेरी आप दिन बाद तो डेढ़ लाख से ऊपर का भी लाख पर नहीं ले लेकर चल जाएगा फिर मैं वह बंदा कह रहा है डेल लाख में इतना कम का बिल कैसे दूंगा ऐसे बोलना है अच्छा चार्ज अगर लेते हैं 7 परसेंट लेगा वह 7 परसेंट बहुत है भाई या सारे बन सेवन बहुत है ना साढ़े लोग काम करते हैं तो आप लिए आज कल क्या हो गए हैं हम लोग तो कमी बताते हैं ना वह लग एक्स्टर करके बताते मतलब कि उनको फसाकर रखते हैं जिसे आप लग कर लिया तो डिला रुपए उसके अकाउंट में डालो ठीक है उसके उससे बात करता हूं अगर मान जाता है तो मैं आपको बताता हूं आपको एक्समम कितना से कितने तक में जैसे मैंने अपना काम सुरू किया तो मेरा पहले महीने लाख का बिल बना आप ने मेरा बना है 380 का तो ऐसे मतलब ग्रूइंग लिए है तो जीज टो पर मंथ वाइज ही जमा करेंगे ना मंथ वाइज की पेमेंट लेना होगा आपको आप वहीं इस वैना एक बंदा और है लेकिन उसको इंस्टेंट पैसा देना होगा मैं उससे बात करता हूं नहीं तीन मैक्स टू मैक्स तक चलेगा आपको? साढ़े तीन चार जो मार्केट में चलता है भाईया उत्ते करिये. हाना? हाँ. मैं उसे बात करता हूँ और आपको कनफर्म करता हूँ. और एस आई सी पी एफ का आपका क्या मतलब? मेरे को थोड़ा एक है या नहीं है अगर इसको वर्क लेते हैं तो कितना पैसा लेगा मतलब अगर इसको कि नया बनवाते हैं तो भी यह छलका घड़ा था चल message iTaku करके देखता हूं उसको आपके वकर नहीं रहते हैं मिरे कार्स हैं नहीं किया आपको डब्ली पोलिसी में काम करना था मुझे पॉलिसी होती है उस पर क्या रहता है आप यह सब्सक्राइब करके और किसी को कुछ हो जाता है और इंडिया का होता है वह नहीं रहता है बाय चांस कुछ चलता है यह आपके ऊपर सुनिध रुपएट लाख हो जाते हैं 2,2 यह ज्यादा और पीपर पीजाम पांचो लहरा 13 14 marks dio8 1413 1400 लेता है कि अगर सो पचास ऐसे वर्कर रहते ना को समझ में आता है रवीन वर्कर में आप यह ले रहो तो फिर कोई वहीं चीज है वह सब्सक्राइब करें कर देंगे वह देखता हूं हो तो फिर अगर सरंडर हो जाएगा लेगा तो फिर डब्लूसी पॉलिसी में काम करें जब तक आपके पास वर्कर काम नहीं करते तब ठीक आपका पैसा बचेगा ना और टाइम भी बचेगा आपको सरदर्धी नहीं देगी हर मने रिटर्न फाइल करना यह करना होगा तो थोड़ा वहीं देखकर दोनों चीज का आपको बताता हूं नियुक्त ओके जी कर दो","Speaker 1: हेलो, मैंने आपका नंबर दिया था और मैंने फ्राइडे को आधी आधी बात की थी। मैंने आपको ईपीएफ और आईसी वाला दिया होगा और जीएसटी के लिए मेरी बात सुनी थी।
Speaker 2: हां, मैंने सुना था। लेकिन मैं आपको बताना चाहता हूं कि मैं डेढ़ लाख से ऊपर का बिल नहीं दे सकता।
Speaker 1: लेकिन मैं आपको बताना चाहता हूं कि अगर आप 7 प्रतिशत चार्ज लेते हैं तो यह बहुत है।
Speaker 2: मैं समझता हूं, लेकिन मैं आपको बताना चाहता हूं कि मैंने आपको पहले ही बताया था कि मैं कितना पैसा लूंगा।
Speaker 1: ठीक है, मैं आपको बताता हूं कि मैंने अपना काम शुरू किया तो मेरा पहले महीने का बिल 1 लाख का बना।
Speaker 2: हां, मैंने देखा था। लेकिन मैं आपको बताना चाहता हूं कि मैंने आपको 38,000 का बिल बनाया था।
Speaker 1: ठीक है, मैं आपको बताता हूं कि मैंने आपको मंथ वाइज पेमेंट लेना होगा।
Speaker 2: हां, मैं समझता हूं। लेकिन मैं आपको बताना चाहता हूं कि मैंने आपको पहले ही बताया था कि मैं कितना पैसा लूंगा।
Speaker 1: ठीक है, मैं आपको बताता हूं कि मैंने आपको एसआईसी पीएफ का क्या मतलब है।
Speaker 2: हां, मैं समझता हूं। लेकिन मैं आपको बताना चाहता हूं कि मैंने आपको पहले ही बताया था कि मैं कितना पैसा लूंगा।
Speaker 1: ठीक है, मैं आपको बताता हूं कि मैंने आपको डब्ल्यू सी पॉलिसी में काम करना होगा।
Speaker 2: हां, मैं समझता हूं। लेकिन मैं आपको बताना चाहता हूं कि मैंने आपको पहले ही बताया था कि मैं कितना पैसा लूंगा।"
8,"Hello? Hello? Hello?","Speaker 1: क्या हो रहा है? कोई जवाब नहीं मिल रहा है।"
9,"हेलो हेलो गुड आपको ना आलोप मैं बोल रही हूं कि मुझे डिस्ट्रिब्शन की जो पाइप लेंग हुई है उसका पूरा डाटा चाहिए है अब इस विवाला जो हां यह डिस्ट्रिब्शन का डाटा मैंने बना लूंगा ऐसा नहीं है वह बहुत नहीं तो मतलब फिर भी देखिए कि कितना वह लिंक आईडी वगैरह थोड़ा देखकर फिर एक बनाई और तो फिर आप दीजिए थोड़ा सा टाइम ले लीजिए आप एक दो दिन का आप टाइम लेगा और एक्यूरेसी भी मैं उसमें फोटो रहेगी क्योंकि बहुत सारी चीजें होती हैं अपने तरफ से रखिए और फिर जो चीजें होंगे वह देखते हैं ठीक है ठीक है आप मुझे कल तक यह प्रोवाइड कर दीजिएगा कल नहीं मैं मंडे शुक्ति में रहूंगा चूज दे देखाओंगा मैं तो लेट हो जाएगा ना फिर अभी मैं मैं मेरी बच्ची का थोड़ा सबो था तो मैं उसके लिए लेव पर इनका लिए निकल रहा हूं मैं पहले से डाली हुई है तो इसलिए मैं लॉट दूंगा तो देख रहा हूं नहीं, मैं कर से शुट्टी बे रहूंगा, आज तो हुआ हूँ गल्पी चला, दिसाइट देखूं। तो मैं तीज़े देखाऊंगा। चलिए ठीक है अधिचु। ओके।","Speaker 1: हेलो! मैं डिस्ट्रिब्यूशन पाइप लाइन का पूरा डाटा चाहता हूं। क्या आप मुझे यह जानकारी प्रदान कर सकते हैं?
Speaker 2: हाँ, मैं डाटा तैयार करूंगा। लेकिन इसमें थोड़ा समय लग सकता है क्योंकि इसमें लिंक आईडी और अन्य विवरण शामिल होंगे।
Speaker 1: मुझे जल्दी से यह जानकारी चाहिए। क्या आप मुझे एक या दो दिन के भीतर यह डाटा प्रदान कर सकते हैं?
Speaker 2: हाँ, मैं आपको कल तक यह जानकारी प्रदान करने की कोशिश करूंगा। लेकिन मैं सोमवार को छुट्टी पर रहूंगा, इसलिए मैं आपको इसकी पुष्टि नहीं कर सकता।
Speaker 1: मैं अपनी बेटी के साथ समय बिताने के लिए छुट्टी पर जा रहा हूं। लेकिन मैं आपको आश्वस्त करता हूं कि मैं आपकी जानकारी की जांच करूंगा और आपको इसकी पुष्टि करूंगा।
Speaker 2: ठीक है, मैं आपको कल तक यह जानकारी प्रदान करने की कोशिश करूंगा। और मैं आपको आश्वस्त करता हूं कि मैं आपकी जानकारी की जांच करूंगा और आपको इसकी पुष्टि करूंगा।"
10,"कि अल्लू जी भी आओ यह वह बिल का देखिए वह 23 लाख रुपए से मतलब तीन लाख में मतलब मिनिमम बिल काटेगा वह तो वह साढ़े चार से नीचे नहीं आ रहा है अगर आपको कहीं बाहर से मिल रहा है तो वह आपके लिए ज्यादा बेटर तो माल ली अगर उस आधे चार पर है तो फिर मैं अगला बिल मेरा जैसे प्रोसेस हो जाता है तो फिर वह और मुझे पांच उस तक कर दे दें एक साथ भाई तीन पचासी का मेरा यह वाला है एक पैंतालीस कबू वाला है तो यह आपका 5 का ले लो न फिर यहां लांच कर ले तो 5-5 ऐडश decidы 5-5 है ठीक है दूसरी चीज यह है आपको जैसे में अप्रिल का फाइल करना है genuinely to make me of the ticket ले लूंगा 5 का तो आपको में को 10 से पहले इंफॉर्म करना पड़ेगा ठीक है मेरा पेमेंट देखिए 10 तक आ जाना चाहिए आ जाता है तो मैं फिर उसको आप लेट करेंगे तो फिर आपको जीरो को रिटरन फाइल करके नेक्स्ट मंथ लेना पड़ती है ऐसा बड़ा ना कोई बात नहीं आ पाता मेरा बिल तो मैं जीरो रेटरन करके अगले महीने ले दूंगा हां वही करना ही होगा कोई बात नहीं एक ही चीज है ना वह तो मैं जीएसटी आप कभी भी भाषतका हूं ना इस पाइनेंशल नहीं नहीं वह नहीं रहता 90 दिन के अंदर फाइल करना होता अगर आपको भी अप्रेल फाइल अप्रेल कभी लहते हैं एक अप्रेल से बहुत सारी चीजेंज हुई है ना अपनी अच्छा अच्छा अच्छा ठीक है तो आज उसका क्या हुआ थी फिर साइड वाला यह बताता हूं आपको नहीं यह बहुत अच्छा आपने प्रोसीट करेंगे मैं आपसे एक साथ एक बांच का बिल बनवाओंगा जो चार परसेंट अपनी बात है उसे पर ठीक है ना ठीक ठीक ठीक ठीक ठीक ठीक ठीक","Speaker 1: अल्लू जी भी आओ और यह बिल देखिए। यह 23 लाख रुपये से मतलब है कि तीन लाख में मिनिमम बिल काटेगा। वह तो साढ़े चार लाख से नीचे नहीं आ रहा है। अगर आपको कहीं बाहर से मिल रहा है तो वह आपके लिए ज्यादा बेहतर होगा।
Speaker 1: अगर वह आधे चार लाख पर है तो फिर मैं अगला बिल मेरा जैसे प्रोसेस हो जाता है, तो फिर वह और मुझे पांच लाख तक कर दें एक साथ। भाई, मेरा तीन पचासी का यह वाला है और एक पैंतालीस कबू वाला है, तो यह आपका पांच लाख का ले लो न, फिर यहां लांच कर ले तो पांच-पांच ऐड है।
Speaker 1: दूसरी चीज यह है कि आपको जैसे अप्रैल का फाइल करना है, तो मैं आपको 10 से पहले इंफॉर्म करना पड़ेगा। मेरा पेमेंट देखिए, 10 तक आ जाना चाहिए। आ जाता है तो मैं फिर उसको आप लेट करेंगे तो फिर आपको जीरो को रिटर्न फाइल करके नेक्स्ट मंथ लेना पड़ती है।
Speaker 1: ऐसा बड़ा ना कोई बात नहीं आ पाता मेरा बिल तो मैं जीरो रिटर्न करके अगले महीने ले दूंगा। हां, वही करना ही होगा, कोई बात नहीं। एक ही चीज है ना, वह तो मैं जीएसटी आप कभी भी भुगतान कर सकता हूं ना, इस पेनल्टी नहीं रहती है।
Speaker 1: 90 दिन के अंदर फाइल करना होता है। अगर आपको भी अप्रैल फाइल अप्रैल कभी लहते हैं एक अप्रैल से बहुत सारी चीजें बदल गई हैं ना। अपनी अच्छा अच्छा अच्छा, ठीक है।
Speaker 1: तो आज उसका क्या हुआ थी? फिर साइड वाला यह बताता हूं आपको। नहीं, यह बहुत अच्छा आपने प्रोसेस करेंगे। मैं आपसे एक साथ एक बांच का बिल बनवाओंगा जो चार प्रतिशत अपनी बात है उसे पर ठीक है ना।"
11,"एलो हां अधिक प्रधान प्रणाम प्रणाम पणे जी पताएं का हाल चाल वड़ी या ताइए या कहें जितें आगे के का करेट है आगे के थोड़ा सा विचार यह रहा कि थोड़ा मुनीद देख लेंगे अच्छा अच्छा आज ऐसा न होई थी मैंने काम कहीं फसे वाला काम न करें न कहें कि फिर से वह दूसरे बीचे में पेचार हो जाते हैं वह तो हर जीजी वह तो आप तो सालमाओं काई नहीं आपना कि पाइस और लाइन वाला नहीं आपा आज हुआ है और यह तो बताओ ठीक है और","Speaker 1: नमस्ते, मैं आशा करता हूँ कि आप कुशल महसूस कर रहे हैं। मैं यहाँ परियोजना की प्रगति के बारे में चर्चा करने के लिए हूँ। हमें आगे की योजना पर विचार करने की आवश्यकता है।
Speaker 1: मैंने सोचा कि हमें थोड़ा समय लेकर परियोजना की प्रगति का मूल्यांकन करना चाहिए। मैं नहीं चाहता कि हम किसी ऐसे काम में फंस जाएं जो बाद में परेशानी का कारण बने।
Speaker 1: मैं चाहता हूँ कि हम अपने काम को व्यवस्थित और सुरक्षित तरीके से पूरा करें। मैंने देखा है कि कभी-कभी हमारे काम में दूसरी समस्याएं आ जाती हैं जो हमारी प्रगति को धीमा कर देती हैं।
Speaker 1: मैं आपको बताना चाहता हूँ कि मैंने आज एक महत्वपूर्ण बातचीत की है। हमें अपने काम को समय पर पूरा करने के लिए एक स्पष्ट योजना बनानी होगी।"
12,"हेलो हेलो जी रोशनी जी से बात हो रही है जी जी मैं आलोग मिश्चा बात करा था मजबूरे चलने का मर्यादित्व से जी हां बोली आपने CML प्लाइन की है जी हां मैंने वहां किया था काही के लिए थी कम्सेन जी मेरा क्या लगते हैं मेरा घर बना हुआ है रीवा रीवा रीवा रीवा में कहां पर गोविंदगड़ के पास पड़ता है कि वह अधिक रहने के बगल में हमारा तो मैंने यह लगता है अभी जून में जुलाई में तक दाला था पंचायत में उन लोगों ने कोई मतलब वह नहीं किया मतलब आगे प्रोसेस ही नहीं किया मुझे पानी की बहुत समस्यति और मुझे नल चाहिए था नल आपको मिलेगा ना शिकायत करने की जरूरत पड़ गई थी क्योंकि वहां पर यह बताइए जन्मी कम की टंकी बनी हुई है और जब मैंने अपनी इलाके में अपने सरपंच को और जाकर पंचायत में जाकर मैंने प्रूव जमा करा उन लोगों ने कहा कि यहां पंजा लग जाएगा लोगों ने कलत आपको ज्यादा उन्होंने लगाना होता है हमारी चीज जाती है इस काम के लिए पर अच्छे से याद नहीं आ रहा है अपना गूविंदगड जाते विश्व पड़ता है जी छोटी अमिल के बड़ी अमिल की पड़ता है तो छोटी अमिल अधुकारों साइड में यह गूविंदगड आपके इधर पैडल रोड पर पड़ता है ना साइड और रोड करता है जी वाली तंकी बनी है क्या उपर जीने वाली रखी है जीने वहां तंकी जल निरंग परीट की वाली बनी है वहां मुझे नहीं मिला था पर मुझे नहीं मिला रखी थी तब भी मैंने बोला तब भी नहीं लगा तो मैंने पर शिकायत करें क्योंकि आपको प्रॉब्लम हो रही है मेरे पास पाइप नहीं है जब सरकारी पाइप आएगा तभी होगा तो मैंने का परसनली लगा दीजिए भाई मुझे पानी की बहुत समस्या है वह चीज संजे राय थे क्या जी संजे राय करके है या जल्दी अगर समधान चाहती हूं तो आपने सिकायत में यह लिखाया नहीं ना कि यह चीज भागते वारा यह ऐसा नहीं लिखा है ना हम तो देख रहे हैं नहीं लग लिखी कंप्लेंट पड़ी और आप फिर फॉर नहीं उठा रही थी मैंने आपको मल्टीपल टाइम्स फॉल गया जी क्या है कि वह थोड़ा से बेटे के पास फॉन था मेरा और मैं थोड़ी बिजी हो बच्चों की स्कूल के कारण तो शायद हो सकता नहीं हुआ है और आप इसमें नाम भी वैसे वाल ऐसे आ रहा है नाम की लग रहा है जैसे कोई रिचार्ड मतलब का सॉरी ऐसा लग रहा था मुझे क्या लग रहा था जी और रिचार्ड के लिए सब्सक्राइब करें ना सर कि मेरे को नल कनेक्शन मिल जाए सर मुझे बहुत पाली नहीं प्रशिक्रिया और दूसरी तो आपका काम है कि तो पीएचे विभाग वाला लिखाना पड़ेगा आप पीएचे वाला लिखाकर यह तो आपका काम हो जाए लिखाया है ना पंचायत में नवीन कनेक्शन दिनांग को जिससे आवेदर क्रमांग जानकाल नहीं गया तो यह यह तो बिल्कुल सही बात है जब महासुख बात है बात है लेकिन बात यह कनिक्शन पीएची विभाग को देना था और आपकी कंप्लेंट हमारे पास जनरलिंगम के पास पड़ी हुई है तो यह आप पंचायत में किया है तो उसके थ्रू कि आप विभाग के नाम से कंप्लेन करिए जब मेरा से आता है जब भी ऐसा कुछ होता है तो मेरे पास ना से यह लाइक से मेरे पास मैसेज आता है महा से हटवा दी तो ऐसे नहीं आठेगा वहीं वहीं कह रहा हूं कर दोंगी तो वह अटा दें बट मैं भी करना क्या होंगा मुझे नल तो चाहिए सर ऐसा नहीं हो सकता तो लिखा दूंगे अब लिखा दें","Speaker 1: नमस्ते जी, मैं रोशनी जी से बात कर रहा हूं। मैंने आलोक मिश्रा से बात की थी कि मेरे घर के पास पानी की समस्या है।
Speaker 2: हां, मैंने सीएमएल पाइप लाइन की बात की थी। मैंने वहां कुछ काम करवाया था, लेकिन अब तक पानी की समस्या नहीं सुलझी है।
Speaker 1: मेरा घर रीवा में गोविंदगढ़ के पास है। वहां पानी की समस्या बहुत है। मैंने पंचायत में शिकायत की थी, लेकिन अभी तक कोई समाधान नहीं हुआ है।
Speaker 2: मैं समझता हूं कि आपको पानी की समस्या है, लेकिन मैंने आपको पहले ही बताया था कि पीएचई विभाग को लिखना होगा। आपने पंचायत में शिकायत की है, लेकिन विभाग को लिखना जरूरी है।
Speaker 1: मैंने पंचायत में शिकायत की थी, लेकिन अब तक कोई समाधान नहीं हुआ है। मैं चाहता हूं कि मेरे घर में नल कनेक्शन हो, लेकिन इसके लिए क्या करना होगा?
Speaker 2: आपको पीएचई विभाग को लिखना होगा और उन्हें बताना होगा कि आपको नल कनेक्शन चाहिए। मैं आपकी शिकायत को देखूंगा और समाधान करने की कोशिश करूंगा।"
13,"कि लॉगी जी अच्छे लाजिस बात हुई है जी भूली है मैं आलोग मुश्चा बात करता है जिलनिगम से जी भूलिए आपने इसे लाइन की थी मडवा कांग के लिए जी जी जी चाहते कटा रही है विकेसियल योजना चल रही है आपकी नलजल योजना जीवन चले ओजना इसके अंतर के जितनी भी पाइपलाइन बिछी है था मारे घर के तरफ नहीं बिछाई गई एक वर्ष पूरे हो चुके है अदर जगह बिछ गई है हमारे दर क्यों नहीं बिछी है मडवा घाउन पीएसी विभाग के अंदर वहां पर हमारी टंकी नहीं बन रही है यह अपने ठीक है तो इसमें पाइपलाइन तो डालना चाहिए ना जैसे जगह डाली हुई है तो यह तो जब चालू हो जाए तब आप बताइए अरे नहीं चालू होने वाला अभी अभी जून 2026 तक तो पाइव दिलने का है आप यहाँ पर आते हैं कभी बिल्कुल आते हैं कभी यहाँ पर आते हैं अच्छा आप आज बाईए जब मेरे संपर्क करिए नहीं है अपने चीज के लिए अपने सिखायत नहीं करते हैं अभी आपका गांव में यह बताइए सुनिए हमारा जो काम चल रहा है वहां पर एक आपको कनेक्शन गांव में नहीं दिया गया होगा हमारी तरफ से अभी और हमारा पूरा वहां पाइप डली है तो जो काम अभी प्रस्तावित है अगर प्रोग्रेस है उस पर नहीं सिखायत करते जब हो जाए जब ऐसा लगी जून 2026 के बाद कि नहीं यह भाई अब कनेक्शन देना हमारे कंटेक्टर नहीं शुरू कर दिया है जैसे मान लीजिए वह हो गई कि हमको पानी नहीं मिलेगा लगता है क्या ऐसा कुछ नहीं है यह आप जन को मिलने हैं कि बिल्कुल आप आप जागरूप निकले आपने अच्छी बात है आपने पहले अप्रोज कर दिया लेकिन मिलेगा सब को इसकी नहीं तो यह जो पाइपलाइन अभी डेली है पहले यह किस विभाग की डेली है मडवा गाउं जैसे आपने इसमें लिखवाया है ना मैं बता रहा हूं मडवा गाउं पीएची विभाग के अंतरगत आता है और हमारा वह खराब पड़ता है जहां हमारा हमारा कांसला जनरलिगम पर यह समझ रहा हूं आप प्रोवार करना है आपको तो आपकी सिकायत हमको टांसफर करवानी पड़ेगी अगर आपका जाओ हमारी स्कीम के अंतरगत है तो हमारा तो अंदर प्रूवेस हमारा तो डली गई हमारा तो उसकी गैरेंटी है कि हम ज़रुर पाली तो यह नहीं आपके अंदर प्रूव के लिए मैं किया हूं क्योंकि मेरे घर के पास ही टंकी 200 मीटर के अंतराल में है हां चलिए मैं आपसे वहां के मिल भेजूंगा एक बार थोड़ा सा तो ज्यादा अच्छे से चीजें समझ में आ जाएंगे बाकि आप उसके लिए निश्चित है जैगर हमारे उसमें है तो जून दब सबस्क्राइब करें से क्या होने वाला है तो लग जाएगा ना तो वेट करिए दो महीने समय अपने पास मैं बिल्कुल बेट कर लें ज्यादा पर चाहिए हमारा काम काम हमारा 20-30 परसेंट बचा है छोटी-मूटी जगह ही बची है नहीं बढ़ाकर देख भी लूंगा मैं बता रहा हूं मैं आऊंगा आप पर ठीक पहले पाके यहां पर संपर्क करिए आप अच्छा यह कहां पास जैसे मडवा आपका पड़ता है अपने पर टीकर गुशेंगे आप पहले से तंकी बनी है ना ताज मुहम्मद सर्पंश आपके यहां की ताज मुहम्मद उनके वाइफ है उनकी वाइफ है वहीं पंच ना आप तो उनके वहां पर पानी चल रहा है ना यह चीज कर दो ही तो मैं फंद नहीं पा रहा हूं आप जो है यह 20 मेरे की किनारे के दली है अच्छा है कि मैं विशेष इसमें यह पता चला कि यह पाइप टेंकी चालू होने वाली है कि पॉइंट टैंक चालू होने वाली है आप इसमें बताया यह जो अम्बेडकर जी के स्टेचू है ना यहां पर जहां पर आपकी टैंकी बन रही है तो वहीं टैंकी कनेक्शन चाहिए अपने आप एक टैंकी की फोटो फिर उसको दे सकते हैं क्या आपके सौ मीटर के आपके घुटे पास जब आप इतना आपको नहीं कंफर्म मालूम है कि कहां पर किस लोकेशन लेटेंगी बता रहा हूं वह गांव हमारे स्क्रीन केंद्र अपने आता अब आप किसी दूसरे जगह की बात कर रहे हैं तो मं second of America What row stafal मडवा घाम पंचायित में आपका वर्क चल रहा है और मडवा घाम में हमारा नहीं चल रहा है किसका प्रवाह काफी अच्छी विभाग का है नहीं प्रभाग का लुट सुनिए मेरे को पता है प्याज जिवा की तंकीयां वह दूसरे तरीके की बनी हुई है यह जलनी गंबाली जो बनी है दूसरे दूसरे तरीके की बन रही है यह एलुमिनियम के टंकी इसमें रखी गई ऊपर अरे आप वह नहर के पास वाली टंकी की बात कर रहे हैं क्या जी जी अरे वह जिड़ेंगी आ रहे हैं हमारा नहर के एकदम साइड में बना हुआ है ना प्राथमिक स्कूल अंबेडकर जी की पीछे तालाब है आपको उससे पानी नहीं मिलेगा उससे पानी जाएगा यह मडवा वाले टंकी में पीएची वाले में आपको पानी पीएची ही देगा वहीं तो कह रहा हूं कि मडवा गांव हमारे उतने नहीं है जो हमारा वहां पर बना है ना वह जिदंगीयार है उससे नहीं आ रहा है कि कितनी योजनाएं एक जगह चल रही है नहीं है वहीं तो कह रहा हूं आप समझ नहीं रहे हो तो ही तो हम आपसे समझना चाहते हैं कि आप आए के मेरे को फेस टू फेस समझाइए आपको जो बता रहा हूं ना आपको वह इसकी हमारे इसकी निर्म है वह दूसरे उसके यह चीज इसलिए मैं आता भी हूं आगे मिलूंगा भी आपसे आज ही यहां देखिए साम पर बेल करें ठीक है या इतने बटने तक रहते हैं सुबह भी रहते में चाहिए नहीं नहीं मैं सुबह 8 बजे से निकल जाता हूं तो आता हूं वहीं 6.30 बजे तो कैसे मुलाकांठ होगी आज मेरा औप है तो मेरे मुश्य मुलाखात हो जाएगी 6 बजे के शाम को देखिए ठीक है मैं आता हूं यह किसी और को देखता हूं भी इसका हूं बाकि वह जो आपका है ना वह आपको इस पार्टी शीघ्र में ही करनी चाहिए थी आपने हमारे में चलने हमें कि तरह गलती है कोई बात नहीं है ठीक है ठीक है इसको इसका इसमें देखता हूं बिस्तार से कहां आप भी आए वहीं तुम्हें बोल रहा था जिसका बात कर देखिए तंची नहीं हमारा जिरुर याद हुं कि उसे पानी जाएगा क्योंकि वहां पूर्ण चल रहा है उसमें इसको भरेंगे ना जून के बाद आपको जिसने बताया ना कि पानी चालू होने वाला है वह उसने आपको जानकारी दी हमारा क्या है जून लास्ट लास्ट का हमारा टारगेट तो उसको जिए पानी भरना है तो जुनके लास्ट लास्ट करेंगे और उससे तंगीयों को भरेंगे तो वह ठीक है तो अ","Speaker 1: मैंने यहां पर तोड़-फोड़ करवाई थी और लेआउट डल रहा था। रेलवे क्रॉसिंग के पास 80 मीटर के पास नलजल योजना चल रही है।
Speaker 2: मडवा गांव पीएचई विभाग के अंतर्गत आता है और हमारा काम वहां पर चल रहा है।
Speaker 1: मैंने सुना है कि आपकी योजना के तहत पाइपलाइन बिछाई जा रही है, लेकिन हमारे घर के पास नहीं बिछाई गई है।
Speaker 2: हमारी टंकी अभी बन रही है और जून 2026 तक पूरी होने वाली है।
Speaker 1: मैं चाहता हूं कि आप मुझे बताएं कि पाइपलाइन कब से चालू होगी और हमें पानी मिलेगा या नहीं।
Speaker 2: हमारा काम 20-30 प्रतिशत बचा हुआ है और जून के बाद पूरा हो जाएगा।
Speaker 1: मैं आपको बताना चाहता हूं कि मडवा गांव में पाइपलाइन नहीं बिछाई गई है और हमें पानी नहीं मिल रहा है।
Speaker 2: मैं आपको आश्वस्त करता हूं कि हमारी योजना के तहत पाइपलाइन बिछाई जाएगी और आपको पानी मिलेगा।
Speaker 1: मैं चाहता हूं कि आप मुझे बताएं कि पाइपलाइन कब से चालू होगी और हमें पानी मिलेगा या नहीं।
Speaker 2: हमारा काम जून के बाद पूरा हो जाएगा और आपको पानी मिलेगा।"
14,"कि कहां ऐसे लाइट अरे मैं तो जूटी में जूटी कहां करते हैं आप रेलविन कर रहा है कि राधा फिर उस कंप्लेइन का क्या करना उसमें वैसे पानी जैसे आप आप इसे पानी तो नहीं मिल पाएगा उसने है अब वह नहीं पाव आएगा हां वह शांति जहां से आना है आपको नहीं जाएगा पीएसी वाले भी पाइप दालेंगे तो आप पार्वर्ट करिए तो इस प्रॉब्लम पर अपने जिस भाग का उस भी यह कोई बात है। अपना पर से चांस करेंगे तो हम लगता कि तक आप तो उसमें समय लगेगा वहीं कह रहा हूं तो अभी के लिए आप इसमें कर सकते हैं कि अभी यह सिकायत आप कठवा करते तुरंत नहीं सिकायत करें उसके बगायदा अच्छे से लिखवा दीजिए पब्लिक इंजीनिंग डिपार्टमेंट की तरफ से पानी या फाइप नहीं डाली गई थी तो जिससे उत्तुरंत उसी का तुम विभाग के पास चले जाएगी मैं अब मेरा ब्लॉक मेरा ब्लॉक चल रहा है अभी मैं आप से साम के बाद करता हूं खुद के फोन में नंबर लगाऊंगा नहीं तो बहुत समय नहीं चाहिए उसके लिए सुनिए ना अरे नहीं तुम बता दो मेरा ब्लॉक चल रहा है ब्लॉक भी जाएगा भाई अभी रुक लीजिए थोड़ा आप नहीं तो बस एक उटीपी में भेजे तो आप उसको बता दी तो आप कर सकते हैं नहीं मैं आपसे थोड़ा बात करना चाहता हूं इसके बारे में तो आप आप आप मैं साम कि आपको कॉल करने ठीक है","Speaker 1: मैं तो जूटी में जूटी कहां करते हैं आप रेलवे लाइन के पास काम कर रहे हैं क्या?
Speaker 2: हां, हम रेलवे लाइन के पास काम कर रहे हैं और वहां पानी की समस्या हो रही है।
Speaker 1: वहां पानी की समस्या क्यों हो रही है? क्या पाइप लाइन नहीं डाली गई थी?
Speaker 2: नहीं, पाइप लाइन नहीं डाली गई थी और अब पानी की समस्या हो रही है।
Speaker 1: तो आप पब्लिक इंजीनिंग डिपार्टमेंट को शिकायत करें कि उन्होंने पानी की पाइप लाइन नहीं डाली थी।
Speaker 2: हां, मैं शिकायत करूंगा लेकिन अभी मेरा काम चल रहा है और मैं बाद में आपको फोन करूंगा।
Speaker 1: ठीक है, आप अपना काम पूरा करें और फिर मुझे फोन करें। मैं आपकी बात सुनने के लिए तैयार हूं।"
15,"कि अलो हेलो अश्लील नमस्कार नमस्कार कि यह लोग यह जनरल निगम से बोल रहे हैं ना बताइए यह आप जो आप यहां पाइपलाइन बिछवाएं हैं नहर में मडवा ग्राम पंचायत मडवा ने पाइप मारी गई है तो यह नहर का होल था पानी निकलने का इसको पूरी तरह सा आप लोग जाम करा दिए पानी भरा आज दो तीन देंस लगातार कम से कम नहीं तो दो तीन फीट पानी भरा बेच देंगे आपको फोटो भी जी मैं बार अपने इंजिनेंट कंडक्टर बोलता हूं देखता हूं कहां है क्या समझारी है अभी जब इतनी बार इसमें इतना हाल इस तरह है तो फिर बरसाद में तौर कंडीशन खराफ होगी इसकी नहीं ठीक है मैं भेजता हूँ","Speaker 1: नमस्कार, यह जनरल निगम से बोल रहे हैं। हमें बताइए कि आपने जो पाइपलाइन यहां बिछवाई है, नहर में मडवा ग्राम पंचायत मडवा ने पाइप मारी गई है। यह नहर का होल था जहां से पानी निकलता था, लेकिन आपने इसे पूरी तरह से जाम कर दिया है।
Speaker 1: आज दो-तीन दिन से लगातार पानी भरा हुआ है, कम से कम दो-तीन फीट पानी भरा हुआ है। मैं आपको फोटो भी भेज सकता हूं। मैं अपने इंजीनियर और कंडक्टर से बात करता हूं और देखता हूं कि यह समस्या कहां है और इसका समाधान क्या है।
Speaker 1: जब इतनी बार इसमें इतना हाल हो रहा है, तो बरसात के मौसम में तो स्थिति और खराब होगी। इसकी ठीक से जांच कराई जानी चाहिए। मैं इसके बारे में और जानकारी भेजता हूं।"
16,"कि सलो हेलो जी मैंने मैंने भेज दिया हूं देखिए इसको आप तीन दिन से जिस दिन से बारी सुझेदें से भारा कांटिनी निकल नहीं रहा इसका आवगवन का रास्ता एकदम जाम हो गया है अब लाइन डिजिंग जी आपने भी सिकायत की थी क्या मडवा प्रेम नगर वाली ये नहर के पास है न ये तो वहाँ पहले से पानी भरता था न नहीं पहले से नहीं भरता था इसमें होल थे पहले नीचे उस होल को आप लोग जाम कर दिये हैं, आपकी भाग मतलब। वहाँ जित्ता मैं पहले जाया करता था, तो वहाँ पानी पहले से भरता था। तो चलिए मैं इसको दिखवा लेता हूँ, क्योंकि पहल मैं भी वहाँ गया हूँ बहुत बार बारिस में के दौरान, तो वहाँ पानी हमेशा उस पुलिया में देखता था। नहीं, नहीं, उसमें होल थे, आप नीचे से जाए के देखवाईए किसी से। अब मैं तो खुद ही गया हूँ ना, और दूसरी क्या बताओ? मैं तो यहीं का निबासी हूँ, आज ये पांच साथ साल से नहर बनी हैं सर जी. चलिए मैं भेज देता हूँ अपने कॉंटेक्टर को, वो देख लेगा. जी जी पानी कहा कि अभी तो ठीक है बरसान में तो और दिक्कत होगी ना फिर यह निवेदा ना ठीक है चलिए कोई बात है करवात ने समय लगेगा तुड़ा से बुट हो जाएगा ठीक थीक","Speaker 1: मैंने आपको पहले ही बताया था कि नहर के पास पानी भरने की समस्या हो रही है। मैंने इसकी जांच करवाई है और पाया है कि पहले से ही वहां पानी भरता था, लेकिन अब यह समस्या और बढ़ गई है।
Speaker 1: मैंने देखा है कि नहर के नीचे एक होल था जो अब जाम हो गया है। इससे पानी का आवगमन रुक गया है और अब लाइन डिजाइन करना मुश्किल हो गया है।
Speaker 1: मैं आपको बता दूं कि मैं यहां का निवासी हूं और पिछले पांच साल से नहर बनी है। मैंने कई बार बारिश के दौरान यहां जाकर देखा है और पाया है कि पुलिया में पानी भरता था।
Speaker 1: अब मैं अपने कॉन्ट्रैक्टर को भेज दूंगा जो इसकी जांच करवाएगा और समस्या का समाधान निकालेगा।
Speaker 1: मैं समझता हूं कि बरसात में यह समस्या और बढ़ सकती है, लेकिन हमें इसका समाधान निकालना होगा। मैं आपको आश्वस्त करता हूं कि हम जल्द ही इसका समाधान निकालेंगे।"
17,"हेलो ये डेलीवेरी से बोल रहा था कोरिया से पिक अप लेना था क्या हाँ हाँ रेडी हो गया अभी हाँ हाँ रेडी है ठीक है मैं आधे गंट से आ जाता हूँ","Speaker 1: हेलो ये डिलीवरी से बोल रहा हूँ, कोरिया से पिकअप लेना था।
Speaker 2: हाँ, रेडी हो गया हूँ।
Speaker 1: अभी रेडी हूँ, ठीक है।
Speaker 2: मैं आधे घंटे से आ जाता हूँ।"
18,"हेलो हेलो नमस्कार शर्मेदी बात आलोक मिश्रा जी से हो रही है अलोक मिश्रा जी से मेरी बात हो रही है आपको बताइए शर्म जीव पॉइंट विशेष जीव बात कर रही हैं तो आपको नंबर है सब्सक्राइब दो नाइन सब्सक्राइब","Speaker 1: नमस्कार, मैं आलोक मिश्रा जी से बात कर रहा हूँ। हम शर्म जी के साथ प्रोजेक्ट के विशेष बिंदुओं पर चर्चा कर रहे हैं।"
File Index,Raw Input (ASR),Processed Output (AI)
1,"Speaker 1: Hello. Hello. हां sir जी नमस्कार. नमस्कार. Hello. यह हां हां यह आप जल निगम से बोल रहे हैं ना? बताइए. यह जो आप यहां यह पाइपलाइन बिछुआ हैं नाहर नाहर में मडवा gram पंचायत मडवा gram पंचायत में हमने कहां पाएगा वह पाइप मारी गई इसकी डब्लू जी हां वाली गई है बताइए हां तो यह जो नाहर का होल था पानी निकलने का हां इसको पूरा पूरी तरह से आप लोग जाम करा दिए हैं इसमें पानी भरा है आप दो तीन दिन उस लगातार कम से कम नहीं तो दो तीन feet पानी भरा है कहां क्या बात कर रहे हैं photo वोटो कुछ भेज सकते हैं क्या? हां हां बिल्कुल भेज देंगे आपको photo. भेज दीजिए मैं एक बार अपने जीने में contractor बोलता हूं, देखता हूं कहां है, क्या समस्या आ रही है? हां, अभी जब इतनी बार इसमें इतने हाल इस तरह है तो फिर बरसात में तो और condition खराब होगी इसकी. नहीं नहीं भेज दीजिए, मैं लिखवा देता हूं. ठीक है, मैं भेजता हूं. जी.","Speaker 1: नमस्कार, क्या आप जल निगम से बोल रहे हैं? यह पाइपलाइन जो नाहर में मडवा ग्राम पंचायत में बिछाई गई है, उसकी जानकारी दीजिए। हमने देखा है कि वह पाइप मारी गई है और इसकी डब्लूजी वाली पाइप लाइन गई है।
Speaker 1: नाहर का जो पानी निकलने का होल था, उसे आप लोगों ने पूरी तरह से जाम करा दिया है। इसमें पानी भरा हुआ है और कम से कम दो-तीन फीट पानी भरा हुआ है। क्या आप फोटो भेज सकते हैं?
Speaker 1: हां, भेज दीजिए। मैं अपने जीने में कॉन्ट्रैक्टर से बात करता हूं और देखता हूं कि कहां समस्या आ रही है।
Speaker 1: अभी इतनी बार इसमें इतने हालात हैं तो बरसात में तो और भी खराब होगी इसकी स्थिति।
Speaker 1: नहीं, नहीं, भेज दीजिए। मैं लिखवा देता हूं।
Speaker 1: ठीक है, मैं भेजता हूं।"
2,"Speaker 1: Hello. Hello. जी sir नमस्कार. क्या मेरी बात आलोक मिश्रा जी से हो रही है? हैं? क्या मेरी बात आलोक मिश्रा जी से हो रही है? कहां से? आलोक मिश्रा जी से मेरी बात हो रही है? हां हां, बताइए. Sir, मैं जियो Point Ever से JSE बात कर रही हूं sir. Ma'am, अभी तो कहीं पर बैठती हूं. तो मैं call करूंगा. घर से आप हैं? Sir आपके इस number से connected एक जियो का number है sir आपका. हां. Number है 7 5 double 697347.","Speaker 1: नमस्कार, क्या मैं आलोक मिश्रा जी से बात कर रहा हूं?
Speaker 1: मैं जियो पॉइंट एवर से जीएसई बात कर रहा हूं।
Speaker 1: मैं आपके इस नंबर से कनेक्टेड एक जियो का नंबर है, जो 7575697347 है।"
3,"Speaker 1: नमस्कार अपनी car की value पर अब दो सौ प्रतिशत तक का personal loan लें आसान और तेज़ process के साथ.","Speaker 1: नमस्कार, हमारी कंस्ट्रक्शन साइट पर अब नए उपकरणों की खरीद के लिए दो सौ प्रतिशत तक का व्यक्तिगत ऋण लेने का विकल्प है, जो कि आसान और तेज़ प्रक्रिया के साथ उपलब्ध है।"
4,"Speaker 1: जी sir good evening.
Speaker 2: हां good evening.
Speaker 1: मैं आलोक मिश्राबाद से डाल रहा था जल निगम से.
Speaker 2: जी जी बताएं धन्यवाद.
Speaker 1: Sir अभी PS sir ने हमको बताया था कि वहां पांचवीं में फिर school में है
Speaker 2: क्या sir अपनी तरफ से? Rising main का school फिर बहुत दिन से दो तीन साल टूटा हुआ है. मैं यहां counter के लिए बैठे हुए
Speaker 1: हैं. नहीं sir वह rising main का जो issue था sir वह हमारे द्वारा पूरा बना दिया गया था.
Speaker 2: नहीं नहीं नहीं बनाया गया ना DBL लेआउट DBL से ही बात कर रहे हैं?
Speaker 1: नहीं नहीं sir मैं जलिगम से बात कर रहा हूं. DBL हमारा कौन से
Speaker 2: teacher है. जी जी जी.
Speaker 1: रुकिए आप. तो बंद कर रहे हैं
Speaker 2: क्या? द्विवेदी जी. हां बात. Please friend बात कीजिए जाती है हम. Hello.
Speaker 3: Hello.
Speaker 1: द्विवेदी जी आलोक मिश्रा बात कर रहे हैं?
Speaker 3: हां लेआउट बताएगा कि और थोड़ा थोड़ा सा जुड़वा दे अब पानी चलाएगी थे तो पानी के पता ही नहीं ला गए कि sir ना ऊपर ना भरे नीचे जाए.
Speaker 1: अरे सब जुड़ गया है द्विवेदी जी अपना एक बार side में दे, ऊंचा अपन एक आदमी ही पानी चलाओ कहीं. हां. उनसे एक way देखो आप कुछ पा दीजिए.
Speaker 3: एक काम एक काम करी मिश्रा जी.
Speaker 2: हां
Speaker 3: हां. आप जाकर खूब चलवाओ motor. उसको हम form कर देते हैं. अगर
Speaker 1: पानी निकल जाए. नहीं तो नहीं तो दे दीजिए एक combined के लिए थे.
Speaker 3: दोनों दोनों motor चलाता है और पानी का पता नहीं चलता कि कहां जा रहा है.
Speaker 1: तो अब leakage जब तक ना मिली तो सुई स्व सोची कैसा बना बाजे ना.
Speaker 3: हां तो वही
Speaker 1: बात कही थी मान लीजिए चले अपना कहे थे कि पानी चला हुआ जाता है पता नहीं चल रहा कहां पानी जा रहा. हां. तो वह condition वह leakage भी नहीं पता चल पा रहा.
Speaker 3: हां तो leakage पता चल नहीं नहीं जब पूरी pipeline समाप्ता है.
Speaker 2: नहीं नहीं जमाता है जब उसको. नहीं समाप्त किया द्विवेदी जी
Speaker 1: भरोसा मानी सगाई pipe line अपना की जुड़वा देंगे ही.
Speaker 3: अरे जब डली है तो उसके ऊपर है डली है राजिम में.
Speaker 1: हां डली ही है अब बनवाए हूं देंगे ही वह. मतलब जो वह लोग बाग बनाकर आदमी है ना वह अपना उससे बात कर ली एक भी.
Speaker 3: अरे हम बात फूंक गए हैं ना हम हमेशा तो वह हमारे संपर्क में रहा था. वह बता रहा था कि आज आए बना रहा है अब बनाए बनाए नहीं. जब ok ऊपर गए हैं तब कहां ठे फ़ट रही है या खुदा नहीं पता चला है. हम हमारे पास photo है Jackson line डली है.
Speaker 1: नहीं photo ही हमारे पास ज़िंदगी बनवा गए थे photo ही वे. हम अगला नहीं कि जब बदल के लिए तो कहीं एक
Speaker 3: जगह हो एक जगह हो तब ना जब बुरी बुरी हो जाए तो कसकर हुई photo.
Speaker 1: नहीं पूरा through off बनवा गए थे photo ही वे हमारे पास. पूरी lineएं हम डलवा दे रहे हैं. हम रोसा मन में निकल गए हैं.
Speaker 3: हमें साहब से बात कराई थी उनका. ओ कर. अब भाई ने बात
Speaker 1: कराई थी. हां हम रो कर लो. बिल्कुल बिल्कुल हम रो करवाएं हम वहां थोड़ा बात के लिए.
Speaker 2: हां बिल्कुल कुछ समझ में आ रहा है क्या बता रहे हैं?
Speaker 1: हां sir यह जो बता रहे हैं sir यह पहले वन गया था हमारे द्वारा. हां.
Speaker 2: नहीं तो एक बार चालू करवा दीजिए एक बार अपनी team को भेज दीजिए वह चालू कर दें तुम्हें clear हो जाए. आपको बना अगर है तो कोई दिक्कत नहीं छोटे मोटे कोई issue होगा.
Speaker 1: बिल्कुल बिल्कुल बिल्कुल sir.
Speaker 2: Main अपने का result चाहिए result आ जाए जैसे भी आ जाए फिर हम क्यों बोलेंगे कि टूटा है, है ना?
Speaker 1: नहीं sir वह issue sir यह है जहां से sir इनका जैसे अपना bore है ना जो sir. हां. वह sir जो tapping point होता है sir हां. वहीं पर कुछ leakage था. मतलब sir जो line हमारे इनके line के जो हमारी line से parallel डली थी ना.
Speaker 2: ऐसा कुछ होगा तो पांच दस meter आगे अपन आगे एक मतलब check कर लेंगे काट के कि हां ऐसा है कुछ ना तो जोड़ के. हां. समझ में आ जाएं?
Speaker 1: बिल्कुल बिल्कुल sir. बिल्कुल sir
Speaker 2: वही चीज़ sir मैंने आपको. वही मतलब आप अपनी team को थोड़ा यह चीज़ clear करा के पानी clear करा दो कहां से क्या दिक्कत है? फिर हम देख लेंगे.
Speaker 1: Sir निवेदन sir यह था कि अगर द्विवेदी जी भी sir चल लेते हैं तो वहीं पर साथ साथ देख चुके clear हो जाता.
Speaker 2: वह चल देंगे और सब clear हो जाता बल्कि बोल गई तो मैं भी चलूंगा tiffin चलूंगा. जी sir. तो हो सकता है दो तीन दिन के अंदर चलते हैं मैं भी चलता हूं आपको phone लगा कर. जी जी जी. ठीक है ना? ठीक है sir. ठीक है. Ok.","Speaker 1: जी सर, शाम को नमस्कार।
Speaker 2: हां, शाम को नमस्कार।
Speaker 1: मैं आलोक मिश्रा बात कर रहा था, जल निगम से।
Speaker 2: जी जी, बताएं, धन्यवाद।
Speaker 1: सर, अभी पीएस सर ने हमें बताया था कि वहां पांचवीं में फिर स्कूल में है।
Speaker 2: क्या सर, अपनी तरफ से? राइजिंग मेन का स्कूल फिर बहुत दिन से दो-तीन साल टूटा हुआ है। मैं यहां काउंटर के लिए बैठे हुए हूं।
Speaker 1: हां, सर। नहीं, सर वह राइजिंग मेन का जो मुद्दा था, सर वह हमारे द्वारा पूरा बना दिया गया था।
Speaker 2: नहीं, नहीं, नहीं बनाया गया ना? डीबीएल लेआउट डीबीएल से ही बात कर रहे हैं?
Speaker 1: नहीं, नहीं, सर मैं जल निगम से बात कर रहा हूं। डीबीएल हमारा कौन सा?
Speaker 2: टीचर है। जी जी, जी।
Speaker 1: रुकिए, आप। तो बंद कर रहे हैं?
Speaker 2: क्या? द्विवेदी जी। हां, बात। प्लीज़ फ्रेंड, बात कीजिए, जाती है हम। हेलो।
Speaker 1: हेलो।
Speaker 1: द्विवेदी जी, आलोक मिश्रा बात कर रहे हैं?
Speaker 1: हां, लेआउट बताएगा कि और थोड़ा-थोड़ा सा जुड़वा दे, अब पानी चलाएगी थे तो पानी के पता ही नहीं लाया कि सर ना ऊपर ना भरे नीचे जाए।
Speaker 1: अरे, सब जुड़ गया है द्विवेदी जी, अपना एक बार साइड में दे, ऊंचा अपन एक आदमी ही पानी चलाओ, कहीं। हां, उनसे एक वे देखो आप कुछ पा दीजिए।
Speaker 1: एक काम एक काम करी मिश्रा जी।
Speaker 2: हां।
Speaker 1: हां, आप जाकर खूब चलवाओ मोटर। उसको हम फॉर्म कर देते हैं। अगर पानी निकल जाए।
Speaker 1: नहीं तो नहीं तो दे दीजिए एक कंबाइन्ड के लिए थे।
Speaker 1: दोनों-दोनों मोटर चलाता है और पानी का पता नहीं चलता कि कहां जा रहा है।
Speaker 1: तो अब लीकेज जब तक ना मिली तो सुई स्व सोची कैसा बना बाजे ना।
Speaker 1: हां, तो वही।
Speaker 1: बात कही थी मान लीजिए चले अपना कहे थे कि पानी चला हुआ जाता है पता नहीं चल रहा कहां पानी जा रहा। हां, तो वह कंडीशन वह लीकेज भी नहीं पता चल पा रहा।
Speaker 1: हां, तो लीकेज पता चल नहीं नहीं जब पूरी पाइपलाइन समाप्त है।
Speaker 2: नहीं, नहीं जमाता है जब उसको। नहीं समाप्त किया द्विवेदी जी।
Speaker 1: भरोसा मानी सगाई पाइप लाइन अपना की जुड़वा देंगे ही।
Speaker 1: अरे जब डली है तो उसके ऊपर है डली है राजिम में।
Speaker 1: हां, डली ही है अब बनवाए हूं देंगे ही वह। मतलब जो वह लोग बाग बनाकर आदमी है ना वह अपना उससे बात कर ली एक भी।
Speaker 1: अरे हम बात फूंक गए हैं ना हम हमेशा तो वह हमारे संपर्क में रहा था। वह बता रहा था कि आज आए बना रहा है अब बनाए बनाए नहीं। जब ओके ऊपर गए हैं तब कहां ठे फट रही है या खुदा नहीं पता चला है। हम हमारे पास फोटो है जैक्सन लाइन डली है।
Speaker 1: नहीं, फोटो ही हमारे पास जिंदगी बनवा गए थे फोटो ही वे। हम अगला नहीं कि जब बदल के लिए तो कहीं एक।
Speaker 1: जगह हो एक जगह हो तब ना जब बुरी बुरी हो जाए तो कसकर हुई फोटो।
Speaker 1: नहीं, पूरा थ्रू ऑफ बनवा गए थे फोटो ही वे हमारे पास। पूरी लाइनें हम डलवा दे रहे हैं। हम रोसा मन में निकल गए हैं।
Speaker 1: हमें साहब से बात कराई थी उनका। ओ कर। अब भाई ने बात कराई थी।
Speaker 1: हां, हम रो कर लो। बिल्कुल बिल्कुल हम रो करवाएं हम वहां थोड़ा बात के लिए।
Speaker 2: हां, बिल्कुल कुछ समझ में आ रहा है क्या बता रहे हैं?
Speaker 1: हां, सर यह जो बता रहे हैं सर यह पहले वान गया था हमारे द्वारा। हां।
Speaker 2: नहीं तो एक बार चालू करवा दीजिए एक बार अपनी टीम को भेज दीजिए वह चालू कर दें तुम्हें क्लियर हो जाए। आपको बना अगर है तो कोई दिक्कत नहीं छोटे मोटे कोई इश्यू होगा।
Speaker 1: बिल्कुल बिल्कुल बिल्कुल सर।"
5,"Speaker 1: हां तिवारी जी बताएं.
Speaker 2: जी प्रणाम.
Speaker 1: प्रणाम प्रणाम बताएं.
Speaker 2: कहां हो रहा?
Speaker 1: कुछ नहीं बस सही से, सही देखे जाते
Speaker 2: हैं ना office के ही बताई? सब में तो है हम.
Speaker 1: हैं ना अभी हम यह आलू ही district.
Speaker 2: अच्छा यह
Speaker 1: बताइए. हां.
Speaker 2: यह 76
Speaker 1: में. डूबी.
Speaker 2: जो हम पहले खड़ा रहा डूबी में.
Speaker 1: हां.
Speaker 2: तो वह का करे का है कि नहीं करे
Speaker 1: का? तो का ही नहीं करे, तो क्या दिक्कत आ रही?
Speaker 2: दिक्कत क्या आई थी कि पहले से वह अपनी dream डाली.
Speaker 1: हां.
Speaker 2: अब वह कहां लाए? अपना कि BBA के वहीं वहीं हां वहीं में जब
Speaker 1: हैं. हां.
Speaker 2: का आलमबढ़ा के अस्सी grade slab correct है.
Speaker 1: ठीक है. कहीं इधर बहुत
Speaker 2: दिक्कत
Speaker 1: है. हैं? Offer dying approval नहीं वह. Offer payment जल निगम से ना हुई but तो TBL site अपने दे ही दे.
Speaker 2: तो मतलब हम कह दे तो फिर बाद में काम वह दिक्कत तो नहीं?
Speaker 1: काम दिक्कत अब ऐसा है कि हमारे पतेन case के ऊपर approval नहीं आए.
Speaker 2: हां.
Speaker 1: मतलब जल निगम का मौका approve नहीं किया लेकिन DBL अपने level पर तो काम करी ना भाई approval की वजह से काम करना रोकी. हां. समझ रहे हैं ना बात वहां? हां. लेआउट चीज़. अगर हमसे पुछा तो हमारे हिसाब से तो इसलिए ग़लत है क्योंकि अभी ऊपर drawing नहीं approve हुआ है. Drawing approve वह खाली जो अपना काम कह रहे हैं नवेद. हां. या चीज़.
Speaker 2: कफेरूम RFI वगैरह तो ना Delhi ना.
Speaker 1: लेआउट? हां. RFI दिल्ली और reject हुई reinspection की गई. हां. जब उनका drawing approve हुई तब से होकर थे money reject करा NDTV वगैरह के लिए. हां. वह हिसाब से. Process तब है रही, लेकिन अभी उठा मतलब accept ना कीजिए. हां. या ओम offer या कुछ भी हो जाए.
Speaker 2: तो हम का तो काम कारण दिक्कत ना हुई ना?
Speaker 1: बताएं ना कि हमारे कैसे जन निगम से ऊपर payment ना हुई. DBL अपना तो दयशकती अपना अपने level पर बात कर लेआउट कि साहब हम काम करे तो हम का पैसा देख कि ना दे हम आते ना फंसा देख. हां. यह अपना बात कर ले यह. भैया बात है यह काम कैसे दे. भाई यह कह के ना फंसा दे कि भाई हम, उनका तो मिली है क्योंकि. हां. जब उनका ना मिली तो उनका service कैसा कह दे कि हम का जल निगम से नहीं मिला तो हम अपन का पैसा दे दे. तो यह अपना उनसे clear कहकर बात के लिए कि भाई हमें ही अपना को मिले चाहे मिले, हां मिली कि ना मिली वह हम कब बताए. यह बात हम
Speaker 2: कहें कि थोड़ा मिश्रा जी समझ ही ले कि आगे हिम्मत पा रहे हैं.
Speaker 1: ऐसे कि हमें नहीं कहूंगा. नहीं नहीं, कौवे दिक्कत नहीं. कौवे दिक्कत नहीं.
Speaker 2: चलो ठीक है.","Speaker 1: हां तिवारी जी बताएं।
Speaker 2: जी प्रणाम।
Speaker 1: प्रणाम प्रणाम बताएं।
Speaker 2: कहां हो रहा?
Speaker 1: कुछ नहीं बस सही से, सही देखे जाते
Speaker 2: हैं ना ऑफिस के ही बताई? सब में तो है हम।
Speaker 1: हैं ना अभी हम यह इलाके में ही हैं।
Speaker 2: अच्छा यह
Speaker 1: बताइए. हां।
Speaker 2: यह ७६ मीटर के पास है
Speaker 1: में. डूबी।
Speaker 2: जो हम पहले खड़ा रहा डूबी में।
Speaker 1: हां।
Speaker 2: तो वह का करे का है कि नहीं करे
Speaker 1: का? तो का ही नहीं करे, तो क्या दिक्कत आ रही?
Speaker 2: दिक्कत क्या आई थी कि पहले से वह अपनी योजना डाली।
Speaker 1: हां।
Speaker 2: अब वह कहां लाए? अपना कि BBA के वहीं वहीं हां वहीं में जब
Speaker 1: हैं. हां।
Speaker 2: का आलमबढ़ा के ८० मीटर के पास स्लैब सही है।
Speaker 1: ठीक है. कहीं इधर बहुत
Speaker 2: दिक्कत
Speaker 1: है. हैं? ऑफर डाइंग अप्रूवल नहीं वह. ऑफर पेमेंट जल निगम से ना हुई but तो TBL साइट अपने दे ही दे।
Speaker 2: तो मतलब हम कह दे तो फिर बाद में काम वह दिक्कत तो नहीं?
Speaker 1: काम दिक्कत अब ऐसा है कि हमारे प्रोजेक्ट के ऊपर अप्रूवल नहीं आए।
Speaker 2: हां।
Speaker 1: मतलब जल निगम का मौका अप्रूव नहीं किया लेकिन DBL अपने लेवल पर तो काम करी ना भाई अप्रूवल की वजह से काम करना रोकी. हां. समझ रहे हैं ना बात वहां? हां. लेआउट चीज़. अगर हमसे पुछा तो हमारे हिसाब से तो इसलिए ग़लत है क्योंकि अभी ऊपर ड्रॉइंग अप्रूव नहीं हुआ है।
Speaker 2: कफेरूम RFI वगैरह तो ना दिल्ली ना।
Speaker 1: लेआउट? हां. RFI दिल्ली और रिजेक्ट हुई रीइंस्पेक्शन की गई. हां. जब उनका ड्रॉइंग अप्रूव हुई तब से होकर थे मोनी रिजेक्ट करा NDTV वगैरह के लिए. हां. वह हिसाब से. प्रोसेस तब है रही, लेकिन अभी उठा मतलब एक्सेप्ट ना कीजिए. हां. या ऑफर या कुछ भी हो जाए।
Speaker 2: तो हम का तो काम कारण दिक्कत ना हुई ना?
Speaker 1: बताएं ना कि हमारे कैसे जन निगम से ऊपर पेमेंट ना हुई. DBL अपना तो दयशकती अपना अपने लेवल पर बात कर लेआउट कि साहब हम काम करे तो हम का पैसा देख कि ना दे हम आते ना फंसा देख।
Speaker 2: कहें कि थोड़ा मिश्रा जी समझ ही ले कि आगे हिम्मत पा रहे हैं।
Speaker 1: ऐसे कि हमें नहीं कहूंगा. नहीं नहीं, कोई दिक्कत नहीं।
Speaker 2: चलो ठीक है।"
6,"Speaker 1: Hello.
Speaker 2: Hello.
Speaker 1: जी मैंने भेज दिया हूं देखिए उसको आप. तीन दिन से, दस दिन से बारिश हुई, उस दिन से भरा है continue. निकल नहीं रहा है इसका आवागमन का रास्ता एकदम जाम हो गया है.
Speaker 2: एक second देख रहे हैं. Line में देखिए.
Speaker 1: जी.
Speaker 2: आपने भी शिकायत भी की थी क्या? जी.
Speaker 1: Hello.
Speaker 2: मडुवा प्रेम नगर वाली. जी. यह नहर के पास है ना, यह तो वहां पहले से पानी भरता था ना?
Speaker 1: नहीं पहले से नहीं भरता था इसमें hole थे पहले नीचे, उस hole को आप लोग जाम कर दिए हैं आपकी विभाग मतलब.
Speaker 2: वहां जब जितना मैं पहले जाया करता था तो वहां पानी पहले से भरता था. तो. पहले चलिए मैं इसको दिखवा लेता हूं क्योंकि पहले मैं भी वहां गया हूं बहुत बार बारिश में के दौरान तो वहां पानी हमेशा उस पुलिया में रहता था.
Speaker 1: नहीं नहीं उसमें hole थे आप नीचे से जाकर देखवाइए किसी से.
Speaker 2: अब मैं तो खुद ही गया हूं ना और क्या बता रहे हैं.
Speaker 1: मैं तो यहीं के निवासी हूं आज यह पांच सात साल से नहर बनी है sir जी.
Speaker 2: चलिए मैं भेज देता हूं अपने contractor को वह देख लेगा.
Speaker 1: जी जी पानी क्या है कि अभी तो ठीक है बरसात में तो और दिक्कत होगी ना फिर यह निवेदन है.
Speaker 2: ठीक है चलिए कोई बात नहीं करवाते हैं इसको. समय लगेगा थोड़ा सा good हो जाएगा.
Speaker 1: ठीक ठीक.","Speaker 1: जी मैंने आपको स्थिति की जानकारी दे दी है, कृपया आप इसे देखें और समझें। तीन दिन से लगातार बारिश हो रही है, जिससे यहां पानी भर गया है और आवागमन का रास्ता पूरी तरह से जाम हो गया है।
Speaker 2: एक पल रुकिए, मैं लाइन में देख रहा हूं।
Speaker 1: जी
Speaker 2: क्या आपने भी इस संबंध में शिकायत की थी?
Speaker 1: हैलो
Speaker 2: मडुवा प्रेम नगर की बात हो रही है। यह नहर के पास है, और पहले से ही यहां पानी भरता था।
Speaker 1: नहीं, पहले ऐसा नहीं था। यहां नीचे छेद थे जिन्हें आपके विभाग ने बंद कर दिया है।
Speaker 2: मैंने पहले भी यहां जाकर देखा है, और बारिश के दौरान यहां पानी रहता था।
Speaker 1: नहीं, ऐसा नहीं था। कृपया नीचे जाकर देखें या किसी से दिखवाएं।
Speaker 2: मैं खुद गया हूं और देख चुका हूं।
Speaker 1: मैं यहां का निवासी हूं, और पिछले पांच-सात साल से नहर बनी है।
Speaker 2: ठीक है, मैं अपने ठेकेदार को भेज दूंगा जो इसे देख लेगा।
Speaker 1: जी जी, पानी की समस्या है और अभी तो ठीक है, लेकिन बरसात में और दिक्कत होगी। यह मेरा निवेदन है।
Speaker 2: ठीक है, हम इसे करवाएंगे। थोड़ा समय लगेगा, लेकिन यह ठीक हो जाएगा।
Speaker 1: ठीक है"
7,"Speaker 1: Hello hello. जी मिश्रा जी मैं आलोक मिश्रा बात कर रहा था जी जी. Jal निगम से. आलोक मिश्रा बात कर रहा था मध्यप्रदेश Jal निगम पर यादव से. हां भईया. आपने CM helpline की थी? कहां के लिए? किया था आपने कुछ जितोही में पानी वानी आपको नहीं मिल रहा है. पानी की थी? हां. हां किए थे. क्या दिक्कत आ रही है? नहीं पानी तो motor दिक्कत थी. हां. मोटा तो पड़ गई है भईया. तो फिर शिकायत बंद करवा दीजिए. तो हम बंद करवा देंगे ना क्या दिक्कत? तो एक OTP भिजवाता हूं मैं बता दीजिएगा. ठीक हैं. ठीक हैं ना. ठीक है मैं भिजवाता हूं इसी number पर. ठीक है.","Speaker 1: नमस्ते, मैं आलोक मिश्रा मध्यप्रदेश जल निगम से बात कर रहा हूं।
Speaker 1: क्या आपने मुख्यमंत्री हेल्पलाइन में शिकायत दर्ज कराई थी?
Speaker 1: किस स्थान के लिए शिकायत की थी? क्या आपको जितोही में पानी की समस्या आ रही थी?
Speaker 1: क्या समस्या थी? पानी की समस्या थी या कुछ और?
Speaker 1: मोटर की समस्या थी, तो फिर शिकायत बंद करवा दीजिए।
Speaker 1: हम शिकायत बंद करवा देंगे, क्या दिक्कत है?
Speaker 1: मैं आपको एक ओटीपी भेजता हूं, कृपया बता दीजिएगा।
Speaker 1: ठीक है, मैं ओटीपी इसी नंबर पर भेजता हूं।"
8,"Speaker 1: जी मिश्रा जी बताएं? बताइए एक OTP भेजा मैंने. बता रहे हैं एक minute. Hello. हां हां बोलिए. 0 पैंतालीस 0 पैंतालीस 0 पैंतालीस आगे बताइए. युवा वाला. 0 paper का triple 8 है ना? दीवाली. धन्यवाद जी जी जी. Ok.","Speaker 1: मिश्रा जी, मैंने एक ओटीपी भेजा है। उन्हें बताया जा रहा है कि एक मिनट में यह प्रक्रिया पूरी हो जाएगी। मैं उन्हें बता रहा हूँ कि आगे की जानकारी देने से पहले कुछ औपचारिकताएं पूरी करनी होंगी। यह युवा वाला मामला है और इसमें त्रिपल 8 का पेपर काम आ रहा है, जो दीवाल से संबंधित है। धन्यवाद, जी।"
9,"Speaker 1: Hello. हां भाभी नाम, बताइए? बोलिए ज्योति ज्योति मैं तो भेज देता हूं कहां आंगनवाड़ी? हो कुछ काम रहा? हां, थोड़ा हम बुलाओ कि ला कहीं गई थी.","Speaker 1: नमस्ते, क्या काम हो रहा है? कहां आंगनवाड़ी है? थोड़ा बुलाओ, कहीं गई थी क्या?"
10,"Speaker 1: Hello. Hello. जी doctor साहब इस time देखते हैं? दोपहर में मिलेंगे दो बजे. दोपहर में दो बजे देखते हैं ना? जी. और सिंगौर चौराहे पर ही ना वहां तानसेन कांजस पर. तो number लगा दीजिए हमारा एक. हां message कर दीजिए. WhatsApp कर दूं? जी. ठीक है.","Speaker 1: नमस्ते, डॉक्टर साहब से इस समय मिलना है? दोपहर २ बजे मिलेंगे, दोपहर २ बजे मिलना तय है न? सिंगौर चौराहे पर तानसेन चौराहे के पास ही मिलना है, वहीं पर हमारा नंबर लगा दीजिए। कृपया मुझे मैसेज कर दीजिए या व्हाट्सएप पर सूचित कर दीजिए।"
11,"Speaker 1: कर दिया भैया अभियान से मिश्रा ग्यारह महीने की है. ठीक है तो मैं दो बजे करीब लेकर आ जाता हूं फिर है ना. ठीक है.","Speaker 1: कर दिया भैया, मिश्रा अभी ग्यारह महीने का है. ठीक है, तो मैं दो बजे के करीब लेकर आ जाता हूं, फिर है ना. ठीक है।"
12,"Speaker 1: हां पटेल जी बताएं? Sir यह संतोष और अजीब बघेल जी दो complaint थी. दोनों अपनी नहीं है. क्या sir? दोनों अपनी नहीं है. तो कंधाइला या कंधाइला डालूं? एक सपना वार सागर 2 की है? कौन सी संतोष वाली? बड़ा के बताओ जरा कहां की है? मतलब वह बताओ थोड़ा सा? यह संतोष सगोरा रामपुरवा. हां हां हां हां हां राहमपुर्वा वाली उसकी हैं सतना मारता कट्टु की. ठीक है. और जो दूसरी बच्ची हैं वह हैं उसमें क्या हैं PAC हैं वह. अजीब बाग, hill ward number सत्रह. नहीं नहीं यह शहरी पेयजल योजना. यहचा इक्षाक धरती वाला. हां हां हां हां शहरी पेयजल योजना. ठीक ठीक.","Speaker 1: हां पटेल जी, बताएं? सर, यह संतोष और अजीब बघेल जी की दो शिकायतें थीं। दोनों अपनी नहीं हैं। क्या सर? दोनों अपनी नहीं हैं। तो कंधाइला या कंधाइला डालूं? एक सपना वार सागर 2 की है? कौन सी संतोष वाली? बड़ा के बताओ जरा कहां की है? मतलब वह बताओ थोड़ा सा?
Speaker 1: यह संतोष सगोरा रामपुरवा है। हां हां हां हां हां रामपुरवा वाली उसकी हैं सतना मारता कट्टु की। ठीक है।
Speaker 1: और जो दूसरी जगह हैं वह हैं उसमें क्या हैं PAC हैं वह। अजीब बाग, हिल वार्ड नंबर सत्रह। नहीं नहीं, यह शहरी पेयजल योजना है। यहाँ इक्षाक धरती वाला है। हां हां हां हां शहरी पेयजल योजना। ठीक ठीक।"
13,"Speaker 1: Hello.
Speaker 2: Hello. हां सुनील. हां. आलोक मिश्रा बात कर रहा हूं. बोलिए. क्या है यार तुम्हारा वह संतलाल phone उन्होंने एकदम उठाना बंद कर दिया. हां? संतलाल phone उठाना बंद कर दिया.
Speaker 1: कहां मालूम तो हम नहीं बता पाएंगे तुम. हम नहीं बता पाएंगे sir तो हम तो अपने घर
Speaker 2: हैं. कब तक आओगे?
Speaker 1: अब देखो फिर इधर उधर गर्मी बीत जाएगा तब
Speaker 2: है. गर्मी बीत जाएगा तब है. पैसा भी ले लिया हमसे पांच छह हज़ार रुपए ज़्यादा.
Speaker 1: तो phone करिए मुझसे. क्या? Phone करिए उसका भी मैं.
Speaker 2: नहीं उठाता phone.
Speaker 1: चल.","Speaker 1: नमस्ते
Speaker 2: नमस्ते। मैं आलोक मिश्रा बात कर रहा हूं। क्या हाल है?
Speaker 2: तुम्हारा वह संतलाल का फोन नहीं उठ रहा है। क्या पता क्या हुआ?
Speaker 1: मुझे नहीं पता, मैं तुम्हें नहीं बता पाऊंगा। मैं तो अपने घर जा रहा हूं
Speaker 2: कब तक आओगे?
Speaker 1: अब देखो, गर्मी बीत जाएगी तब तक
Speaker 2: गर्मी बीत जाएगी तब। और उसने हमसे पांच-छह हजार रुपये ज्यादा भी ले लिए हैं
Speaker 1: तो मुझे फोन करिए। उसका भी मुझे फोन करिए
Speaker 2: वह फोन नहीं उठा रहा है
Speaker 1: चलो"
14,"Speaker 1: Hello. हां भईया. यह parcel लेने आया था कितना खराब? अच्छा.","Speaker 1: हां भईया, यह पार्सल लेने आया था, कितना खराब हुआ है? अच्छा।"
15,"Speaker 1: Hello. Hello. हां. हां, line पर रहो. हां. आप जिस व्यक्ति से बात कर रहे हैं, उसने आपकी call को hold पर रखा है. कृपया line पर बने रहें. The person you are speaking with, has put your call on hold. Please stay on the line. आप जिस व्यक्ति से बात कर रहे हैं, उसने आपकी call को hold पर रखा है. कृपया line पर बने रहें. The person you are speaking with, has put your call on hold. Please stay on the line. आप जिस व्यक्ति से बात कर रहे हैं, उसने आपकी call को hold पर रखा है. कृपया line पर बने रहें. The person you are speaking Hello? नहीं उठा बंदा आ रहा हूं. आप जिस व्यक्ति से बात कर रहे हैं, उसने आपकी call को hold पर रखा है. कृपया line पर बने रहें. The person you are speaking with, has put your call on hold. Please stay on the line. आप जिस व्यक्ति से बात कर रहे हैं, उसने आपकी call को hold पर रखा है. कृपया line पर बने रहें. The person you are speaking with, has put your call on hold. Please stay on the line. आप जिस व्यक्ति से बात कर रहे हैं, उसने आपकी call को hold पर रखा है. कृपया line पर बने रहें. उठा रहा है भाई.","Speaker 1: हैलो? क्या आप सुन पा रहे हैं? मैंने आपको कई बार बुलाया है, लेकिन आप नहीं उठा रहे हैं। कृपया लाइन पर बने रहें।
Speaker 1: मैं देख रहा हूं कि आप मुझसे बात करने में व्यस्त हैं, इसलिए कृपया धैर्य रखें और लाइन पर बने रहें।
Speaker 1: मैं आपकी बात सुनने के लिए तैयार हूं, लेकिन लगता है कि आप अभी व्यस्त हैं। कृपया जल्दी से अपनी बात कहें ताकि हम आगे बढ़ सकें।
Speaker 1: अरे, भाई! मैं देख रहा हूं कि आप अब उठा रहे हैं। कृपया बताएं कि आपको क्या चाहिए और हम कैसे आपकी मदद कर सकते हैं।"
16,"Speaker 1: Hello.
Speaker 2: जी मैं रीवा से बात कर रहा था. हमको printer की ज़रूरत थी क्योंकि एक हज़ार square meter का एक area क्रॉसिंग करवाना था होता है ही. मिल जाएंगे क्या अपने पास?
Speaker 1: इस समय नहीं है sir. इस समय labor सब गांव गए हैं.
Speaker 2: अच्छा अच्छा अच्छा अच्छा. जी. क्या rate से करते हैं वैसे?
Speaker 1: पैंतीस रुपए square feet.
Speaker 2: पैंतीस रुपए square feet?
Speaker 1: With material.
Speaker 2: With without material labor rate?
Speaker 1: Without material नहीं करते sir.
Speaker 2: Without material नहीं करते. एक कोई बात नहीं.
Speaker 1: लेआउट क्या interior contractor हैं हम तो हमारे उसी part में आता है वह pending.
Speaker 2: अच्छा अच्छा.
Speaker 1: तो वह material ही रहता है.
Speaker 2: तो labor नहीं available करवा पाएंगे अगर आप वैसे अगर अपन करना चाहें तो labor वैसे.
Speaker 1: सब में labor है ही नहीं है sir. Labor सब वहां से ले रहे हैं sir.
Speaker 2: ठीक है.
Speaker 1: जी.","Speaker 1: नमस्ते
Speaker 2: जी मैं रीवा से बात कर रहा था। हमें प्रिंटर की जरूरत थी क्योंकि 1000 वर्ग मीटर का एक क्षेत्र तैयार करना था। क्या आपके पास उपलब्ध होगा?
Speaker 1: इस समय नहीं है सर। इस समय मजदूर सभी गांव गए हैं।
Speaker 2: अच्छा अच्छा। क्या दर से करते हैं वैसे?
Speaker 1: पैंतीस रुपये प्रति वर्ग फुट।
Speaker 2: पैंतीस रुपये प्रति वर्ग फुट?
Speaker 1: सामग्री के साथ।
Speaker 2: सामग्री के साथ या बिना सामग्री के श्रम दर?
Speaker 1: बिना सामग्री के नहीं करते सर।
Speaker 2: बिना सामग्री के नहीं करते। एक कोई बात नहीं।
Speaker 1: लेआउट क्या इंटीरियर कॉन्ट्रैक्टर हैं हम, तो हमारे उसी भाग में आता है वह लंबित।
Speaker 2: अच्छा अच्छा।
Speaker 1: तो वह सामग्री ही रहती है।
Speaker 2: तो श्रमिक नहीं उपलब्ध करवा पाएंगे अगर आप वैसे अगर अपना करना चाहें तो श्रमिक वैसे।
Speaker 1: सभी में श्रमिक ही नहीं है सर। श्रमिक सभी वहां से ले रहे हैं सर।
Speaker 2: ठीक है।
Speaker 1: जी।"
17,"Speaker 1: Hello. हां बोलिए.
Speaker 2: जी आलोक मिश्रा बात कर रहा था Delhiगढ से. हां
Speaker 1: बोलिए. आलोक
Speaker 2: मिश्रा बात कर रहा था. यह कह रहा था कि party वाले में जो wall operator है ना, उनका थोड़ा number मिल जाएगा क्या?
Speaker 1: हां मिल जाएगा.
Speaker 2: थोड़ा सा बता दीजिए आप. तो मनीष
Speaker 1: sir number दिए हैं क्या?
Speaker 2: नहीं मेरे पास था आपका number.
Speaker 1: अच्छा एक second. हां number है इनका लिखिए 7389273892 Triple 4
Speaker 2: Triple 4
Speaker 1: Double 1
Speaker 2: लोकनाथ पटेल हां. ठीक है, धन्यवाद.","Speaker 1: हां बोलिए।
Speaker 2: जी आलोक मिश्रा बात कर रहा था दिल्ली से. हां
Speaker 1: बोलिए. आलोक
Speaker 2: मिश्रा बात कर रहा था. यह कह रहा था कि पार्टी वाले में जो वॉल ऑपरेटर है ना, उनका थोड़ा नंबर मिल जाएगा क्या?
Speaker 1: हां मिल जाएगा।
Speaker 2: थोड़ा सा बता दीजिए आप. तो मनीष
Speaker 1: सर नंबर दिए हैं क्या?
Speaker 2: नहीं मेरे पास था आपका नंबर।
Speaker 1: अच्छा एक सेकंड. हां नंबर है इनका लिखिए 7389273892 ट्रिपल 4
Speaker 2: ट्रिपल 4
Speaker 1: डबल 1
Speaker 2: लोकनाथ पटेल हां. ठीक है, धन्यवाद।"
18,"Speaker 1: Hello.
Speaker 2: Hello, हां साहब good evening.
Speaker 1: Good evening madam.
Speaker 2: Sir यह कह रहा था मैंने sir कल ही छुट्टी के लिए आवेदन डाल दिया था. Actual में sir मुझे थोड़ा बच्ची को लेकर कल जाना था प्रयागराज तो इसीलिए sir मैंने पहले से pre plan किया हुआ था मैंने छुट्टी भी sir पहले ही डाल के रखी है इसीलिए.
Speaker 1: नहीं छुट्टी कितने दिन पहले डाली
Speaker 2: है? सिर्फ एक दिन की sir Monday बस की.
Speaker 1: नहीं नहीं कितने दिन पहले डाली
Speaker 2: है यह पुछ रहा हूं. कल डाली है sir कल.
Speaker 1: यह college पहले हुआ था पिछले महीने अगर पढ़ा हो तो.
Speaker 2: क्या sir?
Speaker 1: छुट्टी कितने दिन अगर पहले से पता है आपको छुट्टी लगनी है तो कितने दिन पहले डालनी है छुट्टी?
Speaker 2: अब sir तीन चार दिन पहले बता दिया था वह कितने दिन पहले बता दें?
Speaker 1: सात दिन पहले आपको आधा दिन देना ज़रूरी है अगर आपके
Speaker 2: पास
Speaker 1: जानकारी है कि आपको in the
Speaker 2: guarantee नहीं है sir सही है sir सही है लेकिन sir मान लीजिए कोई काम urgent आता है आदमी को तो जब आदमी urgently किस चीज़ को plan करेगा तो at a time बताएगा साहब कि कोई काम पहले से urgent कोई कैसे plan कर सकता
Speaker 1: है बाबा? जो है कि plan है तो वह urgent नहीं है.
Speaker 2: नहीं sir urgent urgent में ही नहीं नहीं sir वह planning ही ऐसी हुई थी इसीलिए जैसे. वह तो plan
Speaker 1: ही नहीं वह तो plan ही ऐसी हुई थी इसीलिए जैसे. वह तो plan ही नहीं है कि तुम्हारे यहां पर अभी कितनी CM helpline pending है?
Speaker 2: CM helpline sir मेरे पर सिर्फ एक है.
Speaker 1: सिर्फ एक है चार?
Speaker 2: हां हां
Speaker 1: हां सिर्फ एक है. क्या है वह किस चीज़ से related है?
Speaker 2: Road restoration से है sir थोड़ा सा काम है. वह लोग यह थोड़ा सा DVL वाले आजकल आज कल आज कल कर रहे हैं वह
Speaker 1: close हो जाएंगे सिर्फ एक ही पड़ी हुई है. जो आपने English में लग रही है वह कौन सा block आ रहा है?
Speaker 2: रीवा block पर, रीवा block पर sir.
Speaker 1: और जगह क्या आ रही है village?
Speaker 2: क्या था जिला?
Speaker 1: Village village.
Speaker 2: Village sir यह अपना RET2.
Speaker 1: कौन है आसपास में इसको बोलू पर इसको follow up लेकर closure पहले में.
Speaker 2: Sir विजय हादवेदी देखते हैं हमारे field engineer हैं. मैं बोल देता हूं sir. ठीक है. ठीक है. Ok.","Speaker 1: नमस्ते
Speaker 2: नमस्ते साहब, शाम को अच्छी हो
Speaker 1: शाम को अच्छी हो मैडम
Speaker 2: साहब, मैं कल ही छुट्टी के लिए आवेदन डाल दिया था। वास्तव में मुझे कल प्रयागराज जाना था इसलिए मैंने पहले से ही छुट्टी का प्लान कर लिया था
Speaker 1: कितने दिन पहले छुट्टी का आवेदन डाला था?
Speaker 2: सिर्फ एक दिन की छुट्टी के लिए, सोमवार को
Speaker 1: नहीं, मैं पूछ रहा हूं कि कितने दिन पहले छुट्टी का आवेदन डाला था?
Speaker 2: कल ही छुट्टी का आवेदन डाला था, साहब
Speaker 1: क्या तुम्हें पता है कि अगर पहले से पता हो कि तुम्हें छुट्टी लेनी है, तो कितने दिन पहले छुट्टी का आवेदन डालना होता है?
Speaker 2: अब साहब, मैंने तीन-चार दिन पहले ही बता दिया था
Speaker 1: सात दिन पहले छुट्टी का आवेदन डालना जरूरी है, अगर तुम्हें पता हो कि तुम्हें छुट्टी लेनी है
Speaker 2: साहब, यह सही है, लेकिन अगर कोई जरूरी काम आ जाए तो कैसे पहले से प्लान कर सकते हैं?
Speaker 1: जो प्लान होता है, वह जरूरी नहीं होता
Speaker 2: नहीं साहब, जरूरी काम में पहले से प्लान नहीं किया जा सकता
Speaker 1: तुम्हारे यहां पर अभी कितनी सीएम हेल्पलाइन के मामले पेंडिंग हैं?
Speaker 2: साहब, मेरे पास सिर्फ एक मामला है
Speaker 1: सिर्फ एक है, क्या है वह मामला?
Speaker 2: साहब, वह रोड रेस्टोरेशन से संबंधित है, थोड़ा सा काम बाकी है
Speaker 1: क्या वह काम जल्दी पूरा हो जाएगा? और कौन सा ब्लॉक है जहां यह काम हो रहा है?
Speaker 2: साहब, रीवा ब्लॉक में हो रहा है
Speaker 1: और गांव का नाम क्या है?
Speaker 2: साहब, यह अपना आरईटी2 गांव है
Speaker 1: कौन है जो इसका फॉलो-अप ले सकता है और क्लोजर पहले में कर सकता है?
Speaker 2: साहब, विजय हादवेदी हमारे फील्ड इंजीनियर हैं, मैं उन्हें बोल दूंगा"
19,"Speaker 1: Hello. Hello. Hello. सूफियां वाले क्या थे ना CEO वाला? सूफियां वाला sir क्या है? रोहित ने, रोहित ने बोला तुम्हें. रोहित साहब ने बोला मुझे कि लेकिन उन्हें कुछ बताया नहीं और साहब सूफियां बहुत outer में हैं. एकदम. पुखराज का number है? पुखराज का number है, हां. उसके साथ चला जाओ. पुखराज आरी SQC. है ना, उसको call लगाओ वह जा रहा है कि उसके साथ चले जाओ तो आप coordinate करके उसको resolve करवाओ. और साथ में होगा इसके घर आ गया sir. अगर मैं coordinate करके चले जाओ urgent है.","Speaker 1: नमस्ते। सूफियां वाले प्रोजेक्ट में क्या समस्या थी? सूफियां वाले साइट पर क्या हो रहा है? रोहित ने मुझे बताया था कि उन्होंने आपको कुछ कहा था, लेकिन उन्हें विस्तार से कुछ नहीं बताया गया। सूफियां वाली साइट बहुत दूर है। क्या आपके पास पुखराज का नंबर है? हां, उसके साथ चले जाना है। पुखराज आरी एसक्यूसी में है। उसको कॉल लगाओ, वह जा रहा है और उसके साथ चले जाने पर हम समस्या का समाधान कर सकते हैं। अगर मैं तुरंत समन्वय करके चला जाऊं, तो यह समस्या हल हो सकती है।"
20,"Speaker 1: Hello. Hello साहब वहां पर कुछ डेढ़ सौ meter करीब अस्सी road item है. हां. तो उसमें वह कल वन लगवाएंगे साहब फिर उसने काम वाम. अभी बात हुई
Speaker 2: शाम को. एक बार coordinate करके उसको कराकर finish up करना.
Speaker 1: हां हां
Speaker 2: मैं. और जो माननी है उनसे coordinate करके उनको भी बता देना मुझे.
Speaker 1: जी जी सरपंच से complaint वैसे साहब कौन किया था?
Speaker 2: सरपंच और CEO.
Speaker 1: CEO साहब किए थे?
Speaker 2: हां, सरपंच साहब से बात कर लेना ना सरपंच जी इसी बार call नहीं कर लेना.
Speaker 1: नहीं सरपंच से मैंने अभी बात की मैं उसको कोशिश करता हूं करवा दूंगा. ठीक है.","Speaker 1: नमस्ते। वहां पर लगभग 150 मीटर के आसपास 80 मीटर का एक रोड आइटम है। हां, तो उसमें कल पेड़ लगवाएंगे और फिर काम शुरू करेंगे। अभी बात हुई।
Speaker 2: शाम को एक बार समन्वय करके उसे पूरा कर लेना।
Speaker 1: हां हां।
Speaker 2: मैं और जो आवश्यक है उनसे समन्वय करके उनको भी बता देना मुझे।
Speaker 1: जी जी, सरपंच से शिकायत वैसे साहब किसने की थी?
Speaker 2: सरपंच और सीईओ।
Speaker 1: सीईओ साहब ने की थी?
Speaker 2: हां, सरपंच साहब से बात कर लेना ना, सरपंच जी इसी बार कॉल नहीं कर लेना।
Speaker 1: नहीं, सरपंच से मैंने अभी बात की है, मैं उनको कोशिश करता हूं करवा दूंगा। ठीक है।"
21,"Speaker 1: Hello.
Speaker 2: Hello.
Speaker 1: जी, रेखा साकेत जी के यहां बात हो रही है? जी. मैं यह कह रहा था आपने यह जो शिकायत की थी यह Mildlife वाली, यह हमारे जल निगम में पड़ी हुई है. जी. तो मेरा यह कहना था कि यह अभी हमारे पास पड़ी रह जाएगी और आपके यहां पर पानी नहीं चल रहा हो गर्मी का समय है. जी? आपके यहां पर पानी जैसे आपने इसको लिखवाया था ना कि दो माल से नल नहीं चल रहा है. Hello? तो मैं यह कह रहा हूं कि हमारे पास complaint आपकी पड़ी रह जाएगी. आप इसे बंद करवाकर दूसरी कर दें जिसमें आप fix करके लिखवाए कि अस्सी विभाग के द्वारा ऐसी ऐसी समस्याएं हैं. तो जिससे आपको कम से कम पानी को at least timely मिल सके.
Speaker 2: जी. जी sir.
Speaker 1: हां, तो एक OTP बोलिए तो मैं भिजवा देता हूं, मुझे आप वह बता दीजिए
Speaker 2: और जैसे मैं वह कर
Speaker 1: सकूं फिर आप, उसमें जब अभी शिकायत करिए तो उसमें बाकायदा लिखवाइएगा कि लोग स्वास्थ है यहां से public health engineering department. है. जिससे कम से कम आपके यहां पर यह पानी का issue यह solve हो रहा है. तो cancel
Speaker 2: कराने का मतलब निकलेगा हमारा?
Speaker 1: कोई मतलब नहीं निकलेगा मतलब सिर्फ यह निकलेगा कि आपकी सही जगह में आप complaint कर पाएंगे.
Speaker 2: हम यही complaint की कार्यवाही नहीं कर पा रहे हैं आप लोग जब यही complaint की कारवाई नहीं कर पा रहे हैं तो आप ही सब क्या कर पाएंगे.
Speaker 1: मैं मेरे end पर होती तो मैं बिल्कुल इसका आपका निराकरण करवा देता लेकिन आपकी यह शिकार भटक रही है इधर उधर क्योंकि इसमें सब properly लिखा नहीं है. मेरी जैसे आपसे बात हुई है.
Speaker 2: भटक रही है अरे सुनिए सुनिए sir सुनिए. हां हां. हर बार जानकारी लिया जाता है मुझसे हर बार यही बात बोलते हैं, हर बार बोलते हैं कि या किसी का के अनुसार कर रहे हैं वहां हटाकर. अरे यह बात तो करेंगे यह भी तो बात है ना. सुनो सुनो. हां. जब आपको करना ही नहीं है तो कुछ बोलने का क्या मतलब निकल रहा है आपका.
Speaker 1: मैं कहां कह रहा हूं कि मैं वही तो कह रहा हूं ना भैया मैं आपको कि आपकी complaint लेआउट ऐसी पड़ी रह जाएगी आप सही जगह में शिकायत करो तो आपका काम हो क्योंकि गर्मी का समय है आपको भी पानी चाहिए. आपकी complaint ऐसे थोड़ी ना होती
Speaker 2: है तो
Speaker 1: उधर transfer होती रही क्योंकि इसमें data नहीं लिखा है proper. आप इसको ख़ुद पढ़ लो. मैं पढ़कर सुना दूं आपकी complaint.
Speaker 2: आप भेज दीजिए इसी number पर WhatsApp कर दीजिए.
Speaker 1: मैं बता दे रहा हूं आपने इसमें लिखा है कि available है तो मैंने बताया गया कि हां अरे इसलिए पहले अपना दलदल योजना के तहत पानी नहीं दिया
Speaker 2: जाता है. आप इस पर, नहीं आप इस पर लिखित भेज दीजिए मैं देख लूंगा.
Speaker 1: तो क्या लिखित भेजूं आपको?
Speaker 2: जो आपके पास उसमें लिखा हुआ है जो आप बता रहे हैं कि ऐसी कार्रवाई नहीं हो रहा है आप लिखित भेज दीजिए मैं करवाई कर लूंगा अभी कर दो, मेरे को क्या करना है मुझे पता है.
Speaker 1: ठीक है जो आपको पता ही है मैं तो आपकी help सिंह के लिए आपसे बात कर रहा
Speaker 2: हूं. हां तो मुझे पता है क्या कितना, मैं भी मैं भी आपकी बात समझ रहा हूं कि आप कितना help करना चाहते हैं.
Speaker 1: अब भैया आप मेरी चीज़ को उसमें ले रहे हो जैसे कि मतलब मैं आपका विरोधी हूं या वैसे मैं इस हिसाब से कह रहा हूं कि आप इसमें सही department विभाग लिखवा दोगे तो आपका काम हो जाएगा. आपका इसमें सही विभाग नहीं लिखा हुआ है. उस चीज़ को आप खुद ही पढ़ लो, आपकी complaint है मैं पढ़कर समझ दे रहा हूं आपको.
Speaker 2: नहीं मैं भी वही बोल रहा हूं आप. सुनील सुनिए आप पढ़कर ना सुनाइए मुझे मैं भी पढ़ा लिखा हूं, आप मेरे WhatsApp कर दीजिए मैं पढ़ लूंगा.
Speaker 1: हां ठीक है, बहुत अच्छी बात है. आप पढ़े लिखे हो तो अच्छी की बात
Speaker 2: है, है ना? मैं WhatsApp कर देता हूं, ठीक है. ठीक है धन्यवाद.","Speaker 1: नमस्ते, क्या रेखा साकेत जी से बात हो रही है? मैं यह कह रहा था कि आपने जो शिकायत की थी, वह हमारे जल निगम में पड़ी हुई है।
Speaker 2: जी सिर
Speaker 1: तो मेरा यह कहना था कि यह अभी हमारे पास पड़ी रह जाएगी और आपके यहां पर पानी नहीं चल रहा हो, गर्मी का समय है। आपके यहां पर पानी जैसे आपने इसको लिखवाया था ना कि दो माल से नल नहीं चल रहा है।
Speaker 2: जी सिर
Speaker 1: हां, तो एक ओटीपी बोलिए तो मैं भिजवा देता हूं, मुझे आप वह बता दीजिए
Speaker 2: और जैसे मैं वह करूं
Speaker 1: सकूं फिर आप, उसमें जब अभी शिकायत करिए तो उसमें बाकायदा लिखवाइएगा कि लोग स्वास्थ है यहां से पब्लिक हेल्थ इंजीनियरिंग डिपार्टमेंट है। जिससे कम से कम आपके यहां पर यह पानी का मुद्दा हल हो रहा है।
Speaker 2: कैंसिल कराने का मतलब निकलेगा हमारा?
Speaker 1: कोई मतलब नहीं निकलेगा, मतलब सिर्फ यह निकलेगा कि आपकी सही जगह में आप शिकायत कर पाएंगे।
Speaker 2: हम यही शिकायत की कार्यवाही नहीं कर पा रहे हैं आप लोग जब यही शिकायत की कारवाई नहीं कर पा रहे हैं तो आप ही सब क्या कर पाएंगे।
Speaker 1: मैं मेरे हिसाब से होती तो मैं बिल्कुल इसका आपका निराकरण करवा देता लेकिन आपकी यह शिकायत भटक रही है इधर-उधर क्योंकि इसमें सब ठीक से लिखा नहीं है। मेरी जैसे आपसे बात हुई है।
Speaker 2: भटक रही है अरे सुनिए सुनिए सर सुनिए। हां हां। हर बार जानकारी लिया जाता है मुझसे हर बार यही बात बोलते हैं, हर बार बोलते हैं कि या किसी का अनुसार कर रहे हैं वहां हटाकर।
Speaker 1: मैं कहां कह रहा हूं कि मैं वही तो कह रहा हूं ना भैया मैं आपको कि आपकी शिकायत लेआउट ऐसी पड़ी रह जाएगी आप सही जगह में शिकायत करो तो आपका काम हो क्योंकि गर्मी का समय है आपको भी पानी चाहिए।
Speaker 2: है तो
Speaker 1: उधर ट्रांसफर होती रही क्योंकि इसमें डेटा नहीं लिखा है प्रॉपर। आप इसको खुद पढ़ लो। मैं पढ़कर सुना दूं आपकी शिकायत।
Speaker 2: आप भेज दीजिए इसी नंबर पर व्हाट्सएप कर दीजिए।
Speaker 1: मैं बता दे रहा हूं आपने इसमें लिखा है कि उपलब्ध है तो मैंने बताया गया कि हां अरे इसलिए पहले अपना योजना के तहत पानी नहीं दिया
Speaker 2: जाता है। आप इस पर, नहीं आप इस पर लिखित भेज दीजिए मैं देख लूंगा।
Speaker 1: तो क्या लिखित भेजूं आपको?
Speaker 2: जो आपके पास उसमें लिखा हुआ है जो आप बता रहे हैं कि ऐसी कार्रवाई नहीं हो रहा है आप लिखित भेज दीजिए मैं करवाई कर लूंगा अभी कर दो, मेरे को क्या करना है मुझे पता है।
Speaker 1: ठीक है जो आपको पता ही है मैं तो आपकी मदद के लिए आपसे बात कर रहा
Speaker 2: हूं। हां तो मुझे पता है क्या कितना, मैं भी मैं भी आपकी बात समझ रहा हूं कि आप कितना मदद करना चाहते हैं।
Speaker 1: अब भैया आप मेरी बात को उसमें ले रहे हो जैसे कि मतलब मैं आपका विरोधी हूं या वैसे मैं इस हिसाब से कह रहा हूं कि आप इसमें सही विभाग लिखवा दोगे तो आपका काम हो जाएगा। आपका इसमें सही विभाग नहीं लिखा हुआ है।
Speaker 2: नहीं मैं भी वही बोल रहा हूं आप। सुनील सुनिए आप पढ़कर ना सुनाइए मुझे मैं भी पढ़ा लिखा हूं, आप मेरे व्हाट्सएप कर दीजिए मैं पढ़ लूंगा।
Speaker 1: हां ठीक है, बहुत अच्छी बात है। आप पढ़े लिखे हो तो अच्छी की बात
Speaker 2: है, है ना? मैं व्हाट्सएप कर देता हूं, ठीक है। ठीक है धन्यवाद।"
23,"Speaker 1: Hello.","Speaker 1: नमस्ते"
24,"Speaker 1: Hello. जी संतोष जी से बात हो रही है?
Speaker 2: क्या बोल रहे हैं?
Speaker 1: संतोष जी से बात हो रही है ना? हां हां. मैं आलोक मिश्रा बात कर रहा था मध्य प्रदेश, जल निगम यादव से.
Speaker 2: जल निगम से
Speaker 1: हां, जल निगम से
Speaker 2: हां,
Speaker 1: बताइए. आपने एक CM employee की थी?
Speaker 2: हां, किए sir पानी वली कुछ चल नहीं रहा, टंकी नहीं वन रही है सब कुछ हैरान एकदम बार बार, भाई कोई कुछ काम व्यवस्था नहीं है सब, दम छत है.
Speaker 1: नहीं तो यह आपका रामपुरवा गांव है ना?
Speaker 2: रामपुरवा नहीं व कुछ नहीं है रामपुरवा गांव वह टंकी नहीं वन जाता गांव से.
Speaker 1: क्या हो गया है नहीं?
Speaker 2: टंकी नहीं वन जाता खुद में. हां. टंकी नहीं में नहीं आता.
Speaker 1: पहले location तो clear करिए.
Speaker 2: क्या?
Speaker 1: यह रमपुरूबा इधर भी क्या बोलते हैं पुरानी जो पुल है वह दस से जाने में पड़ता है ना? हां वही. पच्चीस माह से होते हैं वही.
Speaker 2: Doma Doma Doma तरफ से. हैं? Doma तरफ से आता है यह.
Speaker 1: घूमा तरफ से आता है ना.
Speaker 2: यह लोग लड़ाई पंचायत है.
Speaker 1: लोग लड़ाई पंचायत. तो क्या है वहां पर एक वैसी वाली टंकी बनी होगी ना आपके आस पास वहां में लोहे वाली?
Speaker 2: नहीं बनी हुई नज़र है ना. अच्छा. एकदम बंद है एकदम पांच महीने पहले
Speaker 1: चल रहा था? कुछ नहीं चल रहा है. पांच महीना पहले चल रहा
Speaker 2: था. हां नहीं चल रहा, नहीं चल रहा, नहीं चल रहा, नहीं चल रहा था.
Speaker 1: अरे अभी नहीं चल रहा पांच महीना पहले चल रहा था कि वह तब भी नहीं चल रहा था.
Speaker 2: कभी टंकी बनी तो कहां चल रहा है, कभी नहीं चला.
Speaker 1: पानी नहीं चला आप
Speaker 2: यह कह रहे
Speaker 1: हो ना. हां टंकी नहीं
Speaker 2: बनी तो काम कहां चल रहा है pipe line नहीं पूरी है तो पानी कहां चल रहा है अभी सबका अधूरा पड़ा है, जो कराइए आप.
Speaker 1: कितने साल पहले की आई शिकायत आज? यह अरे अभी
Speaker 2: उसकी से एक साल हो गया यह, दो साल काम चल रहा है एक दो साल.
Speaker 1: क्या है अगली शिकायत हमारे जल निगम में आ गई है. जी जी तो यह आपका काम आप AC विभाग का है.
Speaker 2: AC विभाग का है? हां. हां, तो KFC विभाग यह सतना, सतना का है ना यह.
Speaker 1: कैसे सतना का है? जिला कौन सा लगता है वहां का यह?
Speaker 2: जिला तो रीवा लगता है लेकिन सतना जिला इसमें हमारे इसमें विधान सभा में.
Speaker 1: सतना विधान सभा लगता है.
Speaker 2: नहीं, मेरा तो river लगता है लेकिन सतना सतना जिला काम हो रहा है आपका, नर जल का ही.
Speaker 1: सतना मार सागर 2 का हो रहा था.
Speaker 2: हां, सतना मार सागर हां हां
Speaker 1: समझ गया यह. सतना मार सागर
Speaker 2: कुछ कुछ काम ही नहीं हो रहा है इधर मान लीजिए ठेकेदार खाकर कुछ काम ही नहीं हो रहा है ना तो बोले भाई साहब टंकी लगा देंगे march बाद कटाई हो गई यहां तक पता ही नहीं है ना नहीं नहीं नहीं है ना. नहीं नहीं नहीं है ना. किधर खुदा उदास हो
Speaker 1: गया अरे सुनिए तो यह complaint आपकी हमारे रीवा वाले उसमें आ गई है. जी इसको सत्ता बार से अगर 2 वाले में transfer करना पड़ेगा. जी जी जी
Speaker 2: हां. और उनको बोले, madam को बोले थे कि यह सातवां वाले में करी है ना.
Speaker 1: हां नहीं आपने रीवा वाले में उन्होंने किया
Speaker 2: है. जी जी
Speaker 1: इसमें कहीं आपने लिखवाया नहीं ना ऐसा जी इसमें आपने ऐसा कहीं लिखवाया नहीं है ना कि सतनावां सागर तू scheme थी.
Speaker 2: तो बोले थे सतना तो बोले थे सतना की scheme है
Speaker 1: नहीं नहीं नहीं लिखवाया है इसमें. चलिए मैं इसको इस सालान से करवाता हूं वहां के लिए. नहीं नहीं करवाए,
Speaker 2: ठीक ठीक है ठीक है sir करवाइए तो काम ठीक है ना. Ok.","Speaker 1: नमस्ते। क्या संतोष जी से बात हो रही है?
Speaker 2: क्या बोल रहे हैं?
Speaker 1: संतोष जी से बात हो रही है ना? हां, मैं आलोक मिश्रा बात कर रहा था मध्य प्रदेश, जल निगम यादव से।
Speaker 2: जल निगम से
Speaker 1: हां, जल निगम से
Speaker 2: हां
Speaker 1: बताइए। आपने एक सीएम एम्प्लॉई की थी?
Speaker 2: हां, किए सर पानी वाली कुछ चल नहीं रहा, टंकी नहीं बन रही है सब कुछ हैरान एकदम बार-बार, भाई कोई कुछ काम व्यवस्था नहीं है सब, दम छत है।
Speaker 1: नहीं तो यह आपका रामपुरवा गांव है ना?
Speaker 2: रामपुरवा नहीं व कुछ नहीं है रामपुरवा गांव वह टंकी नहीं बन जाता गांव से।
Speaker 1: क्या हो गया है नहीं?
Speaker 2: टंकी नहीं बन जाता खुद में। हां। टंकी नहीं में नहीं आता।
Speaker 1: पहले लोकेशन तो क्लियर करिए।
Speaker 2: क्या?
Speaker 1: यह रमपुरूबा इधर भी क्या बोलते हैं पुरानी जो पुल है वह दस से जाने में पड़ता है ना? हां वही। पच्चीस माह से होते हैं वही।
Speaker 2: डोमा डोमा डोमा तरफ से। हैं? डोमा तरफ से आता है यह।
Speaker 1: घूमा तरफ से आता है ना।
Speaker 2: यह लोग लड़ाई पंचायत है।
Speaker 1: लोग लड़ाई पंचायत। तो क्या है वहां पर एक वैसी वाली टंकी बनी होगी ना आपके आसपास वहां में लोहे वाली?
Speaker 2: नहीं बनी हुई नज़र है ना। अच्छा। एकदम बंद है एकदम पांच महीने पहले
Speaker 1: चल रहा था? कुछ नहीं चल रहा है। पांच महीना पहले चल रहा
Speaker 2: था। हां नहीं चल रहा, नहीं चल रहा, नहीं चल रहा, नहीं चल रहा था।
Speaker 1: अरे अभी नहीं चल रहा पांच महीना पहले चल रहा था कि वह तब भी नहीं चल रहा था।
Speaker 2: कभी टंकी बनी तो कहां चल रहा है, कभी नहीं चला।
Speaker 1: पानी नहीं चला आप
Speaker 2: यह कह रहे
Speaker 1: हो ना। हां टंकी नहीं
Speaker 2: बनी तो काम कहां चल रहा है पाइप लाइन नहीं पूरी है तो पानी कहां चल रहा है अभी सबका अधूरा पड़ा है, जो कराइए आप।
Speaker 1: कितने साल पहले की आई शिकायत आज? यह अरे अभी
Speaker 2: उसकी से एक साल हो गया यह, दो साल काम चल रहा है एक दो साल।
Speaker 1: क्या है अगली शिकायत हमारे जल निगम में आ गई है। जी जी तो यह आपका काम आप एसी विभाग का है।
Speaker 2: एसी विभाग का है? हां। हां, तो केएफसी विभाग यह सतना, सतना का है ना यह।
Speaker 1: कैसे सतना का है? जिला कौन सा लगता है वहां का यह?
Speaker 2: जिला तो रीवा लगता है लेकिन सतना जिला इसमें हमारे इसमें विधान सभा में।
Speaker 1: सतना विधान सभा लगता है।
Speaker 2: नहीं, मेरा तो रीवा लगता है लेकिन सतना सतना जिला काम हो रहा है आपका, नर जल का ही।
Speaker 1: सतना मार सागर 2 का हो रहा था।
Speaker 2: हां, सतना मार सागर हां हां
Speaker 1: समझ गया यह। सतना मार सागर
Speaker 2: कुछ कुछ काम ही नहीं हो रहा है इधर मान लीजिए ठेकेदार खाकर कुछ काम ही नहीं हो रहा है ना तो बोले भाई साहब टंकी लगा देंगे मार्च बाद कटाई हो गई यहां तक पता ही नहीं है ना नहीं नहीं नहीं है ना। नहीं नहीं नहीं है ना। किधर खुदा उदास हो
Speaker 1: गया अरे सुनिए तो यह कंप्लेंट आपकी हमारे रीवा वाले उसमें आ गई है। जी इसको सत्ता बार से अगर 2 वाले में ट्रांसफर करना पड़ेगा। जी जी जी
Speaker 2: हां। और उनको बोले, मैडम को बोले थे कि यह सातवां वाले में करी है ना।
Speaker 1: हां नहीं आपने रीवा वाले में उन्होंने किया
Speaker 2: है। जी जी"
25,"Speaker 1: Hello. हां. जी पटेल जी आलोक मिश्रा बात कर रहे थे दिल्ली में से.
Speaker 2: जी लोकनाथ से बात करना है.
Speaker 1: हां हां लोकनाथ जी से बात करेगा है.
Speaker 2: जी बोलिए.
Speaker 1: हां यह बात रहन या जो pipe damage रही वह तो वन गया रही ना?
Speaker 2: कौन सी pipe?
Speaker 1: यह अपना वाली अस्सी वाली.
Speaker 2: कहां
Speaker 1: पर? फ़ातिमा.
Speaker 2: पांचवां कहां पर? यह कहती है जब मुझे आपके जो वह यह दिलीप बेरकाम वाले fault था ना?
Speaker 1: हां हां हां.
Speaker 2: दिलीप बेरकाम वाला fault तो सुधार हो गया था उसका. हां. अब यह जो ठेकेदार वाली गड़बड़ी है. वह वह दुबे जी वाली.
Speaker 1: हां हां नहीं तो दुबे जी यह कह ही रहे हैं हमसे. जी. कहा था कि वह दिलीप बेल काम वाला भी शिमला बाकी है.
Speaker 2: अरे नहीं दिलीप बिल्डिकान वाले बेचारे दो तीन बार बनार गए हैं.
Speaker 1: तो ठोक नहीं लेना ना आप कहे जी हां एक बे हम line वुमका ले ही थे द्विवेदी जी का अपने ही कई देव काम से.
Speaker 2: हम बता देंगे कि दिलीप बेलगाम के कर्मचारियों ने जो गलती की थी, जो for फाड़ दिए
Speaker 1: थे. वह बना दिए बस अपन इतना कह दे अपन ने वह team बमा लिया.
Speaker 3: हां हां
Speaker 2: अब जो यह ठेकेदार के माध्यम का है भाई यह घर उनकी पैसे ही नहीं गई दिलीप बेलगाम वाली.
Speaker 1: हां हां हां हां बस.
Speaker 2: तो उनका क्या जवाबदारी है?
Speaker 1: सही बात, सही बात पटेल लेआउट बहुत अपना धर्म की बात कही है. तो तो हम ले ही रहे है दूरी का अपने लिए. हां हां.
Speaker 2: नाम उनका दिल्ली building काम का लगा रहे है और गलती कहीं कहां से हो रही है.
Speaker 1: वह है बात है
Speaker 2: वह है बात है. भाई नाली बनवाए है पंचायत के
Speaker 1: माध्यम से.
Speaker 2: नाली वाले नाली वाले भी फोड़ रहे है वह भी तो देसी भी लगा के काम कराते थे ना.
Speaker 1: सही बात है सही बात है.
Speaker 2: तो भाई उसका पहले यहां से नक्शा खींच ले के हमारी pipe कहां से गई है. दिल्ली build काम का कितना काम है वह पहले उसका survey कर ले के दिल्ली build काम का इतना काम है. बाकी दिल्ली build काम के अलावा जो pipelineएं बिछी हैं और fault हैं टूटी फूटी हैं तो वह दिल्ली build काम की उसमें कोई जवाबदारी नहीं है.
Speaker 1: बिल्कुल सही बात है. हमसे तो दिल्ली build काम वाले बताएंगे हम सब बना जा रहे हैं. अरे द्विवेदी यह हम लोग.
Speaker 4: हां तो दिल्ली
Speaker 2: बना गए हैं बेचारे तीन बार आए तीन चार बार आए.
Speaker 1: हां हां हां.
Speaker 2: अब रही बात यह है कि जो ठेकेदार का की pipeline में है, उदय में जो है तो उनका सुधार दिल्ली belt का हम थोड़ी कराएंगे.
Speaker 1: वही वही चीज़ है. तो दो. अच्छा ठीक है, हां ठीक है ठीक है पटेल जी तो हम ले ही उनका line में कि यह देखो कोनों बात नहीं है.
Speaker 2: दुबे जी के line में ले कोई चले ले, कहां खाना दुबे जी के हैं राजकुमार.
Speaker 1: राजकुमार दुबे जी हां.
Speaker 2: हां राजकुमार दुबे जी के लेआउट line में तो हम बात करी.
Speaker 1: एक minute.
Speaker 2: यह खा रहा है बड़े घंटे का है.
Speaker 1: हां.
Speaker 5: अरे द्विवेदी जी पटेल जी line में हैं मैं. Hello?
Speaker 3: हां हां sir बोलिए.
Speaker 5: पटेल जी बता दीजिए इनको दुबे जी को कि क्या दिलीप बिल्डकान का कोई काम बाकी है वहां? दुबे
Speaker 3: जी हैं line में?
Speaker 5: हां हां line में हैं.
Speaker 3: दुबे जी पाला जी.
Speaker 4: हां पुछ रहा हूं.
Speaker 3: यह कहें दुबे जी.
Speaker 4: हां.
Speaker 3: पहले तो यह थे वह sun ली. यह जो तीनों जो farmer अपना के लगे हैं PHABI विभाग वाले. हां. Surgeon के connection काट दिए नहीं आज छब्बीस तारीख से छब्बीस march से.
Speaker 4: हां.
Speaker 3: JE यह समाधान योजना चल रही थी अठाईस को था last series का. हां. तो पूरे जितने transformer आपने लगवाए हैं हां. सब transformermo का jumper काट दिए हैं. तो जो भी पानी की supply होती थी जो भी वो सब बंद है. दूसरी बात जो बोले कि यह है हम एक complain भी किए उन्होंने इस बारह में और छियासी ने complain किए कहीं वो PGI विभाग का नहीं जुड़ेगा जब तक.
Speaker 4: हाँ पैसा नहीं मिला वो सब ज़्यादा काटते हैं.
Speaker 3: हाँ और रही बात दिल्ली belt काम की जो pipelineएं दिखी है तो वो सुधार कर चुके हैं. आप एक survey कर लीजिए मौके में लगे कि.
Speaker 4: ओका ओका यार जो ऊपर टंकी जाती है वो और दुकान नहीं बहाए.
Speaker 3: कहाँ पर?
Speaker 4: आगे जो वहाँ ऊपर पत्थर वाले में पानी जाता है.
Speaker 3: तो पत्थर वाले में जाता है तो कहाँ जहां जहां fault था कहां तो सुधार कर दिए हैं वो.
Speaker 4: पानी काहे नहीं जाए पानी हिला जाए तो पता नहीं रहा है.
Speaker 3: पानी नहीं जाए तो यह भाई जिधर आप विश्वाए हैं तो आबादी pipeline खराब है भाई नाली बनी पंचायत के माध्यम से उनको damage कर रहे हैं.
Speaker 4: अरे नहीं नहीं नहीं नहीं उसमें नाली नहीं बनी है राजिग मेल में नहीं बनी है नाली.
Speaker 3: हाँ तो आके एक दिन मौका कर लीजिए आप.
Speaker 4: अरे हम मौका का मौका एक नहीं है कई दिन के एक दिन हम रुक के चल पाए.
Speaker 3: तो जानकारी कैसे हो जब transfer बने चालू नहीं है कोई चलाने वाला नहीं है. हां हां बार
Speaker 4: बार तो अभी बंद हुआ
Speaker 3: है. एक बार आप चलवाएं देखिए.
Speaker 4: वह तो अस्सी matter है पूरा मध्यप्रदेश का.
Speaker 3: हो गया ठीक है
Speaker 1: द्विवेदी जी जानी था इतना निवेदन आ रहा है भाई
Speaker 4: जो बस्ती में अटकी एकर आई है जो पट पर कही line जाती है वह कर बात हम कह रहे है विश्वकर्मा होगा जाना था विश्वकर्मा से वहाँ महीने बाद है तो कहे इसके अब खेत cut गए है तो पता लगा कि कहाँ पानी जाता है चला ही रहा है पानी जाता है नहीं रहता
Speaker 1: नहीं नहीं सुनील द्विवेदी जी हमारी निवेदन sun रही car हमारा team वो पंद्रह दिन पड़ी रही है अपना खाते अपना से हम बात भी रही जब ना
Speaker 4: पंद्रह दिन पड़ी रही था बहन line दो चार रोज़ में जुड़ी जाती हाँ तो पंद्रह दिन तक सुनील
Speaker 1: सुनीता द्विवेदी जी एक minute
Speaker 5: जितना पानी चलावत गए हैं और जहां जहां तक damage में लग गए हैं वह बेचारे बनाए ही नहीं थे हम का बताए ही नहीं, फिर हां अपन कि हम अपने हमारे line के through जितना damage रहा हमने सब बना
Speaker 1: दी है हम गए ठीक है द्विवेदी जी का हम बता दें.
Speaker 4: और कौन सा damage रहा भाई नहीं रहा है. जो damage रहा था अपने के यहां से रहा है बाकी चलती योजना वन रहा है.
Speaker 5: हम बचे तो चलवाई क्या आए हैं ना
Speaker 1: द्विवेदी जी. हम उनके पास गए रहे
Speaker 5: हैं उनका दिखाई नहीं चलाई कि कि हां
Speaker 1: देखिए साहब यह अपना कहे इंसान सब बना दिए हैं.
Speaker 4: नहीं नहीं connection जुड़ गई, connection तो चारों में जुड़ा जहां तक चलवा के रखवाए गई तो हम का क्या दिक्कत है वह तो फिर ज़ाहिर ना की पानी
Speaker 1: ऊपर. हां तो ऐसा करिए अपना जब
Speaker 5: यह connection अपना की जुड़ जाए तो एक दिन अपना हमारे साथ चल लीजिए.
Speaker 3: हमारे साथ ही connection दिलवा दीजिए और एक दिन आकर दोनों party आकर check कर लीजिए बात ख़त्म.
Speaker 1: बात ख़त्म.
Speaker 3: ठीक है ना? यह दोनों party है. ठेकेदार साहब भी आएं और आप भी यह धोनी bed काम के कर्मचारी आएं और ठेकेदार साहब आएं, check कर लें इसमें झगड़ा खाएंगे क्या बात है.
Speaker 5: हम DVL के engineerओं को लाए हैं उनको देख लीजिए.
Speaker 3: Party से लेकर गुजारहा तक तीन बार सुधार किए हैं. हां. अब यहां से लेकर गुजारहा तब तो बिल्कुल complete है. पहाड़ में कहां गड़बड़ पहाड़ तो मैं नहीं गया. ठीक है ना तो यह दीदी. ठीक है ठीक है sir. Ok
Speaker 4: ok ok ok.","Speaker 1: नमस्ते, मैं आलोक मिश्रा दिल्ली से बात कर रहा हूँ।
Speaker 2: लोकनाथ जी से बात करनी है।
Speaker 1: हाँ, लोकनाथ जी से बात करेंगे।
Speaker 2: बोलिए।
Speaker 1: हाँ, यह बात रही कि जो पाइप डैमेज हुई थी, वह तो ठीक हो गई ना?
Speaker 2: कौन सी पाइप?
Speaker 1: यह अपनी वाली 80 मीटर के पास वाली।
Speaker 2: कहाँ पर?
Speaker 1: फ़ातिमा पर।
Speaker 2: पांचवां कहाँ पर? यह कहती है जब मुझे आपके जो वह यह दिलीप बेरकाम वाले फॉल्ट था ना?
Speaker 1: हाँ हाँ हाँ।
Speaker 2: दिलीप बेरकाम वाला फॉल्ट तो सुधार हो गया था उसका। हाँ। अब यह जो ठेकेदार वाली गड़बड़ी है, वह दुबे जी वाली है।
Speaker 1: हाँ हाँ नहीं तो दुबे जी यह कह ही रहे हैं हमसे। जी। कहा था कि वह दिलीप बेल काम वाला भी शिमला बाकी है।
Speaker 2: अरे नहीं दिलीप बिल्डिकान वाले बेचारे दो तीन बार बनार गए हैं।
Speaker 1: तो ठोक नहीं लेना ना आप कहे जी हाँ एक बे हम लाइन वुमका ले ही थे द्विवेदी जी का अपने ही कई देव काम से।
Speaker 2: हम बता देंगे कि दिलीप बेलगाम के कर्मचारियों ने जो गलती की थी, जो फाड़ दिए थे।
Speaker 1: थे। वह बना दिए बस अपन इतना कह दे अपन ने वह टीम बमा लिया।
Speaker 1: हाँ हाँ
Speaker 2: अब जो यह ठेकेदार के माध्यम का है भाई यह घर उनकी पैसे ही नहीं गई दिलीप बेलगाम वाली।
Speaker 1: हाँ हाँ हाँ हाँ बस।
Speaker 2: तो उनका क्या जवाबदारी है?
Speaker 1: सही बात, सही बात पटेल लेआउट बहुत अपना धर्म की बात कही है। तो तो हम ले ही रहे है दूरी का अपने लिए। हाँ हाँ।
Speaker 2: नाम उनका दिल्ली बिल्डिंग काम का लगा रहे है और गलती कहीं कहां से हो रही है।
Speaker 1: वह है बात है
Speaker 2: वह है बात है। भाई नाली बनवाए है पंचायत के माध्यम से।
Speaker 1: माध्यम से।
Speaker 2: नाली वाले नाली वाले भी फोड़ रहे है वह भी तो देसी भी लगा के काम कराते थे ना।
Speaker 1: सही बात है सही बात है।
Speaker 2: तो भाई उसका पहले यहां से नक्शा खींच ले के हमारी पाइप कहां से गई है। दिल्ली बिल्ड काम का कितना काम है वह पहले उसका सर्वे कर ले के दिल्ली बिल्ड काम का इतना काम है। बाकी दिल्ली बिल्ड काम के अलावा जो पाइपलाइनें बिछी हैं और फॉल्ट हैं टूटी फूटी हैं तो वह दिल्ली बिल्ड काम की उसमें कोई जवाबदारी नहीं है।
Speaker 1: बिल्कुल सही बात है। हमसे तो दिल्ली बिल्ड काम वाले बताएंगे हम सब बना जा रहे हैं। अरे द्विवेदी यह हम लोग।
Speaker 1: हाँ तो दिल्ली
Speaker 2: बना गए हैं बेचारे तीन बार आए तीन चार बार आए।
Speaker 1: हाँ हाँ हाँ।
Speaker 2: अब रही बात यह है कि जो ठेकेदार का की पाइपलाइन में है, उदय में जो है तो उनका सुधार दिल्ली बेल्ट का हम थोड़ी कराएंगे।
Speaker 1: वही वही चीज़ है। तो दो। अच्छा ठीक है, हाँ ठीक है ठीक है पटेल जी तो हम ले ही उनका लाइन में कि यह देखो कोनों बात नहीं है।
Speaker 2: दुबे जी के लाइन में ले कोई चले ले, कहां खाना दुबे जी के हैं राजकुमार।
Speaker 1: राजकुमार दुबे जी हाँ।
Speaker 2: हाँ राजकुमार दुबे जी के लेआउट लाइन में तो हम बात करी।
Speaker 1: एक मिनट।
Speaker 2: यह खा रहा है बड़े घंटे का है।
Speaker 1: हाँ।
Speaker 1: अरे द्विवेदी जी पटेल जी लाइन में हैं मैं। हैलो।
Speaker 1: हाँ हाँ सर बोलिए।"
26,"Speaker 1: हां खेल आ गया तुझे.
Speaker 2: जी बोलिए. नमस्ते.
Speaker 1: तो बताएं आपने phone किया था मुझे फिर personal number पर.
Speaker 2: हां phone किया था. जब मैं खाली था तो उस समय phone किया था. आपने phone नहीं receive किया.
Speaker 1: क्या था मैं थोड़ा एक दुनिया छुट्टी में था बताइए. छुट्टी में था एक दुनिया में.
Speaker 2: हां हां नहीं तो आप phone कर रहे थे तो मुझे time लगा तो मैंने आपको बताया था कि मुझे जब time लगे मैं बात करूंगा तो बात करने के लिए लगाया था. आवाज़ time
Speaker 1: पर phone कर रहे थे बताइए फ़िलहाल हैं कहां पर अभी आप?
Speaker 2: भईया मैं duty में हूं.
Speaker 1: Duty आप कहां से करते हैं?
Speaker 2: मेरी duty जो है तो field की रहती है. हां. Engineering में है.
Speaker 1: काहे में engineering में? यह क्या होता है?
Speaker 2: Railway में.
Speaker 1: अच्छा railway में तो आपसे मुलाकात नहीं हो पाएगी?
Speaker 2: मेरी मुलाकात आपकी होगी वही time जो मैं बताया हूं या कि सुबह आप छह से आठ के beach और शाम को.
Speaker 1: कल सुबह आदमी कहां available हो पाएगा और शाम को?
Speaker 2: शाम को ही पांच से सात तक.
Speaker 1: पांच से सात तक उस दिन मैंने phone किया था आपको.
Speaker 2: Call हो सकता है call off रहे मेरा.
Speaker 1: अच्छा सुनिए अभी आपका करना क्या है शिकायत में? क्योंकि शिकायत आपकी मर्ज़ी से valid नहीं है.
Speaker 2: सुनिए आपसे valid नहीं है मैं मानता हूं. यह जो कहीं हीरा गांव है और आपका यह और other गांव जुड़े हुए गांव हैं यहां से तो यही जो योजना में का काम चल रहा है आपके under में. हां. इसी योजना की pipeline तो सारी इधर डाली गई है. मैं पता चला
Speaker 1: रहा हूं. यह pipeline हमारे under पर है तो हमारी pipe डाली गई
Speaker 2: है. तो यह नहीं है आपके under में?
Speaker 1: नहीं नहीं यह हमारे under पर नहीं हुआ है.
Speaker 2: तो फिर यह यहां किस उद्देश्य से जो है तो यह टंकी का निर्माण करवा रहे, करवा रहे हैं?
Speaker 1: अरे निर्माण कार्य वह सरकारी घूम के तहत किया गया. भूमि तो ठीक है,
Speaker 2: सरकारी घूम के तहत किया गया लेकिन उसका आवागमन कुछ होगा.
Speaker 1: नहीं, तो आवागमन जिस टंकी के लिए होगा उसके लिए होगा ना?
Speaker 2: यह टंकी के लिए इसका remon किया जा रहा है, अलग टंकी के लिए.
Speaker 1: बिल्कुल बिल्कुल बिल्कुल. उससे टंकी में पानी जाएगा वह खुद टंकी नहीं है. हां.
Speaker 2: तो आप ऐसा करिए ना आप मेरी शिकायत PHE
Speaker 1: को जिस जिस विभाग का उसको transfer कर दीजिए, forward करिए, forward करके आप अपना काम दूसरा करिए. मैं कह रहा हूं कि मैं forward करूंगा मुझे उसकी समस्या नहीं है, मैंने लगा भी दिया है आपको पंद्रह दिन के लिए forward हो जाएगा. हां. आप जिस उद्देश्य के लिए शिकायत किए हो वह देश आपको पूरे होने का समय लगेगा.
Speaker 2: अच्छा.
Speaker 1: हां, नहीं तो जब
Speaker 2: समय लगेगा तो जब से मेरा काम हो जाएगा तो मैं इसकी यह शिकायत वापस ले लूंगा. ठीक है, कोई बात नहीं. हां जब काम हो जाएगा तो शिकायत वापस ले लिया जाएगा क्या दिक्कत है?
Speaker 1: नहीं तो हमारे तरफ से आपका काम होगा ही नहीं ना वही तो मैं कह रहा हूं वह. आप जिससे कंधे से जिससे पानी मांग रहे हो वह पानी देने के लिए बना ही नहीं है.
Speaker 2: सुनिए श्रीमान जी मेरा कहना यह है कि जब हमारे विभाग में कोई काम आता है जब मेरे अंदर का नहीं
Speaker 1: है तो मैं forward कर देता हूं तो दूसरा विभाग जाने में तो जवाब दे दिया. बिल्कुल सही बात है.
Speaker 2: और transfer कर दिया वहां.
Speaker 1: हां हां बिल्कुल, कोई बात नहीं.
Speaker 2: तो आप transfer कर
Speaker 1: दीजिए. मैं transfer कर दिया.
Speaker 2: वह हमसे संपर्क करेंगे जहां आप transfer करेंगे तो, वह लोग करेंगे हमसे फिर. ठीक है.
Speaker 1: हां, नहीं करेंगे तो मैं कार्यवाही के जवाब
Speaker 2: मांगेंगे.
Speaker 1: ठीक है.","Speaker 1: हां खेल आ गया तुझे।
Speaker 2: जी बोलिए. नमस्ते।
Speaker 1: तो बताएं आपने फोन किया था मुझे फिर पर्सनल नंबर पर।
Speaker 2: हां फोन किया था. जब मैं खाली था तो उस समय फोन किया था. आपने फोन नहीं रिसीव किया।
Speaker 1: क्या था मैं थोड़ा व्यस्त था बताइए. व्यस्त था तो फोन नहीं उठा पाया।
Speaker 2: हां हां नहीं तो आप फोन कर रहे थे तो मुझे समय लगा तो मैंने आपको बताया था कि मुझे जब समय लगे मैं बात करूंगा तो बात करने के लिए कहा था।
Speaker 1: पर फोन कर रहे थे बताइए फिलहाल हैं कहां पर अभी आप?
Speaker 2: भईया मैं ड्यूटी में हूं।
Speaker 1: ड्यूटी आप कहां से करते हैं?
Speaker 2: मेरी ड्यूटी जो है तो फील्ड की रहती है. हां. इंजीनियरिंग में है।
Speaker 1: काहे में इंजीनियरिंग में? यह क्या होता है?
Speaker 2: रेलवे में।
Speaker 1: अच्छा रेलवे में तो आपसे मुलाकात नहीं हो पाएगी?
Speaker 2: मेरी मुलाकात आपकी होगी वही समय जो मैं बताया हूं या कि सुबह आप छह से आठ के बीच और शाम को।
Speaker 1: कल सुबह आदमी कहां अवेलेबल हो पाएगा और शाम को?
Speaker 2: शाम को ही पांच से सात तक।
Speaker 1: पांच से सात तक उस दिन मैंने फोन किया था आपको।
Speaker 2: कॉल हो सकता है कॉल ऑफ रहे मेरे।
Speaker 1: अच्छा सुनिए अभी आपका करना क्या है शिकायत में? क्योंकि शिकायत आपकी मर्जी से वैलिड नहीं है।
Speaker 2: सुनिए आपसे वैलिड नहीं है मैं मानता हूं. यह जो कहीं हीरा गांव है और आपका यह और अन्य गांव जुड़े हुए गांव हैं यहां से तो यही जो योजना में का काम चल रहा है आपके अंडर में. हां. इसी योजना की पाइपलाइन तो सारी इधर डाली गई है. मैं पता चला
Speaker 1: रहा हूं. यह पाइपलाइन हमारे अंडर पर है तो हमारी पाइप डाली गई
Speaker 2: है. तो यह नहीं है आपके अंडर में?
Speaker 1: नहीं नहीं यह हमारे अंडर पर नहीं हुआ है।
Speaker 2: तो फिर यह यहां किस उद्देश्य से जो है तो यह टंकी का निर्माण करवा रहे, करवा रहे हैं?
Speaker 1: अरे निर्माण कार्य वह सरकारी योजना के तहत किया गया. भूमि तो ठीक है,
Speaker 2: सरकारी योजना के तहत किया गया लेकिन उसका आवागमन कुछ होगा।
Speaker 1: नहीं, तो आवागमन जिस टंकी के लिए होगा उसके लिए होगा ना?
Speaker 2: यह टंकी के लिए इसका रेमोन किया जा रहा है, अलग टंकी के लिए।
Speaker 1: बिल्कुल बिल्कुल बिल्कुल. उससे टंकी में पानी जाएगा वह खुद टंकी नहीं है. हां।
Speaker 2: तो आप ऐसा करिए ना आप मेरी शिकायत पीएचई को
Speaker 1: को जिस जिस विभाग का उसको ट्रांसफर कर दीजिए, फॉरवर्ड करिए, फॉरवर्ड करके आप अपना काम दूसरा करिए. मैं कह रहा हूं कि मैं फॉरवर्ड करूंगा मुझे उसकी समस्या नहीं है, मैंने लगा भी दिया है आपको पंद्रह दिन के लिए फॉरवर्ड हो जाएगा. हां. आप जिस उद्देश्य के लिए शिकायत किए हो वह देश आपको पूरे होने का समय लगेगा।
Speaker 2: अच्छा।
Speaker 1: हां, नहीं तो जब
Speaker 2: समय लगेगा तो जब से मेरा काम हो जाएगा तो मैं इसकी यह शिकायत वापस ले लूंगा. ठीक है, कोई बात नहीं. हां जब काम हो जाएगा तो शिकायत वापस ले लिया जाएगा क्या दिक्कत है?
Speaker 1: नहीं तो हमारे तरफ से आपका काम होगा ही नहीं ना वही तो मैं कह रहा हूं वह. आप जिससे कनेक्शन से पानी मांग रहे हो वह पानी देने के लिए बना ही नहीं है।
Speaker 2: सुनिए श्रीमान जी मेरा कहना यह है कि जब हमारे विभाग में कोई काम आता है जब मेरे अंदर का नहीं
Speaker 1: है तो मैं फॉरवर्ड कर देता हूं तो दूसरा विभाग जाने में तो जवाब दे दिया. बिल्कुल सही बात है।
Speaker 2: और ट्रांसफर कर दिया वहां।
Speaker 1: हां हां बिल्कुल, कोई बात नहीं।
Speaker 2: तो आप ट्रांसफर कर"
27,"Speaker 1: Hello. Hello. जी, सर बंसल, आलोक मिश्रा बात कर रहा था से. जी जी sir. हां. यह कह रहा था कुछ आपके यहां कुछ road station वगैरह pending था क्या? तो हां sir वह pipeline का काम हुआ था. हां. तो उसमें क्या जो नई CC से बनी थी sir उसमें क्या कुछ दिक्कत है पूरी. हां हां हां. नहीं हां sir. यह कब से है बहुत समय से पहले से क्या? यह sir अभी जब pipeline चली थी ना वह जो नहीं मतलब machine वह mutual से खंड के डाल रही थी. हां. वह वाले में sir हुआ है. अच्छा HDD वाली जो machine नीचे नीचे pipe डाली लेआउट? हां हां हां हां हां sir उसी वाले पर sir. अच्छा अच्छा तो कितना damage होगा? Sir वह damage है मतलब something डेढ़ दो सौ meter करीब है sir. हां तो वह तो हो जाएगा फिर उसमें तो कोई दिक्कत नहीं है. है ना? मतलब मतलब साढ़े तीन सौ की road थी साढ़े तीन सौ meter की. अच्छा अच्छा अच्छा. Beach में कहीं तीन छूटा है बाकी आगे नीचे से डाल दिए हैं. तो कहीं कहीं beach beach में होगा damage बाकी नहीं होगा. हां तो sir वह damage हो गया, तो sir वह जो कोई chemical यदि कोई cement आती है ना, अपन उससे packing, packing करवा देंगे, कोई issue नहीं है, आप थोड़ा दिखवा दीजिएगा हिन्दी के साथ को भेजकर. मैं, मैं दिखवा दूंगा है ना? तो sir उसको दिखवा दीजिए, बाकी जो pipeline बाकी हुई है sir, है ना? उसमें क्या है कि जब, चल रहा है वह, तो मतलब इसको फटाफट करवा देंगे जाकर भी, है ना? देख लेंगे अपन. ठीक ठीक. हो जाएगा आपका यह सब. ठीक. Ok sir, ठीक.","Speaker 1: नमस्ते सर, मैं आलोक मिश्रा बात कर रहा हूँ। सर, मैंने सुना है कि आपके यहाँ कुछ रोड स्टेशन के काम पेंडिंग हैं। क्या यह सच है?
Speaker 1: हाँ सर, हमने पाइपलाइन का काम पूरा कर लिया है। लेकिन नई सीसी रोड में कुछ समस्या आ रही है।
Speaker 1: सर, यह समस्या कब से है? पहले से ही यह समस्या थी या पाइपलाइन बिछाने के बाद यह समस्या आई है?
Speaker 1: सर, जब पाइपलाइन बिछाई जा रही थी, तो मशीन से खंड डाले जा रहे थे। उसी समय यह समस्या आई है।
Speaker 1: सर, यह समस्या एचडीडी मशीन से नीचे पाइप डालने के कारण हुई है। क्या यह सच है?
Speaker 1: सर, इस समस्या का क्या नुकसान होगा? क्या यह नुकसान बहुत ज्यादा है?
Speaker 1: सर, यह नुकसान लगभग डेढ़ दो सौ मीटर के आसपास है। लेकिन यह समस्या जल्दी से हल हो जाएगी।
Speaker 1: सर, साढ़े तीन सौ मीटर की रोड थी, लेकिन अब यह समस्या नहीं है। क्योंकि बीच में कहीं तीन जगहों पर पाइप डाल दिए गए हैं।
Speaker 1: सर, अगर कहीं समस्या होती है, तो हम सीमेंट और पैकिंग करके इसे ठीक कर देंगे। कोई समस्या नहीं होगी।
Speaker 1: सर, मैं आपको यह समस्या दिखवा दूंगा। और बाकी पाइपलाइन का काम जल्दी से पूरा कर देंगे।
Speaker 1: सर, ठीक है। आपका यह काम जल्दी से हो जाएगा।"
28,"Speaker 1: Hello.
Speaker 2: कहां आ रहा है मेरे? हां? राम मेरे phone में आया है?
Speaker 1: नहीं आई भईया ही phone चला चली गई.
Speaker 2: तू कहां से आया था सारी बातें?
Speaker 1: लेआउट वो अच्छी लगा तो पैसे दे गई
Speaker 2: थी. अरे हम वहां लेकर कहीं कहीं क्या मारऊ?
Speaker 1: नहीं बग्गियां कही चली गई हैं. हम बहन के लालच थे तो हम यहां देख नहीं
Speaker 2: थे. तो हमारे तो कोई, कहानीकार है तो हम यहां पहुंच जाओ. पता नहीं नहीं है ना बग्गे चले गए हैं. हां बग्गे तो ही चले गए हैं. हां
Speaker 1: हां
Speaker 2: तूने कह दिया? लगा कोई ताकत ले जाइए. हां,
Speaker 1: फिर लाई आई है, फिर लाई गयी है तो क्या बात है? अपना duty लाई है इतना मैंने कहा यही था.
Speaker 2: हम वहां नहीं आई duty ना. हां तो अच्छा हां.
Speaker 1: वह भी ठीक है. हां. तो बढ़िया सही है तो. क्या चीज़? प्रज्ञा सही है तो बोल रहे हैं.
Speaker 2: ठीक.","Speaker 1: नमस्ते
Speaker 2: क्या हाल है मेरे? क्या तुम्हारा फोन आ रहा है?
Speaker 1: नहीं, मैंने फोन किया था लेकिन तुम्हारा फोन नहीं लगा
Speaker 2: तुम कहां से आ रहे हो? क्या तुमने सारी बातें देखी हैं?
Speaker 1: हां, लेआउट अच्छा लगा तो हमने पैसे दे दिए
Speaker 2: लेकिन हमें तो कहीं और ले जाना था, क्या तुमने देखा था?
Speaker 1: नहीं, बग्गियां कहीं चली गई हैं, हमें बहन के लालच थे इसलिए हम यहां नहीं देख पाए
Speaker 2: हमारे पास तो कोई विकल्प नहीं था, इसलिए हम यहां पहुंच गए, लेकिन बग्गियां तो चली गई हैं
Speaker 1: हां
Speaker 2: क्या तुमने कह दिया था? लगता है कि कोई ताकत ले जाने की जरूरत है
Speaker 1: फिर भी लाई आई है, और फिर से लाई गई है, तो क्या बात है? मैंने तो बस अपना ड्यूटी निभाया है
Speaker 2: हमें तो वहां ड्यूटी नहीं मिली थी, लेकिन ठीक है
Speaker 1: वह भी ठीक है, और अब सब कुछ सही हो गया है, क्या चीज़ है जो सही हो गई है?
Speaker 2: ठीक है, सब कुछ सही है"
29,"Speaker 1: सरपंच साहब नमस्कार. जी नमस्कार. आलोक मिश्रा बात कर रहा था जल निगम से. जी. आपने एक शिकायत की थी सरपंच साहब? हां किया था ना. तो यह काम अभी वहां चलेगा sir साहब इतना जल्दी हो नहीं पाएगा. नहीं हो पाएगा तो शिकायत को pending में रखिए अभी जब हो जाएगा तो बताना तो हटवा देंगे. सुनिए तो निवेदन है हमारा. बिल्कुल नहीं सुनेंगे इसमें कोई समझौता नहीं कार्य में. उस चुतिया ने आई डालकर पूरी road को दिया है और थोड़ा थोड़ा करके बांट कर भाग गया है ऐसा काम करेंगे आप लोग नहीं काम तो है मिसाल कर दो नहीं कि दोनों accident हो गए हैं बताइए जो बटवारा से आम निकलते वहां खोद दिया है और उसको पाटा नहीं है ना तू लेआउट किया है. नहीं नहीं काम तो यह ग्राहक खराब करते ही हैं सही बात है. नहीं नहीं हम सारे के मर्मो खरीद वह तो बच कर भाग जाएगा. मैं ना यह काम करता हूं ना मैं पसंद करता हूं. बिल्कुल बिल्कुल सही है. उसको सभी नियमों को शिथिल करते हुए दो lot मसाला भरवा के उसको pack करवाइए. चलिए ठीक. भाई यहां public venue पर चढ़ती है यार? सब कुछ नहीं कर रहा. नहीं मैं समझ सकता हूं आप. जी. इसको करवा दीजिए. हां हां ठीक है.","Speaker 1: सरपंच साहब नमस्कार. जी नमस्कार. आलोक मिश्रा बात कर रहा था जल निगम से।
Speaker 1: आपने एक शिकायत की थी सरपंच साहब? हां किया था ना. तो यह काम अभी वहां चलेगा sir साहब इतना जल्दी हो नहीं पाएगा।
Speaker 1: नहीं हो पाएगा तो शिकायत को pending में रखिए अभी जब हो जाएगा तो बताना तो हटवा देंगे. सुनिए तो निवेदन है हमारा।
Speaker 1: बिल्कुल नहीं सुनेंगे इसमें कोई समझौता नहीं कार्य में. उस व्यक्ति ने आई डालकर पूरी road को दिया है और थोड़ा थोड़ा करके बांट कर भाग गया है ऐसा काम करेंगे आप लोग नहीं
Speaker 1: काम तो है मिसाल कर दो नहीं कि दोनों accident हो गए हैं बताइए जो बटवारा से आम निकलते वहां खोद दिया है और उसको पाटा नहीं है ना तू लेआउट किया है।
Speaker 1: नहीं नहीं काम तो यह ग्राहक खराब करते ही हैं सही बात है. नहीं नहीं हम सारे के मर्मो खरीद वह तो बच कर भाग जाएगा।
Speaker 1: मैं ना यह काम करता हूं ना मैं पसंद करता हूं. बिल्कुल बिल्कुल सही है. उसको सभी नियमों को शिथिल करते हुए दो lot मसाला भरवा के उसको pack करवाइए।
Speaker 1: चलिए ठीक. भाई यहां public venue पर चढ़ती है यार? सब कुछ नहीं कर रहा।
Speaker 1: नहीं मैं समझ सकता हूं आप. जी. इसको करवा दीजिए।
Speaker 1: हां हां ठीक है।"
30,"Speaker 1: Hello.
Speaker 2: जी भैया.
Speaker 1: जी अजीत सिंह जी से बात हो रही है? जी भैया. आपने एक CM helpline की थी?
Speaker 2: जी भैया CM helpline की है ना मैंने.
Speaker 1: काहे के लिए किया था?
Speaker 2: भैया मेरे दुकान के सामने एक गड्ढा खुदा हुआ है और वह गड्ढा अभी तक उसको shot नहीं किया गया pipe line का काम हुआ था वहां पर और वह severline खोद के और उसका चले गए थे और अभी तक वह गड्ढा खुदा नहीं दो तीन घंटे वहां पर था.
Speaker 1: कहां पर है यह गड्ढा?
Speaker 2: ताला house campus के सामने प्रसादम sweets है.
Speaker 1: ताला house तो उधर है अपना ना घोड़ा चौक के पास ना.
Speaker 2: घोड़ा चौक के अंदर. कहां से है?
Speaker 1: रीवा के है रीवा
Speaker 2: के है. रीवा के है तो आपको ताला house नहीं पता बताइए. पता है आपका, आपका लेआउट Plaza के पीछे है भैया.
Speaker 1: हां हां हां वही वही तो, थोड़ा सा चौराहा के पास ही तो area हुआ है.
Speaker 2: Campus के बाजू में चक्रधर city center है. हां हां हां हां
Speaker 1: वहां पर
Speaker 2: है भैया, प्रसाद धाम sweets करके. पानी का काम किया है ना भैया तो वह pipe को कौन काम करेगा?
Speaker 1: नहीं भैया वह नगर निगम के अंदर का, जल निगम जो करता है वह शहर के बाहर काम करता है.
Speaker 2: नगर निगम में पानी वाली pipe कौन बनाता है भैया?
Speaker 1: WRD कहलाया जाता है वह, तो शहरी के लेआउट योजना का काम होता है. ऐसे होता है एक शहरी के जल योजना अलग काम करती है, ग्रामीण के जल योजना अलग काम करती है. जल निगम जो काम करता है वह ग्रामीण में करता है, नगर निगम जो करता है वह शहर में करता है. में करता है, नगर निगम जो करता है वह शहर में करता है. आपको शिकायत नगर निगम में करनी चाहिए आपने जल निगम में कर दिया.
Speaker 2: सही बात है. Transfer कर दीजिए.
Speaker 1: बिल्कुल.
Speaker 2: है ना? ठीक है, transfer कर दीजिए आप भैया.
Speaker 1: ठीक है.","Speaker 1: नमस्ते
Speaker 2: जी भैया
Speaker 1: क्या अजीत सिंह जी से बात हो रही है? जी भैया, आपने सीएम हेल्पलाइन पर शिकायत दर्ज कराई थी?
Speaker 2: जी भैया, हां मैंने सीएम हेल्पलाइन पर शिकायत दर्ज कराई थी
Speaker 1: किस कारण से शिकायत की थी?
Speaker 2: भैया, मेरी दुकान के सामने एक गड्ढा खोदा गया था और वह अभी तक भरा नहीं गया है। वहां पर पाइप लाइन का काम हुआ था और सीवर लाइन खोदने के बाद वे चले गए, लेकिन गड्ढा अभी तक नहीं भरा गया है
Speaker 1: यह गड्ढा कहां पर है?
Speaker 2: ताला हाउस कैंपस के सामने, प्रसादम स्वीट्स के पास
Speaker 1: ताला हाउस तो घोड़ा चौक के पास है ना?
Speaker 2: हां, घोड़ा चौक के अंदर
Speaker 1: आप रीवा से हैं?
Speaker 2: हां, रीवा से हैं
Speaker 1: तो आपको ताला हाउस के बारे में पता होना चाहिए। आपका लेआउट प्लाजा के पीछे है ना?
Speaker 2: हां, वही है। चक्रधर सिटी सेंटर के पास है
Speaker 1: वहां पर क्या है?
Speaker 2: प्रसादम स्वीट्स है। पानी का काम किया गया था, तो पाइप का काम कौन करेगा?
Speaker 1: नहीं, यह नगर निगम का काम है। जल निगम शहर के बाहर काम करता है
Speaker 2: नगर निगम में पानी की पाइप कौन बनाता है?
Speaker 1: वीआरडी कहलाता है। यह शहरी क्षेत्र की जल योजना का काम करता है। शहरी और ग्रामीण क्षेत्रों की जल योजनाएं अलग-अलग होती हैं। जल निगम ग्रामीण क्षेत्रों में काम करता है, जबकि नगर निगम शहरी क्षेत्रों में काम करता है। आपको शिकायत नगर निगम में दर्ज करानी चाहिए, लेकिन आपने जल निगम में कर दी है
Speaker 2: बिल्कुल सही बात है। कृपया इसे ट्रांसफर कर दीजिए
Speaker 1: बिल्कुल, ट्रांसफर कर दूंगा
Speaker 2: कृपया ट्रांसफर कर दीजिए, भैया
Speaker 1: ठीक है, ट्रांसफर कर दूंगा"
31,"Speaker 1: Hello.
Speaker 2: Hello. शिव कुमार से बात हो रही है? जी sir. Hello.
Speaker 1: जी हां.
Speaker 2: यह कह रहा था काम था painting का.
Speaker 1: हां हां.
Speaker 2: एक हज़ार, यहीं रायपुर के पास एक हज़ार square meter का.
Speaker 1: किस चीज़ का?
Speaker 2: एक school type से
Speaker 1: है. तो उसमें क्या करना है?
Speaker 2: पुताई करना है पुताई.
Speaker 1: पुताई नहीं करवाते.
Speaker 2: नहीं करवाते कोई आदमी है आपके पास?
Speaker 1: अभी तो फ़िलहाल नहीं है राजकोट में.
Speaker 2: तो कहां कहां किस area में आप काम कर सकते हैं?
Speaker 1: हम तो इधर कर रहा हूं नई गली क्षेत्र में.
Speaker 2: नई गली क्षेत्र में करते हैं?
Speaker 1: मैं sir Mumbai में हूं पर अभी इस समय जो है तुम्हारा काम इधर चल रहा है नई घड़ी क्षेत्र में.
Speaker 2: तो इधर side में कोई होगा नहीं आपका आदमी? बात
Speaker 1: करना पड़ेगा. School की पुताई है काहे की?
Speaker 2: हां हां ऐसे school है लंबा area है मतलब लंबी लंबी दीवारें हैं चार तो बस उनको पोताए हो गया.
Speaker 1: चलिए देखिए बात करके कल बताऊंगा आपको.
Speaker 2: क्या rate से करते होंगे वैसे?
Speaker 1: Square feet में करवाएंगे?
Speaker 2: हां square feet में मजदूरी में अच्छे से हो जाए.
Speaker 1: दो रुपए चलता है square feet
Speaker 2: में. दो रुपए चलता है ना? दो रुपए court.
Speaker 1: दो रुपए. एक कोट कोतेंगे तो दो रुपए square feet रहेगा. हां. दो boat करवाएंगे तो तीन चार रुपए तो
Speaker 2: उस हिसाब से तो यह बहुत अगर दस हज़ार square feet अपना बैठेगा ना एक हज़ार square meter तो. जी. तो यह चालीस हज़ार में हो गया.
Speaker 1: चालीस तो
Speaker 2: बस. भाई एक हज़ार square meter जैसे हमारा area है.
Speaker 1: जी जी. उसको fit
Speaker 2: में करेंगे तो दस हज़ार square feet आएगा. जी. आप जो rate बता रहे हो वह फिर चालीस हज़ार का हो गया. जी. है ना? तो जी. ऐसा नहीं चाहिए हमको labor वाले वह मजदूरी वाले labor चाहिए फिर.
Speaker 1: मजदूरी वाले labor चाहिए. हां. मजदूरी भी आठ सौ रुपए लेंगे.
Speaker 2: तो आठ सौ लेंगे ठीक है नहीं मैं उनको रहना खाना भी करवा दूंगा.
Speaker 1: ठीक है बात करता हूं फिर बताता हूं आपको.
Speaker 2: एक minute.","Speaker 1: नमस्ते
Speaker 2: नमस्ते। शिव कुमार से बात हो रही है?
Speaker 1: हां, बात हो रही है।
Speaker 2: मैं यह कह रहा था कि पेंटिंग का काम था।
Speaker 1: हां, क्या काम था?
Speaker 2: एक हज़ार वर्ग मीटर का काम था, जो रायपुर के पास है।
Speaker 1: किस चीज़ का काम था?
Speaker 2: एक स्कूल जैसी इमारत का काम था।
Speaker 1: हां, तो उसमें क्या करना है?
Speaker 2: उसमें पुताई करनी है।
Speaker 1: पुताई नहीं करवाते हैं।
Speaker 2: क्या आपके पास कोई आदमी है जो यह काम कर सकता है?
Speaker 1: फिलहाल तो राजकोट में नहीं है।
Speaker 2: तो आप किस क्षेत्र में काम कर सकते हैं?
Speaker 1: मैं नई गली क्षेत्र में काम कर रहा हूं।
Speaker 2: नई गली क्षेत्र में करते हैं?
Speaker 1: हां, मैं मुंबई में हूं, लेकिन अभी जो काम है वह नई घड़ी क्षेत्र में चल रहा है।
Speaker 2: तो क्या आपका कोई आदमी यहां है जो बात कर सकता है?
Speaker 1: बात करनी पड़ेगी। स्कूल की पुताई है, क्या काम है?
Speaker 2: हां, स्कूल में लंबी दीवारें हैं जिन्हें पोतना है।
Speaker 1: ठीक है, मैं बात करके कल बताऊंगा।
Speaker 2: क्या रेट से काम करेंगे?
Speaker 1: वर्ग फुट में करवाएंगे।
Speaker 2: हां, वर्ग फुट में मजदूरी में अच्छा होगा।
Speaker 1: दो रुपये प्रति वर्ग फुट होगा।
Speaker 2: दो रुपये प्रति वर्ग फुट होगा?
Speaker 1: हां, दो रुपये प्रति वर्ग फुट होगा। एक कोट करने पर दो रुपये प्रति वर्ग फुट होगा।
Speaker 2: दो कोट करने पर तीन-चार रुपये प्रति वर्ग फुट होगा।
Speaker 1: हां, दो कोट करने पर तीन-चार रुपये प्रति वर्ग फुट होगा।
Speaker 2: तो अगर दस हज़ार वर्ग फुट का काम है तो चालीस हज़ार रुपये होंगे।
Speaker 1: चालीस हज़ार रुपये होंगे।
Speaker 2: एक हज़ार वर्ग मीटर का काम है, जो हमारे क्षेत्र में है।
Speaker 1: हां, उसे फिट करना होगा।
Speaker 2: दस हज़ार वर्ग फुट का काम होगा, जो चालीस हज़ार रुपये का होगा।
Speaker 1: हां, चालीस हज़ार रुपये का होगा।
Speaker 2: हमें मजदूरी वाले लेबर चाहिए, न कि पूरा काम।
Speaker 1: मजदूरी वाले लेबर चाहिए, हां। मजदूरी भी आठ सौ रुपये लेंगे।
Speaker 2: ठीक है, आठ सौ रुपये लेंगे। मैं उनको रहने और खाने की व्यवस्था भी करवा दूंगा।
Speaker 1: ठीक है, मैं बात करता हूं और बताता हूं।
Speaker 2: एक मिनट।"
32,"Speaker 1: Hello.
Speaker 2: Hello. जी शैलेंद्र जी से बात हो रही
Speaker 1: है? नहीं नहीं उनके भतीजे बात कर रहे हैं, बोलिए.
Speaker 2: आपने एक CM helpline की
Speaker 1: थी. CM helpline, कहां है मैं?
Speaker 2: शैलेंद्र जी ने किया था कि gram जी तौहीं में नर जल से पानी नहीं आ रहा है.
Speaker 1: अच्छा अच्छा. किए होंगे sir.
Speaker 2: थोड़ा सा बात करवा दीजिए.
Speaker 1: Sir, अभी तो नहीं हो पाएगी. थोड़ी देर बाद मैं बता दूंगा. इस number पर आप call कर लेंगे. थोड़ी देर बाद मैं बता दूंगा, तो आपसे इस number पर बात कर लेंगे वह.
Speaker 2: ठीक ठीक ठीक.
Speaker 1: ठीक है?","Speaker 1: नमस्ते
Speaker 2: नमस्ते, मैं शैलेंद्र जी से बात कर रहा हूँ
Speaker 1: क्या? नहीं, नहीं, मैं उनके भतीजे से बात कर रहा हूँ, बोलिए
Speaker 2: आपने एक सीएम हेल्पलाइन की थी
Speaker 1: क्या? सीएम हेल्पलाइन, कहाँ है मैं?
Speaker 2: शैलेंद्र जी ने बताया था कि ग्राम तौहीं में नर जल से पानी नहीं आ रहा है
Speaker 1: अच्छा, अच्छा। जरूर किया होगा, सर
Speaker 2: थोड़ा सा बात करवा दीजिए
Speaker 1: सर, अभी तो नहीं हो पाएगी। थोड़ी देर बाद मैं बता दूंगा। इस नंबर पर आप कॉल कर लेंगे। थोड़ी देर बाद मैं बता दूंगा, तो आपसे इस नंबर पर बात कर लेंगे
Speaker 2: ठीक है
Speaker 1: ठीक है?"
33,"Speaker 1: हां जी भैया एक number लगाना था ज्योति पांडे के नाम से hello भैया madam बैठी हैं आवाज़ नहीं आ रही हैं Madam बैठी हैं हां. कितने बजे तक बैठी रहेंगी? दो बजे. दो बजे तक. तो चार बजे तक रहेंगे चार बजे. चार बजे तक ना. ठीक हैं मैं तुरंत आ रहा हूं. हाय चुप हैं? हाय.","Speaker 1: हां जी, भैया ज्योति पांडे के नाम से एक नंबर लगाना था। मैंने देखा कि मैडम बैठी हैं लेकिन आवाज नहीं आ रही है। मैडम बैठी हैं, हां। कितने बजे तक बैठी रहेंगी? दो बजे तक। तो चार बजे तक रहेंगे? चार बजे तक ना। ठीक है, मैं तुरंत आ रहा हूं।"
34,"Speaker 1: Hello. Good morning sir.
Speaker 2: Good morning अभिषेक कहां हो?
Speaker 1: अभी तो sir office से निकला था sir.
Speaker 2: अच्छा अच्छा. क्या है आंचल, क्या चल रहा है काम धाम?
Speaker 1: काम वही चल रहा है sir, प्लंबिंग वाला चल रहा है. मतलब pushing वाला नौ साढ़े नौ meter चला गया भाई, बारह meter का
Speaker 2: है.
Speaker 1: बचा है मान लीजिए तीन meter बचा है.
Speaker 2: अच्छा. और?
Speaker 1: और वह नाला क्रॉसिंग में breaking चल रहा है. उसको सफाई कर कर देखेंगे cover depth कितना आ रहा है. क्योंकि उसका जो level है ना channel वाले का.
Speaker 2: हां.
Speaker 1: वहां पर HRS बनेगा ना उनका, channel का. हां.
Speaker 2: तो
Speaker 1: channel का HRS बनता है तो ArUval भी खड़ी होती है.
Speaker 2: हां.
Speaker 1: तो वह बोल रहे हैं यहां पर मेरे को depth मेरा ज़्यादा है. हां. तो वहां पर
Speaker 2: हमारी pipe, हमारी pipe की depth क्या रहेगी?
Speaker 1: वहां पर अपनी pipe की depth हो जाएगी आठ नौ meter.
Speaker 2: Ok. यह कैसे बनाओगे band wand लगाओगे? नहीं,
Speaker 1: slow बनाकर थोड़ी थोड़ी से नीचे ले जा रहे हैं पूरे. थोड़ी एक आध बाइस degree का जो भी है थोड़ा नए नए match होगा तो band लगाना पड़ेगा.
Speaker 2: तो फिर वह level वगैरह वह देंगे ना वह लोग?
Speaker 1: वह दे दिया level ना इसीलिए तो वहां और जा रहा है नीचे. देखिएगा तो लगेगा कि छह meter हम आ गए पांच meter.
Speaker 2: हां.
Speaker 1: हां और वहां पर नीचे हमको दो तीन meter जाना है.
Speaker 2: ठीक है. और क्या है?
Speaker 1: और वह WOTG जो अपना gap था वह खत्म हो गया.
Speaker 2: कहां वाला?
Speaker 1: वह यादव का घर के पास याद है जहां pipe निकाले थे.
Speaker 2: हां हां हां याद है.
Speaker 1: P 5 में ही
Speaker 2: हां हां हां हां हां.
Speaker 1: वह gap close खत्म हो गया.
Speaker 2: तो वहां भी तो वह बना रहे थे ना वह लोग?
Speaker 1: वह करवट अपना face जो उनका level है ना हां. मतलब वह जीतेगा अस्सी वह और RCC दोनों कर चुका है और सरिया खड़ी कर रखा
Speaker 2: है. हां हमारी pipe हमारी pipe उसके नीचे
Speaker 1: है. हमारी pipe वह जो बोला था तो साठ meter तो हम पचास meter बाहर करके ले लिए center से चालीस meter तक. अपने बाद में दिक्कत नहीं होगा वहां पर
Speaker 2: अब तो नहीं fansegi
Speaker 1: नहीं आपने fansegi क्योंकि उसका वो कलवट बना है ना उसके नीचे है अपनापन उससे दूर हटकर 3 meter कलवट का जो आगे है ना
Speaker 2: हां हां हां.
Speaker 1: उससे तीन meter हटकर हैं हम लोग
Speaker 2: दो तीन. अच्छा और क्या काम चल रहा है?
Speaker 1: और यही अपना गोविंद घर में वह वाला मैं भी जो जहां से above के round से ऊपर से लेआउट उतर रहे हैं. हान तो down में जाएगा उसमें चल रही है अब last में उसका देख लेता हूं वो depth ए गया होगा तो उसमें part फिर लगा देंगे team डालेगा ये पुशिंग हो जाएगा तो इकट्ठे इकट्ठे डालकर निकल जाएंगे क्या हो जाएगा खत्म
Speaker 2: यह कौन से link ID में आता है?
Speaker 1: यह अपना P5P3 और p 5.
Speaker 2: यह beach में है?
Speaker 1: हां p 3 का अड़तालीस meter बज रहा है.
Speaker 2: हां.
Speaker 1: उसके बाद p 5 start हो जाना.
Speaker 2: तो P 5 में फिर पूरा ही बचा. कितना बचा है P 5 में?
Speaker 1: वहां पर P 5 मान लीजिए P 3 का अड़तालीस में minus कर दीजिए अस्सी meter में से. अस्सी पचास अस्सी नब्बे meter में से. तो पूरे P5 में ए गया पूरे मतलब दो पाइप का था तो पाइप इधर से घुमाए तो पंच पाइप हो जाएगा जो की अपना कर लेआउट कर रहा हूं P 7 के लिए. जब तक यह दोनों blasting करके clench clear हो जाएगा, तो तब तक सोच रहे हैं P 7 का एक cap खत्म कर देंगे. क्योंकि RE 90 में भी पानी देना है ना बोल रहा है. हां. इसीलिए.
Speaker 2: ठीक है. और यह p 7 पर p 6 पर ही कुछ gap है?
Speaker 1: P 6 में नहीं है gap. P 7 में तीन gap.
Speaker 2: P 7 में तीन gap ना?
Speaker 1: हां. P 6 में एक भी gap नहीं है, कुछ नहीं
Speaker 2: है. हां. P 7 में एक है ना यह वाला जो बता रहे हो?
Speaker 1: P 7 में तीन gap है.
Speaker 2: हां और P 6 में?
Speaker 1: एक भी नहीं है. हां. P 6 में gap नहीं है. वहां part को cutting कर कर अपने को wall लगाना है. Sluos wall. हां. नहीं जो तेरह सौ वाली है ना उसमें slash wall लगाना पड़ेगा क्योंकि कभी कुछ होगा तो वहां wall बंद करके हज़ार में divert हो जाएगा जहां हज़ार का tapping.
Speaker 2: हां. अभी
Speaker 1: उधर का vendor होगा तो यहां पर एक wall रहेगा तो यहां से बंद कर दीजिएगा तो MS का पानी बंद हो जाएगा. जो मां को उसके लिए जाती है.
Speaker 2: ठीक है तो यह सब काम में कुछ RFI से RFI का use करवाते
Speaker 1: हो? इस काम में RFI क्या है वह कराएंगे? वह तो phone से दे ही रहे हैं data और commissioning वाले group में तो डाल ही देते हैं कभी कभी हम.
Speaker 2: And commissioning वाली में update किए चला करो.
Speaker 1: हां, वह लिखे sir बोल रहे थे commissioning वाले group में. हैं? Commissioning वाले group में photo खींचकर work in progress कर का photo.
Speaker 2: हां, डालती था करो. ठीक.
Speaker 1: इसलिए उसमें RFA क्या डालेंगे क्योंकि है नहीं कुछ.
Speaker 2: ठीक ठीक. नहीं यह T 6 में भी gap था यार यह. इसमें डाल कर रहा था. देखिए
Speaker 1: मैं बता रहा हूं जहां अपना tapping है हज़ार का दस सत्रह का भाषा में. वहां से पीसी के start हो रहा है हान basic से start हो रहा है जेडीमबी R1 का जहां टाइपिंग है अस्सी उसके आगे देखिए वहीं खड़ा होगा उसे टाइपिंग के पास आगे देखिएगा gap है वो p7 हो गया जो आप बोल रहे हैं ना लोग को लग रहा है पीछे सेवंथ पे चला गया अच्छा अच्छा
Speaker 2: P6
Speaker 1: में यह है की पंच cutting करके वॉल लगाना पड़ेगा हां. नहीं cutting करेंगे तो ZMBR 1 में पानी अपना जा सकता है.
Speaker 2: नहीं है.
Speaker 1: यह दोनों gap खत्म हो जाएगा ना वह भी तो और वाला road क्रॉसिंग जो P 5 में आ रहा है. वह नाला crossing तो ZMBR 1 आप through हो जाएंगे PMBR से.
Speaker 2: ठीक है. तो इस समय किधर रहते हो? उधर ही रहते हो?
Speaker 1: हां, इधर ही रहता हूं मैं.
Speaker 2: अच्छा अच्छा. ठीक है, चलो आता हूं. मैं तो किसी दिन मिलता भी यहां.
Speaker 1: ठीक
Speaker 2: है, ठीक है. Ok.","Speaker 1: नमस्ते। सुप्रभात सर।
Speaker 2: सुप्रभात। अभिषेक कहां है?
Speaker 1: सर, मैं अभी ऑफिस से निकला था।
Speaker 2: अच्छा। क्या है, कैसे चल रहा है काम?
Speaker 1: काम चल रहा है, प्लंबिंग का काम चल रहा है। नौ साढ़े नौ मीटर तक पाइप डाल दी गई है, बारह मीटर की पाइप है।
Speaker 2: हां।
Speaker 1: अब तीन मीटर बाकी है।
Speaker 2: अच्छा। और?
Speaker 1: और नाला क्रॉसिंग में तोड़-फोड़ चल रही है। उसकी सफाई करेंगे और देखेंगे कि कवर डेप्थ कितना आ रहा है।
Speaker 2: हां।
Speaker 1: चैनल का एचआरएस बनेगा, और आरयूवाल भी खड़ी होगी।
Speaker 2: हां।
Speaker 1: वहां पर हमारी पाइप की डेप्थ आठ-नौ मीटर होगी।
Speaker 2: ओके। यह कैसे बनाओगे? बैंड लगाओगे?
Speaker 1: हम पाइप को धीरे-धीरे नीचे ले जा रहे हैं। थोड़ी-थोड़ी दूरी पर बैंड लगाना पड़ेगा।
Speaker 2: तो फिर वह लेवल वगैरह वह देंगे ना?
Speaker 1: हां, वह लेवल दे दिया है। इसलिए हम नीचे जा रहे हैं।
Speaker 2: हां।
Speaker 1: और वहां पर हमें दो-तीन मीटर नीचे जाना है।
Speaker 2: ठीक है। और क्या है?
Speaker 1: और वोटीजी जो अपना गैप था, वह खत्म हो गया।
Speaker 2: कहां वाला?
Speaker 1: यादव के घर के पास, जहां पाइप निकाली थी।
Speaker 2: हां, याद है।
Speaker 1: पी5 में ही।
Speaker 2: हां।
Speaker 1: वह गैप खत्म हो गया।
Speaker 2: तो वहां भी तो वह बना रहे थे ना?
Speaker 1: हां, वह करवट अपना फेस जो उनका लेवल है, ना।
Speaker 2: हां। हमारी पाइप हमारी पाइप उसके नीचे है।
Speaker 1: हां। हमारी पाइप वह जो बोला था, तो साठ मीटर तो हम पचास मीटर बाहर करके ले लिए सेंटर से चालीस मीटर तक।
Speaker 2: अब तो नहीं फंसेगी।
Speaker 1: नहीं, आपने फंसेगी क्योंकि उसका वो कलवट बना है ना, उसके नीचे है अपनापन उससे दूर हटकर तीन मीटर कलवट का जो आगे है ना।
Speaker 2: हां।
Speaker 1: उससे तीन मीटर हटकर हैं हम लोग।
Speaker 2: दो-तीन। अच्छा, और क्या काम चल रहा है?
Speaker 1: और यही अपना गोविंद घर में वह वाला मैं भी जो जहां से एबव के राउंड से ऊपर से लेआउट उतर रहे हैं।
Speaker 2: यह कौन से लिंक आईडी में आता है?
Speaker 1: यह अपना पी5पी3 और पी5 में आता है।
Speaker 2: यह बीच में है?
Speaker 1: हां, पी3 का अड़तालीस मीटर बज रहा है।
Speaker 2: हां।
Speaker 1: उसके बाद पी5 स्टार्ट हो जाना।
Speaker 2: तो पी5 में फिर पूरा ही बचा। कितना बचा है पी5 में?
Speaker 1: वहां पर पी5 मान लीजिए पी3 का अड़तालीस में माइनस कर दीजिए अस्सी मीटर में से।
Speaker 2: ठीक है। और क्या है?
Speaker 1: और पी7 पर पी6 पर ही कुछ गैप है?
Speaker 2: पी6 में नहीं है गैप।
Speaker 1: पी6 में एक भी गैप नहीं है, कुछ नहीं है।
Speaker 2: हां। पी7 में एक है ना जो बता रहे हो?
Speaker 1: पी7 में तीन गैप हैं।
Speaker 2: हां, और पी6 में?
Speaker 1: एक भी नहीं है। हां, पी6 में गैप नहीं है।
Speaker 2: हां।"
35,"Speaker 1: Hello. हां
Speaker 2: sir, good morning sir.
Speaker 1: कहां हो सेठ?
Speaker 2: गोविंद घर जा रहा था बोलन जी.
Speaker 1: यह बताओ अभी P 6 में कितना gap है?
Speaker 2: Gate भी नहीं है.
Speaker 1: वह दो तीन meter जो था हो गया canal वाला.
Speaker 2: P 6 में कहां है कोई दिक्कत? P 6 में कोई gap नहीं है.
Speaker 1: कोई gap नहीं है?
Speaker 2: T 7 में, p 6 का?
Speaker 1: P 7 में कितना है?
Speaker 2: T 7 में एक एक तीन था तो एक खत्म हो गया, दूसरा खत्म होने वाला है, तीसरा आप लगाएंगे. तीन
Speaker 1: gas के बाद. तो अभी कितना बचा है दो मिला करके?
Speaker 2: मतलब एक बचा है, एक under progress.
Speaker 1: एक तो पूरा बचा है, तो एक जो बचा है वह कितने का है?
Speaker 2: पूरा कोई ना बचा है sir. कितना
Speaker 1: बचा है वही तो पुछ रहा हूं पीछे 1 में कोई कितना करता है?
Speaker 2: हां, room leader तो लिखना है आज तक यह वाला. 48 meter का होगा वह वाला डाल रहा था, डाल दिया था pipe. हां. बाकी थोड़ा सा बचा तो छोड़कर चलो. Full year का आपको
Speaker 1: दे दो, तो साठ तो
Speaker 2: यह एक बचा है एक under progress में है.
Speaker 1: साठ सत्तर meter लिख लिए, है
Speaker 2: ना? हां हां. खत्म हो जाएगा लगभग सोच के.
Speaker 1: Gap, gap और p 6 में तो कुछ है नहीं तुम बता रहे हो, है ना?
Speaker 2: P 6 में कुछ नहीं है, यह तो कुछ है अपनी है p 5 में है.
Speaker 1: P 5 में कितना है?
Speaker 2: यह road crossing है, गोविंद नगर वाला
Speaker 1: हां.
Speaker 2: और वह canal crossing
Speaker 1: है. Canal crossing होगी सौ meter के आस पास, है ना?
Speaker 2: नहीं नहीं सौ meter कोई नहीं है. Road crossing आपको साठ सत्तर meter होगी. हां. Canal crossing मतलब तीन pipe का था तो turn करके वह alignment change करके ले जाएंगे तो वह भी हो जाएगी साठ meter से. सीधा जाते हैं alignment के हिसाब से तो छत्तीस meter.
Speaker 1: तो वही साठ चालीस इसको मान लेते हैं, साठ उसको सौ meter मान लेते हैं, है ना? एक p p पांच में सौ meter.
Speaker 2: और क्या कि p 5 में और क्या आपका close हो गया?
Speaker 1: ज़्यादा ही डल जाएगा p 5. है ना अभिषेक p 5 में ज़्यादा ही length हो जाएगी ना?
Speaker 2: ज़्यादा length ज़्यादा ही है sir. हां हां ज़्यादा ही है. पांच छह सौ meter length ज़्यादा ही है.
Speaker 1: अच्छा अच्छा.
Speaker 2: Drawing से.
Speaker 1: हां और p 3 बताओ?
Speaker 2: P 3? हां? P 3
Speaker 1: देखते हो?
Speaker 2: P3P3 से p 5 आता है ऐसे.
Speaker 1: हां हां, p 3, तो p 3 नहीं देखते, है ना? B
Speaker 2: 3 अपना PNDR वाला था छोले forest. हां हां
Speaker 1: दूसरा स्थान देखते हैं हमारे देखने में.
Speaker 2: यह p
Speaker 1: दो सौ अठानवे देखते हो क्या? 90 वाला जो जा रहा है Di डलनी थी यह तुम नहीं देख रहे हैं ना दीपक देख रहा है?
Speaker 2: नहीं देखते. आज 90 तक कहीं तो close कर रहा हूं ना. अच्छा. खत्म करना है जल्दी से.
Speaker 1: ठीक ठीक, समझ गया.","Speaker 1: नमस्ते।
Speaker 2: सर, गुड मॉर्निंग सर।
Speaker 1: कहां हो सेठ?
Speaker 2: गोविंद घर जा रहा था बोलन जी।
Speaker 1: यह बताओ अभी P 6 में कितना गैप है?
Speaker 2: गेट भी नहीं है।
Speaker 1: वह दो तीन मीटर जो था हो गया कैनाल वाला।
Speaker 2: P 6 में कहां है कोई दिक्कत? P 6 में कोई गैप नहीं है।
Speaker 1: कोई गैप नहीं है?
Speaker 2: T 7 में, P 6 का?
Speaker 1: P 7 में कितना है?
Speaker 2: T 7 में एक एक तीन था तो एक खत्म हो गया, दूसरा खत्म होने वाला है, तीसरा आप लगाएंगे। तीन।
Speaker 1: गैस के बाद। तो अभी कितना बचा है दो मिला करके?
Speaker 2: मतलब एक बचा है, एक अंडर प्रोग्रेस।
Speaker 1: एक तो पूरा बचा है, तो एक जो बचा है वह कितने का है?
Speaker 2: पूरा कोई ना बचा है सर। कितना?
Speaker 1: बचा है वही तो पूछ रहा हूं पीछे 1 में कोई कितना करता है?
Speaker 2: हां, रूम लीडर तो लिखना है आज तक यह वाला। 48 मीटर का होगा वह वाला डाल रहा था, डाल दिया था पाइप। हां। बाकी थोड़ा सा बचा तो छोड़कर चलो। फुल ईयर का आपको।
Speaker 1: दे दो, तो साठ तो?
Speaker 2: यह एक बचा है एक अंडर प्रोग्रेस में है।
Speaker 1: साठ सत्तर मीटर लिख लिए, है।
Speaker 2: ना? हां हां। खत्म हो जाएगा लगभग सोच के।
Speaker 1: गैप, गैप और P 6 में तो कुछ है नहीं तुम बता रहे हो, है ना?
Speaker 2: P 6 में कुछ नहीं है, यह तो कुछ है अपनी है P 5 में है।
Speaker 1: P 5 में कितना है?
Speaker 2: यह रोड क्रॉसिंग है, गोविंद नगर वाला।
Speaker 1: हां।
Speaker 2: और वह कैनाल क्रॉसिंग।
Speaker 1: है। कैनाल क्रॉसिंग होगी सौ मीटर के आसपास, है ना?
Speaker 2: नहीं नहीं सौ मीटर कोई नहीं है। रोड क्रॉसिंग आपको साठ सत्तर मीटर होगी। हां। कैनाल क्रॉसिंग मतलब तीन पाइप का था तो टर्न करके वह अलाइनमेंट चेंज करके ले जाएंगे तो वह भी हो जाएगी साठ मीटर से। सीधा जाते हैं अलाइनमेंट के हिसाब से तो छत्तीस मीटर।
Speaker 1: तो वही साठ चालीस इसको मान लेते हैं, साठ उसको सौ मीटर मान लेते हैं, है ना? एक P P पांच में सौ मीटर।
Speaker 2: और क्या कि P 5 में और क्या आपका क्लोज हो गया?
Speaker 1: ज़्यादा ही डल जाएगा P 5। है ना अभिषेक P 5 में ज़्यादा ही लेंथ हो जाएगी ना?
Speaker 2: ज़्यादा लेंथ ज़्यादा ही है सर। हां हां ज़्यादा ही है। पांच छह सौ मीटर लेंथ ज़्यादा ही है।
Speaker 1: अच्छा अच्छा।
Speaker 2: ड्रॉइंग से।
Speaker 1: हां और P 3 बताओ?
Speaker 2: P 3? हां? P 3।
Speaker 1: देखते हो?
Speaker 2: P3P3 से P 5 आता है ऐसे।
Speaker 1: हां हां, P 3, तो P 3 नहीं देखते, है ना?
Speaker 2: 3 अपना PNDR वाला था छोले फॉरेस्ट। हां हां।
Speaker 1: दूसरा स्थान देखते हैं हमारे देखने में।
Speaker 2: यह P।
Speaker 1: दो सौ अठानवे देखते हो क्या? 90 वाला जो जा रहा है डलनी थी यह तुम नहीं देख रहे हैं ना दीपक देख रहा है?
Speaker 2: नहीं देखते। आज 90 तक कहीं तो क्लोज कर रहा हूं ना। अच्छा। खत्म करना है जल्दी से।
Speaker 1: ठीक ठीक, समझ गया।"
36,"Speaker 1: कैसे गुरु क्या हाल चाल?
Speaker 2: जेसा, जेसा. का है? ठीक है bill देना शाम तक पहुंच जाओ.
Speaker 1: का बताओ रे bill
Speaker 2: पे? पता नहीं भाई
Speaker 1: यार. करें?
Speaker 2: जैसे वह criteria रख रहे हो कि तो थोड़ा ध्यान तो नहीं है बाहर बनकर मेहर वाली हद लगाए थे. हां. मतलब कुछ और लगता है कि लगाए सका थमा. हां. तो हमसे कहते कि 0 0 चाहिए.
Speaker 1: हां.
Speaker 2: धीरे धीरे तो नहीं
Speaker 1: हो पाएगा.
Speaker 2: हां. हां. देखा है हम GPL का पता लगा कि है जब दिल भेजी हूं हमको तब जाना तो लगा इनके नहीं लग रहा है.
Speaker 1: हां. जो communication work के हिसाब से नहीं मिलेगा?
Speaker 2: तो communication work के हिसाब से नहीं था काम.
Speaker 1: तो group काम कैसा चली? अपन हुआ है सोच रहे
Speaker 2: हैं. कैसा
Speaker 1: काम? अपन वाला. संतलाल हूं परेशान है पैसा पैसा पैसा.
Speaker 2: पैसा वाला. हां बताएं आज भी और हम पी हैं बहन में सब लग जाए कभी उनकी request करा उनसे नहीं किया. हां. पचास साठ हज़ार बना मतलब रोज़ जी काम करके तो हो ही जी.
Speaker 1: Time पचास साठ हज़ार दस साला तो वहां थोड़ी ना हुई, तो वह भी तो वहां input लगा
Speaker 2: हुई ना. अरे, input लगा हुई थी जहां पहले मिली है या फिर आत्मा है कि अभी क्या अगले महीना तुम complete करवाओ, कहां करें? तुम तो बहुत बचा है बस सात आठ तारीख को. सात आठ का? सात आठ तारीख को अगले महीना का.
Speaker 1: मिलकर time
Speaker 2: हुआ. मिलकर time हुआ. हां. कहां कह रहे हैं संतला पैसा पैसा है?
Speaker 1: हां.
Speaker 2: कहां आवाज़ नहीं भेजी ना मैंने.
Speaker 1: यार उनके लिए भी नहीं बिगाड़ सकते. गुरु यह हम आदमी बुलाए थे काम थोड़ी ना हो गई है. आदमी बुलाओ घर में थोड़ी ना हो जाता है उनका भी पैसा दी है पड़ी फिर सौठे पंचायतो झेले पड़ी, फिर भी हमे कुछ संभव नहीं है. चल रहा काम नाम बंद है.
Speaker 2: हैं? कहां का है?
Speaker 1: काम नाम चल रहा है कि बंद है.
Speaker 2: कहां?
Speaker 1: नहीं बढ़िया.
Speaker 2: चल रहा है वह इकट्ठा खो जाए.
Speaker 1: हां, सही बात.
Speaker 2: अब सबसे एक आ रहा है दूसरा जो है खुद बाबा. हम कहे ना चले गए तो वहां खुद हींक गए उसके बाद में खुद हींक गए. हां. और बताओ बताऊं.
Speaker 1: हां वही cut रहा था नौकरी में बहुत राजनीति चल
Speaker 2: रही है वह.
Speaker 1: हां. कौरवों कई सब ऐसा ही चल रहा था. नौकरी में, विनोबाड़ी तक के दादी तक तुरंत बंद हुई थी. कितना धुपे में बगल पर show नहीं है कोई? हैं?
Speaker 2: धोखे में नहीं बगल पर है. तो फिर दृष्टि वाला matter solve हो?
Speaker 1: बात की है ना एक जन से. हैं? बात की है ना एक जन से. अस्सी. एक जन से बात की है ना बात की है ना एक जन से.
Speaker 2: कहता हूं कहे percent में कहीं नहीं तीन percent हुआ?
Speaker 1: चार percent.
Speaker 2: चार percent. अगर जो अट्ठारह percent वहां से मिला है, वो तो चार percent हुआ हो जी, बात हो जी, है ना?
Speaker 1: हां, बाकी पांच सौ रूपया GST जमा कराई.
Speaker 2: हां?
Speaker 1: पांच सौ रूपया GST जमा कराई.
Speaker 2: हां हां जी. जी. एक लाख में चार हज़ार रूपया GST कहेगी.
Speaker 1: हां. और एक तो कह रहे.
Speaker 2: हैं?
Speaker 1: कह ही रहा बनाई. हां?
Speaker 2: GST पहले वह भरे परी भी zone खा रहे हैं.
Speaker 1: हां. जब भी हम तो पहले GST दें तभी GST हम का report
Speaker 2: करेंगे. हां.
Speaker 1: गाहो कही कुछ वो अच्छी news है उतनी नहीं है आना.","Speaker 1: कैसे गुरु क्या हाल चाल?
Speaker 2: जेसा, जेसा. का है? ठीक है बिल देना शाम तक पहुंच जाओ।
Speaker 1: का बताओ रे बिल?
Speaker 2: पे? पता नहीं भाई।
Speaker 1: यार. करें?
Speaker 2: जैसे वह क्राइटेरिया रख रहे हो कि तो थोड़ा ध्यान तो नहीं है बाहर बनकर मेहर वाली हद लगाए थे. हां. मतलब कुछ और लगता है कि लगाए सका थमा. हां. तो हमसे कहते कि 0 0 चाहिए।
Speaker 1: हां।
Speaker 2: धीरे धीरे तो नहीं
Speaker 1: हो पाएगा।
Speaker 2: हां. हां. देखा है हम GPL का पता लगा कि है जब दिल भेजी हूं हमको तब जाना तो लगा इनके नहीं लग रहा है।
Speaker 1: हां. जो कम्युनिकेशन वर्क के हिसाब से नहीं मिलेगा?
Speaker 2: तो कम्युनिकेशन वर्क के हिसाब से नहीं था काम।
Speaker 1: तो ग्रुप काम कैसा चली? अपन हुआ है सोच रहे
Speaker 2: हैं. कैसा?
Speaker 1: काम? अपन वाला. संतलाल हूं परेशान है पैसा पैसा पैसा।
Speaker 2: पैसा वाला. हां बताएं आज भी और हम पी हैं बहन में सब लग जाए कभी उनकी रिक्वेस्ट करा उनसे नहीं किया. हां. पचास साठ हज़ार बना मतलब रोज़ जी काम करके तो हो ही जी।
Speaker 1: टाइम पचास साठ हज़ार दस साला तो वहां थोड़ी ना हुई, तो वह भी तो वहां इनपुट लगा
Speaker 2: हुई ना. अरे, इनपुट लगा हुई थी जहां पहले मिली है या फिर आत्मा है कि अभी क्या अगले महीना तुम कम्प्लीट करवाओ, कहां करें? तुम तो बहुत बचा है बस सात आठ तारीख को. सात आठ का? सात आठ तारीख को अगले महीना का।
Speaker 1: मिलकर टाइम
Speaker 2: हुआ. मिलकर टाइम हुआ. हां. कहां कह रहे हैं संतला पैसा पैसा है?
Speaker 1: हां।
Speaker 2: कहां आवाज़ नहीं भेजी ना मैंने।
Speaker 1: यार उनके लिए भी नहीं बिगाड़ सकते. गुरु यह हम आदमी बुलाए थे काम थोड़ी ना हो गई है. आदमी बुलाओ घर में थोड़ी ना हो जाता है उनका भी पैसा दी है पड़ी फिर सौठे पंचायतो झेले पड़ी, फिर भी हमे कुछ संभव नहीं है. चल रहा काम नाम बंद है।
Speaker 2: हैं? कहां का है?
Speaker 1: काम नाम चल रहा है कि बंद है।
Speaker 2: कहां?
Speaker 1: नहीं बढ़िया।
Speaker 2: चल रहा है वह इकट्ठा खो जाए।
Speaker 1: हां, सही बात।
Speaker 2: अब सबसे एक आ रहा है दूसरा जो है खुद बाबा. हम कहे ना चले गए तो वहां खुद हींक गए उसके बाद में खुद हींक गए. हां. और बताओ बताऊं।
Speaker 1: हां वही कट रहा था नौकरी में बहुत राजनीति चल
Speaker 2: रही है वह।
Speaker 1: हां. कौरवों कई सब ऐसा ही चल रहा था. नौकरी में, विनोबाड़ी तक के दादी तक तुरंत बंद हुई थी. कितना धुपे में बगल पर शो नहीं है कोई? हैं?
Speaker 2: धोखे में नहीं बगल पर है. तो फिर दृष्टि वाला मैटर सॉल्व हो?
Speaker 1: बात की है ना एक जन से. हैं? बात की है ना एक जन से. अस्सी. एक जन से बात की है ना बात की है ना एक जन से।
Speaker 2: कहता हूं कहे परसेंट में कहीं नहीं तीन परसेंट हुआ?
Speaker 1: चार परसेंट।
Speaker 2: चार परसेंट. अगर जो अट्ठारह परसेंट वहां से मिला है, वो तो चार परसेंट हुआ हो जी, बात हो जी, है ना?
Speaker 1: हां, बाकी पांच सौ रुपया जीएसटी जमा कराई।
Speaker 2: हां?
Speaker 1: पांच सौ रुपया जीएसटी जमा कराई।
Speaker 2: हां हां जी. जी. एक लाख में चार हज़ार रुपया जीएसटी कहेगी।
Speaker 1: हां. और एक तो कह रहा।
Speaker 2: हैं?
Speaker 1: कह ही रहा बनाई. हां?"
File Index,Raw Input (ASR),Processed Output (AI)
1,"Speaker 1: जी sir good evening.
Speaker 2: हां good evening.
Speaker 1: मैं आलोक मिश्राबाद से डाल रहा था जल निगम से.
Speaker 2: जी जी बताएं धन्यवाद.
Speaker 1: Sir अभी PS sir ने हमको बताया था कि वहां पांचवीं में फिर school में है
Speaker 2: क्या sir अपनी तरफ से? Rising main का school फिर बहुत दिन से दो तीन साल टूटा हुआ है. मैं यहां counter के लिए बैठे हुए
Speaker 1: हैं. नहीं sir वह rising main का जो issue था sir वह हमारे द्वारा पूरा बना दिया गया था.
Speaker 2: नहीं नहीं नहीं बनाया गया ना DBL लेआउट DBL से ही बात कर रहे हैं?
Speaker 1: नहीं नहीं sir मैं जलिगम से बात कर रहा हूं. DBL हमारा कौन से
Speaker 2: teacher है. जी जी जी.
Speaker 1: रुकिए आप. तो बंद कर रहे हैं
Speaker 2: क्या? द्विवेदी जी. हां बात. Please friend बात कीजिए जाती है हम. Hello.
Speaker 3: Hello.
Speaker 1: द्विवेदी जी आलोक मिश्रा बात कर रहे हैं?
Speaker 3: हां लेआउट बताएगा कि और थोड़ा थोड़ा सा जुड़वा दे अब पानी चलाएगी थे तो पानी के पता ही नहीं ला गए कि sir ना ऊपर ना भरे नीचे जाए.
Speaker 1: अरे सब जुड़ गया है द्विवेदी जी अपना एक बार side में दे, ऊंचा अपन एक आदमी ही पानी चलाओ कहीं. हां. उनसे एक way देखो आप कुछ पा दीजिए.
Speaker 3: एक काम एक काम करी मिश्रा जी.
Speaker 2: हां
Speaker 3: हां. आप जाकर खूब चलवाओ motor. उसको हम form कर देते हैं. अगर
Speaker 1: पानी निकल जाए. नहीं तो नहीं तो दे दीजिए एक combined के लिए थे.
Speaker 3: दोनों दोनों motor चलाता है और पानी का पता नहीं चलता कि कहां जा रहा है.
Speaker 1: तो अब leakage जब तक ना मिली तो सुई स्व सोची कैसा बना बाजे ना.
Speaker 3: हां तो वही
Speaker 1: बात कही थी मान लीजिए चले अपना कहे थे कि पानी चला हुआ जाता है पता नहीं चल रहा कहां पानी जा रहा. हां. तो वह condition वह leakage भी नहीं पता चल पा रहा.
Speaker 3: हां तो leakage पता चल नहीं नहीं जब पूरी pipeline समाप्ता है.
Speaker 2: नहीं नहीं जमाता है जब उसको. नहीं समाप्त किया द्विवेदी जी
Speaker 1: भरोसा मानी सगाई pipe line अपना की जुड़वा देंगे ही.
Speaker 3: अरे जब डली है तो उसके ऊपर है डली है राजिम में.
Speaker 1: हां डली ही है अब बनवाए हूं देंगे ही वह. मतलब जो वह लोग बाग बनाकर आदमी है ना वह अपना उससे बात कर ली एक भी.
Speaker 3: अरे हम बात फूंक गए हैं ना हम हमेशा तो वह हमारे संपर्क में रहा था. वह बता रहा था कि आज आए बना रहा है अब बनाए बनाए नहीं. जब ok ऊपर गए हैं तब कहां ठे फ़ट रही है या खुदा नहीं पता चला है. हम हमारे पास photo है Jackson line डली है.
Speaker 1: नहीं photo ही हमारे पास ज़िंदगी बनवा गए थे photo ही वे. हम अगला नहीं कि जब बदल के लिए तो कहीं एक
Speaker 3: जगह हो एक जगह हो तब ना जब बुरी बुरी हो जाए तो कसकर हुई photo.
Speaker 1: नहीं पूरा through off बनवा गए थे photo ही वे हमारे पास. पूरी lineएं हम डलवा दे रहे हैं. हम रोसा मन में निकल गए हैं.
Speaker 3: हमें साहब से बात कराई थी उनका. ओ कर. अब भाई ने बात
Speaker 1: कराई थी. हां हम रो कर लो. बिल्कुल बिल्कुल हम रो करवाएं हम वहां थोड़ा बात के लिए.
Speaker 2: हां बिल्कुल कुछ समझ में आ रहा है क्या बता रहे हैं?
Speaker 1: हां sir यह जो बता रहे हैं sir यह पहले वन गया था हमारे द्वारा. हां.
Speaker 2: नहीं तो एक बार चालू करवा दीजिए एक बार अपनी team को भेज दीजिए वह चालू कर दें तुम्हें clear हो जाए. आपको बना अगर है तो कोई दिक्कत नहीं छोटे मोटे कोई issue होगा.
Speaker 1: बिल्कुल बिल्कुल बिल्कुल sir.
Speaker 2: Main अपने का result चाहिए result आ जाए जैसे भी आ जाए फिर हम क्यों बोलेंगे कि टूटा है, है ना?
Speaker 1: नहीं sir वह issue sir यह है जहां से sir इनका जैसे अपना bore है ना जो sir. हां. वह sir जो tapping point होता है sir हां. वहीं पर कुछ leakage था. मतलब sir जो line हमारे इनके line के जो हमारी line से parallel डली थी ना.
Speaker 2: ऐसा कुछ होगा तो पांच दस meter आगे अपन आगे एक मतलब check कर लेंगे काट के कि हां ऐसा है कुछ ना तो जोड़ के. हां. समझ में आ जाएं?
Speaker 1: बिल्कुल बिल्कुल sir. बिल्कुल sir वही चीज़ sir मैंने आपको. वही मतलब
Speaker 2: आप अपनी team को थोड़ा यह चीज़ clear करा के पानी clear करा दो कहां से क्या दिक्कत है? फिर हम देख लेंगे.
Speaker 1: Sir निवेदन sir यह था कि अगर द्विवेदी जी भी sir चल लेते हैं तो वहीं पर साथ साथ देख चुके clear हो जाता.
Speaker 2: वह चल देंगे और सब clear हो जाता बल्कि बोल गई तो मैं भी चलूंगा tiffin चलूंगा. जी
Speaker 1: sir. तो
Speaker 2: हो सकता है दो तीन दिन के अंदर चलते हैं मैं भी चलता हूं आपको phone लगा कर. जी जी जी. ठीक है ना? ठीक है sir. ठीक है. Ok.","Speaker 1: जी सर, शाम को नमस्कार।
Speaker 2: हां, शाम को नमस्कार।
Speaker 1: मैं जल निगम से बात कर रहा था।
Speaker 2: जी जी, बताएं, धन्यवाद।
Speaker 1: सर, अभी पीएस सर ने हमें बताया था कि वहां पांचवीं में फिर स्कूल में है।
Speaker 2: क्या सर अपनी तरफ से? राइजिंग मेन का स्कूल फिर बहुत दिन से दो तीन साल टूटा हुआ है। मैं यहां काउंटर के लिए बैठे हुए हूं।
Speaker 1: हां, नहीं सर, वह राइजिंग मेन का जो मुद्दा था, सर वह हमारे द्वारा पूरा बना दिया गया था।
Speaker 2: नहीं नहीं नहीं, बनाया गया ना? डीबीएल लेआउट डीबीएल से ही बात कर रहे हैं?
Speaker 1: नहीं नहीं सर, मैं जल निगम से बात कर रहा हूं। डीबीएल हमारा कौन सा?
Speaker 2: तीचर है। जी जी जी।
Speaker 1: रुकिए आप, तो बंद कर रहे हैं?
Speaker 2: क्या? द्विवेदी जी। हां बात। प्लीज़ फ्रेंड बात कीजिए जाती है हम। हेलो।
Speaker 1: हेलो।
Speaker 1: द्विवेदी जी आलोक मिश्रा बात कर रहे हैं?
Speaker 1: हां, लेआउट बताएगा कि और थोड़ा थोड़ा सा जुड़वा दे अब पानी चलाएगी थे तो पानी के पता ही नहीं ला गए कि सर ना ऊपर ना भरे नीचे जाए।
Speaker 1: अरे सब जुड़ गया है द्विवेदी जी, अपना एक बार साइड में दे, ऊंचा अपन एक आदमी ही पानी चलाओ कहीं। हां, उनसे एक वे देखो आप कुछ पा दीजिए।
Speaker 1: एक काम एक काम करी मिश्रा जी।
Speaker 2: हां।
Speaker 1: हां, आप जाकर खूब चलवाओ मोटर। उसको हम फॉर्म कर देते हैं। अगर पानी निकल जाए।
Speaker 1: नहीं तो नहीं तो दे दीजिए एक कंबाइंड के लिए थे।
Speaker 1: दोनों दोनों मोटर चलाता है और पानी का पता नहीं चलता कि कहां जा रहा है।
Speaker 1: तो अब लीकेज जब तक ना मिली तो सुई स्व सोची कैसा बना बाजे ना।
Speaker 1: हां तो वही।
Speaker 1: बात कही थी मान लीजिए चले अपना कहे थे कि पानी चला हुआ जाता है पता नहीं चल रहा कहां पानी जा रहा। हां, तो वह कंडीशन वह लीकेज भी नहीं पता चल पा रहा।
Speaker 1: हां तो लीकेज पता चल नहीं नहीं जब पूरी पाइपलाइन समाप्त हो।
Speaker 2: नहीं नहीं जमाता है जब उसको। नहीं समाप्त किया द्विवेदी जी।
Speaker 1: भरोसा मानी सगाई पाइप लाइन अपना की जुड़वा देंगे ही।
Speaker 1: अरे जब डली है तो उसके ऊपर है डली है राजिम में।
Speaker 1: हां डली ही है अब बनवाए हूं देंगे ही वह। मतलब जो वह लोग बाग बनाकर आदमी है ना वह अपना उससे बात कर ली एक भी।
Speaker 1: अरे हम बात फूंक गए हैं ना हम हमेशा तो वह हमारे संपर्क में रहा था। वह बता रहा था कि आज आए बना रहा है अब बनाए बनाए नहीं। जब ओके ऊपर गए हैं तब कहां ठे फट रही है या खुदा नहीं पता चला है। हम हमारे पास फोटो है जैक्सन लाइन डली है।
Speaker 1: नहीं फोटो ही हमारे पास जिंदगी बनवा गए थे फोटो ही वे। हम अगला नहीं कि जब बदल के लिए तो कहीं एक।
Speaker 1: जगह हो एक जगह हो तब ना जब बुरी बुरी हो जाए तो कसकर हुई फोटो।
Speaker 1: नहीं पूरा थ्रू ऑफ बनवा गए थे फोटो ही वे हमारे पास। पूरी लाइनें हम डलवा दे रहे हैं। हम रोसा मन में निकल गए हैं।
Speaker 1: हमें साहब से बात कराई थी उनका। ओ कर। अब भाई ने बात कराई थी।
Speaker 1: हां हम रो कर लो। बिल्कुल बिल्कुल हम रो करवाएं हम वहां थोड़ा बात के लिए।
Speaker 2: हां बिल्कुल कुछ समझ में आ रहा है क्या बता रहे हैं?
Speaker 1: हां सर यह जो बता रहे हैं सर यह पहले वान गया था हमारे द्वारा। हां।
Speaker 2: नहीं तो एक बार चालू करवा दीजिए एक बार अपनी टीम को भेज दीजिए वह चालू कर दें तुम्हें क्लियर हो जाए। आपको बना अगर है तो कोई दिक्कत नहीं छोटे मोटे कोई इश्यू होगा।
Speaker 1: बिल्कुल बिल्कुल बिल्कुल सर।"
2,"Speaker 1: हां तिवारी जी बताएं.
Speaker 2: जी प्रणाम.
Speaker 1: प्रणाम प्रणाम बताएं.
Speaker 2: कहां हो रहा?
Speaker 1: कुछ नहीं बस सही से, सही देखे जाते
Speaker 2: हैं ना office के ही बताई? सब में तो है हम.
Speaker 1: हैं ना अभी हम यह आलू ही district.
Speaker 2: अच्छा यह
Speaker 1: बताइए. हां.
Speaker 2: यह 76
Speaker 1: में. डूबी.
Speaker 2: जो हम पहले खड़ा रहा डूबी में.
Speaker 1: हां.
Speaker 2: तो वह का करे का है कि नहीं करे
Speaker 1: का? तो का ही नहीं करे, तो क्या दिक्कत आ रही?
Speaker 2: दिक्कत क्या आई थी कि पहले से वह अपनी dream डाली.
Speaker 1: हां.
Speaker 2: अब वह कहां लाए? अपना कि BBA के वहीं वहीं हां वहीं में जब
Speaker 1: हैं. हां.
Speaker 2: का आलमबढ़ा के अस्सी grade slab correct है.
Speaker 1: ठीक है. कहीं इधर बहुत
Speaker 2: दिक्कत
Speaker 1: है. हैं? Offer dying approval नहीं वह. Offer payment जल निगम से ना हुई but तो TBL site अपने दे ही दे.
Speaker 2: तो मतलब हम कह दे तो फिर बाद में काम वह दिक्कत तो नहीं?
Speaker 1: काम दिक्कत अब ऐसा है कि हमारे पतेन case के ऊपर approval नहीं आए.
Speaker 2: हां.
Speaker 1: मतलब जल निगम का मौका approve नहीं किया लेकिन DBL अपने level पर तो काम करी ना भाई approval की वजह से काम करना रोकी. हां. समझ रहे हैं ना बात वहां? हां. लेआउट चीज़. अगर हमसे पुछा तो हमारे हिसाब से तो इसलिए ग़लत है क्योंकि अभी ऊपर drawing नहीं approve हुआ है. Drawing approve वह खाली जो अपना काम कह रहे हैं नवेद. हां. या चीज़.
Speaker 2: कफेरूम RFI वगैरह तो ना Delhi ना.
Speaker 1: लेआउट? हां. RFI दिल्ली और reject हुई reinspection की गई. हां. जब उनका drawing approve हुई तब से होकर थे money reject करा NDTV वगैरह के लिए. हां. वह हिसाब से. Process तब है रही, लेकिन अभी उठा मतलब accept ना कीजिए. हां. या ओम offer या कुछ भी हो जाए.
Speaker 2: तो हम का तो काम कारण दिक्कत ना हुई ना?
Speaker 1: बताएं ना कि हमारे कैसे जन निगम से ऊपर payment ना हुई. DBL अपना तो दयशकती अपना अपने level पर बात कर लेआउट कि साहब हम काम करे तो हम का पैसा देख कि ना दे हम आते ना फंसा देख. हां. यह अपना बात कर ले यह. भैया बात है यह काम कैसे दे. भाई यह कह के ना फंसा दे कि भाई हम, उनका तो मिली है क्योंकि. हां. जब उनका ना मिली तो उनका service कैसा कह दे कि हम का जल निगम से नहीं मिला तो हम अपन का पैसा दे दे. तो यह अपना उनसे clear कहकर बात के लिए कि भाई हमें ही अपना को मिले चाहे मिले, हां मिली कि ना मिली वह हम कब बताए. यह बात हम
Speaker 2: कहें कि थोड़ा मिश्रा जी समझ ही ले कि आगे हिम्मत पा रहे हैं.
Speaker 1: ऐसे कि हमें नहीं कहूंगा. नहीं नहीं, कौवे दिक्कत नहीं. कौवे दिक्कत नहीं.
Speaker 2: चलो ठीक है.","Speaker 1: हां तिवारी जी बताएं।
Speaker 2: जी प्रणाम।
Speaker 1: प्रणाम। बताएं।
Speaker 2: कहां हो रहा है काम?
Speaker 1: कुछ नहीं, बस सही से देखा जा रहा है।
Speaker 2: हां, ऑफिस के ही बताया था न? हम सब में ही है।
Speaker 1: हां, अभी हम यहीं हैं, जिले में।
Speaker 2: अच्छा, यह क्या हो रहा है?
Speaker 1: बताइए।
Speaker 2: यह 76 में डूबी हुई है।
Speaker 1: में क्या हुआ?
Speaker 2: जो हम पहले खड़ा रहा था, वह डूबी में है।
Speaker 1: हां।
Speaker 2: तो वह क्या करे? क्या करे कि नहीं करे?
Speaker 1: क्या? तो क्या ही नहीं करे, तो क्या दिक्कत आ रही है?
Speaker 2: दिक्कत क्या है कि पहले से वह अपनी ड्रीम डाली थी।
Speaker 1: हां।
Speaker 2: अब वह कहां लाए? अपना क्या है कि BBA के वहीं वहीं है।
Speaker 1: हां।
Speaker 2: का आलमबढ़ा के अस्सी ग्रेड स्लैब सही है।
Speaker 1: ठीक है। कहीं इधर बहुत दिक्कत है।
Speaker 2: दिक्कत है।
Speaker 1: हां। ऑफर डाइंग अप्रूवल नहीं है। ऑफर पेमेंट जल निगम से नहीं हुई, लेकिन TBL साइट अपने दे देगा।
Speaker 2: तो मतलब हम कह दें तो फिर बाद में काम में दिक्कत तो नहीं?
Speaker 1: काम में दिक्कत अब ऐसा है कि हमारे पेटेन केस के ऊपर अप्रूवल नहीं आया।
Speaker 2: हां।
Speaker 1: मतलब जल निगम का मौका अप्रूव नहीं किया, लेकिन DBL अपने लेवल पर तो काम कर रही ना भाई, अप्रूवल की वजह से काम करना रोका। हां, समझ रहे हैं ना बात? हां, लेआउट चीज़। अगर हमसे पूछा तो हमारे हिसाब से तो इसलिए गलत है क्योंकि अभी ऊपर ड्रॉइंग अप्रूव नहीं हुआ है।
Speaker 2: कफेरूम RFI वगैरह तो ना दिल्ली में है।
Speaker 1: लेआउट? हां, RFI दिल्ली में और रिजेक्ट हुई, रीइंस्पेक्शन की गई। हां, जब उनका ड्रॉइंग अप्रूव हुआ तब से होकर थे मानी रिजेक्ट करा NDTV वगैरह के लिए। हां, वह हिसाब से। प्रोसेस तब है रही, लेकिन अभी उठा मतलब एक्सेप्ट ना कीजिए। हां, या ओम ऑफर या कुछ भी हो जाए।
Speaker 2: तो हमारे काम में कारण दिक्कत नहीं हुई ना?
Speaker 1: बताएं ना कि हमारे कैसे जन निगम से ऊपर पेमेंट नहीं हुई। DBL अपना तो देख सकती है अपने लेवल पर बात कर ले कि साहब हम काम करें तो हम का पैसा देख कि ना दे हम आते ना फंसा देख। हां, यह अपना बात कर ले यह। भैया बात है यह काम कैसे दे। भाई यह कह के ना फंसा दे कि भाई हम, उनका तो मिली है क्योंकि। हां, जब उनका ना मिली तो उनका सर्विस कैसा कह दे कि हम का जल निगम से नहीं मिला तो हम अपना पैसा दे दे। तो यह अपना उनसे क्लियर कहकर बात के लिए कि भाई हमें ही अपना को मिले चाहे मिले, हां मिली कि ना मिली वह हम कब बताए। यह बात हम।
Speaker 2: कहें कि थोड़ा मिश्रा जी समझ ही ले कि आगे हिम्मत पा रहे हैं।
Speaker 1: ऐसे कि हमें नहीं कहूंगा। नहीं नहीं, कौवे दिक्कत नहीं। कौवे दिक्कत नहीं।
Speaker 2: चलो ठीक है।"
3,"Speaker 1: Hello hello. जी मिश्रा जी मैं आलोक मिश्रा बात कर रहा था जी जी. Jalgam से. जी. आलोक मिश्रा बात कर रहा था मध्य प्रदेश Jalnam पर यादव से. हां भईया. आपने CM helpline की थी? कहां के लिए? किया था आपने कुछ जितोही में पानी वानी आपको नहीं मिल रहा है. पानी की थी? हां. हां किए थे. क्या दिक्कत आ रही है? नहीं पानी तो motor दिक्कत थी. हां. मोटा तो पड़ गई है भईया. तो फिर शिकायत बंद करवा दीजिए. तो हम बंद करवा देंगे ना क्या दिक्कत? तो एक OTP भिजवाता हूं मैं बता दीजिएगा. ठीक हैं. ठीक हैं ना. ठीक है मैं भिजवाता हूं इसी number पर. ठीक है.","Speaker 1: नमस्ते, मैं आलोक मिश्रा बात कर रहा हूँ, जलगाम से मध्य प्रदेश जलनाम पर यादव से बात कर रहा था।
Speaker 1: क्या आपने सीएम हेल्पलाइन पर शिकायत दर्ज की थी? कहाँ के लिए थी यह शिकायत?
Speaker 1: क्या आपको पानी की समस्या थी?
Speaker 1: क्या आपने इसके लिए कुछ किया था? क्या आपको जलापूर्ति में कोई दिक्कत आ रही थी?
Speaker 1: क्या मोटर से संबंधित कोई समस्या थी?
Speaker 1: तो फिर शिकायत बंद करवा दीजिए। हम इसे बंद करवा देंगे। क्या अब कोई दिक्कत नहीं है?
Speaker 1: मैं आपको एक ओटीपी भिजवाता हूँ, कृपया बता दीजिएगा।
Speaker 1: ठीक है, मैं इसी नंबर पर ओटीपी भिजवाता हूँ।"
4,"Speaker 1: जी मिश्रा जी बताएं? बताइए एक OTP भेजा मैंने. बता रहे हैं एक minute. Hello. हां हां बोलिए. 0 पैंतालीस 0 पैंतालीस 0 पैंतालीस आगे बताइए. युवा वाला. 0 paper का triple 8 है ना? दीवाली. धन्यवाद जी जी जी. Ok.","Speaker 1: मिश्रा जी, मैंने एक ओटीपी भेजा है। वे कह रहे हैं कि यह एक मिनट में आया है। हां, बताइए। नंबर है 045 045 045। यह युवा वाला है। ट्रिपल 8, पेपर वाला, दीवाली का है। धन्यवाद जी।"
5,"Speaker 1: Hello. हां भाभी नाम, बताइए? बोलिए ज्योति ज्योति मैं तो भेज देता हूं कहां आंगनवाड़ी? हो कुछ काम रहा? हां, थोड़ा हम बुलाओ कि ला कहीं गई थी.","Speaker 1: नमस्ते, कृपया अपना नाम बताएं। मैं ज्योति को भेज दूंगा, लेकिन आंगनवाड़ी कहां है? क्या वहां कुछ काम चल रहा है? हां, थोड़ा इंतजार करो, मैं बुलाता हूं। वह कहीं गई थी, लेकिन अब वहां क्या हो रहा है?"
6,"Speaker 1: Hello. Hello. जी doctor साहब इस time देखते हैं? दोपहर में मिलेंगे दो बजे. दोपहर में दो बजे देखते हैं ना? जी. और सिंगौर चौराहे पर ही ना वहां तानसेन कांजस पर. तो number लगा दीजिए हमारा एक. हां message कर दीजिए. WhatsApp कर दूं? जी. ठीक है.","Speaker 1: नमस्ते। डॉक्टर साहब, इस समय मिल सकते हैं? दोपहर में दो बजे मिलेंगे। क्या दोपहर दो बजे मिलना सही है? और सिंगौर चौराहे पर ही मिलना है, जहां तानसेन कांजी है। कृपया हमारा नंबर दर्ज करें और मुझे सूचित करें। क्या मैं व्हाट्सएप पर संदेश भेज सकता हूं? ठीक है।"
7,"Speaker 1: कर दिया भैया अभियान से मिश्रा ग्यारह महीने की है. ठीक है तो मैं दो बजे करीब लेकर आ जाता हूं फिर है ना. ठीक है.","Speaker 1: कर दिया भैया अभियान से मिश्रा ग्यारह महीने की है। ठीक है, तो मैं दो बजे करीब लेकर आ जाता हूं, फिर है ना। ठीक है।"
8,"Speaker 1: हां पटेल जी बताएं? Sir यह संतोष और अजीब बघेल जी दो complaint थी. दोनों अपनी नहीं है. क्या sir? दोनों अपनी नहीं है. तो कंधाइला या कंधाइला डालूं? एक सपना वार सागर 2 की है? कौन सी संतोष वाली? बड़ा के बताओ जरा कहां की है? मतलब वह बताओ थोड़ा सा? यह संतोष सगोरा रामपुरवा. हां हां हां हां राहमपुर्वाह वाली उसकी हैं सतना मारता कट्टु की. ठीक है. और जो दूसरी बच्ची हैं वह हैं उसमें क्या हैं PAC हैं वह. अजीब बाग, hill ward number सत्रह. नहीं नहीं यह शहरी पेयजल योजना. यहचा इक्षाक धरती वाला. हां हां हां हां शहरी पेयजल योजना. ठीक ठीक.","Speaker 1: हां पटेल जी, बताएं। सर, यह संतोष और अजीब बघेल जी की दो शिकायतें थीं। दोनों अपनी नहीं हैं। क्या सर? दोनों अपनी नहीं हैं। तो कंधाइला या कंधाइला डालूं? एक सपना वार सागर 2 की है? कौन सी संतोष वाली? बड़ा के बताओ जरा कहां की है? मतलब वह बताओ थोड़ा सा?
Speaker 1: यह संतोष सगोरा रामपुरवा है। हां हां हां हां रामपुरवा वाली उसकी हैं सतना मारता कट्टु की। ठीक है।
Speaker 1: और जो दूसरी जगह हैं वह हैं उसमें क्या हैं PAC हैं वह। अजीब बाग, हिल वार्ड नंबर सत्रह। नहीं नहीं, यह शहरी पेयजल योजना है। यहाँ इक्षाक धरती वाला है। हां हां हां हां शहरी पेयजल योजना। ठीक ठीक।"
9,"Speaker 1: Hello.
Speaker 2: Hello. हां सुनील. हां. आलोक मिश्रा बात कर रहा हूं. बोलिए. क्या है यार तुम्हारा वह संतलाल phone उन्होंने एकदम उठाना बंद कर दिया. हां? संतलाल phone उठाना बंद कर दिया.
Speaker 1: कहां मालूम तो हम नहीं बता पाएंगे तुम. हम नहीं बता पाएंगे sir तो हम तो अपने घर
Speaker 2: हैं. कब तक आओगे?
Speaker 1: अब देखो फिर इधर उधर गर्मी बीत जाएगा तब
Speaker 2: है. गर्मी बीत जाएगा तब है. पैसा भी ले लिया हमसे पांच छह हज़ार रुपए ज़्यादा.
Speaker 1: तो phone करिए मुझसे. क्या? Phone करिए उसका भी मैं.
Speaker 2: नहीं उठाता phone.
Speaker 1: चल.","Speaker 1: नमस्ते
Speaker 2: नमस्ते। मैं आलोक मिश्रा बात कर रहा हूं। क्या हाल है?
Speaker 2: तुम्हारा संतलाल का फोन नहीं उठा रहा है। क्या पता है कि ऐसा क्यों हो रहा है?
Speaker 1: मुझे नहीं पता, इसलिए मैं तुम्हें नहीं बता पाऊंगा। मैं तो अपने घर जा रहा हूं
Speaker 2: कब तक आओगे?
Speaker 1: अब देखो, गर्मी बीत जाएगी तब तक
Speaker 2: गर्मी बीत जाएगी तब तक। और उसने हमसे पांच-छह हजार रुपये ज्यादा भी ले लिए हैं
Speaker 1: तो मुझे फोन करिए। उसका भी मुझे फोन करिए
Speaker 2: वह फोन नहीं उठा रहा है
Speaker 1: चलो"
10,"Speaker 1: Hello. हां भईया. यह parcel लेने आया था कितना खराब? अच्छा.","Speaker 1: हां भईया, यह पार्सल लेने आया था, कितना खराब हुआ है? अच्छा।"
11,"Speaker 1: Hello. Hello. हां. हां, line पर रहो. हां. आप जिस व्यक्ति से बात कर रहे हैं, उसने आपकी call को hold पर रखा है. कृपया line पर बने रहें. The person you are speaking with, has put your call on hold. Please stay on the line. आप जिस व्यक्ति से बात कर रहे हैं, उसने आपकी call को hold पर रखा है. कृपया line पर बने रहें. The person you are speaking with, has put your call on hold. Please stay on the line. आप जिस व्यक्ति से बात कर रहे हैं, उसने आपकी call को hold पर रखा है. कृपया line पर बने रहें. The person you are speaking Hello? नहीं उठा बंदा आ रहा हूं. आप जिस व्यक्ति से बात कर रहे हैं, उसने आपकी call को hold पर रखा है. कृपया line पर बने रहें. The person you are speaking with, has put your call on hold. Please stay on the line. आप जिस व्यक्ति से बात कर रहे हैं, उसने आपकी call को hold पर रखा है. कृपया line पर बने रहें. The person you are speaking with, has put your call on hold. Please stay on the line. आप जिस व्यक्ति से बात कर रहे हैं, उसने आपकी call को hold पर रखा है. कृपया line पर बने रहें. उठा रहा है भाई.","Speaker 1: हैलो? क्या आप सुन पा रहे हैं? मैंने आपको कई बार बुलाया है, लेकिन आप फोन नहीं उठा रहे हैं। कृपया लाइन पर बने रहें, मैं आपके साथ बात करने की कोशिश कर रहा हूं।"
12,"Speaker 1: Hello.
Speaker 2: जी मैं रीवा से बात कर रहा था. हमको printer की ज़रूरत थी क्योंकि एक हज़ार square meter का एक area क्रॉसिंग करवाना था होता है ही. मिल जाएंगे क्या अपने पास?
Speaker 1: इस समय नहीं है sir. इस समय labor सब गांव गए हैं.
Speaker 2: अच्छा अच्छा अच्छा अच्छा. जी. क्या rate से करते हैं वैसे?
Speaker 1: पैंतीस रुपए square feet.
Speaker 2: पैंतीस रुपए square feet?
Speaker 1: With material.
Speaker 2: With without material labor rate?
Speaker 1: Without material नहीं करते sir.
Speaker 2: Without material नहीं करते. एक कोई बात नहीं.
Speaker 1: लेआउट क्या interior contractor हैं हम तो हमारे उसी part में आता है वह pending.
Speaker 2: अच्छा अच्छा.
Speaker 1: तो वह material ही रहता है.
Speaker 2: तो labor नहीं available करवा पाएंगे अगर आप वैसे अगर अपन करना चाहें तो labor वैसे.
Speaker 1: सब में labor है ही नहीं है sir. Labor सब वहां से ले रहे हैं sir.
Speaker 2: ठीक है.
Speaker 1: जी.","Speaker 1: नमस्ते
Speaker 2: जी मैं रीवा से बात कर रहा था। हमें प्रिंटर की जरूरत थी क्योंकि 1000 वर्ग मीटर का एक क्षेत्र तैयार करना था। क्या आपके पास उपलब्ध होगा?
Speaker 1: इस समय नहीं है सर। इस समय मजदूर सभी गांव गए हैं।
Speaker 2: अच्छा अच्छा। क्या दर से करते हैं वैसे?
Speaker 1: पैंतीस रुपये प्रति वर्ग फुट।
Speaker 2: पैंतीस रुपये प्रति वर्ग फुट?
Speaker 1: सामग्री के साथ।
Speaker 2: सामग्री के साथ या बिना सामग्री के श्रम दर?
Speaker 1: बिना सामग्री के नहीं करते सर।
Speaker 2: बिना सामग्री के नहीं करते। एक कोई बात नहीं।
Speaker 1: लेआउट क्या इंटीरियर ठेकेदार हैं हम, तो हमारे उसी हिस्से में आता है वह लंबित है।
Speaker 2: अच्छा अच्छा।
Speaker 1: तो वह सामग्री ही रहती है।
Speaker 2: तो श्रमिक नहीं उपलब्ध करा पाएंगे अगर आप वैसे अगर अपना करना चाहें तो श्रमिक वैसे।
Speaker 1: सभी में श्रमिक ही नहीं है सर। श्रमिक सभी वहां से ले रहे हैं सर।
Speaker 2: ठीक है।
Speaker 1: जी।"
13,"Speaker 1: Hello. हां बोलिए.
Speaker 2: जी आलोक मिश्रा बात कर रहा था Delhiगढ से. हां
Speaker 1: बोलिए. आलोक
Speaker 2: मिश्रा बात कर रहा था. यह कह रहा था कि party वाले में जो wall operator है ना, उनका थोड़ा number मिल जाएगा क्या?
Speaker 1: हां मिल जाएगा.
Speaker 2: थोड़ा सा बता
Speaker 1: दीजिए आप. तो मनीष sir number दिए हैं क्या?
Speaker 2: नहीं मेरे पास था आपका number.
Speaker 1: अच्छा एक second. हां number है इनका लिखिए 7389273892 Triple 4
Speaker 2: Triple 4 Double 1 लोकनाथ पटेल हां.
Speaker 1: ठीक है,
Speaker 2: धन्यवाद.","Speaker 1: हां बोलिए।
Speaker 2: जी आलोक मिश्रा बात कर रहा था दिल्ली से।
Speaker 1: बोलिए, आलोक जी।
Speaker 2: मिश्रा जी बात कर रहे थे। वे कह रहे थे कि पार्टी वाले के यहां जो वॉल ऑपरेटर है, उनका नंबर मिल जाएगा क्या?
Speaker 1: हां, नंबर मिल जाएगा।
Speaker 2: थोड़ा सा बताएं।
Speaker 1: दीजिए आप, तो मनीष सर ने नंबर दिए हैं क्या?
Speaker 2: नहीं, मेरे पास आपका नंबर था।
Speaker 1: अच्छा, एक सेकंड। हां, नंबर है इनका - 7389273892।
Speaker 2: ट्रिपल 4, डबल 1, लोकनाथ पटेल।
Speaker 1: ठीक है।
Speaker 2: धन्यवाद।"
14,"Speaker 1: Hello.
Speaker 2: Hello, हां साहब good evening.
Speaker 1: Good evening madam.
Speaker 2: Sir यह कह रहा था मैंने sir कल ही छुट्टी के लिए आवेदन डाल दिया था. Actual में sir मुझे थोड़ा बच्ची को लेकर कल जाना था प्रयागराज तो इसीलिए sir मैंने पहले से pre plan किया हुआ था मैंने छुट्टी भी sir पहले ही डाल के रखी है इसीलिए.
Speaker 1: नहीं छुट्टी कितने दिन पहले डाली
Speaker 2: है? सिर्फ एक दिन की sir Monday बस की.
Speaker 1: नहीं नहीं कितने दिन पहले डाली
Speaker 2: है यह पुछ रहा हूं. कल डाली है sir कल.
Speaker 1: यह college पहले हुआ था पिछले महीने अगर पढ़ा हो तो.
Speaker 2: क्या sir?
Speaker 1: छुट्टी कितने दिन अगर पहले से पता है आपको छुट्टी लगनी है तो कितने दिन पहले डालनी है छुट्टी?
Speaker 2: अब sir तीन चार दिन पहले बता दिया था वह कितने दिन पहले बता दें?
Speaker 1: सात दिन पहले आपको आधा दिन देना ज़रूरी है अगर आपके
Speaker 2: पास
Speaker 1: जानकारी है कि आपको in the
Speaker 2: guarantee नहीं है sir सही है sir सही है लेकिन sir मान लीजिए कोई काम urgent आता है आदमी को तो जब आदमी urgently किस चीज़ को plan करेगा तो at a time बताएगा साहब कि कोई काम पहले से urgent कोई कैसे plan कर सकता
Speaker 1: है बाबा? जो है कि plan है तो वह urgent नहीं है.
Speaker 2: नहीं sir urgent urgent में ही नहीं नहीं sir वह planning ही ऐसी हुई थी इसीलिए जैसे. वह तो plan
Speaker 1: ही नहीं वह तो plan ही ऐसी हुई थी इसीलिए जैसे. वह तो plan ही नहीं है कि तुम्हारे यहां पर अभी कितनी CM helpline pending है?
Speaker 2: CM helpline sir मेरे पर सिर्फ एक है.
Speaker 1: सिर्फ एक है चार?
Speaker 2: हां हां
Speaker 1: हां सिर्फ एक है. क्या है वह किस चीज़ से related है?
Speaker 2: Road restoration से है sir थोड़ा सा काम है. वह लोग यह थोड़ा सा DVL वाले आजकल आज कल आज कल कर रहे हैं वह
Speaker 1: close हो जाएंगे सिर्फ एक ही पड़ी हुई है. जो आपने English में लग रही है वह कौन सा block आ रहा है?
Speaker 2: रीवा block पर, रीवा block पर sir.
Speaker 1: और जगह क्या आ रही है village?
Speaker 2: क्या था जिला?
Speaker 1: Village village.
Speaker 2: Village sir यह अपना RET2.
Speaker 1: कौन है आसपास में इसको बोलू पर इसको follow up लेकर closure पहले में.
Speaker 2: Sir विजय हादवेदी देखते हैं हमारे field engineer हैं. मैं बोल देता हूं sir. ठीक है. ठीक है. Ok.","Speaker 1: नमस्ते
Speaker 2: नमस्ते साहब, शाम को अच्छा
Speaker 1: शाम को अच्छा, मैम
Speaker 2: सर, मैं यह कह रहा था कि मैंने कल ही छुट्टी के लिए आवेदन डाल दिया था। वास्तव में सर, मुझे थोड़ा बच्ची को लेकर कल प्रयागराज जाना था, इसलिए सर मैंने पहले से प्री-प्लान किया हुआ था और मैंने छुट्टी भी पहले ही डाल के रखी है
Speaker 1: छुट्टी कितने दिन पहले डाली?
Speaker 2: सिर्फ एक दिन की सर, सोमवार की
Speaker 1: कितने दिन पहले डाली?
Speaker 2: कल डाली है सर, कल
Speaker 1: कॉलेज पहले हुआ था पिछले महीने अगर पढ़ा हो तो
Speaker 2: क्या सर?
Speaker 1: छुट्टी कितने दिन पहले से पता है आपको छुट्टी लगनी है तो कितने दिन पहले डालनी है छुट्टी?
Speaker 2: अब सर, तीन-चार दिन पहले बता दिया था
Speaker 1: सात दिन पहले आपको आधा दिन देना ज़रूरी है अगर आपके पास जानकारी है
Speaker 2: पास
Speaker 1: जानकारी है कि आपको
Speaker 2: गारंटी नहीं है सर, सही है सर सही है लेकिन सर मान लीजिए कोई काम अर्जेंट आता है आदमी को तो जब आदमी अर्जेंटली किस चीज़ को प्लान करेगा तो बताएगा साहब कि कोई काम पहले से अर्जेंट कैसे प्लान कर सकता
Speaker 1: है बाबा? जो है कि प्लान है तो वह अर्जेंट नहीं है
Speaker 2: नहीं सर, अर्जेंट में ही नहीं नहीं सर वह प्लानिंग ही ऐसी हुई थी इसीलिए जैसे
Speaker 1: वह तो प्लान ही नहीं है कि तुम्हारे यहां पर अभी कितनी सीएम हेल्पलाइन पेंडिंग है?
Speaker 2: सीएम हेल्पलाइन सर, मेरे पर सिर्फ एक है
Speaker 1: सिर्फ एक है चार?
Speaker 2: हां हां
Speaker 1: हां सिर्फ एक है। क्या है वह किस चीज़ से रिलेटेड है?
Speaker 2: रोड रेस्टोरेशन से है सर, थोड़ा सा काम है
Speaker 1: क्लोज़ हो जाएंगे सिर्फ एक ही पड़ी हुई है। जो आपने इंग्लिश में लग रही है वह कौन सा ब्लॉक आ रहा है?
Speaker 2: रीवा ब्लॉक पर, रीवा ब्लॉक पर सर
Speaker 1: और जगह क्या आ रही है विलेज?
Speaker 2: क्या था जिला?
Speaker 1: विलेज विलेज
Speaker 2: विलेज सर यह अपना आरईटी2
Speaker 1: कौन है आसपास में इसको बोलू पर इसको फॉलो अप लेकर क्लोज़र पहले में
Speaker 2: सर विजय हाडवेडी देखते हैं हमारे फील्ड इंजीनियर हैं। मैं बोल देता हूं सर। ठीक है। ठीक है। ओके"
15,"Speaker 1: Hello. Hello. Hello. सूफियां वाले क्या थे ना CEO वाला? सूफियां वाला sir क्या है? रोहित ने, रोहित ने बोला तुम्हें. रोहित साहब ने बोला मुझे कि लेकिन उन्हें कुछ बताया नहीं और साहब सूफियां बहुत outer में हैं. एकदम. पुखराज का number है? पुखराज का number है, हां. उसके साथ चला जाओ. पुखराज आरी SQC. है ना, उसको call लगाओ वह जा रहा है कि उसके साथ चले जाओ तो आप coordinate करके उसको resolve करवाओ. और साथ में होगा इसके घर आ गया sir. अगर मैं coordinate करके चले जाओ urgent है.","Speaker 1: नमस्ते। सूफियां वाले प्रोजेक्ट के बारे में बात कर रहे थे ना, जिसमें हमारे CEO भी शामिल थे। रोहित साहब ने मुझे बताया था कि उन्हें कुछ जानकारी नहीं दी गई है, लेकिन सूफियां वाली जगह बहुत दूर है। पुखराज का कॉन्टैक्ट नंबर है क्या? हां, उनका नंबर है। उनके साथ चले जाओ और उन्हें SQC के बारे में बताओ। उन्हें कॉल करो और कहो कि वे जा रहे हैं और तुम उनके साथ जाकर इस मुद्दे को हल कराओ। अगर मैं तुम्हारे साथ जाऊं तो यह समस्या जल्दी हल हो सकती है।"
16,"Speaker 1: Hello. Hello साहब वहां पर कुछ डेढ़ सौ meter करीब अस्सी road item है. हां. तो उसमें वह कल वन लगवाएंगे साहब फिर उसने काम वाम. अभी बात हुई
Speaker 2: शाम को. एक बार coordinate करके उसको कराकर finish up करना.
Speaker 1: हां हां
Speaker 2: मैं. और जो माननी है उनसे coordinate करके उनको भी बता देना मुझे.
Speaker 1: जी जी सरपंच से complaint वैसे साहब कौन किया था?
Speaker 2: सरपंच और CEO.
Speaker 1: CEO साहब किए थे?
Speaker 2: हां, सरपंच साहब से बात कर लेना ना सरपंच जी इसी बार call नहीं कर लेना.
Speaker 1: नहीं सरपंच से मैंने अभी बात की मैं उसको कोशिश करता हूं करवा दूंगा. ठीक है.","Speaker 1: नमस्ते। वहां पर लगभग 150 मीटर के आसपास 80 मीटर का एक रोड आइटम है। हां, तो उसमें कल वन लगवाएंगे और फिर काम शुरू करेंगे। अभी बात हुई।
Speaker 2: शाम को एक बार कोऑर्डिनेट करके उसे पूरा कर लेना।
Speaker 1: हां हां।
Speaker 2: मैं और जो आवश्यक है उनसे कोऑर्डिनेट करके उनको भी बता देना मुझे।
Speaker 1: जी जी, सरपंच से शिकायत वैसे साहब किसने की थी?
Speaker 2: सरपंच और सीईओ से।
Speaker 1: सीईओ साहब ने की थी?
Speaker 2: हां, सरपंच साहब से बात कर लेना ना, सरपंच जी इस बार कॉल नहीं कर लेना।
Speaker 1: नहीं, सरपंच से मैंने अभी बात की है, मैं उनको कोशिश करता हूं करवा दूंगा। ठीक है।"
17,"Speaker 1: Hello.
Speaker 2: Hello.
Speaker 1: जी, रेखा साकेत जी के यहां बात हो रही है? जी. मैं यह कह रहा था आपने यह जो शिकायत की थी यह Mildlife वाली, यह हमारे जल निगम में पड़ी हुई है. जी. तो मेरा यह कहना था कि यह अभी हमारे पास पड़ी रह जाएगी और आपके यहां पर पानी नहीं चल रहा हो गर्मी का समय है. जी? आपके यहां पर पानी जैसे आपने इसको लिखवाया था ना कि दो माल से नल नहीं चल रहा है. Hello? तो मैं यह कह रहा हूं कि हमारे पास complaint आपकी पड़ी रह जाएगी. आप इसे बंद करवाकर दूसरी कर दें जिसमें आप fix करके लिखवाए कि अस्सी विभाग के द्वारा ऐसी ऐसी समस्याएं हैं. तो जिससे आपको कम से कम पानी को at least timely मिल सके.
Speaker 2: जी. जी sir.
Speaker 1: हां, तो एक OTP बोलिए तो मैं भिजवा देता हूं, मुझे आप वह बता दीजिए
Speaker 2: और जैसे मैं वह कर
Speaker 1: सकूं फिर आप, उसमें जब अभी शिकायत करिए तो उसमें बाकायदा लिखवाइएगा कि लोग स्वास्थ है यहां से public health engineering department. है. जिससे कम से कम आपके यहां पर यह पानी का issue यह solve हो रहा है. तो cancel
Speaker 2: कराने का मतलब निकलेगा हमारा?
Speaker 1: कोई मतलब नहीं निकलेगा मतलब सिर्फ यह निकलेगा कि आपकी सही जगह में आप complaint कर पाएंगे.
Speaker 2: हम यही complaint की कार्यवाही नहीं कर पा रहे हैं आप लोग जब यही complaint की कारवाई नहीं कर पा रहे हैं तो आप ही सब क्या कर पाएंगे.
Speaker 1: मैं मेरे end पर होती तो मैं बिल्कुल इसका आपका निराकरण करवा देता लेकिन आपकी यह शिकार भटक रही है इधर उधर क्योंकि इसमें सब properly लिखा नहीं है. मेरी जैसे आपसे बात हुई है.
Speaker 2: भटक रही है अरे सुनिए सुनिए sir सुनिए. हां हां. हर बार जानकारी लिया जाता है मुझसे हर बार यही बात बोलते हैं, हर बार बोलते हैं कि या किसी का के अनुसार कर रहे हैं वहां हटाकर. अरे यह बात तो करेंगे यह भी तो बात है ना. सुनो सुनो. हां. जब आपको करना ही नहीं है तो कुछ बोलने का क्या मतलब निकल रहा है आपका.
Speaker 1: मैं कहां कह रहा हूं कि मैं वही तो कह रहा हूं ना भैया मैं आपको कि आपकी complaint लेआउट ऐसी पड़ी रह जाएगी आप सही जगह में शिकायत करो तो आपका काम हो क्योंकि गर्मी का समय है आपको भी पानी चाहिए. आपकी complaint ऐसे थोड़ी ना होती
Speaker 2: है तो
Speaker 1: उधर transfer होती रही क्योंकि इसमें data नहीं लिखा है proper. आप इसको ख़ुद पढ़ लो. मैं पढ़कर सुना दूं आपकी complaint.
Speaker 2: आप भेज दीजिए इसी number पर WhatsApp कर दीजिए.
Speaker 1: मैं बता दे रहा हूं आपने इसमें लिखा है कि available है तो मैंने बताया गया कि हां अरे इसलिए पहले अपना दलदल योजना के तहत पानी नहीं दिया
Speaker 2: जाता है. आप इस पर, नहीं आप इस पर लिखित भेज दीजिए मैं देख लूंगा.
Speaker 1: तो क्या लिखित भेजूं आपको?
Speaker 2: जो आपके पास उसमें लिखा हुआ है जो आप बता रहे हैं कि ऐसी कार्रवाई नहीं हो रहा है आप लिखित भेज दीजिए मैं करवाई कर लूंगा अभी कर दो, मेरे को क्या करना है मुझे पता है.
Speaker 1: ठीक है जो आपको पता ही है मैं तो आपकी help सिंह के लिए आपसे बात कर रहा
Speaker 2: हूं. हां तो मुझे पता है क्या कितना, मैं भी मैं भी आपकी बात समझ रहा हूं कि आप कितना help करना चाहते हैं.
Speaker 1: अब भैया आप मेरी चीज़ को उसमें ले रहे हो जैसे कि मतलब मैं आपका विरोधी हूं या वैसे मैं इस हिसाब से कह रहा हूं कि आप इसमें सही department विभाग लिखवा दोगे तो आपका काम हो जाएगा. आपका इसमें सही विभाग नहीं लिखा हुआ है. उस चीज़ को आप खुद ही पढ़ लो, आपकी complaint है मैं पढ़कर समझ दे रहा हूं आपको.
Speaker 2: नहीं मैं भी वही बोल रहा हूं आप. सुनील सुनिए आप पढ़कर ना सुनाइए मुझे मैं भी पढ़ा लिखा हूं आप मेरे WhatsApp कर दीजिए मैं पढ़ लूंगा.
Speaker 1: हां ठीक है, बहुत अच्छी बात है. आप पढ़े लिखे हो तो अच्छी की बात
Speaker 2: है, है ना? मैं WhatsApp कर देता हूं, ठीक है. ठीक है धन्यवाद.","Speaker 1: जी, रेखा साकेत जी के यहां बात हो रही है? जी. मैं यह कह रहा था आपने यह जो शिकायत की थी यह जल निगम में पड़ी हुई है. जी. तो मेरा यह कहना था कि यह अभी हमारे पास पड़ी रह जाएगी और आपके यहां पर पानी नहीं चल रहा हो गर्मी का समय है. जी? आपके यहां पर पानी जैसे आपने इसको लिखवाया था ना कि दो माल से नल नहीं चल रहा है. तो मैं यह कह रहा हूं कि हमारे पास complaint आपकी पड़ी रह जाएगी. आप इसे बंद करवाकर दूसरी कर दें जिसमें आप fix करके लिखवाए कि 80 मीटर के पास विभाग के द्वारा ऐसी ऐसी समस्याएं हैं. तो जिससे आपको कम से कम पानी को at least समय पर मिल सके।
Speaker 2: जी. जी sir।
Speaker 1: हां, तो एक OTP बोलिए तो मैं भिजवा देता हूं, मुझे आप वह बता दीजिए।
Speaker 2: और जैसे मैं वह कर सकता हूं।
Speaker 1: सकूं फिर आप, उसमें जब अभी शिकायत करिए तो उसमें बाकायदा लिखवाइएगा कि लोग स्वास्थ है यहां से public health engineering department. है. जिससे कम से कम आपके यहां पर यह पानी का issue यह solve हो रहा है. तो cancel कराने का क्या मतलब है?
Speaker 2: कराने का मतलब निकलेगा हमारा?
Speaker 1: कोई मतलब नहीं निकलेगा मतलब सिर्फ यह निकलेगा कि आपकी सही जगह में आप complaint कर पाएंगे।
Speaker 2: हम यही complaint की कार्यवाही नहीं कर पा रहे हैं आप लोग जब यही complaint की कारवाई नहीं कर पा रहे हैं तो आप ही सब क्या कर पाएंगे।
Speaker 1: मैं मेरे end पर होती तो मैं बिल्कुल इसका आपका निराकरण करवा देता लेकिन आपकी यह शिकार भटक रही है इधर उधर क्योंकि इसमें सब properly लिखा नहीं है. मेरी जैसे आपसे बात हुई है।
Speaker 2: भटक रही है अरे सुनिए सुनिए sir सुनिए. हां हां. हर बार जानकारी लिया जाता है मुझसे हर बार यही बात बोलते हैं, हर बार बोलते हैं कि या किसी का के अनुसार कर रहे हैं वहां हटाकर. अरे यह बात तो करेंगे यह भी तो बात है ना. सुनो सुनो. हां. जब आपको करना ही नहीं है तो कुछ बोलने का क्या मतलब निकल रहा है आपका।
Speaker 1: मैं कहां कह रहा हूं कि मैं वही तो कह रहा हूं ना भैया मैं आपको कि आपकी complaint लेआउट ऐसी पड़ी रह जाएगी आप सही जगह में शिकायत करो तो आपका काम हो क्योंकि गर्मी का समय है आपको भी पानी चाहिए. आपकी complaint ऐसे थोड़ी ना होती।
Speaker 2: है तो।
Speaker 1: उधर transfer होती रही क्योंकि इसमें data नहीं लिखा है proper. आप इसको ख़ुद पढ़ लो. मैं पढ़कर सुना दूं आपकी complaint।
Speaker 2: आप भेज दीजिए इसी number पर WhatsApp कर दीजिए।
Speaker 1: मैं बता दे रहा हूं आपने इसमें लिखा है कि available है तो मैंने बताया गया कि हां अरे इसलिए पहले अपना दलदल योजना के तहत पानी नहीं दिया जाता है।
Speaker 2: जाता है. आप इस पर, नहीं आप इस पर लिखित भेज दीजिए मैं देख लूंगा।
Speaker 1: तो क्या लिखित भेजूं आपको?
Speaker 2: जो आपके पास उसमें लिखा हुआ है जो आप बता रहे हैं कि ऐसी कार्रवाई नहीं हो रहा है आप लिखित भेज दीजिए मैं करवाई कर लूंगा अभी कर दो, मेरे को क्या करना है मुझे पता है।
Speaker 1: ठीक है जो आपको पता ही है मैं तो आपकी help के लिए आपसे बात कर रहा हूं।
Speaker 2: हूं. हां तो मुझे पता है क्या कितना, मैं भी मैं भी आपकी बात समझ रहा हूं कि आप कितना help करना चाहते हैं।
Speaker 1: अब भैया आप मेरी चीज़ को उसमें ले रहे हो जैसे कि मतलब मैं आपका विरोधी हूं या वैसे मैं इस हिसाब से कह रहा हूं कि आप इसमें सही department विभाग लिखवा दोगे तो आपका काम हो जाएगा. आपका इसमें सही विभाग नहीं लिखा हुआ है. उस चीज़ को आप खुद ही पढ़ लो, आपकी complaint है मैं पढ़कर समझ दे रहा हूं आपको।
Speaker 2: नहीं मैं भी वही बोल रहा हूं आप. सुनील सुनिए आप पढ़कर ना सुनाइए मुझे मैं भी पढ़ा लिखा हूं आप मेरे WhatsApp कर दीजिए मैं पढ़ लूंगा।
Speaker 1: हां ठीक है, बहुत अच्छी बात है. आप पढ़े लिखे हो तो अच्छी की बात है।
Speaker 2: है, है ना? मैं WhatsApp कर देता हूं, ठीक है. ठीक है धन्यवाद।"

File Index,Raw Input (ASR),Processed Output (AI)
1,"Speaker 1: Hello.
Speaker 2: हां भैया बताएं.
Speaker 1: वह वैभवई ने आपका number दिया था मेरे को मतलब Friday ही शायद दिया था.
Speaker 2: हां हां दिया था ना EFSSC वाला दिया होगा GST के लिए मेरी आपके
Speaker 1: उस दिन बाद. हां तो वह डेढ़ लाख से ऊपर का भी आपको नहीं चलेगा क्या?
Speaker 2: चल जाएगा. फिर मैं
Speaker 1: क्योंकि वह बंदा कह रहा है डेढ़ लाख में इतना कम का bill कैसे दूंगा ऐसे बोल रहा है. अच्छा
Speaker 2: अच्छा क्या charges वगैरह लेते
Speaker 1: हैं? सात percent लेगा वह.
Speaker 2: सात percent बहुत है भैया साढ़े.
Speaker 1: 7 7.
Speaker 2: तो बहुत है ना, साढ़े तीन चार percent भी लोग काम करते हैं.
Speaker 1: तो इससे अच्छा फिर आप ही कर लीजिए ना भैया यार वह फिर advance ले रहा है क्योंकि वह CA लोग आजकल क्या हो गए हैं जो CA होते हैं, जैसे हम लोग होते हैं. हम लोग तो कम ही बताते
Speaker 2: हैं. हां. जो
Speaker 1: CA लोग हैं ना वह लोग extra करके बताते हैं मतलब कि उनको फंसा के रखते हैं जैसे आपने ढाई लाख, डेढ़ लाख का bill
Speaker 2: लिया.
Speaker 1: हां. तो डेढ़ लाख रुपए उसके account में डालो. ठीक है? उसके बाद उससे cash निकलवाओ और उसको जितना देना है वह देकर आप पूरा cash ले लो, ऐसा करवाते हो. क्योंकि April से बहुत सारे नियम change हो गए हैं ना अभी, budget के उसमें.
Speaker 2: यह budget वाली बात हो गई. नहीं, वह उसमें issue नहीं था. Issue इसमें था कि percentage ज़्यादा है.
Speaker 1: हां. एक बंदा और है लेकिन वह instant पैसा लेता है. मैं उससे बात करता हूं. अगर मान जाता है तो मैं आपको बताता हूं.
Speaker 2: हां भाई साढ़े तीन चार
Speaker 1: आपको extra मतलब maximum कितना से कितने तक में चला जाएगा?
Speaker 2: अभी जैसे मैंने अपना काम शुरू किया तो मेरा पहले महीने डेढ़ लाख का bill बना. Ok. अभी एक महीने मेरा बना है तीन पचासी का. Ok. तो ऐसे मतलब growing पर ही है तो GST तो month wise ही जमा करेंगे ना?
Speaker 1: Month wise कि वह payment भी लेना होगा आपको.
Speaker 2: हां हां, वही issue है ना. मैं
Speaker 1: एक एक बंदा और है लेकिन उसको instant पैसा देना होगा. मैं उससे बात करता हूं.
Speaker 2: नहीं.
Speaker 1: साढ़े तीन max to max चार तक चलेगा आपको?
Speaker 2: साढ़े तीन चार जो market में चलता है भैया उतने के लिए.
Speaker 1: है ना? हां. मैं उससे बात करता हूं और आपको confirm करता हूं और ESIC PF कहां पर क्या मतलब थोड़ा एक करीब देंगे थोड़ा.
Speaker 2: यह मेरा बना हुआ था बहुत पहले करीब साल भर पहले मैंने बनवाया था लेकिन काम मेरा शुरू नहीं हो पाया. काम मेरा.
Speaker 1: GST था उसमें add? हैं? GST add था उसमें ESI PF में?
Speaker 2: I think शायद था या पता नहीं याद नहीं आ रहा बहुत पहले का है. इसीलिए आपको दिया गया थोड़ा एक बार आप उसको देख लीजिए कि उसमें क्या है वह working पर है या नहीं है. अगर उसको working पर लेते हैं तो कितना पैसा लगेगा? या मतलब अगर उसको वह करके नया बनवाते हैं तो भी क्या कैसा रहेगा? यह मैं समझना चाह रहा था इसको.
Speaker 1: चलिए मैं login करके देखता हूं उसको. हां. और आपके workers कितने रहते हैं?
Speaker 2: Workers हैं मेरे पास करीब दस पंद्रह आदमी हैं but उनको कहीं register नहीं है.
Speaker 1: हां कोई ऐसा हीCPF लेना ही नहीं चाहिए फिर से.
Speaker 2: हां. नहीं register नहीं किया मैंने.
Speaker 1: आपको WC policy पर काम करना था.
Speaker 2: मुझे एक जब
Speaker 1: WC policy होती है, उस पर क्या रहता है? आप यह अस्सी PF नहीं लोगे ना. आपको per worker अगर किसी worker को कुछ हो भी जाता है.
Speaker 2: हां.
Speaker 1: All over India का होता है वह. मतलब एक state का नहीं रहता. All over India का रहता है. उसमें by chance कुछ हो जाता है. मतलब आपके ऊपर है per worker लाख रुपए चाहते हैं. Per worker दो लाख रुपए चाहते हैं. Per worker तीन लाख चाहते हैं. Per worker पांच लाख चाहते हैं. वह आपके ऊपर है. लाख रुपए में कम से कम तेरह सौ चौदह तेरह से चौदह सौ रुपए लगता है पूरे साल छह महीने का sorry. हां. उसमें क्या रहता है कम से कम आठ worker उसमें आपके आ जाते हैं. आठ worker.
Speaker 2: नहीं तो मुझे.
Speaker 1: मेरा चौदह सौ पूरे मतलब छह महीने या साल का ऐसा कुछ होता है भैया.
Speaker 2: नहीं मुझे जानकारी नहीं थी. तो मैंने इसीलिए इसको ले लिया. तो वही इसको देख लेते इसको surrender करना है या कैसे करना वही चीज़ मैं जानना चाह रहा था थोड़ा सा.
Speaker 1: क्योंकि, क्योंकि अगर सौ पचास ऐसे worker रहते हैं ना, तो समझ में आता है.
Speaker 2: हां हां.
Speaker 1: बंदा भी इस worker में आप ESI से PF ले रहे हो तो फिर कोई वह नहीं बनता.
Speaker 2: तो वही चीज़ है. एक बार थोड़ा उसको देख लेते हैं क्या? उसको अगर ऐसा issue है तो अपन surrender कर देंगे?
Speaker 1: हां. वह देखता हूं मैं अगर surrender होता है, ठीक है. नहीं तो फिर अपन अगर surrender हो जाएगा. तो फिर WC policy में काम करिए, जब तक आपके पास सौ worker काम नहीं करते, तब तक.
Speaker 2: ठीक है.
Speaker 1: क्योंकि आपका पैसा भी बचेगा ना.
Speaker 2: हां हां समझ रहा हूं.
Speaker 1: और time भी बचेगा आपको सर दर्द ही नहीं देगी हर महीने return file करना यह करना वह करना.
Speaker 2: समझ रहा हूं समझ रहा हूं. तो थोड़ा वही चीज़ देख कर बता दीजिए कि इसमें अपन क्या कर सकते हैं वही guideline चीज़ के लिए था.
Speaker 1: हां हां. चलो. मैं दोनों चीज़ का आपको बताता हूं. मेरे को बस दस से पंद्रह minute दीजिए है ना.
Speaker 2: Ok भाई. जी.","Speaker 1: नमस्ते
Speaker 2: हां भैया बताएं
Speaker 1: वैभव ने मुझे आपका नंबर दिया था, शायद शुक्रवार को दिया था
Speaker 2: हां, दिया था ना? EFSSC वाला दिया होगा GST के लिए मेरी आपके
Speaker 1: उस दिन के बाद, तो वह डेढ़ लाख से ऊपर का भी आपको नहीं चलेगा क्या?
Speaker 2: चल जाएगा, फिर मैं
Speaker 1: क्योंकि वह बंदा कह रहा है डेढ़ लाख में इतना कम का बिल कैसे दूंगा ऐसे बोल रहा है
Speaker 2: अच्छा, क्या चार्जेस वगैरह लेते हैं?
Speaker 1: सात प्रतिशत लेगा वह
Speaker 2: सात प्रतिशत बहुत है भैया, साढ़े तीन-चार प्रतिशत भी लोग काम करते हैं
Speaker 1: तो इससे अच्छा फिर आप ही कर लीजिए ना भैया, यार वह फिर एडवांस ले रहा है
Speaker 2: हां, जो
Speaker 1: क्योंकि सीए लोग हैं ना, वह लोग एक्स्ट्रा करके बताते हैं मतलब कि उनको फंसा के रखते हैं जैसे आपने ढाई लाख, डेढ़ लाख का बिल
Speaker 2: लिया
Speaker 1: हां, तो डेढ़ लाख रुपये उसके अकाउंट में डालो, ठीक है? उसके बाद उससे कैश निकलवाओ और उसको जितना देना है वह देकर आप पूरा कैश ले लो, ऐसा करवाते हो
Speaker 2: यह बजट वाली बात हो गई, नहीं वह उसमें इश्यू नहीं था, इश्यू इसमें था कि प्रतिशत ज्यादा है
Speaker 1: हां, एक बंदा और है लेकिन वह इंस्टेंट पैसा लेता है, मैं उससे बात करता हूं, अगर मान जाता है तो मैं आपको बताता हूं
Speaker 2: हां भाई साढ़े तीन-चार
Speaker 1: आपको एक्स्ट्रा मतलब मैक्सिमम कितना से कितने तक में चला जाएगा?
Speaker 2: अभी जैसे मैंने अपना काम शुरू किया तो मेरा पहले महीने डेढ़ लाख का बिल बना, ओके, अभी एक महीने मेरा बना है तीन पचासी का, ओके, तो ऐसे मतलब ग्रोइंग पर ही है तो जीएसटी तो मंथ वाइज ही जमा करेंगे ना?
Speaker 1: मंथ वाइज कि वह पेमेंट भी लेना होगा आपको
Speaker 2: हां हां, वही इश्यू है ना, मैं
Speaker 1: एक एक बंदा और है लेकिन उसको इंस्टेंट पैसा देना होगा, मैं उससे बात करता हूं
Speaker 2: नहीं
Speaker 1: साढ़े तीन मैक्स तो मैक्स चार तक चलेगा आपको?
Speaker 2: साढ़े तीन-चार जो मार्केट में चलता है भैया उतने के लिए
Speaker 1: है ना? हां, मैं उससे बात करता हूं और आपको कंफर्म करता हूं और ईएसआईसी पीएफ कहां पर क्या मतलब थोड़ा एक करीब देंगे थोड़ा
Speaker 2: यह मेरा बना हुआ था बहुत पहले मैंने बनवाया था लेकिन काम मेरा शुरू नहीं हो पाया, काम मेरा
Speaker 1: जीएसटी था उसमें एड? हैं? जीएसटी एड था उसमें ईएसआई पीएफ में?
Speaker 2: मुझे लगता है शायद था या पता नहीं याद नहीं आ रहा बहुत पहले का है, इसीलिए आपको दिया गया थोड़ा एक बार आप उसको देख लीजिए कि उसमें क्या है वह वर्किंग पर है या नहीं है
Speaker 1: चलिए मैं लॉगिन करके देखता हूं उसको, हां, और आपके वर्कर्स कितने रहते हैं?
Speaker 2: वर्कर्स हैं मेरे पास करीब दस-पंद्रह आदमी हैं लेकिन उनको कहीं रजिस्टर नहीं है
Speaker 1: हां कोई ऐसा ही सीपीएफ लेना ही नहीं चाहिए फिर से
Speaker 2: हां, नहीं रजिस्टर नहीं किया मैंने
Speaker 1: आपको डब्ल्यूसी पॉलिसी पर काम करना था
Speaker 2: मुझे एक जब
Speaker 1: डब्ल्यूसी पॉलिसी होती है, उस पर क्या रहता है? आप यह अस्सी पीएफ नहीं लोगे ना, आपको प्रति वर्कर अगर किसी वर्कर को कुछ हो भी जाता है
Speaker 2: हां"
2,"Speaker 1: Hello hello hello.","Speaker 1: नमस्ते"
3,"Speaker 1: Hello.
Speaker 2: जी भैया. भैया वह bill का देखिए वह दो तीन लाख रुपए से मतलब तीन लाख में मतलब minimum bill काटेगा वह
Speaker 1: हां हां.
Speaker 2: तीन लाख तो वह साढ़े चार से नीचे नहीं आ रहा है. अगर आपको कहीं बाहर से मिल रहा है ना तो वह आपके लिए ज़्यादा better रहेगा कि कम में नहीं होगा.
Speaker 1: नहीं तो ठीक है अगर ऐसा है तो मान लिया अगर वह साढ़े चार पर हैं तो फिर मैं अगला bill मेरा जैसे process हो जाता है, तो फिर वह मुझे पांच बज तक का दे दें एक साथ. भाई तीन पचासी का मेरा यह वाला है, एक पैंतालीस कबू वाला है,
Speaker 2: है ना तो यह आपका पूरा. तो आप पांच का ले लो ना फिर. सीधे सीधे.
Speaker 1: वही तो कह रहा हूं. मेरा यह वाला bill आ जाता है. तो मैं एक साथ करके पांच का एक साथ कर लेता हूं. पांच में आ जाएंगे चार में कि पांच में भी नहीं आऐंगे.
Speaker 2: पांच में तो आ जाएगा. पांच तो दे देगा वह.
Speaker 1: हां, क्योंकि एक साथ अपन पांच का bill बनवाकर और उनका जो amount होगा उनको दे देंगे होगी और क्या?
Speaker 2: ठीक है. दूसरी चीज़ यह है आपको जैसे April का file करना है. April का file May में होता है, ठीक है? बिल्कुल सही है. हां तो आपको हर जब भी bill चाहिए होगा तो वह आपको दस तारीख से पहले लेना होगा अगर आप दस से बाद लेंगे एक दिन भी late करेंगे तो वह आपका May वाले bill में show करेगा ना कि April वाले में
Speaker 1: show करेगा. मैं मैं समझ सकता हूं. हां तो ठीक है अभी मेरा यह वाला bill आ जाता है जैसे
Speaker 2: ही. हां.
Speaker 1: तो अगर उनको यह है कि भाई वह नहीं दे रहे हैं ढाई तीन से कम तो मैं एक साथ उनसे ले लूंगा पांच का.
Speaker 2: हां तो आपको मेरे को दस से पहले inform करना पड़ेगा.
Speaker 1: ठीक है, मेरा payment देखिए दस तक आ जाना चाहिए. आ जाता है तो मैं फिर उसको अपन को
Speaker 2: क्योंकि आप late करेंगे तो फिर आपको 0 का return file करके next month फिर लेना पड़ेगा, ऐसा कुछ.
Speaker 1: हां हां हां हां, कोई बात नहीं. अगर मान लीजिए नहीं आ पाता मेरा bill तो मैं 0 return करके अगले महीने ले लूंगा.
Speaker 2: हां हां वही करना ही होगा अपनी.
Speaker 1: कोई बात नहीं, एक ही चीज़ है ना भाई वह तो मैं GST अब कभी भी भर सकता हूं ना इस financial
Speaker 2: year में. नहीं नहीं वह नहीं रहता नब्बे दिन के अंदर file करना होता है.
Speaker 1: नब्बे दिन के अंदर?
Speaker 2: अगर आपका bill April file April का bill है तो. हां, एक April से बहुत सारी चीज़ें change हुई हैं ना अपनी.
Speaker 1: अच्छा अच्छा अच्छा. ठीक है. तो अच्छा उसका क्या हुआ है EPF SSC वाला?
Speaker 2: EPF ES ES ES देख रहा हूं मैं. वह बताता हूं आपको क्योंकि मैं एक अभी एक एक step by step काम कर रहा था ना तो पहले यह clear हो गया फिर आगे का करके.
Speaker 1: नहीं नहीं यह आपने बहुत अच्छा किया, यह clear कर दिया. इसमें proceed करेंगे. मैं आपसे एक साथ एक पांच का bill बनवाऊंगा. जो चार percent अपनी बात है उसी पर. ठीक है ना? ठीक है. ठीक है. Ok. Ok.","Speaker 1: नमस्ते
Speaker 2: जी भैया, भैया उस बिल को देखिए, वह दो-तीन लाख रुपये से अधिक होगा, मतलब तीन लाख में ही बिल बनेगा
Speaker 1: हां हां
Speaker 2: तीन लाख तो वह साढ़े चार लाख से नीचे नहीं आ रहा है, अगर आपको कहीं बाहर से मिल रहा है तो वह आपके लिए ज्यादा बेहतर रहेगा कि कम में नहीं होगा
Speaker 1: नहीं, तो ठीक है, अगर ऐसा है तो मान लिया, अगर वह साढ़े चार लाख पर है तो फिर मैं अगला बिल मेरा जैसे प्रोसेस हो जाता है, तो फिर वह मुझे पांच बज तक का दे दें एक साथ, भाई, तीन पचासी का मेरा यह वाला है, एक पैंतालीस कबू वाला है
Speaker 2: है ना, तो यह आपका पूरा है, तो आप पांच का ले लो ना फिर, सीधे सीधे
Speaker 1: वही तो कह रहा हूं, मेरा यह वाला बिल आ जाता है, तो मैं एक साथ करके पांच का एक साथ कर लेता हूं, पांच में आ जाएंगे चार में कि पांच में भी नहीं आएंगे
Speaker 2: पांच में तो आ जाएगा, पांच तो दे देगा वह
Speaker 1: हां, क्योंकि एक साथ अपन पांच का बिल बनवाकर और उनका जो अमाउंट होगा उनको दे देंगे होगी और क्या?
Speaker 2: ठीक है, दूसरी चीज यह है आपको जैसे अप्रैल का फाइल करना है, अप्रैल का फाइल मई में होता है, ठीक है? बिल्कुल सही है, हां तो आपको हर जब भी बिल चाहिए होगा तो वह आपको दस तारीख से पहले लेना होगा, अगर आप दस से बाद लेंगे एक दिन भी लेट करेंगे तो वह आपका मई वाले बिल में शो करेगा ना कि अप्रैल वाले में
Speaker 1: शो करेगा, मैं समझ सकता हूं, हां तो ठीक है अभी मेरा यह वाला बिल आ जाता है जैसे
Speaker 2: ही, हां
Speaker 1: तो अगर उनको यह है कि भाई वह नहीं दे रहे हैं ढाई-तीन से कम तो मैं एक साथ उनसे ले लूंगा पांच का
Speaker 2: हां तो आपको मेरे को दस से पहले इन्फॉर्म करना पड़ेगा
Speaker 1: ठीक है, मेरा पेमेंट देखिए दस तक आ जाना चाहिए, आ जाता है तो मैं फिर उसको अपन को
Speaker 2: क्योंकि आप लेट करेंगे तो फिर आपको जीरो का रिटर्न फाइल करके नेक्स्ट मंथ फिर लेना पड़ेगा, ऐसा कुछ
Speaker 1: हां हां हां हां, कोई बात नहीं, अगर मान लीजिए नहीं आ पाता मेरा बिल तो मैं जीरो रिटर्न करके अगले महीने ले लूंगा
Speaker 2: हां हां वही करना ही होगा अपनी
Speaker 1: कोई बात नहीं, एक ही चीज है ना भाई वह तो मैं जीएसटी अब कभी भी भर सकता हूं ना इस फाइनेंशियल ईयर में
Speaker 2: नहीं नहीं, वह नहीं रहता नब्बे दिन के अंदर फाइल करना होता है
Speaker 1: नब्बे दिन के अंदर?
Speaker 2: अगर आपका बिल अप्रैल फाइल अप्रैल का बिल है तो, हां, एक अप्रैल से बहुत सारी चीजें चेंज हुई हैं ना अपनी
Speaker 1: अच्छा अच्छा अच्छा, ठीक है, तो अच्छा उसका क्या हुआ है ईपीएफ ईएसएससी वाला?
Speaker 2: ईपीएफ ईएसएसी देख रहा हूं मैं, वह बताता हूं आपको क्योंकि मैं एक अभी एक स्टेप बाय स्टेप काम कर रहा था ना तो पहले यह क्लियर हो गया फिर आगे का करके
Speaker 1: नहीं नहीं, यह आपने बहुत अच्छा किया, यह क्लियर कर दिया, इसमें प्रोसीड करेंगे, मैं आपसे एक साथ एक पांच का बिल बनवाऊंगा, जो चार प्रतिशत अपनी बात है उसी पर, ठीक है ना? ठीक है, ठीक है, ओके ओके"
4,"Speaker 1: Hello. हां मिश्रा जी प्रणाम, प्रणाम प्रणाम पांडे जी बताएं? क्या हाल चाल? बढ़िया, दाई. और भैया कहें कि कहीं आगे के का का रखा है? अगर हम तो तालमाओ का ही दिया है ना चाखथे. हां. हां तबे हो के दो तीन तक का है ना रुक ले. एक बार का. जल्दी आन राख इससे का करी, कौन पर पकड़ी. भाई बैठे नहीं चला है. हां हां हां हां हां. Claim पहन के पूछी कि क्या कैसा है? हां हां हां. अबे भी उन नहीं आ रही है तू? नहीं अब आगे नहीं. है ना अपना के पैसे line वाला नहीं है अब. नहीं फिर नहीं patient line का system समझ में आ जाए. हां हां. तो आगे कुछ समझ में आ गए. हां हां जी. हो गया तो फिर ऐसा हो ही तो बता. हां ठीक ठीक.","Speaker 1: हां मिश्रा जी, प्रणाम। क्या हाल-चाल है? मैंने तो तालमाओ का ही दिया है ना।
Speaker 1: अबे भी उन नहीं आ रही है तू? नहीं अब आगे नहीं।
Speaker 1: हां, हो गया तो फिर ऐसा हो ही तो बता। हां ठीक ठीक।"
5,"Speaker 1: Hello. Hello.
Speaker 2: जी रौशनी जी से बात हो रही है? जी जी. मैं आलोक मिश्रा बात कर रहा था मैं दिल्ली से.
Speaker 1: जी हां बोलिए.
Speaker 2: आपने CA Meltline की है?
Speaker 1: जी हां मैंने वहां किया था.
Speaker 2: काहे के लिए थी complaint?
Speaker 1: जी यह मेरा क्या बोलते हैं अमेरिकी में आपके यह कोलाहा में मेरा घर बना हुआ है.
Speaker 2: अमेरिकी कहां पड़ता है?
Speaker 1: रीवा रीवा रीवा.
Speaker 2: रीवा में कहां पर?
Speaker 1: यह गोविंदगढ़ के पास तमिल की पड़ता है. गोविंदगढ़ के
Speaker 2: पास हां
Speaker 1: हां ग्रामीण लाता है.
Speaker 2: हां हां.
Speaker 1: तो वह जल निगम की टंकी मेरे मेरे घर के बगल में ही बनी हुई है. वहां हमारा घर का प्लंबिंग हुआ है तो घर बना हुआ है मेरा. ठीक है. तो मुझे आज हां तो मैंने यह लगता है अभी June में या July में मैंने चौदह तारीख तक मैंने वहां डाला था पंचायत में. तो उन लोगों ने कोई मतलब वह नहीं किए मतलब आगे process ही नहीं किए. मुझे पानी की बहुत समस्या थी और मुझे नल चाहिए था.
Speaker 2: नहीं तो नल आपको मिलेगा ना
Speaker 1: तो उसके
Speaker 2: लिए शिकायत करने की ज़रूरत है.
Speaker 1: शिकायत करने की ज़रूरत पड़ गई थी क्योंकि वहां पर यह बताइए जल निगम की टंकी बनी हुई है और जब मैंने अपने इलाके में अपने सरपंच को और जाकर पंचायत में जाकर मैंने proof जमा करा उन लोगों ने कहा कि यहां पंद्रह बीस दिन में आपके यहां लग जाएगा है.
Speaker 2: नहीं नहीं नहीं और लोगों ने गलत गलत आपको ज्ञान दी है और वह दिया. उन लोगों को नहीं लगाना होता. हमारी एक team जाती है इस काम के लिए. अभी आपके यहां अमेरिकी गांव में यह काम हुआ ही नहीं है.
Speaker 1: नहीं हुआ संजय करके जो थे ठेकेदार थे. पहले तो एक round दो हज़ार पच्चीस में पहले वह क्या बोलते हैं उनसे बात हुई थी. फिर मैंने उनसे भी कहा तो वह बोले pipe नहीं है. सरकारी pipe जब आएगी तब यह काम होगा.
Speaker 2: मेरी उसकी अमीरी उसकी थोड़ा मुझे अच्छे से याद नहीं आ रहा है. यह अपना गोविंदगढ़ जाते समय में beach में पड़ता है क्या?
Speaker 1: जी हां, छोटी या milk और बड़ी अमेलिकी पड़ता है. तो छोटी अमेलिकी पड़ता
Speaker 2: है तो. यह नहीं पढ़ो पढ़ो पढ़ो था side में.
Speaker 1: यह गोविंदगढ़ आपकी इधर शहडोल road पर पड़ता है ना sir?
Speaker 2: हां हां शहडोल road पर पड़ता है. जी. वह वाली टंकी बनी है क्या? जब बोलते हैं ऊपर जीने वाली रखी है?
Speaker 1: नहीं जीने वह हां वह टंकी जो जल निगम की नहीं बनती बड़ी वाली टंकी बनती है पानी की supply
Speaker 2: वाली. Complete वाली बनी है या कौन सी वाली
Speaker 1: बनी है? हां वहां सबको नल connection मिल गया है. सबको नल मिला है, सबका चल रहा है. मैं वहां घर जब बनवाई हूं तो मैंने application लगाया था पर मुझे नहीं मिला. दो हज़ार पच्चीस में मैं application लगाकर रखी थी फिर दो हज़ार छब्बीस में भी मैं घर बनवाने गई हूं. तब भी मैंने बोला तब भी नहीं लगा फिर उन्होंने यही शिकायत की कि pipe नहीं है. तो मैंने संजय जो संजय थे पहले ठेकेदार थे उनसे मैंने यह चीज़ कही कि क्या मैं helpline में शिकायत कर सकती हूं? उन्होंने कहा बिल्कुल आप कर सकते हैं. भाई आप शिकायत करिए क्योंकि आपको problem हो रही है. मेरे पास pipe नहीं है. जब सरकारी pipe आएगा तभी होगा. तो मैंने कहा personally लगा दीजिए भाई. मुझे पानी की बहुत समस्या है वहां.
Speaker 2: यह संजय राय थे क्या?
Speaker 1: जी संजय राय करके थे.
Speaker 2: यह आप किस प्रकार से या PH विभाग की है?
Speaker 1: हां PG विभाग का है.
Speaker 2: हां और यह transfer हमारे पास हो गई है. जी. जल निगम के पास.
Speaker 1: हां हां.
Speaker 2: उसको मुझे वापस भिजवाना पड़ेगा कहीं. तो आप तो एक और तरीका है या आप जल्दी अगर समाधान चाहती हो तो आपने शिकायत में यह तू लिखवाया नहीं ना कि यह अस्सी विभाग के द्वारा यह ऐसा ऐसा कुछ
Speaker 1: सिखाया नहीं है. नहीं शिकायत में हमने बताया है कि PG की टंकी बनी हुई है वह वहां पर.
Speaker 2: नहीं लिखवाया है ना. हम तो देख ही रहे हैं ना इधर. इसीलिए यह आपकी complaint पड़ी है और आप एक तो phone भी नहीं उठा रही थी. मैंने आपको multiple times call किया.
Speaker 1: जी क्या है कि वह हो गया थोड़ा सा बेटे के पास phone था मेरा और मैं थोड़ी busy हो गई थी बच्चों की school के कारण. तो शायद हो सकता नहीं हुआ है और इसमें नाम भी वैसा ऐसे आ रहा है नाम की लग रहा है जैसे कोई recharge मत देना का sorry ऐसा लग रहा था मुझे.
Speaker 2: क्या लग रहा था?
Speaker 1: Jio recharge के लिए भी sir बहुत phone आते हैं ना इसीलिए मुझे लगा शायद वहीं से किसी का आ रहा
Speaker 2: है. नहीं नहीं नहीं कोई बात नहीं.
Speaker 1: देखिए sir इसमें कुछ लिखा हुआ नहीं आ रहा था ना मेरे Truecaller पर.
Speaker 2: हां हां कोई बात नहीं हो गया.
Speaker 1: तो यहां पर search करिए
Speaker 2: ना sir कि मेरे को वहां नल connection मिल जाए sir. मुझे बहुत fast
Speaker 1: ना connection मिल जाए sir. मुझे बहुत फ़ायदे करनी है.
Speaker 2: सुनिए सुनिए, मेरा आपसे निवेदन है. आप यह सिखाया तो बंद करवा दीजिए और दूसरी करिए उसमें बाकायदा लिखवाई public health engineering department PHD विभाग. तो आपका काम
Speaker 1: है. तो PhD विभाग वाला लिखना पड़ेगा?
Speaker 2: हां हां PhD वाला लिखा के करिए तो आपका काम हो जाए.
Speaker 1: ठीक है.
Speaker 2: तो एक OTP भिजवाता हूं हमें बताएंगे क्या?
Speaker 1: जी मैं अभी नहीं कर सकती हूं sir. Sir मैं अभी दो तीन लोगों ने और नया वहां पर शिकायत जो की है उन लोगों से भी पहले बात हो जाए मेरी क्या करते हैं बोलो फिर मैं आपको करूंगी.
Speaker 2: नहीं मैं आपको दुबारा शिकायत करने के लिए बोल रहा हूं. मैं बस इतना कह रहा हूं कि जो आपने इसमें लिखाया है ना कि पंचायत में नवीन connection दिनांक को जिससे आवेदन क्रमांक की जानकारी ली अभी तो फिर बताया गया कि नज़र connection प्राप्त नहीं किया गया तो इसमें आपने PSE विभाग का यह, हैं?
Speaker 1: यह तो बिल्कुल सही बात है. जब वहां से मेरा अपना वहां
Speaker 2: से तो
Speaker 1: बोल बोल नहीं घुमाना चाहिए था ना.
Speaker 2: अरे मैं समझ गया सही बात है लेकिन बात यह है कि यह connection PH ही विभाग को देना था और आपकी complaint हमारे पास जल निगम के पास पड़ी हुई है.
Speaker 1: तो यह आप पंचायत में किया है
Speaker 2: तो उसके through आप मुझसे क्यों बोल
Speaker 1: रहे हैं? आप अपना personally बोलिए ना.
Speaker 2: मैं अपना personally लेआउट बोल रहा हूं कि आप उसे personally PHA विभाग के नाम से complain करिए.
Speaker 1: ठीक है. जब मेरा ऊपर से आएगा sir तब मैं वह कर दूंगी मैं वहां पर. वहां पर वैसे भी आता है. जब भी ऐसा कुछ होता है तो मेरे पास ना वहां से CMMline से मेरे पास message आता है. मैं वहां से हटवा दूंगी.
Speaker 2: नहीं तो ऐसे नहीं हटेगा.
Speaker 1: वह हट जाएगा तभी हटा देगी sir.
Speaker 2: समय लगेगा वही कह रहा हूं. मैं आपका काम fastrack करूंगा. नहीं नहीं
Speaker 1: मैं सही बात है कोई कोई tension नहीं है sir. मैं वहां से मेरा message जैसे आएगा मैं उसमें click कर दूंगी तो वह हटा देंगे. But मैं अभी नहीं करना चाहूंगी. मुझे नल तो चाहिए sir. ऐसा नहीं हो सकता.
Speaker 2: मैं कह रहा हूं ना कि आपको नल मिलेगा लेकिन आप कहीं विभाग का नाम तो लिखवाएंगे.
Speaker 1: ठीक है ना मैं लिखा दूंगी sir अभी परेशान क्यों हो रहे हैं आप?
Speaker 2: ठीक है. आप लिखवा दीजिए.","Speaker 1: नमस्ते
Speaker 2: क्या रोशनी जी से बात हो रही है? मैं आलोक मिश्रा बात कर रहा हूं, मैं दिल्ली से हूं।
Speaker 1: जी हां, बोलिए
Speaker 2: क्या आपने सीए मेल्टलाइन की शिकायत की है?
Speaker 1: जी हां, मैंने वहां की थी।
Speaker 2: किस शिकायत के लिए थी?
Speaker 1: मेरा घर अमेरिकी में है, जहां जल निगम की टंकी बनी हुई है।
Speaker 2: अमेरिकी कहां है?
Speaker 1: रीवा में है।
Speaker 2: रीवा में कहां?
Speaker 1: गोविंदगढ़ के पास तमिल की पड़ता है।
Speaker 2: पास हां
Speaker 1: हां, ग्रामीण इलाका है।
Speaker 2: हां हां
Speaker 1: तो वहां जल निगम की टंकी मेरे घर के बगल में ही बनी हुई है। वहां हमारा घर का प्लंबिंग हुआ है, लेकिन मुझे पानी की समस्या है।
Speaker 2: तो आपको नल मिलेगा ना?
Speaker 1: उसके लिए शिकायत करने की जरूरत है।
Speaker 2: शिकायत करने की जरूरत क्यों पड़ी?
Speaker 1: क्योंकि जल निगम की टंकी बनी हुई है, लेकिन मुझे नल नहीं मिला।
Speaker 2: नहीं नहीं नहीं, लोगों ने आपको गलत जानकारी दी है। हमारी एक टीम जाती है इस काम के लिए।
Speaker 1: संजय राय ठेकेदार थे, उन्होंने कहा कि पाइप नहीं है, सरकारी पाइप आने पर ही काम होगा।
Speaker 2: मुझे लगता है कि यह गोविंदगढ़ जाते समय बीच में पड़ता है।
Speaker 1: हां, छोटी और बड़ी अमेलिकी पड़ती है।
Speaker 2: यह गोविंदगढ़ शहडोल रोड पर पड़ता है।
Speaker 1: हां, गोविंदगढ़ के पास है।
Speaker 2: वहां जल निगम की टंकी बनी है क्या?
Speaker 1: नहीं, वहां पानी की सप्लाई के लिए बड़ी टंकी बनी है।
Speaker 2: क्या वहां सभी को नल कनेक्शन मिल गया है?
Speaker 1: हां, सभी को नल मिल गया है, लेकिन मुझे नहीं मिला।
Speaker 2: संजय राय कौन थे?
Speaker 1: वह पहले ठेकेदार थे।
Speaker 2: क्या यह पीएचईडी विभाग का काम है?
Speaker 1: हां, पीजी विभाग का है।
Speaker 2: अब यह काम जल निगम के पास है।
Speaker 1: हां, अब यह जल निगम के पास है।
Speaker 2: मुझे लगता है कि आपको फिर से शिकायत करनी होगी।
Speaker 1: मैंने पहले ही शिकायत की है, लेकिन कोई जवाब नहीं मिला।
Speaker 2: मैं आपको कहता हूं कि आप फिर से शिकायत करें और पीएचईडी विभाग का नाम लिखें।
Speaker 1: ठीक है, मैं ऐसा करूंगी।
Speaker 2: मैं आपको ओटीपी भेजूंगा, आपको बताना होगा कि आपका काम हो गया है।
Speaker 1: मैं अभी नहीं कर सकती, मुझे पहले कुछ लोगों से बात करनी है।
Speaker 2: मैं आपको कहता हूं कि आप फिर से शिकायत करें और पीएचईडी विभाग का नाम लिखें।
Speaker 1: ठीक है, मैं ऐसा करूंगी।"
6,"Speaker 1: Hello.
Speaker 2: जी, अक्षय राज जी से बात हो रही है?
Speaker 1: जी बोलिए.
Speaker 2: मैं आलोक मिश्रा बात कर रहा था, जल निगम से जी जी बोलिए. आपने CM decline की थी मडुवा गांव के लिए? जी जी क्या दिक्कत आ रही है?
Speaker 1: दिक्कत यह आ रही है जो यह योजना चल रही है ना आपकी nil जल योजना, जीवन जल योजना इसके अंतर्गत जितनी भी pipeline बिछी है तो हमारे घर की तरफ नहीं बिछाई गई. एक बार पूरे हो एक वर्ष पूरे हो चुके हैं. Other जगह बिछ गई है. हमारे इधर क्यों नहीं बिछी है?
Speaker 2: मडोवा गांव PAC विभाग के अंतर्गत आता है. जी? PHC विभाग के अंतर्गत आता है ना पानी की टंकी बनी है बोर से पानी में.
Speaker 1: वैसे सुने मरा वाह यह जो नई new टंकी अभी यहां पर वन रही है ना प्रेम नगर में.
Speaker 2: हां कौन पहले से बनी होगी ना वहां पर टंकी?
Speaker 1: नहीं नहीं पहले से नहीं अभी वर्तमान में भी काम चल रहा है इसमें. अब यह एक महीने something में चालू होने वाली है टंकी.
Speaker 2: कहां की बात कर रहे हैं आप?
Speaker 1: मराबा प्रेम नगर. प्रायोगिक school के पास.
Speaker 2: वहां पर हमारी टंकी नहीं वन रही है.
Speaker 1: तो यह किसकी टंकी वन रही है?
Speaker 2: काहे की टंकी है. वहां पर वह सब वह रख रहे हैं क्या? Jink Alem tank वगैरह रख रहे हैं क्या? यह
Speaker 1: वैसे क्या कहते हैं readymade टंकी वाली.
Speaker 2: Ready made टंकी है ना मतलब ऊपर zinc Alem वाला tank रख रहे हैं.
Speaker 1: हां हां.
Speaker 2: अच्छा अच्छा हां तो ठीक है फिर वह अपनी है.
Speaker 1: हां तो इसमें pipe line तो डालना चाहिए ना जैसे अगर जगह डली हुई है.
Speaker 2: हाथी pipe डलेगी ना इसलिए आप इतना चिंतित क्यों हो रहे हैं?
Speaker 1: अरे नहीं तो जब चालू हो जाए तब कहां से डलेगी आप ही
Speaker 2: बताइए? अरे नहीं चालू होने वाला है अभी यह. अभी June दो हज़ार छब्बीस तक तो pipe बेलने का
Speaker 1: है. आप यहां पर आते हैं कभी?
Speaker 2: बिल्कुल आते हैं कहीं पर ही यहां पर है.
Speaker 1: अच्छा आप जब आइए जब मेरे संपर्क करिए.
Speaker 2: हां मैं संपर्क कर लूंगा बाकी ऐसी कोई दिक्कत नहीं है, इतनी चीज़ के लिए अपन शिकायत नहीं करते हैं. अभी आपका गांव में, यह बताइए सुनिए, हमारा जो काम चल रहा है वहां पर एक आपको connection गांव में नहीं दिया गया होगा हमारी तरफ से अभी और ना हमारा पूरा वहां पर pipe डली है. तो जो काम अभी प्रस्तावित है, अंदर progress है उस पर नहीं शिकायत करते. जब यह हो जाए, जब ऐसा लगे June दो हज़ार छब्बीस के बाद कि नहीं है भाई अब connection देना हमारे contractor ने शुरू कर दिया है जैसे मान लीजिए. अब से यह है कि अब आपको pipe नहीं डाली जा रही है, अब नहीं जिया जा रहा है. तब आप शिकायत करिए तो एक बार यह समझ में आए कि हां यार आपके साथ गलत हो रहा है. अभी मान लीजिए हमारा काम progress में है, है ना? अभी पूरा pipe नहीं डली हमने किसी को connection नहीं दिया और आप पहले ही वह हो गए कि भाई हमको पानी नहीं मिलेगा लगता है क्या? ऐसा कुछ नहीं है यह.
Speaker 3: हां यह यह यह यह
Speaker 1: यह यह यह यह यह यह यह यह यह यह यह
Speaker 3: यह यह यह यह यह यह यह यह यह यह यह यह यह यह यह यह यह यह यह यह यह यह यह यह यह यह यह यह यह यह यह यह यह यह यह यह यह यह यह यह यह यह यह यह यह यह यह यह यह यह यह यह यह यह यह यह यह यह यह यह यह यह यह
Speaker 2: है यह जी. लेकिन मिलेगा सबको इसकी guarantee
Speaker 1: है. नहीं तो यह जो pipeline अभी लेआउट है पहले, यह किस विभाग की लेआउट
Speaker 2: है? मडुवा गांव जैसे आपने इसमें लिखवाया है ना मैं बता रहा हूं. मडुवा गांव अस्सी विभाग के अंतर्गत आता है और हमारा वहीं पर दुख खराब पड़ता है. जी. जहां हमारा बहुत हमारा काम चल रहा है जल निगम का. तो मैं यह समझ रहा हूं कि आप PHD वालों पर बात कर रहे हैं. अगर अस्सी वालों से बात करना है आपको तो आपकी शिकायत हमको transfer करवानी पड़ेगी. अगर आपका ध्रुव हमारी scheme के अंतर्गत है. तो हमारा तो under progress है, हमारा तो डलेगा ही. हमारा तो उसकी guarantee है कि हम एक जन्ज़ा देते हैं.
Speaker 3: आपके अंदर proof
Speaker 1: के लिए मैं किया नहीं आपके under proof के लिए मैं किया हूं क्योंकि मेरे घर के पास ही टंकी दो सौ सौ meter के अंतराल में है. हां
Speaker 2: हां हां हां हां. चलिए मैं आपसे वहां की मिल भी लूंगा एक बार थोड़ा सा तो ज़्यादा अच्छे से चीज़ें समझ में आ जाएंगी, बाकी आप उसके लिए निष्पिके रहिए अगर हमारे उसमें है तो June दो हज़ार छब्बीस तक वहां pipe डलनी ही डलनी है.
Speaker 1: तो अब मई से चालू होने वाला है कल से.
Speaker 2: क्या होने वाला है?
Speaker 1: मई तो लग जाएगा ना भाई कल से.
Speaker 2: हां हां तो मतलब dull नहीं हमारा एक वह है कि estimate है कि pipe डल जाएगी. है ना? तो मतलब तो wait करिए दो महीने समय अपने पास.
Speaker 1: मैं बिल्कुल
Speaker 3: wait कर लेता हूं.
Speaker 2: ज़्यादा बचा नहीं है हमारा काम. काम हमारा बीस से तीस percent बचा है, छोटी मोटी जगह ही बची है, मैं एक बार आकर देख भी लूं, मैं बता रहा हूं मैं आऊंगा आपके दिल में.
Speaker 1: ठीक है, पहले आप आकर यहां पर संपर्क करिए आप.
Speaker 2: अच्छा यह कहां पास जैसे मडोआ आपका पड़ता है अपन से
Speaker 3: ticket से घुसेंगे आप.
Speaker 1: मरवा यह जो सीधी हां ticker से घुसेंगे आप. हां. वह सीधी वाला यह जो
Speaker 2: मडोआई जो टंकी बनी है वहां पहले से एक आतिशी टंकी बनी है ना? जी. ताज मोहम्मद सरपंच है आपके यहां की?
Speaker 1: ताज मोहम्मद उनकी wife है.
Speaker 2: हां, उनकी wife है, वही सरपंच है ना.
Speaker 1: हां हां.
Speaker 2: तो उनके वहां पर तो पानी चल रहा है ना PAC का, वही तो मैं समझ नहीं पा रहा हूं आपकी बात को.
Speaker 1: आप आप जो है यह शहडोल line जाती है ना सीधी शहडोल वाली? हां हां, मैं जानता हूं मनोवा चौराहे से
Speaker 2: हां, दूसरा भी भाग लगता है वहां पर, मुझे पता है मेरे जल निगम नहीं लगता उधर, जल निगम का दूसरे बगल में काम. मैं जानता हूं तभी
Speaker 1: तो मैं बता
Speaker 3: रहा हूं
Speaker 2: कि आपके यहां शायद बंद करके आना है, मैं पता होगा तभी तो बोल पा रहा
Speaker 1: हूं नहीं तो मैं भी तो बता रहा हूं कि मडवई पंचायत में आता है, बाढ़ का मांग बीस है, प्रेम नगर मोहल्ला है.
Speaker 2: प्रेम नगर मोहल्ला इधर से अपन वहां पर कि school भी पड़ती है. हां. School के पहले खूब बड़ी गायों की pipe डली है हमारी, main road के किनारे किनारे.
Speaker 1: अच्छा road के किनारे कहीं डली है, actually क्या है कि मैं विशेष इसमें ध्यान नहीं देता था. एक दिन मेरे को यह पता चला कि हां pipe टंकी यह चालू होने वाली है.
Speaker 2: कौन सी टंकी चालू होने वाली है आपको किसने बताया?
Speaker 1: यह जो अंबेडकर जी के statue है ना यहां
Speaker 2: पर हां.
Speaker 1: जहां पर आपकी टंकी वन रही है. हां. हां, तो वही टंकीs connection चाहिए हमें.
Speaker 2: आप एक टंकी की photo खींचकर उसको दे सकते हैं क्या? आपके सौ meter की आपके घर के पास.
Speaker 1: तो जब जब आप इतना आपको नहीं confirm मालूम है कि कहां पर किस location में भी हो रही है. नहीं क्या है
Speaker 2: मैं बता रहा हूं ना वह गांव हमारे screen के अंदर जब नहीं आता. अब आप किसी दूसरे जगह की बात कर रहे हैं, तो मैं एक बार उस जगह को visit भी करूंगा. मैं देखूंगा बिल्कुल कहां पर है ऐसा और हमारे उसमें होगा तो मैं guarantee देता हूं आपको उसका मिलेगा ही मिलेगा. उसकी तो मैं आपको guarantee दे सकता हूं.
Speaker 1: मडवा gram पंचायत में आपका work चल रहा है कि नहीं चल रहा है यह बताइए?
Speaker 2: मडवा गांव में हमारा नहीं चल रहा है.
Speaker 1: तो किसका चल रहा है?
Speaker 2: मडवा गांव, PHA विभाग का है.
Speaker 1: नहीं तो PHA विभाग का, सुनिए मेरे को भी पता है PHA विभाग की जो टंकियां हैं वह दूसरे तरीके की बनी हुई हैं जो यह जल निगम बाली जो बनी हैं, यह दूसरे दूसरे तरीके की वन रही हैं. यह aluminum की टंकी इसमें रखी गई ऊपर.
Speaker 2: अरे आप वह नहर के पास वाली टंकी की बात कर रहे हैं क्या? जी जी. अरे वह GDMB आ रहे हैं हमारा.
Speaker 1: हां
Speaker 2: हां जो नहर के एकदम side में बना हुआ है
Speaker 1: ना. हां हां इस प्राथमिक school है अंबेडकर जी की history है.
Speaker 2: प्राथमिक school अंबेडकर जी की वह है, पीछे तालाब
Speaker 1: है. वह
Speaker 2: ZMBR है हम आपको उससे पानी नहीं मिलेगा. उससे पानी जाएगा यह मडबा वाले टंकी में.
Speaker 1: PH. PH.
Speaker 2: PH. BH. BH. BH. BH. BH. वही तो कह रहा हूं कि मडवा गांव हमारे उसमें नहीं है. जो हमारा वहां पर बना है ना वह JMBR है उससे टंकियां भरी जाएंगी. चलिए अब समझ गया आपकी बात. ठीक है देखिए मैं आता हूं फिर तू मुलाकात भी होगी आपसे.
Speaker 1: कितने बजे आऐंगे
Speaker 2: आप? शाम तक देखिए आने वाला. बाकी यह complain आपकी आपकी complain जानते हैं कि आपको अस्सी नहीं करनी चाहिए. हमारे उसमें कोई proposal ही नहीं है. हमारे उसमें पता number
Speaker 1: वालों को. यह समझ में नहीं आ रहा है कि कितनी योजनाएं एक जगह चल रही हैं.
Speaker 2: हैं? सुनिए क्या होता है मैं बात.
Speaker 1: एक ही जगह क्या है कि चार चार योजनाएं दे रहा है, क्या कर रहे हैं?
Speaker 2: नहीं नहीं भाई बिल्कुल नहीं ऐसा है. एक जगह में एक ही योजना है वही तो समझा रहा हूं आपको. तब सिर्फ मडवा गांव PHD योजना पर है. हमारी उसमें नहीं है. वही तो कह रहा हूं आप समझ नहीं रहे हो उस चीज़ को.
Speaker 1: तो यही तो हम आपसे समझना चाहते हैं कि आप आ कर मेरे को face to face समझाइए.
Speaker 3: हां, ठीक
Speaker 2: है अब मैं आ भी जाऊंगा लेकिन वह जो बता रहा हूं ना मैं आपको कि वह इसकी हमारे इसमें room है. वह दूसरे उसमें है. ठीक है चलिए मैं आता भी हूं. जी. आकर मिलूंगा अभी आपसे.
Speaker 1: आज ही आऐंगे?
Speaker 2: हां देखिए शाम से बिल्कुल एक बार. ठीक है. या कितने बजे तक रहते हैं सुबह भी रहते में कि या तीन जातें वाकएं?
Speaker 1: नहीं नहीं मैं सुबह आठ बजे से निकल जाता हूं तो आता हूं वही साढ़े छह बजे.
Speaker 2: शाम को तो फिर कैसे मुलाकात होगी फिर?
Speaker 1: आज आज मेरा off है तो आज मेरी मुझसे मुलाकात हो जाएगी छह बजे,
Speaker 3: शाम को.
Speaker 2: देखिए ठीक है मैं आता हूं या फिर किसी और को देखता हूं भेजता हूं. बाकी वह जो आपका है ना वह आपको यह शिकायत अस्सी में ही करनी चाहिए थी. आपने हमारे में चलने company की थी वह गलत चीज़ है. कोई बात नहीं, कोई issue नहीं है, है ना?
Speaker 1: ठीक है. है ना? तो विस्तार से.
Speaker 2: बाकी आप, हां कोई issue नहीं है.
Speaker 1: ठीक है इसको इसका issue मैं देखता हूं विस्तार से कहां से क्या है? आप भी आइए.
Speaker 3: हां
Speaker 2: विस्तार से देख लीजिए जहां से इसका issue हो. बाकी मैं वह जो आपको बता रहा हूं ना हर चीज़ में इसलिए वही चीज़ है. वही चीज़ तो मैं बोल रहा था कि आप जिस टंकी की बात कर रहे थे ना वह टंकी नहीं हमारा जितेंगी आज है. उससे टंकियों को पानी दिया जाएगा जो मडवा टंकी है ना आपकी. उसी से पानी उसमें जाएगा चूंकि अभी वहां bore से पानी चल रहा है. फिर जब यह इसमें से हम इसको भरेंगे ना June के बाद बाद में. वही आपको जिसने बताया ना कि पानी चालू होने वाला है. वह उसने सही आपको जानकारी दी. हमारा क्या है June last last का हमारा target है कि हमको उसको Jerengyard में पानी भरना है. तो June के last last तक हम यह काम करेंगे और उससे टंकियों को भरेंगे तो वह ठीक है वह मतलब सही जानकारी है आपको. हां. ठीक है sir. Ok. Ok.","Speaker 1: नमस्ते
Speaker 2: जी, अक्षय राज जी से बात हो रही है?
Speaker 1: जी बोलिए
Speaker 2: मैं आलोक मिश्रा बात कर रहा था, जल निगम से जी जी बोलिए। आपने सीएम डिक्लाइन की थी मडुवा गांव के लिए? जी जी क्या दिक्कत आ रही है?
Speaker 1: दिक्कत यह आ रही है कि जो यह योजना चल रही है ना आपकी निल जल योजना, जीवन जल योजना इसके अंतर्गत जितनी भी पाइपलाइन बिछी है तो हमारे घर की तरफ नहीं बिछाई गई। एक बार पूरे हो एक वर्ष पूरे हो चुके हैं। अन्य जगह बिछ गई है। हमारे इधर क्यों नहीं बिछी है?
Speaker 2: मडोवा गांव पीएचडी विभाग के अंतर्गत आता है। जी? पीएचसी विभाग के अंतर्गत आता है ना पानी की टंकी बनी है बोर से पानी में
Speaker 1: वैसे सुने मरा वाह यह जो नई टंकी अभी यहां पर बन रही है ना प्रेम नगर में
Speaker 2: हां कौन पहले से बनी होगी ना वहां पर टंकी?
Speaker 1: नहीं नहीं पहले से नहीं अभी वर्तमान में भी काम चल रहा है इसमें। अब यह एक महीने में चालू होने वाली है टंकी
Speaker 2: कहां की बात कर रहे हैं आप?
Speaker 1: मराबा प्रेम नगर। प्रायोगिक स्कूल के पास
Speaker 2: वहां पर हमारी टंकी नहीं बन रही है
Speaker 1: तो यह किसकी टंकी बन रही है?
Speaker 2: काहे की टंकी है। वहां पर वह सब वह रख रहे हैं क्या? जैसे कि टैंक वगैरह रख रहे हैं क्या?
Speaker 1: वैसे क्या कहते हैं रेडीमेड टंकी वाली
Speaker 2: रेडीमेड टंकी है ना मतलब ऊपर जिंक एल्युमिनियम वाला टैंक रख रहे हैं
Speaker 1: हां हां
Speaker 2: अच्छा अच्छा हां तो ठीक है फिर वह अपनी है
Speaker 1: हां तो इसमें पाइपलाइन तो डालना चाहिए ना जैसे अगर जगह डली हुई है
Speaker 2: हाथी पाइप डलेगी ना इसलिए आप इतना चिंतित क्यों हो रहे हैं?
Speaker 1: अरे नहीं तो जब चालू हो जाए तब कहां से डलेगी आप ही
Speaker 2: बताइए? अरे नहीं चालू होने वाला है अभी यह। अभी जून दो हज़ार छब्बीस तक तो पाइप बेलने का
Speaker 1: है। आप यहां पर आते हैं कभी?
Speaker 2: बिल्कुल आते हैं कहीं पर ही यहां पर है
Speaker 1: अच्छा आप जब आइए जब मेरे संपर्क करिए
Speaker 2: हां मैं संपर्क कर लूंगा बाकी ऐसी कोई दिक्कत नहीं है, इतनी चीज़ के लिए अपन शिकायत नहीं करते हैं"
7,"Speaker 1: कहां है फ़िलहाल यह?
Speaker 2: अरे, मैं तो duty में हूं. Duty
Speaker 1: कहां करते है आप?
Speaker 2: मैं रेल दिन कर रहा हूं.
Speaker 1: कह रहा था फिर उस complaint का क्या करना है? उसमें वैसे पानी जैसे आप आ गए जैसे पानी तो नहीं मिल पाएगा उसमें.
Speaker 2: है हां अब तो पानी नहीं मिल पाएगा
Speaker 1: हां हां, वो तो पानी जहां से आना है आपको वही से आएगा AC वाले ही pipe डालेंगे
Speaker 2: नहीं, तो आप format करिए
Speaker 1: ना कैसे forward करना?
Speaker 2: अपने आप जिस भी, हां, जिस विभाग का उस विभाग में format करिए
Speaker 1: कोई बात नहीं, हम अपनी तरफ से transfer करेंगे ना, तो समय लगता है आपको बदला दिखी जैसे भी. तब तक आपकी शिकायत तुम्हारे पास ही पड़ी रहेगी, मतलब उसको procedure जो बता रहा हूं.
Speaker 2: नहीं तो जब आपके पास से forward हो जाएगा तब फिर दूसरा विभाग मेरे से संपर्क करेगा.
Speaker 1: हां, तो उसमें समय लगेगा मतलब इस दिन मैं वही कह रहा हूं मैं, procedure होती है उसकी. तो अभी के लिए आप उसमें ऐसा कर सकते हैं कि अभी यह शिकायत आप कटवा करके तुरंत एक नई शिकायत करिए उसमें बकायदा अच्छे से लिखवा दीजिए public engineering department की तरफ से हमारे गांव में पानी या pipe नहीं डाली गई थी. तो जिससे तुरंत वह शिकायत विभाग के पास चली जाएगी.
Speaker 2: मैं मेरा मेरा block चल रहा है अभी. मैं आपसे शाम के बात करता हूं खुद के phone में number लगाऊंगा.
Speaker 1: नहीं तो बहुत समझ नहीं चाहिए उसके लिए सुनिए ना.
Speaker 2: अरे नहीं तुम बता दो मेरा block चल रहा है, block पिट जाएगा भाई अभी रुक लीजिए थोड़ा आप.
Speaker 1: नहीं तो बस एक OTP मैं भेज देता हूं आप उसको बता दीजिए फिर आप करके.
Speaker 2: नहीं मैं आपसे विस्तार से थोड़ा बात करना चाहता हूं इसके बारे में. तो आप आप बताएंगे? मैं शाम, हां मैं शाम के आपको call करूंगा.
Speaker 1: ठीक है.","Speaker 1: कहां है फ़िलहाल यह निर्माण स्थल?
Speaker 2: मैं ड्यूटी पर हूं, रेलवे क्रॉसिंग के पास काम कर रहा हूं।
Speaker 1: किस प्रोजेक्ट पर काम कर रहे हैं आप?
Speaker 2: मैं रेलवे प्रोजेक्ट पर काम कर रहा हूं।
Speaker 1: उस शिकायत के बारे में क्या करना है? पानी की समस्या का समाधान कैसे निकालेंगे?
Speaker 2: अब तो पानी की समस्या का समाधान नहीं हो पाएगा।
Speaker 1: हां, पानी की समस्या का समाधान करने के लिए हमें नए पाइप डालने होंगे।
Speaker 2: नहीं, तो आप प्रारूप तैयार करिए।
Speaker 1: कैसे आगे बढ़ाना है इस प्रारूप को?
Speaker 2: अपने विभाग में प्रारूप तैयार करिए और आगे बढ़ा दीजिए।
Speaker 1: कोई बात नहीं, हम अपनी तरफ से ट्रांसफर करेंगे, लेकिन इसमें समय लगेगा। तब तक आपकी शिकायत आपके पास ही रहेगी।
Speaker 2: नहीं, जब आपके पास से आगे बढ़ जाएगा, तब दूसरा विभाग मुझसे संपर्क करेगा।
Speaker 1: हां, इसमें समय लगेगा, लेकिन आप एक नई शिकायत दर्ज करा सकते हैं कि पब्लिक इंजीनियरिंग विभाग की तरफ से हमारे गांव में पानी की पाइप नहीं डाली गई थी।
Speaker 2: मैं अभी अपना काम कर रहा हूं, शाम को बात करता हूं।
Speaker 1: कोई बात नहीं, मैं आपको समझा दूंगा।
Speaker 2: नहीं, मैं आपसे विस्तार से बात करना चाहता हूं, शाम को आपको कॉल करूंगा।
Speaker 1: ठीक है, शाम को बात करते हैं।"
8,"Speaker 1: Hello. Yes? Dear लेआउट Berry से बोल रहा था courier से. अच्छा अच्छा pickup लेना था क्या? हां हां ready होगा क्या अभी? हां हां ready हैं. ठीक है मैं आधे घंटे से आ जाता अस्सी.","Speaker 1: हैलो. हां? मैं लेआउट बेरी से बात कर रहा था कूरियर के बारे में। अच्छा, अच्छा, पिकअप लेना था क्या? हां हां, तैयार होगा क्या अभी? हां हां, तैयार है। ठीक है, मैं आधे घंटे में 80 मीटर के पास आ जाऊंगा।"
9,"Speaker 1: Hello. हां. जी, भैया पुताई के लिए labor मिल जाएंगे क्या?
Speaker 2: कहां के लिए?
Speaker 1: रायपुर के लिए.
Speaker 2: क्या करवाना है आपको?
Speaker 1: हमारी एक building है, एक हज़ार square meter की.
Speaker 2: एक हज़ार square meter मतलब दस हज़ार square feet.
Speaker 1: बिल्कुल.
Speaker 2: अंदर बाहर.
Speaker 1: अंदर.
Speaker 2: Interior में कराना है?
Speaker 1: हां हां, interior में कराना.
Speaker 2: सरकारी है, private है?
Speaker 1: सरकारी ही है.
Speaker 2: सरकारी है, मतलब new construction है कि मतलब वैसा है? नहीं नहीं,
Speaker 1: old construction, old construction.
Speaker 2: Old construction है ना, old construction है तो कुंभा के सामान वगैरह सब उसमें पड़ा होगा.
Speaker 1: सब सब सब मतलब सामान भी दे दूंगा मैं जो आप आदमी मेरे पास रहेंगे मैं उनको खाने पीने के लिए भी दे दूंगा.
Speaker 2: नहीं मतलब मेरा सामान इनका कहने का मतलब यह है कि नहीं नहीं सामान
Speaker 1: वगैरह ऐसा नहीं है मतलब छोटी मोटी होती है मतलब ऐसा कुछ major नहीं है कि आपको उसमें बहुत मेहनत करनी पड़ेगी.
Speaker 2: अच्छा काम क्या करना है भैया उसमें एक coat paint करना है?
Speaker 1: दो coat.
Speaker 2: दो coat होना है?
Speaker 1: हां दो coat होना है.
Speaker 2: दो coat होना है. भैया देखिए जो.
Speaker 1: एक में आ गया तो बेहतर है नहीं तो फिर दूसरा तो करेंगे.
Speaker 2: मतलब क्या matter भैया FD FD release होनी है क्या? ऐसा ऐसा कुछ है क्या?
Speaker 1: बस कुछ ऐसे ही मान लीजिए.
Speaker 2: ऐसा जो payment है पांच साल बाद week होता है वही वाला matter होगा.
Speaker 1: हां. क्या अपने पास आदमी मिल जाएंगे
Speaker 2: क्या? हां. अब उसमें खुदाई देखिए भैया जो आदमी मेरे पास है वह दो रुपए लेते हैं court. आपका दस हज़ार square feet है. दस लेआउट हज़ार square feet बताया ना आपने?
Speaker 1: हमको labor rate में करवाना.
Speaker 2: Labor rate में नहीं होंगे भैया.
Speaker 1: Labor rate में नहीं
Speaker 2: होगा? नहीं, दो रुपए square feet लेते हैं वही करेंगे.
Speaker 1: Per coat है ना?
Speaker 2: दो रुपए square feet per coat लेते हैं उसमें यह दिमाग आप ज़रूर लगा सकते
Speaker 1: हो
Speaker 2: कि paint किया आप पपड़ी वपि ले आना मेरे पास तो अपन उसको ऐसा बना देंगे कि वह एक coat में final आ जाए. तो आपका labor भी एक court का ही लगेगा material भी एक court का लगेगा पैसा बच जाएगा.
Speaker 1: अच्छा मतलब एक court में अपन वह व्यवस्था उस तरह से बना सकते हैं ना.
Speaker 2: बना मतलब क्या है आप पपड़ी ले आओगे मेरे पास दुकान पर मेरे तो क्या है उसको बनाएंगे और एक लेआउट sample test करा लेंगे. उसको मैं ऐसा बनाऊंगा कि एक coat में वह आ जाए और उसके बाद एक liter पहले application भी करके देख लेंगे कि एक coat में final आ रहा है कि नहीं और मेरे हिसाब से आप पपड़ी ले आओगे तो most probably मैं ऐसा बना लूंगा कि एक court में आप उसको final कर सको. उसके बाद बंदे align करेंगे तो वह एक court में आपकी building भी final कर देंगे तो क्या यह आपको laborओं को एक court का पैसा देना पड़ेगा और material भी आधा लगेगा आपका.
Speaker 1: हां हां हां.
Speaker 2: तो यह quote का यह दिमाग आप लगा सकते हैं.
Speaker 1: बीस सौ से हज़ार रुपए बैठेगा. है ना?
Speaker 2: बीस हज़ार रुपए करीब बैठेगा लेआउट.
Speaker 1: ठीक ठीक. Labor rate में वैसे नहीं available करवा पाएंगे आप. हां?
Speaker 2: नहीं भैया ऐसे daily में काम ही नहीं करते ना भैया लड़के अब क्या बता दें आपको कहानी की
Speaker 1: हाँ जो measurement का नशा लग जाएगा तो काहे कोई उसमें करेगा
Speaker 2: काहे का कोई करेगा वही तो बात हैं और नहीं उसमें कराना भी बेकार हैं भैया आज की date में
Speaker 1: अच्छा अच्छा अच्छा.
Speaker 2: कोई मतलब नहीं है. वह आप खड़े रहोगे आपको लगेगा कि तो आप करा लोगे वह आप करा ही ना पाओगे और सारा ज़्यादा ही पैसा लगेगा.
Speaker 1: हां हां हां.
Speaker 2: इससे अच्छा देकर बहुत सच रहे आदमी क्योंकि है क्या ना भैया वह नहीं जीत सकते हमसे हम. हमसे नहीं जीत सकते.
Speaker 1: उसको. सही चीज़ है. चलिए ठीक है.
Speaker 2: देख लीजिए थोड़ा बहुत. बिल्कुल.","Speaker 1: हां, भैया पुताई के लिए लेबर मिल जाएंगे क्या?
Speaker 2: कहां के लिए?
Speaker 1: रायपुर के लिए।
Speaker 2: क्या करवाना है आपको?
Speaker 1: हमारी एक बिल्डिंग है, एक हज़ार स्क्वायर मीटर की।
Speaker 2: एक हज़ार स्क्वायर मीटर मतलब दस हज़ार स्क्वायर फीट।
Speaker 1: बिल्कुल।
Speaker 2: अंदर बाहर।
Speaker 1: अंदर।
Speaker 2: इंटीरियर में कराना है?
Speaker 1: हां हां, इंटीरियर में कराना।
Speaker 2: सरकारी है, प्राइवेट है?
Speaker 1: सरकारी ही है।
Speaker 2: सरकारी है, मतलब न्यू कंस्ट्रक्शन है कि पुरानी है?
Speaker 1: पुरानी कंस्ट्रक्शन।
Speaker 2: पुरानी कंस्ट्रक्शन है ना, तो उसमें कुछ सामान पड़ा होगा।
Speaker 1: मैं आपको सभी सामान दे दूंगा, और जो लेबर मेरे पास रहेंगे, उनके खाने-पीने के लिए भी दे दूंगा।
Speaker 2: नहीं, मेरा मतलब है कि सामान की व्यवस्था आपको करनी होगी।
Speaker 1: वगैरह, ऐसा नहीं है कि बहुत मेहनत करनी पड़ेगी।
Speaker 2: अच्छा, काम क्या करना है भैया? एक कोट पेंट करना है?
Speaker 1: दो कोट।
Speaker 2: दो कोट होना है?
Speaker 1: हां दो कोट होना है।
Speaker 2: दो कोट होना है। भैया, देखिए जो..।
Speaker 1: एक में आ गया तो बेहतर है, नहीं तो फिर दूसरा तो करेंगे।
Speaker 2: मतलब क्या मैटर भैया, एफडी रिलीज़ होनी है क्या?
Speaker 1: बस कुछ ऐसे ही मान लीजिए।
Speaker 2: ऐसा जो पेमेंट है पांच साल बाद वीक होता है, वही वाला मैटर होगा।
Speaker 1: हां। क्या अपने पास लेबर मिल जाएंगे?
Speaker 2: क्या? हां। अब उसमें खुदाई देखिए भैया, जो लेबर मेरे पास है, वह दो रुपये लेते हैं प्रति स्क्वायर फीट।
Speaker 1: हमको लेबर रेट में करवाना है।
Speaker 2: लेबर रेट में नहीं होगा, भैया।
Speaker 1: लेबर रेट में नहीं?
Speaker 2: नहीं, दो रुपये स्क्वायर फीट लेते हैं वही।
Speaker 1: प्रति कोट है ना?
Speaker 2: दो रुपये स्क्वायर फीट प्रति कोट लेते हैं।
Speaker 1: हो
Speaker 2: कि पेंट किया आप पपड़ी वपि ले आना मेरे पास, तो अपन उसको ऐसा बना देंगे कि वह एक कोट में फाइनल आ जाए।
Speaker 1: अच्छा, मतलब एक कोट में अपन वह व्यवस्था उस तरह से बना सकते हैं ना।
Speaker 2: बना मतलब क्या है आप पपड़ी ले आओगे मेरे पास, दुकान पर मेरे तो क्या है, उसको बनाएंगे और एक लेआउट सैंपल टेस्ट करा लेंगे।
Speaker 1: हां हां हां।
Speaker 2: तो यह कोट का यह दिमाग आप लगा सकते हैं।
Speaker 1: बीस हज़ार रुपये से अधिक नहीं होगा।
Speaker 2: बीस हज़ार रुपये करीब बैठेगा।
Speaker 1: ठीक ठीक। लेबर रेट में वैसे नहीं करवा पाएंगे आप।
Speaker 2: नहीं भैया, ऐसे डेली में काम ही नहीं करते ना भैया।
Speaker 1: हाँ जो मेजरमेंट का नशा लग जाएगा तो काहे कोई उसमें करेगा
Speaker 2: काहे का कोई करेगा वही तो बात हैं और नहीं उसमें कराना भी बेकार हैं भैया आज की डेट में।
Speaker 1: अच्छा अच्छा अच्छा।
Speaker 2: कोई मतलब नहीं है। वह आप खड़े रहोगे आपको लगेगा कि तो आप करा लोगे वह आप करा ही ना पाओगे और सारा ज़्यादा ही पैसा लगेगा।
Speaker 1: हां हां हां।
Speaker 2: इससे अच्छा देकर बहुत सच रहे आदमी क्योंकि है क्या ना भैया वह नहीं जीत सकते हमसे हम। हमसे नहीं जीत सकते।
Speaker 1: उसको। सही चीज़ है। चलिए ठीक है।"
10,"Speaker 1: Hello. Hello. जी भैया, पुताई के लिए आदमी नहीं जाएंगे क्या? हां. पुताई के लिए, पुताई के लिए. नहीं, wrong number दिया. श्री राम Paints में नहीं बात कर रहा हूं क्या मैं? लेकिन team बदली हो गए हैं ना दूसरा बंद में चला रहे हैं. अच्छा अच्छा अच्छा तो number दे सकते हैं आप उनका? नहीं है भाई मेरे पास","Speaker 1: नमस्ते। क्या पुताई के लिए कोई आदमी नहीं जा रहा है? हां, पुताई के लिए। मैं श्री राम पेंट्स से बात नहीं कर रहा हूं, लेकिन लगता है कि टीम बदल गई है और वे दूसरे प्रोजेक्ट पर काम कर रहे हैं। क्या आप उनका नंबर दे सकते हैं?"
11,"Speaker 1: Hello sir आपको मेरी आवाज़ आ रही है?","Speaker 1: नमस्ते सर, क्या आपको मेरी आवाज़ स्पष्ट आ रही है?"
File Index,Raw Input (ASR),Processed Output (AI)
1,"Speaker 1: Hello, हां sir? चल रहा है दीपक का नाम? हां लगवाया है sir. अरे आ ही रहा था यार, छोटा सा एक accident हो गया. किसका? मेरा, थोड़ा सामने की light टूट गई है. हां. Fridge बनवाकर जरा तो. ठीक है.","Speaker 1: हां सर? दीपक का नाम चल रहा है? हां लगवाया है सर. मैं आ ही रहा था, एक छोटा सा एक्सीडेंट हो गया. मेरी गाड़ी का, सामने की लाइट टूट गई है. अब मैं फ्रिज का काम बनवाकर देखता हूं।"
2,"Speaker 1: हां sir. अरे दीपक भाई phone वोन तो उठा लिया करो यार. अरे उसका हां sir बताइए. क्या चल रहा है मिल गया है labour saver? हां labour लेकर ही आ रहा हूं.
Speaker 2: और वह क्या आ गया
Speaker 1: ना वही ठीक है. Concreet
Speaker 2: लेआउट?
Speaker 1: Concreet का order लगा दिया है. लगा लूंगा जैसे ही जड़े जाएगा ना साफ हो जाएगा वैसे ही concrete का order लगा दिया.
Speaker 2: तो अब करवा ले कुछ काम शुरू करवा भाई अब काम कहां कहां लगाया है आज?
Speaker 1: वही मडवा में लगा है. मडवा में लगा है कैसे.
Speaker 2: Link ID wise बताओ मडवा मेंकौनी link ID में लगाया है.
Speaker 1: यह तो यह है तूने यह bank लगाना था ना NBDD का. हां हां हां हां हां था ना.
Speaker 2: और कहां मडवा हो गया कहेरा में कहां?
Speaker 1: गहेरा में किट्टहा तरफ.
Speaker 2: गहेरा तरफ को कौन सी link ID में कर रहे हो?
Speaker 1: हैं? लेआउट, HTP, HT connection. और? बस sir आधी बहत्तर में गया closing HTP और HT.
Speaker 2: यह closing HSE है ना. अच्छा RFI तुम कह रहे हो ना यार.
Speaker 1: हां आ रही 80 आ रही 86 में HSE हो रहा है.
Speaker 2: अरे 86 में भी HSE हो रहा है. हां. तुम कहते हो RFI डाल रहे हो यार RFI सारी तुम डाल कहां रहे हो? नहीं. ना तुम HSE की RFI डाल रहे हो पूरी.
Speaker 1: SSC की डल ही नहीं रही है.
Speaker 2: नए HSE की पूरी डाल रहे हो ना पूरी gap closing की डाल रहे हो. पैसे नहीं डाल रहे हैं. नहीं डाल रहे हो भाई मैं तो अभी data ही देख
Speaker 1: रहा हूं. Link, warning की डाली है ना सब.
Speaker 2: अब यह बताओ सुनो डाले होते तो कहां गई ना त्रिदेव के पास है ना portal भी पड़ी तो गई कहां? अब यह बताओ जैसे तुम आज वहां पर 90 degree close कर रहे हो उसकी कोई RFI नहीं है.
Speaker 1: कोई तेरह की है तो sir.
Speaker 2: पी तेरह की है एक मान लिया और उधर गहिरा वीरा की कहां है? हो सकता है
Speaker 1: कि आप. गहिरा भी कहां है?
Speaker 2: गहिरा में जो काम कर रहे हो ना यह वाला.
Speaker 1: हां अस्सी का.
Speaker 2: HSC का उसकी RFI होनी चाहिए ना हिरा की. RFIFI इतने
Speaker 1: ही डाल रहे हो या हां दो और GSTI के डाली नहीं रहेगी मैं डलवाता हूं फिर.
Speaker 2: हां जी, दो में से एक काम करो या तो उसको उस form में ले चलते हो तो फिर उसी form में ले चलो RFIH ही डालो एकदम proper काम करो और नहीं तो manual वाले में आ जाओ.
Speaker 1: ठीक है ना, फिर तो.
Speaker 2: है ना. दो में से एक काम करो कुछ भी करो. ठीक है,
Speaker 1: ok.","Speaker 1: हां सर, दीपक भाई फोन उठा लिया करो यार। उसका हां सर बताइए। क्या चल रहा है मिल गया है लेबर?
Speaker 2: और वह क्या आ गया?
Speaker 1: ना, वही ठीक है। कंक्रीट का काम चल रहा है।
Speaker 2: लेआउट?
Speaker 1: कंक्रीट का ऑर्डर लगा दिया है। जैसे ही जमीन तैयार हो जाएगी, वैसे ही कंक्रीट का ऑर्डर लगा दिया जाएगा।
Speaker 2: तो अब करवा ले कुछ काम शुरू करवा भाई, आज काम कहां-कहां लगाया है?
Speaker 1: वही मडवा में लगा है। मडवा में कैसे लगा है, बता नहीं सकता।
Speaker 2: लिंक आईडी वाइज बताओ, मडवा में कौन सी लिंक आईडी में लगाया है?
Speaker 1: यह तो यह है तूने यह बैंक लगाना था ना एनबीडीडी का। हां हां हां हां हां था ना।
Speaker 2: और कहां मडवा हो गया कहेरा में कहां?
Speaker 1: गहेरा में किट्टहा तरफ।
Speaker 2: गहेरा तरफ को कौन सी लिंक आईडी में कर रहे हो?
Speaker 1: लेआउट, एचटीपी, एचटी कनेक्शन। और? बस सर, आधी बहत्तर में गया क्लोजिंग एचटीपी और एचटी।
Speaker 2: यह क्लोजिंग एचएसई है ना। अच्छा, आरएफआई तुम कह रहे हो ना यार।
Speaker 1: हां, ८० मीटर के पास आरएफआई आ रही है, ८६ में एचएसई हो रहा है।
Speaker 2: अरे ८६ में भी एचएसई हो रहा है। हां, तुम कहते हो आरएफआई डाल रहे हो यार, आरएफआई सारी तुम डाल कहां रहे हो?
Speaker 1: एसएससी की डल ही नहीं रही है।
Speaker 2: नए एचएसई की पूरी डाल रहे हो ना, पूरी गैप क्लोजिंग की डाल रहे हो। पैसे नहीं डाल रहे हैं। नहीं डाल रहे हो भाई, मैं तो अभी डेटा ही देख रहा हूं।
Speaker 1: लिंक, वार्निंग की डाली है ना सब।
Speaker 2: अब यह बताओ, सुनो डाले होते तो कहां गई ना त्रिदेव के पास है ना पोर्टल भी पड़ी तो गई कहां? अब यह बताओ जैसे तुम आज वहां पर ९० डिग्री क्लोज कर रहे हो उसकी कोई आरएफआई नहीं है।
Speaker 1: कोई तेरह की है तो सर।
Speaker 2: पी तेरह की है एक मान लिया और उधर गहिरा वीरा की कहां है? हो सकता है।
Speaker 1: कि आप, गहिरा भी कहां है?
Speaker 2: गहिरा में जो काम कर रहे हो ना यह वाला।
Speaker 1: हां, ८० मीटर का।
Speaker 2: एचएससी का उसकी आरएफआई होनी चाहिए ना हिरा की। आरएफआई इतने ही डाल रहे हो या हां दो और जीएसटी के डाली नहीं रहेगी मैं डलवाता हूं फिर।
Speaker 1: हां जी, दो में से एक काम करो या तो उसको उस फॉर्म में ले चलते हो तो फिर उसी फॉर्म में ले चलो आरएफआई ही डालो एकदम प्रॉपर काम करो और नहीं तो मैनुअल वाले में आ जाओ।
Speaker 2: हां जी, दो में से एक काम करो कुछ भी करो। ठीक है, दो में से एक काम करो।
Speaker 1: ठीक है ना, फिर तो।
Speaker 2: है ना, दो में से एक काम करो कुछ भी करो। ठीक है।
Speaker 1: ओके।"
3,"Speaker 1: हां साहब बताएं? दीपक level लेकर जा रहा है. हां हां. तो उसको देख लो कितना क्या हो पाता है शाम तक जितना भी काम हो तो उसमें मतलब ऐसा देख लेना कि अगर वह वह satisfactory close कर दें तो ठीक है नहीं है तो जैसे इतना मतलब इतना motible तक मतलब ऐसा कुछ काम हो जाए कि हां कि भाई इतना इसमें मतलब चल सकता है तो उसका में मना कर देना फिर. तो post closure लेकर दे दो. Last option है. Post closure लेकर दे रहे हैं क्या? मतलब उसमें इतना motrival type का ऐसा कर दे अगर कि हाँ भाई ठीक है जो issue हो रहा है जैसे favor block जो निकाला है तो उसकी जगह पर जो कुछ ऐसा मतलब क्या अभी तो ये plan ये पुछा नहीं मैंने कि तुम क्या करने का plan है मैंने तो अभी उसको यही बोला कि भाई तुम पूरा काम complete करो है ना पर अगर जैसे यह अभी तो एक बार पता कर लेना कि liver लेकर कितनी लेआउट लेकर जा रहा है और क्या कर रहा है क्या plan है payable लेकर जा रहा है अभी तो मेरी मैंने एक ही sim से बात की केशव बोल रहे हैं कि भाई labor ढूंढ रहे हैं जी सबको बोला मैंने तो बोला था काम में labor ही ढूंढने आया हूं. नहीं अभी just मेरी बात हुई है labor लेकर जा रहा है वो यह कह रहे हैं. मिल गया है उस समय पर देख बात है ना. हां तो labor मिल गई है तो उसमें देख लो जितना maximum काम हो सकता है और मतलब कोशिश यह रहे कि satisfactory close हो जाए. जब ना हो तो फिर last में हमें देना है foreclose का. मतलब बता रहा हूं वहां travel type का तो करवा ही लेना कि मतलब उसको अपन जब पंचनामा में photo लगाएं, वह सही रहे अपनी. ठीक है. है ना? ठीक है. ठीक.","Speaker 1: हां साहब, बताएं? दीपक लेवल लेकर जा रहा है। उसको देख लो कि शाम तक कितना काम हो पाता है। जितना भी काम हो तो उसमें मतलब ऐसा देख लेना कि अगर वह संतोषजनक रूप से काम पूरा कर दें तो ठीक है, नहीं है तो जैसे इतना मतलब इतना काम हो जाए कि हां कि भाई इसमें चल सकता है तो उसका में मना कर देना फिर।
Speaker 1: तो पोस्ट क्लोज़र लेकर दे दो। लास्ट ऑप्शन है। पोस्ट क्लोज़र लेकर दे रहे हैं क्या? मतलब उसमें इतना मोटिवल टाइप का ऐसा कर दे अगर कि हाँ भाई ठीक है जो इश्यू हो रहा है जैसे फेवर ब्लॉक जो निकाला है तो उसकी जगह पर जो कुछ ऐसा मतलब क्या अभी तो यह प्लान यह पूछा नहीं मैंने कि तुम क्या करने का प्लान है?
Speaker 1: मैंने तो अभी उसको यही बोला कि भाई तुम पूरा काम कम्प्लीट करो है ना पर अगर जैसे यह अभी तो एक बार पता कर लेना कि लेआउट लेकर जा रहा है और क्या कर रहा है क्या प्लान है और पेमेंट लेकर जा रहा है।
Speaker 1: अभी तो मेरी मैंने एक ही सिम से बात की केशव बोल रहे हैं कि भाई लेबर ढूंढ रहे हैं। जी सबको बोला मैंने तो बोला था काम में लेबर ही ढूंढने आया हूं।
Speaker 1: नहीं अभी जस्ट मेरी बात हुई है लेबर लेकर जा रहा है वो यह कह रहे हैं। मिल गया है उस समय पर देख बात है ना।
Speaker 1: हां तो लेबर मिल गई है तो उसमें देख लो जितना मैक्सिमम काम हो सकता है और मतलब कोशिश यह रहे कि संतोषजनक रूप से काम पूरा हो जाए। जब ना हो तो फिर लास्ट में हमें देना है फोरक्लोज़र का।
Speaker 1: मतलब बता रहा हूं वहां ट्रैवल टाइप का तो करवा ही लेना कि मतलब उसको अपने जब पंचनामा में फोटो लगाएं, वह सही रहे अपनी। ठीक है। है ना? ठीक है।"
4,"Speaker 1: ऐसिंबू, बताओ क्या हाल चाल
Speaker 2: है? ठीक है, यह phone लगा रहे हैं. हां. पिछले भाई हैं तो उनका entrance shift certificate check रहा है construction के. ऐसे दस पंद्रह बीस दिन
Speaker 1: के. तो
Speaker 2: अपने बारे में दे सकता था ना अपने फरमा.
Speaker 1: हम थे?
Speaker 2: हां हां.
Speaker 1: अगर दे सके कि site पता है मुझे तुरंत नहीं थे वह सब.
Speaker 2: वह कहां रहा हम पुछन के पहले तो कहा नहीं कि limited company चाही.
Speaker 1: हां.
Speaker 2: फिर वह क्यों हम कल limited तो नहीं है हम कहें कि पता कहां है लेकिन कोई भी limited नहीं है कल location है मतलब हां. बच्चे proprietor आए हैं ना. हां हां. तो private limited भी ना हो
Speaker 1: वैसे. हैं?
Speaker 2: बच्चे तो private limited दोनों,
Speaker 1: बस तुम ही दे सकते हैं ना?
Speaker 2: हां हां, माने कि letter pad नहीं बहाना
Speaker 1: है. Letter pad बहुत बड़ी बात है. हां. तो कहां से design लेकर print मान जाएगा ना वहां पर.
Speaker 2: है ना? जैसे PWD तुम्हारा
Speaker 1: registration है ना? हैं? हां. लेकिन उसको उसको कोई लेना देना था.
Speaker 2: वह तो उद्यम register नहीं होता ना.
Speaker 1: अच्छा. उद्यम बहुत बहुत गलत है. मतलब. हैं?
Speaker 2: वह क्या मतलब main उद्यम से होते हैं ना? हां उद्यम से होते हैं और सबसे वैसे ही हम PWD में काम होते हैं अच्छा. काम हां हां हां. तो हम ऐसा है कुछ. तो हम तो समझो.
Speaker 1: हां? अपन
Speaker 2: से करवा कर भय सकी थे.
Speaker 1: देख ली है पहले थोड़ा पढ़ ली है उसको समझ ली है कि गांव है भाई. मैं सरकार से बहुत उससे भी देखने गया है.
Speaker 2: कहां का है
Speaker 1: भाई?
Speaker 2: अभी है हमको समझ में नहीं आ रहा नाम के साथ इसी के एक registration हुआ सब सुनो sir जैसे मतलब ना करने के लिए PWD जिसे अपन तो खाली दो ही चीज़ रहा अस्सी और उद्यम, है ना?
Speaker 1: हां माल लिया है उस ज़माने का माल नहीं है लेकिन car तो उसी लिए भी होते हैं fever है मतलब पढ़ ही ले उसके बारे में.
Speaker 2: अच्छा. पुछ
Speaker 1: ले यहां काम सुरक्षित
Speaker 2: है. है ना? चलो हम देखे थे पता चला.","Speaker 1: क्या हाल है?
Speaker 2: सब ठीक है, हम पिछले कुछ दिनों से निर्माण स्थल का निरीक्षण कर रहे हैं और entrance shift certificate की जांच कर रहे हैं।
Speaker 1: क्या तुमने अपने बारे में बताया था?
Speaker 2: हां, मैंने बताया था।
Speaker 1: क्या तुमने साइट के बारे में बताया था?
Speaker 2: नहीं, मैंने पहले नहीं बताया था कि लिमिटेड कंपनी चाहिए।
Speaker 1: क्या तुम्हारी कंपनी लिमिटेड है?
Speaker 2: नहीं, हमारी कंपनी लिमिटेड नहीं है। हमारे पास प्राइवेट लिमिटेड कंपनी के दस्तावेज हैं।
Speaker 1: क्या तुम्हारे पास लेटर पैड है?
Speaker 2: हां, मेरे पास लेटर पैड है।
Speaker 1: क्या तुम्हारे पास डिज़ाइन और प्रिंट की व्यवस्था है?
Speaker 2: हां, मेरे पास पीडब्ल्यूडी के डिज़ाइन और प्रिंट की व्यवस्था है।
Speaker 1: क्या तुम्हारे पास रजिस्ट्रेशन है?
Speaker 2: नहीं, उद्यम रजिस्ट्रेशन नहीं होता है।
Speaker 1: क्या तुम्हारे पास उद्यम से संबंधित दस्तावेज हैं?
Speaker 2: हां, मेरे पास उद्यम से संबंधित दस्तावेज हैं।
Speaker 1: क्या तुमने पहले से ही साइट का निरीक्षण किया है?
Speaker 2: हां, मैंने पहले से ही साइट का निरीक्षण किया है।
Speaker 1: क्या तुम्हारे पास साइट के बारे में जानकारी है?
Speaker 2: हां, मेरे पास साइट के बारे में जानकारी है।
Speaker 1: क्या तुम्हारे पास काम के लिए सुरक्षित व्यवस्था है?
Speaker 2: हां, मेरे पास काम के लिए सुरक्षित व्यवस्था है।"
5,"Speaker 1: हां भाई.
Speaker 2: Hello, क्या हाल चाल है वह?
Speaker 1: हाल चाल ठीक है. बता ना तू बता.
Speaker 2: बस ऐसे लगा हाल चाल का. हाल
Speaker 1: चाल है यह सही.
Speaker 2: शंभु कौन लगाया
Speaker 1: था ना? हैं? शंभु? हां, कहां गए
Speaker 2: इस? यही से आ गई हम कह रहे हैं
Speaker 1: ना आ
Speaker 2: जाओ. हां. उनके मुंह से लेकर कहेंगे. यही तो वही किसी से शादी कह रहे हैं. तो उनसे मगर पैसा भी पांच हज़ार दे दे. तो कुछ भी बोलो हुए नहीं फिर.
Speaker 1: इतने दिन हम और लगा रहे हैं phone अभी इस बार
Speaker 2: कहीं से हम दादा हमको दस तीन दिन में ही phone नहीं लगाए. हैं? बात कही दस कई दसन दिन में ही के दादा ने phone लगाई ना पूछो पैसा देखो तो
Speaker 1: देती है. हां.
Speaker 2: ना देखो ना देती है तो दुख बता रहा था.
Speaker 1: अब आप beach में हम तीन चार दिन पहले लगा रहे हैं phone दो ही तारीख का. देते हैं या फिर एक का?
Speaker 2: अरे भैया ऐसे. चल रहा है. कहां कह रहे हैं?
Speaker 1: हम एक तारीख का है फिर दूसरे से phone लगाया रहे हैं ना कि शंभु हां भाई कह रहे हैं तुम. तो बताइए यह बात यह है कि इसका पैसा हम आगे रहना था कुछ अपना भाई ने पैसा नहीं दिया. हम. हम बताएं कहां time पैसे व्यवस्था नहीं हो पाई रही है. हां. तो अब तू कहा अगर तला, तला दो तारीख का बे कह रहे
Speaker 2: हैं. हां.
Speaker 1: इसका बहाना नहीं हिला कर. यह बात कह रहा हूं दिन. और
Speaker 2: मैं सब बता
Speaker 1: तो भरोसा ले अपने side
Speaker 2: में? हां. हां शायद करी थोड़ी बहुत जो काम हो यह. अब हम काम
Speaker 1: बचा है. से phone नहीं चालू हुआ.
Speaker 2: होता ही नहीं है ऐसा. सूखा हर रोज़ दवाई थी बेचारे.
Speaker 1: हम सुनील का गया है हम phone. हां. सुनील का ही इसके हम घर में काम चालू करवा दें ध्यान है. कहीं इसके अलावा अब हम घर में काम computer जितना भैया ही हां. और तो ठीक होने पास नहीं था और आदमी का भेद
Speaker 2: है. हां.
Speaker 1: बोले कि और आदमी को phone नहीं उठा हुआ ला गई सबने उतना बड़ा आदमी पड़े हैं हम. हां. वही है बता
Speaker 2: रहा हूं.
Speaker 1: अब ठीक
Speaker 2: है. तो कल निकले type कर लो बजावे को.
Speaker 1: कल
Speaker 2: निकले कहां?
Speaker 1: और बता बता हमारे पास सब होता. हां हां
Speaker 2: वही सब cut लो.","Speaker 1: हां भाई।
Speaker 2: क्या हाल चाल है वह?
Speaker 1: हाल चाल ठीक है। बता ना तू बता।
Speaker 2: बस ऐसे हाल चाल का।
Speaker 1: चाल है यह सही।
Speaker 2: शंभु कौन लगाया?
Speaker 1: शंभु कहां गए?
Speaker 2: इसी से आ गई हम कह रहे हैं।
Speaker 1: ना आ जाओ।
Speaker 2: हां, उनके मुंह से लेकर कहेंगे। यही तो वही किसी से शादी कह रहे हैं। तो उनसे मगर पैसा भी पांच हज़ार दे दे। तो कुछ भी बोलो हुए नहीं फिर।
Speaker 1: इतने दिन हम और लगा रहे हैं फोन अभी इस बार।
Speaker 2: कहीं से हम दादा हमको दस तीन दिन में ही फोन नहीं लगाए। हैं? बात कही दस कई दसन दिन में ही के दादा ने फोन लगाई ना पूछो पैसा देखो तो।
Speaker 1: देती है। हां।
Speaker 2: ना देखो ना देती है तो दुख बता रहा था।
Speaker 1: अब आप बीच में हम तीन चार दिन पहले लगा रहे हैं फोन दो ही तारीख का। देते हैं या फिर एक का?
Speaker 2: अरे भैया ऐसे। चल रहा है। कहां कह रहे हैं?
Speaker 1: हम एक तारीख का है फिर दूसरे से फोन लगाया रहे हैं ना कि शंभु हां भाई कह रहे हैं तुम। तो बताइए यह बात यह है कि इसका पैसा हम आगे रहना था कुछ अपना भाई ने पैसा नहीं दिया। हम बताएं कहां समय पैसे व्यवस्था नहीं हो पाई रही है। हां। तो अब तू कहा अगर तला, तला दो तारीख का बे कह रहे?
Speaker 2: हैं। हां।
Speaker 1: इसका बहाना नहीं हिला कर। यह बात कह रहा हूं दिन। और
Speaker 2: मैं सब बता।
Speaker 1: तो भरोसा ले अपने साइड।
Speaker 2: में? हां। हां शायद करी थोड़ी बहुत जो काम हो यह। अब हम काम बचा है। से फोन नहीं चालू हुआ।
Speaker 1: होता ही नहीं है ऐसा। सूखा हर रोज़ दवाई थी बेचारे।
Speaker 2: हम सुनील का गया है हम फोन। हां। सुनील का ही इसके हम घर में काम चालू करवा दें ध्यान है। कहीं इसके अलावा अब हम घर में काम कंप्यूटर जितना भैया ही हां। और तो ठीक होने पास नहीं था और आदमी का भेद।
Speaker 1: है। हां।
Speaker 2: बोले कि और आदमी को फोन नहीं उठा हुआ ला गई सबने उतना बड़ा आदमी पड़े हैं हम। हां। वही है बता।
Speaker 1: अब ठीक।
Speaker 2: है। तो कल निकले टाइप कर लो बजावे को।
Speaker 1: कल निकले कहां?
Speaker 2: और बता हमारे पास सब होता। हां हां।
Speaker 1: वही सब काट लो।"
6,"Speaker 1: हां संधू.
Speaker 2: बात हुई है कहां कहां ले रुकी हैं?
Speaker 1: है रुकी अभी तो नहीं भेजा है बात. But हुई है पहले हुआ कब हो गए पंचायत?
Speaker 2: कल का plan मना ही इलाज है.
Speaker 1: कल का?
Speaker 2: जी हां sir confirm कर लीजिए जो हैं राय का कहां जाएंगे फिर.
Speaker 1: क्या जने जा.
Speaker 2: उधर आप ज़्यादा नहीं आज तीन चार जने हैं.
Speaker 1: चार जने हैं.
Speaker 2: हां. रहे तो वह कहां
Speaker 1: पर तो पहले तुम्हारे वाली bike खत्म करेगा है ना पक्का? तो वह shift कराई गई थी. हां. हां आज आज shift कही हैं? हां. फिर वही हूं. काम करे जा.
Speaker 2: हां.","Speaker 1: हां संधू।
Speaker 2: बात हुई है कहां कहां ले रुकी हैं?
Speaker 1: रुकी तो नहीं है, लेकिन पहले हुआ था पंचायत।
Speaker 2: कल का प्लान मना ही इलाज है।
Speaker 1: कल का?
Speaker 2: जी हां सर, कन्फर्म कर लीजिए जो हैं राय का कहां जाएंगे फिर।
Speaker 1: क्या जाने कहां जाएंगे?
Speaker 2: उधर आप ज़्यादा नहीं आज तीन चार जने हैं।
Speaker 1: चार जने हैं।
Speaker 2: हां, रहे तो वह कहां?
Speaker 1: पर तो पहले तुम्हारे वाली बाइक खत्म करेगा है ना पक्का? तो वह शिफ्ट कराई गई थी। हां, आज कहीं शिफ्ट हुई है? हां, फिर वही हूं, काम करे जा।
Speaker 2: हां।"
7,"Speaker 1: Hello.
Speaker 2: Ticket आया था साहब दीपक को लेकर के.
Speaker 1: कहां आए हो?
Speaker 2: Ticket, Ticker वही झांसी हैं Milt line की अपनी.
Speaker 1: अच्छा.
Speaker 2: दीपक कह रहे हैं कि कल
Speaker 1: करी नहीं यह.
Speaker 2: सूफिया सूफिया कल तो. रुपया जाएगा? Hello?
Speaker 1: तो आज क्यों नहीं करेंगे? आज
Speaker 2: labor नहीं इनके पास में. Star labor नहीं है.
Speaker 1: कल तो फिर क्या है? कल तुम ही नहीं देंगे यह. कल अब फ़िलहाल ही होने के बाद करे क्या मतलब?
Speaker 2: Working group में.
Speaker 1: बात करा हूं दीपक
Speaker 2: से? कहीं पर?
Speaker 1: अरे आज ही भाई थोड़ा बहुत मतलब दो यह कात लीवर इनके लिए जाकर machine नशीन रख दिया तो करो ना वहां पर complaint तो कुछ करा लो भाई.
Speaker 2: पता नहीं आज आ ही नहीं रहे हैं.
Speaker 1: अरे समस्या यह है ना कल meeting में जवाब देना वह देखो तुम जानते हो दीएम sir की तैयारी हो गई तो वह यहां पर क्या पता हम लोग को क्या करेंगे?
Speaker 2: इस company में तो work in progress
Speaker 1: करते हैं ना सरकार से चल. नहीं ऐसा नहीं होता है ना. अब वह तो साफ instruction में है कि भाई शाम मई April की complain हमें अगर सात तारीख को meeting में जाने के पहले अगर मिली तो वह आप लोग अपना स्वयं जवाब बनाकर तैयार कर लेना.
Speaker 2: तो अभी दस दिन में है ना
Speaker 1: इसको आए? अरे बात दस दिन की नहीं है ना वह अब है तो अपने मतलब अपने पास अभी आई है दस दिन पहले लेकिन वह जो मैं update दे आपको तो तुम तो यार यह अस्सी के ही व्यक्ति हो तुम्हें क्या समझाए हम मतलब सारी चीज़ें समझो प्रियंका ने साफ बोला है meeting आने के पहले मैं मुझे April month की कोई complaint दिखनी नहीं चाहिए वह सीधा है. नहीं तो जो जिसके हाथ बचे तो अपने आप मेरे मतलब जवाब आप लोग तैयार कर लेना और हमें भेज देना. अब यह बोला है अब बाकी अब क्या बोलूं मैं जैसा बताना चाहूंगा. अच्छा अच्छा. तेरे को कुछ भी ऐसा हो कि कालदेवर ले खड़ी करके हो जाए और थोड़ा सा बंद करके और
Speaker 2: मानेगा साहब मैंने आपको सुबह बताया कि चार शिकायत आ चुकी है. यह पश्चिमी है. मैं आपको सुबह ही बताया है मैंने. ऐसे नहीं होगा काम करना पड़ेगा.
Speaker 1: काम करना पड़ेगा वह है बिना काम के नहीं होगा लेकिन बात यह है कि अभी जैसे यह है ना कि आप जैसे कल से बोल रहे कल से काम लगेगा. हां. तो ऐसे कुछ हो गए बाकी चार ऐसी ही ने कराई ना. अब तो ऐसा है ना कि अभी तक जैसे मैं मतलब मेरी बात ऐसे नहीं हुई थी कि हां भाई ठीक है काम करना है क्या है यूं? अभी तो वह काम करेंगे ना complete करेंगे उसको.
Speaker 2: हां. नहीं तो अब यही बात है ना अभी complete करेंगे तो क्या पहले कितनी complaints ला ही चुके हैं कि आदमी बार बार नहीं हो पाएगा. वह मतलब उसमें पड़ा हुआ है कि नहीं भाई आपने जितना बोला हमने हर बार आपकी बात मानी इस बार हम नहीं मानेंगे.
Speaker 1: चलो, तो फिर रहने दो फिर और क्या है? फिर जवाब, कहीं नहीं सब लोग क्या है और क्या है?
Speaker 2: देखिए अपन कोशिश करते हैं कि हार नहीं मानना है.
Speaker 1: ठीक है.
Speaker 2: हां, लगे रहना है.
Speaker 1: लगे रहना अब यहां जानते तो हो कहानी से मैं नहीं सुननी है, result चाहिए.
Speaker 2: साहब मैं वही चीज़ बोलता हूं साहब देखिए क्या है दबाव आप हमारे ऊपर बना लोगे उससे आपका काम नहीं होगा. आपको भी दबाव जहां बनानी है आप वहां दबाव बनाओ वहां काम होगा आपका. अब जैसे ma'am यह daily मैं meeting में बोल रहा हूं sir, group में डाल रहा हूं, सब कर रहा हूं तो वहां अगर at a time या आप reply कर देते हैं
Speaker 1: कि आप बताओ सही जगह जो है आज यह बताओ कि वह complaint ऐसा है कल seat में कल seat में जो जो complain है वह दिखी थी यह वाली complain में मैं मतलब शिवेंद्र मतलब यह इसमें मेरी नज़र नहीं पड़ पाई यह बोल सकता हूं.
Speaker 2: बाकी
Speaker 1: और जैसे ही यह आज जब देखा तो तुरंत उसमें जब मतलब active वह लोग हुए ना और दबाव बनाए तब तो वह active हुए. अगर दबाव नहीं बनाया हो तो क्या active होते होंगे?
Speaker 2: यही चीज़ यही चीज़ जैसे साहब मैं बताता हूं देखिए मैं मेरा भी काम करने का फ़ंडा रहा है. मैं भी मतलब बहुत अच्छे जगह से काम किया हूं. आप जैसे पहले दिन इनकी complaint आई थी ना साहब पहले दिन मैं यह चीज़ समझा कि काम करना है. पहले दिन मैंने group पर डाल दिया. अब आप समझिएगा. पहले दिन मैंने group में डाला पहले दिन आप इतना दबाव बना देते जो जो आज आप आज आपने दबाव बनाया क्योंकि मैं पहले दिन जान गया था इसमें काम करना इसीलिए मैंने
Speaker 1: कुछ भी
Speaker 2: किया था.
Speaker 1: अरे वह दबाव ऐसा कर वह कौन बनाएगा दबाव? एक चीज़ बताओ. वह तो भैया यही जो रहते हैं ना यह SDO रहेंगे इनके आदमी रहते हैं. उनको अपने zone क्षेत्र में काम कराने के लिए अगर हमें यहां आना पड़े तो मतलब क्या यह मतलब अरे
Speaker 2: सुनिए साहब. है ना? एक chain होती है. यह जो बोल
Speaker 1: रहे थे कि sir हमने डाल दिया group में डालने से अपना काम नहीं खत्म होता है.
Speaker 2: मैं वही तो हमको थोड़ा
Speaker 1: सा ना बोलें
Speaker 2: एक FE होता है साहब वह अगर सब कुछ होता तो उसके ऊपर A ही नहीं रखा जाता.
Speaker 1: अनिवार्य है वह.
Speaker 2: A ही सब कुछ होता तो उसके ऊपर आ रही नहीं रखा जाता. आ रही सब कुछ होता तो detail नहीं रखा जाता उसके ऊपर.
Speaker 1: बात होता है कि लेकिन
Speaker 2: वह है वह है वह है वह है वह है वह है वह है वह है वह है वह है वह है वह है वह है वह है वह
Speaker 1: है वह है वह है वह है
Speaker 2: वह है यह सब कुछ chain है साहब अब हर चीज़े chain है. एक साथ यह.
Speaker 1: Chain है लेकिन ऐसे समझो कि जैसे मुख्यमंत्री होता है ना वह उसको ही अपने हिसाब से चलाना भले ही वह केंद्र में मैं वह प्रधानमंत्री से पूछता रहा है यह है वह है फलाना ढिमका सब ठीक है.
Speaker 2: नहीं नहीं नहीं
Speaker 1: नहीं नहीं नहीं नहीं नहीं नहीं साहब में तो. सारी चीज़ें जो है ना मुख्यमंत्री को ही handle करना नहीं है. यह चीज़ आपने
Speaker 2: बहुत अच्छी चीज़ बोली थी एक दिन meeting में मैंने सुनी sun कर. उन्होंने बोला था कि यार यह नहीं ऐसा है कि अगर आप चार लोग हो मतलब FI RE DCL है ना? चालू उन्होंने बोले तो t l नहीं थे उस time. तो अगले आप चार लोग अगर एक line पर चलो ना तो हिम्मत है उसकी कि वह काम नहीं करेगा.
Speaker 1: लेकिन हम
Speaker 2: हम चार लोग हैं साहब f e है यही है आरी है BTL है लेकिन हम चार एक सूत्र में नहीं बंधे हैं.
Speaker 1: सूत्र में बिल्कुल बंधे हैं. कहां समस्या आती और यह क्या होता है ना वह अब ठीक है तुमसे हम करेंगे detail में बात वह क्या है तुमसे जब बात करते तो थोड़ी लंबी बातें होती हैं.
Speaker 2: हां.
Speaker 1: है ना? तो अब वह पहले तो यह इसमें complain करो और बहुत सारे काम हैं तो फिर detail में ज़रूर जो सूत्र है ना होता क्या है ना बंदे भारत और भारत माता की जय बोलना है और फिर वाली चीज़ रहती है ना.
Speaker 2: नहीं नहीं नहीं यही मैंने कहा ना जैसे हमने पहले दिन मैं उस चीज़ की गंभीरता को समझ गया. आप उसको accelerate कर देते ना तो पहले दिन यह काम हो जाता. आपने पहले दिन उसमें accelerate किया नहीं आज आप accelerate कर रहे हो. तो
Speaker 1: भाई साहब क्या है यहीं यहीं से आ गई है. हां. ठीक है.
Speaker 2: ठीक,
Speaker 1: ok. मिला कि नहीं मिला.","Speaker 1: नमस्ते
Speaker 2: साहब, दीपक के लिए टिकट आया था
Speaker 1: आप कहां से आए हो?
Speaker 2: टिकट झांसी के मिल्ट लाइन की है
Speaker 1: अच्छा
Speaker 2: दीपक कह रहे हैं कि कल से काम शुरू होगा
Speaker 1: कल से नहीं, आज ही काम शुरू करें
Speaker 2: लेकिन साहब, हमारे पास पर्याप्त श्रमिक नहीं हैं
Speaker 1: कल तो फिर क्या होगा? आप ही तो काम नहीं करा रहे हैं
Speaker 2: हमारी वर्किंग ग्रुप में बात होगी
Speaker 1: मैंने दीपक से बात की है
Speaker 2: किस जगह पर?
Speaker 1: मैंने उनसे कहा है कि आज ही थोड़ा काम शुरू करें और मशीनें लगा दें ताकि शिकायतें कम हों
Speaker 2: मुझे नहीं पता कि आज काम हो पाएगा या नहीं
Speaker 1: समस्या यह है कि कल मीटिंग में जवाब देना होगा और डीएम साहब की तैयारी हो गई है
Speaker 2: हमारी कंपनी में वर्क इन प्रोग्रेस है
Speaker 1: सरकार से चल रहा है, लेकिन ऐसा नहीं होता है
Speaker 2: अब दस दिन में क्या होगा?
Speaker 1: दस दिन की बात नहीं है, आज ही काम शुरू करना होगा
Speaker 2: मैंने सुबह ही आपको बताया था कि चार शिकायतें आ चुकी हैं
Speaker 1: काम करना होगा, बिना काम के नहीं होगा
Speaker 2: मैंने पहले दिन ही ग्रुप में डाल दिया था और दबाव बनाया था
Speaker 1: अब दबाव बनाने से क्या होगा? कौन बनाएगा दबाव?
Speaker 2: एक चेन होती है, हमें थोड़ा सा दबाव बनाना होगा
Speaker 1: चेन है लेकिन मुख्यमंत्री होता है ना, वह अपने हिसाब से चलाना होता है
Speaker 2: नहीं, नहीं, मैंने सुना है कि एक दिन मीटिंग में उन्होंने कहा था कि अगर हम चार लोग एक लाइन पर चलें तो हिम्मत है कि काम नहीं करेगा
Speaker 1: लेकिन हम चार लोग एक सूत्र में बंधे हैं
Speaker 2: हां, लेकिन हमें थोड़ा सा दबाव बनाना होगा
Speaker 1: ठीक है, अब पहले तो यह इसमें शिकायत करो और फिर विस्तार से बात करेंगे
Speaker 2: हां, ठीक है"
8,"Speaker 1: हां. कहां sir? यहीं हैं पीकर. पीकर में कहां? पीकर में जो सरपंच के थोड़ा आगे बैठा हूं एक जगह पर. सरपंच के आगे? सरपंच के जहां घर हैं ना दुकान उसकी. उसके थोड़े ही आगे बैठा हूं. आगे level लेकर. नहीं आई हैं अभी कहां पर करना हैं यह तो बताइए? अरे बहुत काम हैं यहां पर आओ तो.","Speaker 1: हां, सर। मैं पीकर में हूं। पीकर में सरपंच के घर के थोड़ा आगे एक जगह पर बैठा हूं। वहीं पर लेवल ले रहा हूं। अभी तक काम शुरू नहीं हुआ है, इसलिए बताइए कि यहां पर क्या करना है?"
9,"Speaker 1: Hello. जय श्री, जय श्री. हां हाल चाले जी. ठीक है. Mobile अंकुश लगी रहे हैं. तो. हैं? हाल चाल सब बेकार हैं. तबियत के तबियत के हालात खराब भी है ना कि तबियत खराब ही है. हां. हां. हां? वहां बिटिया आज से दस है सुबह कहां है? कहां है यह? उनकी दस बुखार. ऐसे जा नहीं पाने. यार अब सोचा उनका दिखावा का एक जिला है. कल ही चला.","Speaker 1: हैलो, जय श्री, जय श्री. हां, हाल-चाल ठीक है. मोबाइल की बैटरी खत्म हो रही है. तो हाल चाल सब ठीक है, लेकिन तबियत थोड़ी खराब है. हां, वहां बिटिया को आज सुबह दस तापमान है, कहां जा पाएंगे? उनका बुखार है, ऐसे में जाना मुश्किल है. यार, अब सोचा कि उनका इलाज करवाने के लिए एक जिला अस्पताल जाना होगा, कल ही चला जाऊंगा।"
10,"Speaker 1: चलो दीपक यार.
Speaker 2: अरे रुकिए sir level ले लें अकेले चलकर क्या करेंगे?
Speaker 1: हां लेकिन खड़ा है वहां पर अपना.
Speaker 2: ठीक है ना sir.
Speaker 1: आओ फिर मैं हूं भाई.
Speaker 2: जी sir.","Speaker 1: चलो दीपक यार।
Speaker 2: अरे रुकिए सर, लेवल ले लें अकेले चलकर क्या करेंगे?
Speaker 1: हां लेकिन खड़ा है वहां पर अपना स्तर यंत्र।
Speaker 2: ठीक है ना सर।
Speaker 1: आओ फिर मैं हूं भाई, चलकर देखते हैं।
Speaker 2: जी सर।"



